iso3,country,conversion_profile,peer_group_type,peer_group_value,block,country_block_score,peer_median_block_score,block_gap_country_minus_peer,negative_gap_is_bottleneck,n_peer_countries,n_validation_countries,expanded_feature_missing_rate
MNG,Mongolia,adaptive over-performers,same_income_group,Upper middle income,capacity,0.4314765764284001,0.3467191820439355,0.08475739438446461,True,37,106,0.0
MNG,Mongolia,adaptive over-performers,same_region,East Asia & Pacific,capacity,0.4314765764284001,0.4108830413712889,0.0205935350571112,True,11,106,0.0
MNG,Mongolia,adaptive over-performers,same_capacity_quartile,Q1_low_capacity,capacity,0.4314765764284001,0.2638600782104646,0.1676164982179355,True,27,106,0.0
MNG,Mongolia,adaptive over-performers,same_income_group,Upper middle income,preparedness,0.7677104522967445,0.8513215977301716,-0.08361114543342707,True,37,106,0.0
MNG,Mongolia,adaptive over-performers,same_region,East Asia & Pacific,preparedness,0.7677104522967445,0.9193966862730744,-0.15168623397632985,True,11,106,0.0
MNG,Mongolia,adaptive over-performers,same_capacity_quartile,Q1_low_capacity,preparedness,0.7677104522967445,0.8258192258773593,-0.058108773580614836,True,27,106,0.0
MNG,Mongolia,adaptive over-performers,same_income_group,Upper middle income,vulnerability,0.5775556570056546,0.681467035750128,-0.10391137874447343,True,37,106,0.0
MNG,Mongolia,adaptive over-performers,same_region,East Asia & Pacific,vulnerability,0.5775556570056546,0.7014535847653254,-0.12389792775967079,True,11,106,0.0
MNG,Mongolia,adaptive over-performers,same_capacity_quartile,Q1_low_capacity,vulnerability,0.5775556570056546,0.6415149075582738,-0.0639592505526192,True,27,106,0.0
MNG,Mongolia,adaptive over-performers,same_income_group,Upper middle income,equity_access,0.6362758058643913,0.729348274020286,-0.09307246815589476,True,37,106,0.0
MNG,Mongolia,adaptive over-performers,same_region,East Asia & Pacific,equity_access,0.6362758058643913,0.7695477133590953,-0.13327190749470408,True,11,106,0.0
MNG,Mongolia,adaptive over-performers,same_capacity_quartile,Q1_low_capacity,equity_access,0.6362758058643913,0.7061315471456461,-0.06985574128125482,True,27,106,0.0
SLV,El Salvador,adaptive over-performers,same_income_group,Upper middle income,capacity,0.3694577590601324,0.3467191820439355,0.022738577016196915,True,37,106,0.0
SLV,El Salvador,adaptive over-performers,same_region,Latin America & Caribbean ,capacity,0.3694577590601324,0.3548721191849168,0.014585639875215606,True,24,106,0.0
SLV,El Salvador,adaptive over-performers,same_capacity_quartile,Q1_low_capacity,capacity,0.3694577590601324,0.2638600782104646,0.10559768084966781,True,27,106,0.0
SLV,El Salvador,adaptive over-performers,same_income_group,Upper middle income,preparedness,0.8834736436967887,0.8513215977301716,0.03215204596661714,True,37,106,0.0
SLV,El Salvador,adaptive over-performers,same_region,Latin America & Caribbean ,preparedness,0.8834736436967887,0.8582841003558341,0.02518954334095458,True,24,106,0.0
SLV,El Salvador,adaptive over-performers,same_capacity_quartile,Q1_low_capacity,preparedness,0.8834736436967887,0.8258192258773593,0.05765441781942937,True,27,106,0.0
SLV,El Salvador,adaptive over-performers,same_income_group,Upper middle income,vulnerability,0.5989970298532373,0.681467035750128,-0.08247000589689069,True,37,106,0.0
SLV,El Salvador,adaptive over-performers,same_region,Latin America & Caribbean ,vulnerability,0.5989970298532373,0.698661570294468,-0.09966454044123063,True,24,106,0.0
SLV,El Salvador,adaptive over-performers,same_capacity_quartile,Q1_low_capacity,vulnerability,0.5989970298532373,0.6415149075582738,-0.042517877705036455,True,27,106,0.0
SLV,El Salvador,adaptive over-performers,same_income_group,Upper middle income,equity_access,0.740074674826369,0.729348274020286,0.010726400806083003,True,37,106,0.0
SLV,El Salvador,adaptive over-performers,same_region,Latin America & Caribbean ,equity_access,0.740074674826369,0.7295479798583733,0.010526694967995742,True,24,106,0.0
SLV,El Salvador,adaptive over-performers,same_capacity_quartile,Q1_low_capacity,equity_access,0.740074674826369,0.7061315471456461,0.03394312768072294,True,27,106,0.0
NAM,Namibia,adaptive over-performers,same_income_group,Lower middle income,capacity,0.3412299256898816,0.3138518481233711,0.027378077566510506,True,13,106,0.0384615384615384
NAM,Namibia,adaptive over-performers,same_region,Sub-Saharan Africa ,capacity,0.3412299256898816,0.3330310308730893,0.008198894816792313,True,5,106,0.0384615384615384
NAM,Namibia,adaptive over-performers,same_capacity_quartile,Q1_low_capacity,capacity,0.3412299256898816,0.2638600782104646,0.077369847479417,True,27,106,0.0384615384615384
NAM,Namibia,adaptive over-performers,same_income_group,Lower middle income,preparedness,0.3221436883899233,0.9214354407742822,-0.5992917523843588,True,13,106,0.0384615384615384
NAM,Namibia,adaptive over-performers,same_region,Sub-Saharan Africa ,preparedness,0.3221436883899233,0.8907404525592983,-0.568596764169375,True,5,106,0.0384615384615384
NAM,Namibia,adaptive over-performers,same_capacity_quartile,Q1_low_capacity,preparedness,0.3221436883899233,0.8258192258773593,-0.503675537487436,True,27,106,0.0384615384615384
NAM,Namibia,adaptive over-performers,same_income_group,Lower middle income,vulnerability,0.4837600851556433,0.6585748480252485,-0.17481476286960518,True,13,106,0.0384615384615384
NAM,Namibia,adaptive over-performers,same_region,Sub-Saharan Africa ,vulnerability,0.4837600851556433,0.6202816841723293,-0.13652159901668603,True,5,106,0.0384615384615384
NAM,Namibia,adaptive over-performers,same_capacity_quartile,Q1_low_capacity,vulnerability,0.4837600851556433,0.6415149075582738,-0.1577548224026305,True,27,106,0.0384615384615384
NAM,Namibia,adaptive over-performers,same_income_group,Lower middle income,equity_access,0.6074131923180774,0.7072929764830225,-0.09987978416494503,True,13,106,0.0384615384615384
NAM,Namibia,adaptive over-performers,same_region,Sub-Saharan Africa ,equity_access,0.6074131923180774,0.6884584229843812,-0.08104523066630376,True,5,106,0.0384615384615384
NAM,Namibia,adaptive over-performers,same_capacity_quartile,Q1_low_capacity,equity_access,0.6074131923180774,0.7061315471456461,-0.09871835482756863,True,27,106,0.0384615384615384
DOM,Dominican Republic,adaptive over-performers,same_income_group,Upper middle income,capacity,0.1833018379392382,0.3467191820439355,-0.16341734410469727,True,37,106,0.0
DOM,Dominican Republic,adaptive over-performers,same_region,Latin America & Caribbean ,capacity,0.1833018379392382,0.3548721191849168,-0.17157028124567858,True,24,106,0.0
DOM,Dominican Republic,adaptive over-performers,same_capacity_quartile,Q1_low_capacity,capacity,0.1833018379392382,0.2638600782104646,-0.08055824027122638,True,27,106,0.0
DOM,Dominican Republic,adaptive over-performers,same_income_group,Upper middle income,preparedness,0.7568322344837783,0.8513215977301716,-0.09448936324639323,True,37,106,0.0
DOM,Dominican Republic,adaptive over-performers,same_region,Latin America & Caribbean ,preparedness,0.7568322344837783,0.8582841003558341,-0.10145186587205579,True,24,106,0.0
DOM,Dominican Republic,adaptive over-performers,same_capacity_quartile,Q1_low_capacity,preparedness,0.7568322344837783,0.8258192258773593,-0.068986991393581,True,27,106,0.0
DOM,Dominican Republic,adaptive over-performers,same_income_group,Upper middle income,vulnerability,0.6245700681687736,0.681467035750128,-0.05689696758135443,True,37,106,0.0
DOM,Dominican Republic,adaptive over-performers,same_region,Latin America & Caribbean ,vulnerability,0.6245700681687736,0.698661570294468,-0.07409150212569438,True,24,106,0.0
DOM,Dominican Republic,adaptive over-performers,same_capacity_quartile,Q1_low_capacity,vulnerability,0.6245700681687736,0.6415149075582738,-0.0169448393895002,True,27,106,0.0
DOM,Dominican Republic,adaptive over-performers,same_income_group,Upper middle income,equity_access,0.7119854629827318,0.729348274020286,-0.017362811037554216,True,37,106,0.0
DOM,Dominican Republic,adaptive over-performers,same_region,Latin America & Caribbean ,equity_access,0.7119854629827318,0.7295479798583733,-0.017562516875641476,True,24,106,0.0
DOM,Dominican Republic,adaptive over-performers,same_capacity_quartile,Q1_low_capacity,equity_access,0.7119854629827318,0.7061315471456461,0.005853915837085721,True,27,106,0.0
VCT,St. Vincent and the Grenadines,adaptive over-performers,same_income_group,Upper middle income,capacity,0.3606948551024671,0.3467191820439355,0.013975673058531646,True,37,106,0.0769230769230769
VCT,St. Vincent and the Grenadines,adaptive over-performers,same_region,Latin America & Caribbean ,capacity,0.3606948551024671,0.3548721191849168,0.005822735917550337,True,24,106,0.0769230769230769
VCT,St. Vincent and the Grenadines,adaptive over-performers,same_capacity_quartile,Q2,capacity,0.3606948551024671,0.3898693093215164,-0.029174454219049295,True,26,106,0.0769230769230769
VCT,St. Vincent and the Grenadines,adaptive over-performers,same_income_group,Upper middle income,preparedness,0.9521916893872016,0.8513215977301716,0.10087009165702998,True,37,106,0.0769230769230769
VCT,St. Vincent and the Grenadines,adaptive over-performers,same_region,Latin America & Caribbean ,preparedness,0.9521916893872016,0.8582841003558341,0.09390758903136742,True,24,106,0.0769230769230769
VCT,St. Vincent and the Grenadines,adaptive over-performers,same_capacity_quartile,Q2,preparedness,0.9521916893872016,0.9127751948572844,0.039416494529917134,True,26,106,0.0769230769230769
VCT,St. Vincent and the Grenadines,adaptive over-performers,same_income_group,Upper middle income,vulnerability,0.5932353937819079,0.681467035750128,-0.08823164196822009,True,37,106,0.0769230769230769
VCT,St. Vincent and the Grenadines,adaptive over-performers,same_region,Latin America & Caribbean ,vulnerability,0.5932353937819079,0.698661570294468,-0.10542617651256003,True,24,106,0.0769230769230769
VCT,St. Vincent and the Grenadines,adaptive over-performers,same_capacity_quartile,Q2,vulnerability,0.5932353937819079,0.6964128128966902,-0.10317741911478229,True,26,106,0.0769230769230769
VCT,St. Vincent and the Grenadines,adaptive over-performers,same_income_group,Upper middle income,equity_access,0.7744451512642184,0.729348274020286,0.04509687724393241,True,37,106,0.0769230769230769
VCT,St. Vincent and the Grenadines,adaptive over-performers,same_region,Latin America & Caribbean ,equity_access,0.7744451512642184,0.7295479798583733,0.04489717140584515,True,24,106,0.0769230769230769
VCT,St. Vincent and the Grenadines,adaptive over-performers,same_capacity_quartile,Q2,equity_access,0.7744451512642184,0.7224951049541598,0.05195004631005862,True,26,106,0.0769230769230769
BRB,Barbados,adaptive over-performers,same_income_group,High income,capacity,0.4376839484267321,0.5973368179395688,-0.15965286951283675,True,56,106,0.0
BRB,Barbados,adaptive over-performers,same_region,Latin America & Caribbean ,capacity,0.4376839484267321,0.3548721191849168,0.0828118292418153,True,24,106,0.0
BRB,Barbados,adaptive over-performers,same_capacity_quartile,Q2,capacity,0.4376839484267321,0.3898693093215164,0.04781463910521566,True,26,106,0.0
BRB,Barbados,adaptive over-performers,same_income_group,High income,preparedness,0.8694472408349976,0.9369098011569197,-0.0674625603219221,True,56,106,0.0
BRB,Barbados,adaptive over-performers,same_region,Latin America & Caribbean ,preparedness,0.8694472408349976,0.8582841003558341,0.011163140479163447,True,24,106,0.0
BRB,Barbados,adaptive over-performers,same_capacity_quartile,Q2,preparedness,0.8694472408349976,0.9127751948572844,-0.04332795402228684,True,26,106,0.0
BRB,Barbados,adaptive over-performers,same_income_group,High income,vulnerability,0.5981394797313992,0.7274946021164743,-0.12935512238507507,True,56,106,0.0
BRB,Barbados,adaptive over-performers,same_region,Latin America & Caribbean ,vulnerability,0.5981394797313992,0.698661570294468,-0.10052209056306871,True,24,106,0.0
BRB,Barbados,adaptive over-performers,same_capacity_quartile,Q2,vulnerability,0.5981394797313992,0.6964128128966902,-0.09827333316529097,True,26,106,0.0
BRB,Barbados,adaptive over-performers,same_income_group,High income,equity_access,0.7264932746148729,0.779996311641858,-0.05350303702698511,True,56,106,0.0
BRB,Barbados,adaptive over-performers,same_region,Latin America & Caribbean ,equity_access,0.7264932746148729,0.7295479798583733,-0.0030547052435003774,True,24,106,0.0
BRB,Barbados,adaptive over-performers,same_capacity_quartile,Q2,equity_access,0.7264932746148729,0.7224951049541598,0.003998169660713091,True,26,106,0.0
UZB,Uzbekistan,adaptive over-performers,same_income_group,Lower middle income,capacity,0.4119113055278265,0.3138518481233711,0.09805945740445543,True,13,106,0.0384615384615384
UZB,Uzbekistan,adaptive over-performers,same_region,Europe & Central Asia,capacity,0.4119113055278265,0.592121438040106,-0.18021013251227946,True,49,106,0.0384615384615384
UZB,Uzbekistan,adaptive over-performers,same_capacity_quartile,Q2,capacity,0.4119113055278265,0.3898693093215164,0.02204199620631009,True,26,106,0.0384615384615384
UZB,Uzbekistan,adaptive over-performers,same_income_group,Lower middle income,preparedness,0.9405649421131524,0.9214354407742822,0.01912950133887026,True,13,106,0.0384615384615384
UZB,Uzbekistan,adaptive over-performers,same_region,Europe & Central Asia,preparedness,0.9405649421131524,0.9240148867420244,0.01655005537112808,True,49,106,0.0384615384615384
UZB,Uzbekistan,adaptive over-performers,same_capacity_quartile,Q2,preparedness,0.9405649421131524,0.9127751948572844,0.027789747255868025,True,26,106,0.0384615384615384
UZB,Uzbekistan,adaptive over-performers,same_income_group,Lower middle income,vulnerability,0.6146409081395038,0.6585748480252485,-0.04393393988574468,True,13,106,0.0384615384615384
UZB,Uzbekistan,adaptive over-performers,same_region,Europe & Central Asia,vulnerability,0.6146409081395038,0.7031982734362339,-0.08855736529673008,True,49,106,0.0384615384615384
UZB,Uzbekistan,adaptive over-performers,same_capacity_quartile,Q2,vulnerability,0.6146409081395038,0.6964128128966902,-0.08177190475718643,True,26,106,0.0384615384615384
UZB,Uzbekistan,adaptive over-performers,same_income_group,Lower middle income,equity_access,0.7072929764830225,0.7072929764830225,0.0,True,13,106,0.0384615384615384
UZB,Uzbekistan,adaptive over-performers,same_region,Europe & Central Asia,equity_access,0.7072929764830225,0.7530172216525302,-0.04572424516950768,True,49,106,0.0384615384615384
UZB,Uzbekistan,adaptive over-performers,same_capacity_quartile,Q2,equity_access,0.7072929764830225,0.7224951049541598,-0.015202128471137333,True,26,106,0.0384615384615384
FJI,Fiji,adaptive over-performers,same_income_group,Upper middle income,capacity,0.1718859030867164,0.3467191820439355,-0.1748332789572191,True,37,106,0.0
FJI,Fiji,adaptive over-performers,same_region,East Asia & Pacific,capacity,0.1718859030867164,0.4108830413712889,-0.2389971382845725,True,11,106,0.0
FJI,Fiji,adaptive over-performers,same_capacity_quartile,Q1_low_capacity,capacity,0.1718859030867164,0.2638600782104646,-0.0919741751237482,True,27,106,0.0
FJI,Fiji,adaptive over-performers,same_income_group,Upper middle income,preparedness,0.9193966862730744,0.8513215977301716,0.06807508854290278,True,37,106,0.0
FJI,Fiji,adaptive over-performers,same_region,East Asia & Pacific,preparedness,0.9193966862730744,0.9193966862730744,0.0,True,11,106,0.0
FJI,Fiji,adaptive over-performers,same_capacity_quartile,Q1_low_capacity,preparedness,0.9193966862730744,0.8258192258773593,0.09357746039571502,True,27,106,0.0
FJI,Fiji,adaptive over-performers,same_income_group,Upper middle income,vulnerability,0.553064783244404,0.681467035750128,-0.128402252505724,True,37,106,0.0
FJI,Fiji,adaptive over-performers,same_region,East Asia & Pacific,vulnerability,0.553064783244404,0.7014535847653254,-0.14838880152092138,True,11,106,0.0
FJI,Fiji,adaptive over-performers,same_capacity_quartile,Q1_low_capacity,vulnerability,0.553064783244404,0.6415149075582738,-0.08845012431386978,True,27,106,0.0
FJI,Fiji,adaptive over-performers,same_income_group,Upper middle income,equity_access,0.8271194706688227,0.729348274020286,0.09777119664853673,True,37,106,0.0
FJI,Fiji,adaptive over-performers,same_region,East Asia & Pacific,equity_access,0.8271194706688227,0.7695477133590953,0.05757175730972741,True,11,106,0.0
FJI,Fiji,adaptive over-performers,same_capacity_quartile,Q1_low_capacity,equity_access,0.8271194706688227,0.7061315471456461,0.12098792352317667,True,27,106,0.0
TJK,Tajikistan,adaptive over-performers,same_income_group,Lower middle income,capacity,0.3499546768118913,0.3138518481233711,0.03610282868852022,True,13,106,0.0
TJK,Tajikistan,adaptive over-performers,same_region,Europe & Central Asia,capacity,0.3499546768118913,0.592121438040106,-0.24216676122821468,True,49,106,0.0
TJK,Tajikistan,adaptive over-performers,same_capacity_quartile,Q1_low_capacity,capacity,0.3499546768118913,0.2638600782104646,0.08609459860142671,True,27,106,0.0
TJK,Tajikistan,adaptive over-performers,same_income_group,Lower middle income,preparedness,0.9214354407742822,0.9214354407742822,0.0,True,13,106,0.0
TJK,Tajikistan,adaptive over-performers,same_region,Europe & Central Asia,preparedness,0.9214354407742822,0.9240148867420244,-0.0025794459677421777,True,49,106,0.0
TJK,Tajikistan,adaptive over-performers,same_capacity_quartile,Q1_low_capacity,preparedness,0.9214354407742822,0.8258192258773593,0.09561621489692285,True,27,106,0.0
TJK,Tajikistan,adaptive over-performers,same_income_group,Lower middle income,vulnerability,0.6826989523373221,0.6585748480252485,0.02412410431207368,True,13,106,0.0
TJK,Tajikistan,adaptive over-performers,same_region,Europe & Central Asia,vulnerability,0.6826989523373221,0.7031982734362339,-0.020499321098911727,True,49,106,0.0
TJK,Tajikistan,adaptive over-performers,same_capacity_quartile,Q1_low_capacity,vulnerability,0.6826989523373221,0.6415149075582738,0.04118404477904836,True,27,106,0.0
TJK,Tajikistan,adaptive over-performers,same_income_group,Lower middle income,equity_access,0.5889345817032028,0.7072929764830225,-0.11835839477981969,True,13,106,0.0
TJK,Tajikistan,adaptive over-performers,same_region,Europe & Central Asia,equity_access,0.5889345817032028,0.7530172216525302,-0.16408263994932737,True,49,106,0.0
TJK,Tajikistan,adaptive over-performers,same_capacity_quartile,Q1_low_capacity,equity_access,0.5889345817032028,0.7061315471456461,-0.11719696544244329,True,27,106,0.0
CPV,Cabo Verde,adaptive over-performers,same_income_group,Upper middle income,capacity,0.1748414442188375,0.3467191820439355,-0.171877737825098,True,37,106,0.0
CPV,Cabo Verde,adaptive over-performers,same_region,Sub-Saharan Africa ,capacity,0.1748414442188375,0.3330310308730893,-0.15818958665425178,True,5,106,0.0
CPV,Cabo Verde,adaptive over-performers,same_capacity_quartile,Q1_low_capacity,capacity,0.1748414442188375,0.2638600782104646,-0.0890186339916271,True,27,106,0.0
CPV,Cabo Verde,adaptive over-performers,same_income_group,Upper middle income,preparedness,0.8907404525592983,0.8513215977301716,0.03941885482912677,True,37,106,0.0
CPV,Cabo Verde,adaptive over-performers,same_region,Sub-Saharan Africa ,preparedness,0.8907404525592983,0.8907404525592983,0.0,True,5,106,0.0
CPV,Cabo Verde,adaptive over-performers,same_capacity_quartile,Q1_low_capacity,preparedness,0.8907404525592983,0.8258192258773593,0.064921226681939,True,27,106,0.0
CPV,Cabo Verde,adaptive over-performers,same_income_group,Upper middle income,vulnerability,0.6685434249570065,0.681467035750128,-0.012923610793121543,True,37,106,0.0
CPV,Cabo Verde,adaptive over-performers,same_region,Sub-Saharan Africa ,vulnerability,0.6685434249570065,0.6202816841723293,0.048261740784677154,True,5,106,0.0
CPV,Cabo Verde,adaptive over-performers,same_capacity_quartile,Q1_low_capacity,vulnerability,0.6685434249570065,0.6415149075582738,0.027028517398732688,True,27,106,0.0
CPV,Cabo Verde,adaptive over-performers,same_income_group,Upper middle income,equity_access,0.6884584229843812,0.729348274020286,-0.04088985103590481,True,37,106,0.0
CPV,Cabo Verde,adaptive over-performers,same_region,Sub-Saharan Africa ,equity_access,0.6884584229843812,0.6884584229843812,0.0,True,5,106,0.0
CPV,Cabo Verde,adaptive over-performers,same_capacity_quartile,Q1_low_capacity,equity_access,0.6884584229843812,0.7061315471456461,-0.017673124161264875,True,27,106,0.0
JAM,Jamaica,adaptive over-performers,same_income_group,Upper middle income,capacity,0.2282760912104227,0.3467191820439355,-0.11844309083351279,True,37,106,0.0
JAM,Jamaica,adaptive over-performers,same_region,Latin America & Caribbean ,capacity,0.2282760912104227,0.3548721191849168,-0.1265960279744941,True,24,106,0.0
JAM,Jamaica,adaptive over-performers,same_capacity_quartile,Q1_low_capacity,capacity,0.2282760912104227,0.2638600782104646,-0.035583987000041895,True,27,106,0.0
JAM,Jamaica,adaptive over-performers,same_income_group,Upper middle income,preparedness,0.8809742637247908,0.8513215977301716,0.029652665994619243,True,37,106,0.0
JAM,Jamaica,adaptive over-performers,same_region,Latin America & Caribbean ,preparedness,0.8809742637247908,0.8582841003558341,0.022690163368956684,True,24,106,0.0
JAM,Jamaica,adaptive over-performers,same_capacity_quartile,Q1_low_capacity,preparedness,0.8809742637247908,0.8258192258773593,0.055155037847431476,True,27,106,0.0
JAM,Jamaica,adaptive over-performers,same_income_group,Upper middle income,vulnerability,0.6509635969585903,0.681467035750128,-0.030503438791537718,True,37,106,0.0
JAM,Jamaica,adaptive over-performers,same_region,Latin America & Caribbean ,vulnerability,0.6509635969585903,0.698661570294468,-0.047697973335877664,True,24,106,0.0
JAM,Jamaica,adaptive over-performers,same_capacity_quartile,Q1_low_capacity,vulnerability,0.6509635969585903,0.6415149075582738,0.009448689400316512,True,27,106,0.0
JAM,Jamaica,adaptive over-performers,same_income_group,Upper middle income,equity_access,0.7344155504883616,0.729348274020286,0.005067276468075588,True,37,106,0.0
JAM,Jamaica,adaptive over-performers,same_region,Latin America & Caribbean ,equity_access,0.7344155504883616,0.7295479798583733,0.004867570629988327,True,24,106,0.0
JAM,Jamaica,adaptive over-performers,same_capacity_quartile,Q1_low_capacity,equity_access,0.7344155504883616,0.7061315471456461,0.028284003342715525,True,27,106,0.0
KGZ,Kyrgyz Republic,adaptive over-performers,same_income_group,Lower middle income,capacity,0.3317152029949079,0.3138518481233711,0.01786335487153684,True,13,106,0.0
KGZ,Kyrgyz Republic,adaptive over-performers,same_region,Europe & Central Asia,capacity,0.3317152029949079,0.592121438040106,-0.26040623504519805,True,49,106,0.0
KGZ,Kyrgyz Republic,adaptive over-performers,same_capacity_quartile,Q2,capacity,0.3317152029949079,0.3898693093215164,-0.0581541063266085,True,26,106,0.0
KGZ,Kyrgyz Republic,adaptive over-performers,same_income_group,Lower middle income,preparedness,0.8719689879667554,0.9214354407742822,-0.04946645280752682,True,13,106,0.0
KGZ,Kyrgyz Republic,adaptive over-performers,same_region,Europe & Central Asia,preparedness,0.8719689879667554,0.9240148867420244,-0.052045898775268995,True,49,106,0.0
KGZ,Kyrgyz Republic,adaptive over-performers,same_capacity_quartile,Q2,preparedness,0.8719689879667554,0.9127751948572844,-0.04080620689052905,True,26,106,0.0
KGZ,Kyrgyz Republic,adaptive over-performers,same_income_group,Lower middle income,vulnerability,0.6767504291276911,0.6585748480252485,0.01817558110244266,True,13,106,0.0
KGZ,Kyrgyz Republic,adaptive over-performers,same_region,Europe & Central Asia,vulnerability,0.6767504291276911,0.7031982734362339,-0.026447844308542745,True,49,106,0.0
KGZ,Kyrgyz Republic,adaptive over-performers,same_capacity_quartile,Q2,vulnerability,0.6767504291276911,0.6964128128966902,-0.019662383768999092,True,26,106,0.0
KGZ,Kyrgyz Republic,adaptive over-performers,same_income_group,Lower middle income,equity_access,0.7201469829095438,0.7072929764830225,0.012854006426521347,True,13,106,0.0
KGZ,Kyrgyz Republic,adaptive over-performers,same_region,Europe & Central Asia,equity_access,0.7201469829095438,0.7530172216525302,-0.032870238742986335,True,49,106,0.0
KGZ,Kyrgyz Republic,adaptive over-performers,same_capacity_quartile,Q2,equity_access,0.7201469829095438,0.7224951049541598,-0.0023481220446159856,True,26,106,0.0
MYS,Malaysia,adaptive over-performers,same_income_group,Upper middle income,capacity,0.2291338827416733,0.3467191820439355,-0.11758529930226219,True,37,106,0.0384615384615384
MYS,Malaysia,adaptive over-performers,same_region,East Asia & Pacific,capacity,0.2291338827416733,0.4108830413712889,-0.1817491586296156,True,11,106,0.0384615384615384
MYS,Malaysia,adaptive over-performers,same_capacity_quartile,Q1_low_capacity,capacity,0.2291338827416733,0.2638600782104646,-0.0347261954687913,True,27,106,0.0384615384615384
MYS,Malaysia,adaptive over-performers,same_income_group,Upper middle income,preparedness,0.9145985435053348,0.8513215977301716,0.06327694577516318,True,37,106,0.0384615384615384
MYS,Malaysia,adaptive over-performers,same_region,East Asia & Pacific,preparedness,0.9145985435053348,0.9193966862730744,-0.004798142767739599,True,11,106,0.0384615384615384
MYS,Malaysia,adaptive over-performers,same_capacity_quartile,Q1_low_capacity,preparedness,0.9145985435053348,0.8258192258773593,0.08877931762797542,True,27,106,0.0384615384615384
MYS,Malaysia,adaptive over-performers,same_income_group,Upper middle income,vulnerability,0.7111663135976891,0.681467035750128,0.0296992778475611,True,37,106,0.0384615384615384
MYS,Malaysia,adaptive over-performers,same_region,East Asia & Pacific,vulnerability,0.7111663135976891,0.7014535847653254,0.009712728832363737,True,11,106,0.0384615384615384
MYS,Malaysia,adaptive over-performers,same_capacity_quartile,Q1_low_capacity,vulnerability,0.7111663135976891,0.6415149075582738,0.06965140603941533,True,27,106,0.0384615384615384
MYS,Malaysia,adaptive over-performers,same_income_group,Upper middle income,equity_access,0.7278790190615761,0.729348274020286,-0.0014692549587098647,True,37,106,0.0384615384615384
MYS,Malaysia,adaptive over-performers,same_region,East Asia & Pacific,equity_access,0.7278790190615761,0.7695477133590953,-0.04166869429751918,True,11,106,0.0384615384615384
MYS,Malaysia,adaptive over-performers,same_capacity_quartile,Q1_low_capacity,equity_access,0.7278790190615761,0.7061315471456461,0.021747471915930072,True,27,106,0.0384615384615384
CYP,Cyprus,adaptive over-performers,same_income_group,High income,capacity,0.4030870152886168,0.5973368179395688,-0.19424980265095204,True,56,106,0.0769230769230769
CYP,Cyprus,adaptive over-performers,same_region,Europe & Central Asia,capacity,0.4030870152886168,0.592121438040106,-0.18903442275148918,True,49,106,0.0769230769230769
CYP,Cyprus,adaptive over-performers,same_capacity_quartile,Q2,capacity,0.4030870152886168,0.3898693093215164,0.013217705967100368,True,26,106,0.0769230769230769
CYP,Cyprus,adaptive over-performers,same_income_group,High income,preparedness,0.9172025269884388,0.9369098011569197,-0.019707274168480837,True,56,106,0.0769230769230769
CYP,Cyprus,adaptive over-performers,same_region,Europe & Central Asia,preparedness,0.9172025269884388,0.9240148867420244,-0.006812359753585517,True,49,106,0.0769230769230769
CYP,Cyprus,adaptive over-performers,same_capacity_quartile,Q2,preparedness,0.9172025269884388,0.9127751948572844,0.004427332131154427,True,26,106,0.0769230769230769
CYP,Cyprus,adaptive over-performers,same_income_group,High income,vulnerability,0.8157477202878922,0.7274946021164743,0.0882531181714179,True,56,106,0.0769230769230769
CYP,Cyprus,adaptive over-performers,same_region,Europe & Central Asia,vulnerability,0.8157477202878922,0.7031982734362339,0.11254944685165835,True,49,106,0.0769230769230769
CYP,Cyprus,adaptive over-performers,same_capacity_quartile,Q2,vulnerability,0.8157477202878922,0.6964128128966902,0.119334907391202,True,26,106,0.0769230769230769
CYP,Cyprus,adaptive over-performers,same_income_group,High income,equity_access,0.6107792463189511,0.779996311641858,-0.16921706532290692,True,56,106,0.0769230769230769
CYP,Cyprus,adaptive over-performers,same_region,Europe & Central Asia,equity_access,0.6107792463189511,0.7530172216525302,-0.14223797533357907,True,49,106,0.0769230769230769
CYP,Cyprus,adaptive over-performers,same_capacity_quartile,Q2,equity_access,0.6107792463189511,0.7224951049541598,-0.11171585863520872,True,26,106,0.0769230769230769
SUR,Suriname,adaptive over-performers,same_income_group,Upper middle income,capacity,0.3039261044589958,0.3467191820439355,-0.042793077584939665,True,37,106,0.0
SUR,Suriname,adaptive over-performers,same_region,Latin America & Caribbean ,capacity,0.3039261044589958,0.3548721191849168,-0.050946014725920974,True,24,106,0.0
SUR,Suriname,adaptive over-performers,same_capacity_quartile,Q1_low_capacity,capacity,0.3039261044589958,0.2638600782104646,0.04006602624853123,True,27,106,0.0
SUR,Suriname,adaptive over-performers,same_income_group,Upper middle income,preparedness,0.6108436046278103,0.8513215977301716,-0.2404779931023613,True,37,106,0.0
SUR,Suriname,adaptive over-performers,same_region,Latin America & Caribbean ,preparedness,0.6108436046278103,0.8582841003558341,-0.24744049572802385,True,24,106,0.0
SUR,Suriname,adaptive over-performers,same_capacity_quartile,Q1_low_capacity,preparedness,0.6108436046278103,0.8258192258773593,-0.21497562124954905,True,27,106,0.0
SUR,Suriname,adaptive over-performers,same_income_group,Upper middle income,vulnerability,0.6270112389349571,0.681467035750128,-0.054455796815170876,True,37,106,0.0
SUR,Suriname,adaptive over-performers,same_region,Latin America & Caribbean ,vulnerability,0.6270112389349571,0.698661570294468,-0.07165033135951082,True,24,106,0.0
SUR,Suriname,adaptive over-performers,same_capacity_quartile,Q1_low_capacity,vulnerability,0.6270112389349571,0.6415149075582738,-0.014503668623316646,True,27,106,0.0
SUR,Suriname,adaptive over-performers,same_income_group,Upper middle income,equity_access,0.7863517001121891,0.729348274020286,0.05700342609190312,True,37,106,0.0
SUR,Suriname,adaptive over-performers,same_region,Latin America & Caribbean ,equity_access,0.7863517001121891,0.7295479798583733,0.05680372025381586,True,24,106,0.0
SUR,Suriname,adaptive over-performers,same_capacity_quartile,Q1_low_capacity,equity_access,0.7863517001121891,0.7061315471456461,0.08022015296654306,True,27,106,0.0
PSE,West Bank and Gaza,adaptive over-performers,same_income_group,Lower middle income,capacity,0.3176807706933734,0.3138518481233711,0.0038289225700023355,True,13,106,0.0384615384615384
PSE,West Bank and Gaza,adaptive over-performers,same_region,"Middle East, North Africa, Afghanistan & Pakistan",capacity,0.3176807706933734,0.3176807706933734,0.0,True,13,106,0.0384615384615384
PSE,West Bank and Gaza,adaptive over-performers,same_capacity_quartile,Q2,capacity,0.3176807706933734,0.3898693093215164,-0.072188538628143,True,26,106,0.0384615384615384
PSE,West Bank and Gaza,adaptive over-performers,same_income_group,Lower middle income,preparedness,0.9877450980392156,0.9214354407742822,0.06630965726493343,True,13,106,0.0384615384615384
PSE,West Bank and Gaza,adaptive over-performers,same_region,"Middle East, North Africa, Afghanistan & Pakistan",preparedness,0.9877450980392156,0.9592596257996054,0.028485472239610177,True,13,106,0.0384615384615384
PSE,West Bank and Gaza,adaptive over-performers,same_capacity_quartile,Q2,preparedness,0.9877450980392156,0.9127751948572844,0.0749699031819312,True,26,106,0.0384615384615384
PSE,West Bank and Gaza,adaptive over-performers,same_income_group,Lower middle income,vulnerability,0.6045379500737209,0.6585748480252485,-0.05403689795152755,True,13,106,0.0384615384615384
PSE,West Bank and Gaza,adaptive over-performers,same_region,"Middle East, North Africa, Afghanistan & Pakistan",vulnerability,0.6045379500737209,0.7206501324705947,-0.11611218239687382,True,13,106,0.0384615384615384
PSE,West Bank and Gaza,adaptive over-performers,same_capacity_quartile,Q2,vulnerability,0.6045379500737209,0.6964128128966902,-0.0918748628229693,True,26,106,0.0384615384615384
PSE,West Bank and Gaza,adaptive over-performers,same_income_group,Lower middle income,equity_access,0.7248432269987758,0.7072929764830225,0.01755025051575332,True,13,106,0.0384615384615384
PSE,West Bank and Gaza,adaptive over-performers,same_region,"Middle East, North Africa, Afghanistan & Pakistan",equity_access,0.7248432269987758,0.7423952812370581,-0.017552054238282322,True,13,106,0.0384615384615384
PSE,West Bank and Gaza,adaptive over-performers,same_capacity_quartile,Q2,equity_access,0.7248432269987758,0.7224951049541598,0.0023481220446159856,True,26,106,0.0384615384615384
BHS,"Bahamas, The",adaptive over-performers,same_income_group,High income,capacity,0.3548022405378866,0.5973368179395688,-0.24253457740168222,True,56,106,0.0384615384615384
BHS,"Bahamas, The",adaptive over-performers,same_region,Latin America & Caribbean ,capacity,0.3548022405378866,0.3548721191849168,-6.987864703017488e-05,True,24,106,0.0384615384615384
BHS,"Bahamas, The",adaptive over-performers,same_capacity_quartile,Q1_low_capacity,capacity,0.3548022405378866,0.2638600782104646,0.09094216232742203,True,27,106,0.0384615384615384
BHS,"Bahamas, The",adaptive over-performers,same_income_group,High income,preparedness,0.8258192258773593,0.9369098011569197,-0.11109057527956034,True,56,106,0.0384615384615384
BHS,"Bahamas, The",adaptive over-performers,same_region,Latin America & Caribbean ,preparedness,0.8258192258773593,0.8582841003558341,-0.03246487447847479,True,24,106,0.0384615384615384
BHS,"Bahamas, The",adaptive over-performers,same_capacity_quartile,Q1_low_capacity,preparedness,0.8258192258773593,0.8258192258773593,0.0,True,27,106,0.0384615384615384
BHS,"Bahamas, The",adaptive over-performers,same_income_group,High income,vulnerability,0.6158999980284617,0.7274946021164743,-0.11159460408801258,True,56,106,0.0384615384615384
BHS,"Bahamas, The",adaptive over-performers,same_region,Latin America & Caribbean ,vulnerability,0.6158999980284617,0.698661570294468,-0.08276157226600622,True,24,106,0.0384615384615384
BHS,"Bahamas, The",adaptive over-performers,same_capacity_quartile,Q1_low_capacity,vulnerability,0.6158999980284617,0.6415149075582738,-0.025614909529812047,True,27,106,0.0384615384615384
BHS,"Bahamas, The",adaptive over-performers,same_income_group,High income,equity_access,0.7123871787553294,0.779996311641858,-0.06760913288652859,True,56,106,0.0384615384615384
BHS,"Bahamas, The",adaptive over-performers,same_region,Latin America & Caribbean ,equity_access,0.7123871787553294,0.7295479798583733,-0.017160801103043855,True,24,106,0.0384615384615384
BHS,"Bahamas, The",adaptive over-performers,same_capacity_quartile,Q1_low_capacity,equity_access,0.7123871787553294,0.7061315471456461,0.006255631609683343,True,27,106,0.0384615384615384
GTM,Guatemala,adaptive over-performers,same_income_group,Upper middle income,capacity,0.1381242055350285,0.3467191820439355,-0.208594976508907,True,37,106,0.0
GTM,Guatemala,adaptive over-performers,same_region,Latin America & Caribbean ,capacity,0.1381242055350285,0.3548721191849168,-0.2167479136498883,True,24,106,0.0
GTM,Guatemala,adaptive over-performers,same_capacity_quartile,Q1_low_capacity,capacity,0.1381242055350285,0.2638600782104646,-0.1257358726754361,True,27,106,0.0
GTM,Guatemala,adaptive over-performers,same_income_group,Upper middle income,preparedness,0.8197473484421942,0.8513215977301716,-0.03157424928797736,True,37,106,0.0
GTM,Guatemala,adaptive over-performers,same_region,Latin America & Caribbean ,preparedness,0.8197473484421942,0.8582841003558341,-0.03853675191363992,True,24,106,0.0
GTM,Guatemala,adaptive over-performers,same_capacity_quartile,Q1_low_capacity,preparedness,0.8197473484421942,0.8258192258773593,-0.0060718774351651295,True,27,106,0.0
GTM,Guatemala,adaptive over-performers,same_income_group,Upper middle income,vulnerability,0.6661923964367509,0.681467035750128,-0.015274639313377136,True,37,106,0.0
GTM,Guatemala,adaptive over-performers,same_region,Latin America & Caribbean ,vulnerability,0.6661923964367509,0.698661570294468,-0.03246917385771708,True,24,106,0.0
GTM,Guatemala,adaptive over-performers,same_capacity_quartile,Q1_low_capacity,vulnerability,0.6661923964367509,0.6415149075582738,0.024677488878477094,True,27,106,0.0
GTM,Guatemala,adaptive over-performers,same_income_group,Upper middle income,equity_access,0.5462334971646373,0.729348274020286,-0.1831147768556487,True,37,106,0.0
GTM,Guatemala,adaptive over-performers,same_region,Latin America & Caribbean ,equity_access,0.5462334971646373,0.7295479798583733,-0.18331448269373596,True,24,106,0.0
GTM,Guatemala,adaptive over-performers,same_capacity_quartile,Q1_low_capacity,equity_access,0.5462334971646373,0.7061315471456461,-0.15989804998100876,True,27,106,0.0
PHL,Philippines,adaptive over-performers,same_income_group,Lower middle income,capacity,0.1486166930851677,0.3138518481233711,-0.16523515503820338,True,13,106,0.0
PHL,Philippines,adaptive over-performers,same_region,East Asia & Pacific,capacity,0.1486166930851677,0.4108830413712889,-0.26226634828612116,True,11,106,0.0
PHL,Philippines,adaptive over-performers,same_capacity_quartile,Q1_low_capacity,capacity,0.1486166930851677,0.2638600782104646,-0.11524338512529689,True,27,106,0.0
PHL,Philippines,adaptive over-performers,same_income_group,Lower middle income,preparedness,0.5385221702317291,0.9214354407742822,-0.3829132705425531,True,13,106,0.0
PHL,Philippines,adaptive over-performers,same_region,East Asia & Pacific,preparedness,0.5385221702317291,0.9193966862730744,-0.38087451604134526,True,11,106,0.0
PHL,Philippines,adaptive over-performers,same_capacity_quartile,Q1_low_capacity,preparedness,0.5385221702317291,0.8258192258773593,-0.28729705564563024,True,27,106,0.0
PHL,Philippines,adaptive over-performers,same_income_group,Lower middle income,vulnerability,0.575070341487582,0.6585748480252485,-0.0835045065376665,True,13,106,0.0
PHL,Philippines,adaptive over-performers,same_region,East Asia & Pacific,vulnerability,0.575070341487582,0.7014535847653254,-0.12638324327774342,True,11,106,0.0
PHL,Philippines,adaptive over-performers,same_capacity_quartile,Q1_low_capacity,vulnerability,0.575070341487582,0.6415149075582738,-0.06644456607069182,True,27,106,0.0
PHL,Philippines,adaptive over-performers,same_income_group,Lower middle income,equity_access,0.6428129134889219,0.7072929764830225,-0.06448006299410058,True,13,106,0.0
PHL,Philippines,adaptive over-performers,same_region,East Asia & Pacific,equity_access,0.6428129134889219,0.7695477133590953,-0.12673479987017344,True,11,106,0.0
PHL,Philippines,adaptive over-performers,same_capacity_quartile,Q1_low_capacity,equity_access,0.6428129134889219,0.7061315471456461,-0.06331863365672419,True,27,106,0.0
AZE,Azerbaijan,adaptive over-performers,same_income_group,Upper middle income,capacity,0.3472579615421797,0.3467191820439355,0.0005387794982442129,True,37,106,0.0
AZE,Azerbaijan,adaptive over-performers,same_region,Europe & Central Asia,capacity,0.3472579615421797,0.592121438040106,-0.24486347649792628,True,49,106,0.0
AZE,Azerbaijan,adaptive over-performers,same_capacity_quartile,Q1_low_capacity,capacity,0.3472579615421797,0.2638600782104646,0.0833978833317151,True,27,106,0.0
AZE,Azerbaijan,adaptive over-performers,same_income_group,Upper middle income,preparedness,0.7015549952002419,0.8513215977301716,-0.14976660252992968,True,37,106,0.0
AZE,Azerbaijan,adaptive over-performers,same_region,Europe & Central Asia,preparedness,0.7015549952002419,0.9240148867420244,-0.22245989154178247,True,49,106,0.0
AZE,Azerbaijan,adaptive over-performers,same_capacity_quartile,Q1_low_capacity,preparedness,0.7015549952002419,0.8258192258773593,-0.12426423067711745,True,27,106,0.0
AZE,Azerbaijan,adaptive over-performers,same_income_group,Upper middle income,vulnerability,0.681467035750128,0.681467035750128,0.0,True,37,106,0.0
AZE,Azerbaijan,adaptive over-performers,same_region,Europe & Central Asia,vulnerability,0.681467035750128,0.7031982734362339,-0.021731237686105853,True,49,106,0.0
AZE,Azerbaijan,adaptive over-performers,same_capacity_quartile,Q1_low_capacity,vulnerability,0.681467035750128,0.6415149075582738,0.03995212819185423,True,27,106,0.0
AZE,Azerbaijan,adaptive over-performers,same_income_group,Upper middle income,equity_access,0.5608634127103203,0.729348274020286,-0.16848486130996576,True,37,106,0.0
AZE,Azerbaijan,adaptive over-performers,same_region,Europe & Central Asia,equity_access,0.5608634127103203,0.7530172216525302,-0.1921538089422099,True,49,106,0.0
AZE,Azerbaijan,adaptive over-performers,same_capacity_quartile,Q1_low_capacity,equity_access,0.5608634127103203,0.7061315471456461,-0.14526813443532582,True,27,106,0.0
EST,Estonia,capacity under-realizers,same_income_group,High income,capacity,0.5583626360146948,0.5973368179395688,-0.03897418192487401,True,56,106,0.0384615384615384
EST,Estonia,capacity under-realizers,same_region,Europe & Central Asia,capacity,0.5583626360146948,0.592121438040106,-0.03375880202541115,True,49,106,0.0384615384615384
EST,Estonia,capacity under-realizers,same_capacity_quartile,Q3,capacity,0.5583626360146948,0.5381401960072334,0.02022244000746143,True,26,106,0.0384615384615384
EST,Estonia,capacity under-realizers,same_income_group,High income,preparedness,0.8684809203627931,0.9369098011569197,-0.06842888079412657,True,56,106,0.0384615384615384
EST,Estonia,capacity under-realizers,same_region,Europe & Central Asia,preparedness,0.8684809203627931,0.9240148867420244,-0.05553396637923125,True,49,106,0.0384615384615384
EST,Estonia,capacity under-realizers,same_capacity_quartile,Q3,preparedness,0.8684809203627931,0.9369098011569197,-0.06842888079412657,True,26,106,0.0384615384615384
EST,Estonia,capacity under-realizers,same_income_group,High income,vulnerability,0.7127758379727243,0.7274946021164743,-0.014718764143750063,True,56,106,0.0384615384615384
EST,Estonia,capacity under-realizers,same_region,Europe & Central Asia,vulnerability,0.7127758379727243,0.7031982734362339,0.00957756453649039,True,49,106,0.0384615384615384
EST,Estonia,capacity under-realizers,same_capacity_quartile,Q3,vulnerability,0.7127758379727243,0.7045631492998978,0.00821268867282643,True,26,106,0.0384615384615384
EST,Estonia,capacity under-realizers,same_income_group,High income,equity_access,0.7732868874259978,0.779996311641858,-0.0067094242158601824,True,56,106,0.0384615384615384
EST,Estonia,capacity under-realizers,same_region,Europe & Central Asia,equity_access,0.7732868874259978,0.7530172216525302,0.02026966577346767,True,49,106,0.0384615384615384
EST,Estonia,capacity under-realizers,same_capacity_quartile,Q3,equity_access,0.7732868874259978,0.7888950089934026,-0.015608121567404765,True,26,106,0.0384615384615384
PRT,Portugal,capacity under-realizers,same_income_group,High income,capacity,0.670886260568819,0.5973368179395688,0.07354944262925012,True,56,106,0.0384615384615384
PRT,Portugal,capacity under-realizers,same_region,Europe & Central Asia,capacity,0.670886260568819,0.592121438040106,0.07876482252871297,True,49,106,0.0384615384615384
PRT,Portugal,capacity under-realizers,same_capacity_quartile,Q4_high_capacity,capacity,0.670886260568819,0.7553247390699022,-0.08443847850108321,True,27,106,0.0384615384615384
PRT,Portugal,capacity under-realizers,same_income_group,High income,preparedness,0.9601730266700844,0.9369098011569197,0.02326322551316473,True,56,106,0.0384615384615384
PRT,Portugal,capacity under-realizers,same_region,Europe & Central Asia,preparedness,0.9601730266700844,0.9240148867420244,0.03615813992806005,True,49,106,0.0384615384615384
PRT,Portugal,capacity under-realizers,same_capacity_quartile,Q4_high_capacity,preparedness,0.9601730266700844,0.9423188888894608,0.017854137780623613,True,27,106,0.0384615384615384
PRT,Portugal,capacity under-realizers,same_income_group,High income,vulnerability,0.7702644180338383,0.7274946021164743,0.04276981591736395,True,56,106,0.0384615384615384
PRT,Portugal,capacity under-realizers,same_region,Europe & Central Asia,vulnerability,0.7702644180338383,0.7031982734362339,0.0670661445976044,True,49,106,0.0384615384615384
PRT,Portugal,capacity under-realizers,same_capacity_quartile,Q4_high_capacity,vulnerability,0.7702644180338383,0.7646785951566378,0.0055858228772004415,True,27,106,0.0384615384615384
PRT,Portugal,capacity under-realizers,same_income_group,High income,equity_access,0.6926073082350904,0.779996311641858,-0.08738900340676758,True,56,106,0.0384615384615384
PRT,Portugal,capacity under-realizers,same_region,Europe & Central Asia,equity_access,0.6926073082350904,0.7530172216525302,-0.06040991341743973,True,49,106,0.0384615384615384
PRT,Portugal,capacity under-realizers,same_capacity_quartile,Q4_high_capacity,equity_access,0.6926073082350904,0.7939363430120309,-0.10132903477694044,True,27,106,0.0384615384615384
GBR,United Kingdom,capacity under-realizers,same_income_group,High income,capacity,0.7043249696725941,0.5973368179395688,0.10698815173302523,True,56,106,0.0384615384615384
GBR,United Kingdom,capacity under-realizers,same_region,Europe & Central Asia,capacity,0.7043249696725941,0.592121438040106,0.11220353163248808,True,49,106,0.0384615384615384
GBR,United Kingdom,capacity under-realizers,same_capacity_quartile,Q4_high_capacity,capacity,0.7043249696725941,0.7553247390699022,-0.0509997693973081,True,27,106,0.0384615384615384
GBR,United Kingdom,capacity under-realizers,same_income_group,High income,preparedness,0.9193555687134758,0.9369098011569197,-0.017554232443443896,True,56,106,0.0384615384615384
GBR,United Kingdom,capacity under-realizers,same_region,Europe & Central Asia,preparedness,0.9193555687134758,0.9240148867420244,-0.004659318028548576,True,49,106,0.0384615384615384
GBR,United Kingdom,capacity under-realizers,same_capacity_quartile,Q4_high_capacity,preparedness,0.9193555687134758,0.9423188888894608,-0.022963320175985014,True,27,106,0.0384615384615384
GBR,United Kingdom,capacity under-realizers,same_income_group,High income,vulnerability,0.7163281258832328,0.7274946021164743,-0.011166476233241518,True,56,106,0.0384615384615384
GBR,United Kingdom,capacity under-realizers,same_region,Europe & Central Asia,vulnerability,0.7163281258832328,0.7031982734362339,0.013129852446998935,True,49,106,0.0384615384615384
GBR,United Kingdom,capacity under-realizers,same_capacity_quartile,Q4_high_capacity,vulnerability,0.7163281258832328,0.7646785951566378,-0.04835046927340503,True,27,106,0.0384615384615384
GBR,United Kingdom,capacity under-realizers,same_income_group,High income,equity_access,0.8022252572034044,0.779996311641858,0.02222894556154642,True,56,106,0.0384615384615384
GBR,United Kingdom,capacity under-realizers,same_region,Europe & Central Asia,equity_access,0.8022252572034044,0.7530172216525302,0.049208035550874274,True,49,106,0.0384615384615384
GBR,United Kingdom,capacity under-realizers,same_capacity_quartile,Q4_high_capacity,equity_access,0.8022252572034044,0.7939363430120309,0.008288914191373564,True,27,106,0.0384615384615384
ESP,Spain,capacity under-realizers,same_income_group,High income,capacity,0.6449209188532831,0.5973368179395688,0.04758410091371423,True,56,106,0.0384615384615384
ESP,Spain,capacity under-realizers,same_region,Europe & Central Asia,capacity,0.6449209188532831,0.592121438040106,0.05279948081317709,True,49,106,0.0384615384615384
ESP,Spain,capacity under-realizers,same_capacity_quartile,Q4_high_capacity,capacity,0.6449209188532831,0.7553247390699022,-0.1104038202166191,True,27,106,0.0384615384615384
ESP,Spain,capacity under-realizers,same_income_group,High income,preparedness,0.9550424082252345,0.9369098011569197,0.018132607068314766,True,56,106,0.0384615384615384
ESP,Spain,capacity under-realizers,same_region,Europe & Central Asia,preparedness,0.9550424082252345,0.9240148867420244,0.031027521483210085,True,49,106,0.0384615384615384
ESP,Spain,capacity under-realizers,same_capacity_quartile,Q4_high_capacity,preparedness,0.9550424082252345,0.9423188888894608,0.012723519335773648,True,27,106,0.0384615384615384
ESP,Spain,capacity under-realizers,same_income_group,High income,vulnerability,0.7745812685503448,0.7274946021164743,0.047086666433870494,True,56,106,0.0384615384615384
ESP,Spain,capacity under-realizers,same_region,Europe & Central Asia,vulnerability,0.7745812685503448,0.7031982734362339,0.07138299511411095,True,49,106,0.0384615384615384
ESP,Spain,capacity under-realizers,same_capacity_quartile,Q4_high_capacity,vulnerability,0.7745812685503448,0.7646785951566378,0.009902673393706984,True,27,106,0.0384615384615384
ESP,Spain,capacity under-realizers,same_income_group,High income,equity_access,0.7400475066466544,0.779996311641858,-0.03994880499520359,True,56,106,0.0384615384615384
ESP,Spain,capacity under-realizers,same_region,Europe & Central Asia,equity_access,0.7400475066466544,0.7530172216525302,-0.012969715005875737,True,49,106,0.0384615384615384
ESP,Spain,capacity under-realizers,same_capacity_quartile,Q4_high_capacity,equity_access,0.7400475066466544,0.7939363430120309,-0.05388883636537645,True,27,106,0.0384615384615384
SVN,Slovenia,capacity under-realizers,same_income_group,High income,capacity,0.6779266272763665,0.5973368179395688,0.08058980933679771,True,56,106,0.0384615384615384
SVN,Slovenia,capacity under-realizers,same_region,Europe & Central Asia,capacity,0.6779266272763665,0.592121438040106,0.08580518923626057,True,49,106,0.0384615384615384
SVN,Slovenia,capacity under-realizers,same_capacity_quartile,Q4_high_capacity,capacity,0.6779266272763665,0.7553247390699022,-0.07739811179353562,True,27,106,0.0384615384615384
SVN,Slovenia,capacity under-realizers,same_income_group,High income,preparedness,0.9339615960818666,0.9369098011569197,-0.002948205075053112,True,56,106,0.0384615384615384
SVN,Slovenia,capacity under-realizers,same_region,Europe & Central Asia,preparedness,0.9339615960818666,0.9240148867420244,0.009946709339842208,True,49,106,0.0384615384615384
SVN,Slovenia,capacity under-realizers,same_capacity_quartile,Q4_high_capacity,preparedness,0.9339615960818666,0.9423188888894608,-0.00835729280759423,True,27,106,0.0384615384615384
SVN,Slovenia,capacity under-realizers,same_income_group,High income,vulnerability,0.773573339196457,0.7274946021164743,0.04607873707998267,True,56,106,0.0384615384615384
SVN,Slovenia,capacity under-realizers,same_region,Europe & Central Asia,vulnerability,0.773573339196457,0.7031982734362339,0.07037506576022312,True,49,106,0.0384615384615384
SVN,Slovenia,capacity under-realizers,same_capacity_quartile,Q4_high_capacity,vulnerability,0.773573339196457,0.7646785951566378,0.008894744039819158,True,27,106,0.0384615384615384
SVN,Slovenia,capacity under-realizers,same_income_group,High income,equity_access,0.8374284361606179,0.779996311641858,0.0574321245187599,True,56,106,0.0384615384615384
SVN,Slovenia,capacity under-realizers,same_region,Europe & Central Asia,equity_access,0.8374284361606179,0.7530172216525302,0.08441121450808775,True,49,106,0.0384615384615384
SVN,Slovenia,capacity under-realizers,same_capacity_quartile,Q4_high_capacity,equity_access,0.8374284361606179,0.7939363430120309,0.04349209314858704,True,27,106,0.0384615384615384
AUT,Austria,capacity under-realizers,same_income_group,High income,capacity,0.9136190221246516,0.5973368179395688,0.3162822041850828,True,56,106,0.0769230769230769
AUT,Austria,capacity under-realizers,same_region,Europe & Central Asia,capacity,0.9136190221246516,0.592121438040106,0.32149758408454565,True,49,106,0.0769230769230769
AUT,Austria,capacity under-realizers,same_capacity_quartile,Q4_high_capacity,capacity,0.9136190221246516,0.7553247390699022,0.15829428305474946,True,27,106,0.0769230769230769
AUT,Austria,capacity under-realizers,same_income_group,High income,preparedness,0.8979830596659448,0.9369098011569197,-0.03892674149097486,True,56,106,0.0769230769230769
AUT,Austria,capacity under-realizers,same_region,Europe & Central Asia,preparedness,0.8979830596659448,0.9240148867420244,-0.02603182707607954,True,49,106,0.0769230769230769
AUT,Austria,capacity under-realizers,same_capacity_quartile,Q4_high_capacity,preparedness,0.8979830596659448,0.9423188888894608,-0.04433582922351598,True,27,106,0.0769230769230769
AUT,Austria,capacity under-realizers,same_income_group,High income,vulnerability,0.7733998042913311,0.7274946021164743,0.04590520217485683,True,56,106,0.0769230769230769
AUT,Austria,capacity under-realizers,same_region,Europe & Central Asia,vulnerability,0.7733998042913311,0.7031982734362339,0.07020153085509728,True,49,106,0.0769230769230769
AUT,Austria,capacity under-realizers,same_capacity_quartile,Q4_high_capacity,vulnerability,0.7733998042913311,0.7646785951566378,0.00872120913469332,True,27,106,0.0769230769230769
AUT,Austria,capacity under-realizers,same_income_group,High income,equity_access,0.737110994535708,0.779996311641858,-0.042885317106149956,True,56,106,0.0769230769230769
AUT,Austria,capacity under-realizers,same_region,Europe & Central Asia,equity_access,0.737110994535708,0.7530172216525302,-0.015906227116822103,True,49,106,0.0769230769230769
AUT,Austria,capacity under-realizers,same_capacity_quartile,Q4_high_capacity,equity_access,0.737110994535708,0.7939363430120309,-0.05682534847632281,True,27,106,0.0769230769230769
HUN,Hungary,capacity under-realizers,same_income_group,High income,capacity,0.592121438040106,0.5973368179395688,-0.0052153798994628575,True,56,106,0.0769230769230769
HUN,Hungary,capacity under-realizers,same_region,Europe & Central Asia,capacity,0.592121438040106,0.592121438040106,0.0,True,49,106,0.0769230769230769
HUN,Hungary,capacity under-realizers,same_capacity_quartile,Q3,capacity,0.592121438040106,0.5381401960072334,0.05398124203287258,True,26,106,0.0769230769230769
HUN,Hungary,capacity under-realizers,same_income_group,High income,preparedness,0.9848619247385212,0.9369098011569197,0.0479521235816015,True,56,106,0.0769230769230769
HUN,Hungary,capacity under-realizers,same_region,Europe & Central Asia,preparedness,0.9848619247385212,0.9240148867420244,0.06084703799649682,True,49,106,0.0769230769230769
HUN,Hungary,capacity under-realizers,same_capacity_quartile,Q3,preparedness,0.9848619247385212,0.9369098011569197,0.0479521235816015,True,26,106,0.0769230769230769
HUN,Hungary,capacity under-realizers,same_income_group,High income,vulnerability,0.6280352282588941,0.7274946021164743,-0.09945937385758019,True,56,106,0.0769230769230769
HUN,Hungary,capacity under-realizers,same_region,Europe & Central Asia,vulnerability,0.6280352282588941,0.7031982734362339,-0.07516304517733974,True,49,106,0.0769230769230769
HUN,Hungary,capacity under-realizers,same_capacity_quartile,Q3,vulnerability,0.6280352282588941,0.7045631492998978,-0.0765279210410037,True,26,106,0.0769230769230769
HUN,Hungary,capacity under-realizers,same_income_group,High income,equity_access,0.7555947538089919,0.779996311641858,-0.024401557832866128,True,56,106,0.0769230769230769
HUN,Hungary,capacity under-realizers,same_region,Europe & Central Asia,equity_access,0.7555947538089919,0.7530172216525302,0.002577532156461726,True,49,106,0.0769230769230769
HUN,Hungary,capacity under-realizers,same_capacity_quartile,Q3,equity_access,0.7555947538089919,0.7888950089934026,-0.03330025518441071,True,26,106,0.0769230769230769
KAZ,Kazakhstan,capacity under-realizers,same_income_group,Upper middle income,capacity,0.4097274500671538,0.3467191820439355,0.0630082680232183,True,37,106,0.0
KAZ,Kazakhstan,capacity under-realizers,same_region,Europe & Central Asia,capacity,0.4097274500671538,0.592121438040106,-0.1823939879729522,True,49,106,0.0
KAZ,Kazakhstan,capacity under-realizers,same_capacity_quartile,Q3,capacity,0.4097274500671538,0.5381401960072334,-0.12841274594007962,True,26,106,0.0
KAZ,Kazakhstan,capacity under-realizers,same_income_group,Upper middle income,preparedness,0.9305901961000154,0.8513215977301716,0.07926859836984379,True,37,106,0.0
KAZ,Kazakhstan,capacity under-realizers,same_region,Europe & Central Asia,preparedness,0.9305901961000154,0.9240148867420244,0.006575309357990999,True,49,106,0.0
KAZ,Kazakhstan,capacity under-realizers,same_capacity_quartile,Q3,preparedness,0.9305901961000154,0.9369098011569197,-0.0063196050569043205,True,26,106,0.0
KAZ,Kazakhstan,capacity under-realizers,same_income_group,Upper middle income,vulnerability,0.6673311737790726,0.681467035750128,-0.01413586197105543,True,37,106,0.0
KAZ,Kazakhstan,capacity under-realizers,same_region,Europe & Central Asia,vulnerability,0.6673311737790726,0.7031982734362339,-0.03586709965716128,True,49,106,0.0
KAZ,Kazakhstan,capacity under-realizers,same_capacity_quartile,Q3,vulnerability,0.6673311737790726,0.7045631492998978,-0.037231975520825245,True,26,106,0.0
KAZ,Kazakhstan,capacity under-realizers,same_income_group,Upper middle income,equity_access,0.8283947122055891,0.729348274020286,0.09904643818530312,True,37,106,0.0
KAZ,Kazakhstan,capacity under-realizers,same_region,Europe & Central Asia,equity_access,0.8283947122055891,0.7530172216525302,0.07537749055305898,True,49,106,0.0
KAZ,Kazakhstan,capacity under-realizers,same_capacity_quartile,Q3,equity_access,0.8283947122055891,0.7888950089934026,0.03949970321218654,True,26,106,0.0
ITA,Italy,capacity under-realizers,same_income_group,High income,capacity,0.6492379606677942,0.5973368179395688,0.051901142728225325,True,56,106,0.0384615384615384
ITA,Italy,capacity under-realizers,same_region,Europe & Central Asia,capacity,0.6492379606677942,0.592121438040106,0.05711652262768818,True,49,106,0.0384615384615384
ITA,Italy,capacity under-realizers,same_capacity_quartile,Q3,capacity,0.6492379606677942,0.5381401960072334,0.11109776466056076,True,26,106,0.0384615384615384
ITA,Italy,capacity under-realizers,same_income_group,High income,preparedness,0.908578032959132,0.9369098011569197,-0.02833176819778771,True,56,106,0.0384615384615384
ITA,Italy,capacity under-realizers,same_region,Europe & Central Asia,preparedness,0.908578032959132,0.9240148867420244,-0.01543685378289239,True,49,106,0.0384615384615384
ITA,Italy,capacity under-realizers,same_capacity_quartile,Q3,preparedness,0.908578032959132,0.9369098011569197,-0.02833176819778771,True,26,106,0.0384615384615384
ITA,Italy,capacity under-realizers,same_income_group,High income,vulnerability,0.7573050759114517,0.7274946021164743,0.029810473794977366,True,56,106,0.0384615384615384
ITA,Italy,capacity under-realizers,same_region,Europe & Central Asia,vulnerability,0.7573050759114517,0.7031982734362339,0.05410680247521782,True,49,106,0.0384615384615384
ITA,Italy,capacity under-realizers,same_capacity_quartile,Q3,vulnerability,0.7573050759114517,0.7045631492998978,0.05274192661155386,True,26,106,0.0384615384615384
ITA,Italy,capacity under-realizers,same_income_group,High income,equity_access,0.7404520908242386,0.779996311641858,-0.039544220817619435,True,56,106,0.0384615384615384
ITA,Italy,capacity under-realizers,same_region,Europe & Central Asia,equity_access,0.7404520908242386,0.7530172216525302,-0.012565130828291582,True,49,106,0.0384615384615384
ITA,Italy,capacity under-realizers,same_capacity_quartile,Q3,equity_access,0.7404520908242386,0.7888950089934026,-0.04844291816916402,True,26,106,0.0384615384615384
QAT,Qatar,capacity under-realizers,same_income_group,High income,capacity,0.3429346613064137,0.5973368179395688,-0.25440215663315513,True,56,106,0.0
QAT,Qatar,capacity under-realizers,same_region,"Middle East, North Africa, Afghanistan & Pakistan",capacity,0.3429346613064137,0.3176807706933734,0.025253890613040286,True,13,106,0.0
QAT,Qatar,capacity under-realizers,same_capacity_quartile,Q3,capacity,0.3429346613064137,0.5381401960072334,-0.1952055347008197,True,26,106,0.0
QAT,Qatar,capacity under-realizers,same_income_group,High income,preparedness,0.9774170852937168,0.9369098011569197,0.04050728413679716,True,56,106,0.0
QAT,Qatar,capacity under-realizers,same_region,"Middle East, North Africa, Afghanistan & Pakistan",preparedness,0.9774170852937168,0.9592596257996054,0.018157459494111405,True,13,106,0.0
QAT,Qatar,capacity under-realizers,same_capacity_quartile,Q3,preparedness,0.9774170852937168,0.9369098011569197,0.04050728413679716,True,26,106,0.0
QAT,Qatar,capacity under-realizers,same_income_group,High income,vulnerability,0.7087091624784967,0.7274946021164743,-0.01878543963797763,True,56,106,0.0
QAT,Qatar,capacity under-realizers,same_region,"Middle East, North Africa, Afghanistan & Pakistan",vulnerability,0.7087091624784967,0.7206501324705947,-0.011940969992098038,True,13,106,0.0
QAT,Qatar,capacity under-realizers,same_capacity_quartile,Q3,vulnerability,0.7087091624784967,0.7045631492998978,0.004146013178598862,True,26,106,0.0
QAT,Qatar,capacity under-realizers,same_income_group,High income,equity_access,0.9576354765295764,0.779996311641858,0.17763916488771836,True,56,106,0.0
QAT,Qatar,capacity under-realizers,same_region,"Middle East, North Africa, Afghanistan & Pakistan",equity_access,0.9576354765295764,0.7423952812370581,0.21524019529251825,True,13,106,0.0
QAT,Qatar,capacity under-realizers,same_capacity_quartile,Q3,equity_access,0.9576354765295764,0.7888950089934026,0.16874046753617378,True,26,106,0.0
CHL,Chile,capacity under-realizers,same_income_group,High income,capacity,0.4368623179100732,0.5973368179395688,-0.16047450002949565,True,56,106,0.0384615384615384
CHL,Chile,capacity under-realizers,same_region,Latin America & Caribbean ,capacity,0.4368623179100732,0.3548721191849168,0.0819901987251564,True,24,106,0.0384615384615384
CHL,Chile,capacity under-realizers,same_capacity_quartile,Q3,capacity,0.4368623179100732,0.5381401960072334,-0.10127787809716021,True,26,106,0.0384615384615384
CHL,Chile,capacity under-realizers,same_income_group,High income,preparedness,0.9197557906003184,0.9369098011569197,-0.017154010556601262,True,56,106,0.0384615384615384
CHL,Chile,capacity under-realizers,same_region,Latin America & Caribbean ,preparedness,0.9197557906003184,0.8582841003558341,0.06147169024448429,True,24,106,0.0384615384615384
CHL,Chile,capacity under-realizers,same_capacity_quartile,Q3,preparedness,0.9197557906003184,0.9369098011569197,-0.017154010556601262,True,26,106,0.0384615384615384
CHL,Chile,capacity under-realizers,same_income_group,High income,vulnerability,0.7529887957924098,0.7274946021164743,0.025494193675935528,True,56,106,0.0384615384615384
CHL,Chile,capacity under-realizers,same_region,Latin America & Caribbean ,vulnerability,0.7529887957924098,0.698661570294468,0.05432722549794189,True,24,106,0.0384615384615384
CHL,Chile,capacity under-realizers,same_capacity_quartile,Q3,vulnerability,0.7529887957924098,0.7045631492998978,0.04842564649251202,True,26,106,0.0384615384615384
CHL,Chile,capacity under-realizers,same_income_group,High income,equity_access,0.6831962511807274,0.779996311641858,-0.09680006046113065,True,56,106,0.0384615384615384
CHL,Chile,capacity under-realizers,same_region,Latin America & Caribbean ,equity_access,0.6831962511807274,0.7295479798583733,-0.04635172867764592,True,24,106,0.0384615384615384
CHL,Chile,capacity under-realizers,same_capacity_quartile,Q3,equity_access,0.6831962511807274,0.7888950089934026,-0.10569875781267524,True,26,106,0.0384615384615384
POL,Poland,capacity under-realizers,same_income_group,High income,capacity,0.5407322335707355,0.5973368179395688,-0.05660458436883331,True,56,106,0.0769230769230769
POL,Poland,capacity under-realizers,same_region,Europe & Central Asia,capacity,0.5407322335707355,0.592121438040106,-0.05138920446937045,True,49,106,0.0769230769230769
POL,Poland,capacity under-realizers,same_capacity_quartile,Q3,capacity,0.5407322335707355,0.5381401960072334,0.0025920375635021253,True,26,106,0.0769230769230769
POL,Poland,capacity under-realizers,same_income_group,High income,preparedness,0.9361927703656184,0.9369098011569197,-0.0007170307913012541,True,56,106,0.0769230769230769
POL,Poland,capacity under-realizers,same_region,Europe & Central Asia,preparedness,0.9361927703656184,0.9240148867420244,0.012177883623594066,True,49,106,0.0769230769230769
POL,Poland,capacity under-realizers,same_capacity_quartile,Q3,preparedness,0.9361927703656184,0.9369098011569197,-0.0007170307913012541,True,26,106,0.0769230769230769
POL,Poland,capacity under-realizers,same_income_group,High income,vulnerability,0.6856895491234622,0.7274946021164743,-0.04180505299301207,True,56,106,0.0769230769230769
POL,Poland,capacity under-realizers,same_region,Europe & Central Asia,vulnerability,0.6856895491234622,0.7031982734362339,-0.017508724312771617,True,49,106,0.0769230769230769
POL,Poland,capacity under-realizers,same_capacity_quartile,Q3,vulnerability,0.6856895491234622,0.7045631492998978,-0.01887360017643558,True,26,106,0.0769230769230769
POL,Poland,capacity under-realizers,same_income_group,High income,equity_access,0.7797130175203245,0.779996311641858,-0.000283294121533495,True,56,106,0.0769230769230769
POL,Poland,capacity under-realizers,same_region,Europe & Central Asia,equity_access,0.7797130175203245,0.7530172216525302,0.02669579586779436,True,49,106,0.0769230769230769
POL,Poland,capacity under-realizers,same_capacity_quartile,Q3,equity_access,0.7797130175203245,0.7888950089934026,-0.009181991473078077,True,26,106,0.0769230769230769
ARE,United Arab Emirates,capacity under-realizers,same_income_group,High income,capacity,0.3453668031427175,0.5973368179395688,-0.2519700147968513,True,56,106,0.0384615384615384
ARE,United Arab Emirates,capacity under-realizers,same_region,"Middle East, North Africa, Afghanistan & Pakistan",capacity,0.3453668031427175,0.3176807706933734,0.02768603244934409,True,13,106,0.0384615384615384
ARE,United Arab Emirates,capacity under-realizers,same_capacity_quartile,Q3,capacity,0.3453668031427175,0.5381401960072334,-0.1927733928645159,True,26,106,0.0384615384615384
ARE,United Arab Emirates,capacity under-realizers,same_income_group,High income,preparedness,0.9974899598393574,0.9369098011569197,0.06058015868243771,True,56,106,0.0384615384615384
ARE,United Arab Emirates,capacity under-realizers,same_region,"Middle East, North Africa, Afghanistan & Pakistan",preparedness,0.9974899598393574,0.9592596257996054,0.038230334039751956,True,13,106,0.0384615384615384
ARE,United Arab Emirates,capacity under-realizers,same_capacity_quartile,Q3,preparedness,0.9974899598393574,0.9369098011569197,0.06058015868243771,True,26,106,0.0384615384615384
ARE,United Arab Emirates,capacity under-realizers,same_income_group,High income,vulnerability,0.7977547814356623,0.7274946021164743,0.07026017931918793,True,56,106,0.0384615384615384
ARE,United Arab Emirates,capacity under-realizers,same_region,"Middle East, North Africa, Afghanistan & Pakistan",vulnerability,0.7977547814356623,0.7206501324705947,0.07710464896506752,True,13,106,0.0384615384615384
ARE,United Arab Emirates,capacity under-realizers,same_capacity_quartile,Q3,vulnerability,0.7977547814356623,0.7045631492998978,0.09319163213576442,True,26,106,0.0384615384615384
ARE,United Arab Emirates,capacity under-realizers,same_income_group,High income,equity_access,0.8080025445532645,0.779996311641858,0.02800623291140647,True,56,106,0.0384615384615384
ARE,United Arab Emirates,capacity under-realizers,same_region,"Middle East, North Africa, Afghanistan & Pakistan",equity_access,0.8080025445532645,0.7423952812370581,0.06560726331620637,True,13,106,0.0384615384615384
ARE,United Arab Emirates,capacity under-realizers,same_capacity_quartile,Q3,equity_access,0.8080025445532645,0.7888950089934026,0.019107535559861888,True,26,106,0.0384615384615384
ARG,Argentina,capacity under-realizers,same_income_group,Upper middle income,capacity,0.6546176521084986,0.3467191820439355,0.30789847006456317,True,37,106,0.0384615384615384
ARG,Argentina,capacity under-realizers,same_region,Latin America & Caribbean ,capacity,0.6546176521084986,0.3548721191849168,0.29974553292358186,True,24,106,0.0384615384615384
ARG,Argentina,capacity under-realizers,same_capacity_quartile,Q3,capacity,0.6546176521084986,0.5381401960072334,0.11647745610126525,True,26,106,0.0384615384615384
ARG,Argentina,capacity under-realizers,same_income_group,Upper middle income,preparedness,0.8513215977301716,0.8513215977301716,0.0,True,37,106,0.0384615384615384
ARG,Argentina,capacity under-realizers,same_region,Latin America & Caribbean ,preparedness,0.8513215977301716,0.8582841003558341,-0.006962502625662559,True,24,106,0.0384615384615384
ARG,Argentina,capacity under-realizers,same_capacity_quartile,Q3,preparedness,0.8513215977301716,0.9369098011569197,-0.08558820342674811,True,26,106,0.0384615384615384
ARG,Argentina,capacity under-realizers,same_income_group,Upper middle income,vulnerability,0.7004171361212989,0.681467035750128,0.01895010037117084,True,37,106,0.0384615384615384
ARG,Argentina,capacity under-realizers,same_region,Latin America & Caribbean ,vulnerability,0.7004171361212989,0.698661570294468,0.001755565826830896,True,24,106,0.0384615384615384
ARG,Argentina,capacity under-realizers,same_capacity_quartile,Q3,vulnerability,0.7004171361212989,0.7045631492998978,-0.004146013178598973,True,26,106,0.0384615384615384
ARG,Argentina,capacity under-realizers,same_income_group,Upper middle income,equity_access,0.7515536868011014,0.729348274020286,0.022205412780815337,True,37,106,0.0384615384615384
ARG,Argentina,capacity under-realizers,same_region,Latin America & Caribbean ,equity_access,0.7515536868011014,0.7295479798583733,0.022005706942728076,True,24,106,0.0384615384615384
ARG,Argentina,capacity under-realizers,same_capacity_quartile,Q3,equity_access,0.7515536868011014,0.7888950089934026,-0.03734132219230124,True,26,106,0.0384615384615384
CZE,Czechia,capacity under-realizers,same_income_group,High income,capacity,0.7306943708589259,0.5973368179395688,0.13335755291935703,True,56,106,0.0769230769230769
CZE,Czechia,capacity under-realizers,same_region,Europe & Central Asia,capacity,0.7306943708589259,0.592121438040106,0.13857293281881988,True,49,106,0.0769230769230769
CZE,Czechia,capacity under-realizers,same_capacity_quartile,Q4_high_capacity,capacity,0.7306943708589259,0.7553247390699022,-0.024630368210976306,True,27,106,0.0769230769230769
CZE,Czechia,capacity under-realizers,same_income_group,High income,preparedness,0.9562019417740776,0.9369098011569197,0.019292140617157894,True,56,106,0.0769230769230769
CZE,Czechia,capacity under-realizers,same_region,Europe & Central Asia,preparedness,0.9562019417740776,0.9240148867420244,0.03218705503205321,True,49,106,0.0769230769230769
CZE,Czechia,capacity under-realizers,same_capacity_quartile,Q4_high_capacity,preparedness,0.9562019417740776,0.9423188888894608,0.013883052884616776,True,27,106,0.0769230769230769
CZE,Czechia,capacity under-realizers,same_income_group,High income,vulnerability,0.7031982734362339,0.7274946021164743,-0.024296328680240453,True,56,106,0.0769230769230769
CZE,Czechia,capacity under-realizers,same_region,Europe & Central Asia,vulnerability,0.7031982734362339,0.7031982734362339,0.0,True,49,106,0.0769230769230769
CZE,Czechia,capacity under-realizers,same_capacity_quartile,Q4_high_capacity,vulnerability,0.7031982734362339,0.7646785951566378,-0.06148032172040396,True,27,106,0.0769230769230769
CZE,Czechia,capacity under-realizers,same_income_group,High income,equity_access,0.8489921305310624,0.779996311641858,0.06899581888920436,True,56,106,0.0769230769230769
CZE,Czechia,capacity under-realizers,same_region,Europe & Central Asia,equity_access,0.8489921305310624,0.7530172216525302,0.09597490887853222,True,49,106,0.0769230769230769
CZE,Czechia,capacity under-realizers,same_capacity_quartile,Q4_high_capacity,equity_access,0.8489921305310624,0.7939363430120309,0.05505578751903151,True,27,106,0.0769230769230769
MDV,Maldives,capacity under-realizers,same_income_group,Upper middle income,capacity,0.5428082750870333,0.3467191820439355,0.19608909304309785,True,37,106,0.0
MDV,Maldives,capacity under-realizers,same_region,South Asia,capacity,0.5428082750870333,0.440928646277994,0.10187962880903934,True,2,106,0.0
MDV,Maldives,capacity under-realizers,same_capacity_quartile,Q4_high_capacity,capacity,0.5428082750870333,0.7553247390699022,-0.21251646398286883,True,27,106,0.0
MDV,Maldives,capacity under-realizers,same_income_group,Upper middle income,preparedness,0.9702682370087844,0.8513215977301716,0.11894663927861282,True,37,106,0.0
MDV,Maldives,capacity under-realizers,same_region,South Asia,preparedness,0.9702682370087844,0.9193603304263418,0.0509079065824426,True,2,106,0.0
MDV,Maldives,capacity under-realizers,same_capacity_quartile,Q4_high_capacity,preparedness,0.9702682370087844,0.9423188888894608,0.02794934811932359,True,27,106,0.0
MDV,Maldives,capacity under-realizers,same_income_group,Upper middle income,vulnerability,0.7980405859266773,0.681467035750128,0.11657355017654925,True,37,106,0.0
MDV,Maldives,capacity under-realizers,same_region,South Asia,vulnerability,0.7980405859266773,0.7032790880227292,0.09476149790394806,True,2,106,0.0
MDV,Maldives,capacity under-realizers,same_capacity_quartile,Q4_high_capacity,vulnerability,0.7980405859266773,0.7646785951566378,0.03336199077003943,True,27,106,0.0
MDV,Maldives,capacity under-realizers,same_income_group,Upper middle income,equity_access,0.8335734297847213,0.729348274020286,0.10422515576443525,True,37,106,0.0
MDV,Maldives,capacity under-realizers,same_region,South Asia,equity_access,0.8335734297847213,0.7414236860306483,0.09214974375407292,True,2,106,0.0
MDV,Maldives,capacity under-realizers,same_capacity_quartile,Q4_high_capacity,equity_access,0.8335734297847213,0.7939363430120309,0.0396370867726904,True,27,106,0.0
KWT,Kuwait,capacity under-realizers,same_income_group,High income,capacity,0.395799648377058,0.5973368179395688,-0.20153716956251083,True,56,106,0.0384615384615384
KWT,Kuwait,capacity under-realizers,same_region,"Middle East, North Africa, Afghanistan & Pakistan",capacity,0.395799648377058,0.3176807706933734,0.07811887768368458,True,13,106,0.0384615384615384
KWT,Kuwait,capacity under-realizers,same_capacity_quartile,Q3,capacity,0.395799648377058,0.5381401960072334,-0.1423405476301754,True,26,106,0.0384615384615384
KWT,Kuwait,capacity under-realizers,same_income_group,High income,preparedness,0.9581999257779844,0.9369098011569197,0.02129012462106472,True,56,106,0.0384615384615384
KWT,Kuwait,capacity under-realizers,same_region,"Middle East, North Africa, Afghanistan & Pakistan",preparedness,0.9581999257779844,0.9592596257996054,-0.001059700021621035,True,13,106,0.0384615384615384
KWT,Kuwait,capacity under-realizers,same_capacity_quartile,Q3,preparedness,0.9581999257779844,0.9369098011569197,0.02129012462106472,True,26,106,0.0384615384615384
KWT,Kuwait,capacity under-realizers,same_income_group,High income,vulnerability,0.7128524493659094,0.7274946021164743,-0.014642152750564907,True,56,106,0.0384615384615384
KWT,Kuwait,capacity under-realizers,same_region,"Middle East, North Africa, Afghanistan & Pakistan",vulnerability,0.7128524493659094,0.7206501324705947,-0.007797683104685316,True,13,106,0.0384615384615384
KWT,Kuwait,capacity under-realizers,same_capacity_quartile,Q3,vulnerability,0.7128524493659094,0.7045631492998978,0.008289300066011585,True,26,106,0.0384615384615384
KWT,Kuwait,capacity under-realizers,same_income_group,High income,equity_access,0.880189876726894,0.779996311641858,0.10019356508503596,True,56,106,0.0384615384615384
KWT,Kuwait,capacity under-realizers,same_region,"Middle East, North Africa, Afghanistan & Pakistan",equity_access,0.880189876726894,0.7423952812370581,0.13779459548983586,True,13,106,0.0384615384615384
KWT,Kuwait,capacity under-realizers,same_capacity_quartile,Q3,equity_access,0.880189876726894,0.7888950089934026,0.09129486773349138,True,26,106,0.0384615384615384
COL,Colombia,capacity under-realizers,same_income_group,Upper middle income,capacity,0.354941997831947,0.3467191820439355,0.00822281578801154,True,37,106,0.0
COL,Colombia,capacity under-realizers,same_region,Latin America & Caribbean ,capacity,0.354941997831947,0.3548721191849168,6.987864703023039e-05,True,24,106,0.0
COL,Colombia,capacity under-realizers,same_capacity_quartile,Q3,capacity,0.354941997831947,0.5381401960072334,-0.18319819817528638,True,26,106,0.0
COL,Colombia,capacity under-realizers,same_income_group,Upper middle income,preparedness,0.8893699607554202,0.8513215977301716,0.03804836302524861,True,37,106,0.0
COL,Colombia,capacity under-realizers,same_region,Latin America & Caribbean ,preparedness,0.8893699607554202,0.8582841003558341,0.03108586039958605,True,24,106,0.0
COL,Colombia,capacity under-realizers,same_capacity_quartile,Q3,preparedness,0.8893699607554202,0.9369098011569197,-0.0475398404014995,True,26,106,0.0
COL,Colombia,capacity under-realizers,same_income_group,Upper middle income,vulnerability,0.7619853913866848,0.681467035750128,0.08051835563655674,True,37,106,0.0
COL,Colombia,capacity under-realizers,same_region,Latin America & Caribbean ,vulnerability,0.7619853913866848,0.698661570294468,0.06332382109221679,True,24,106,0.0
COL,Colombia,capacity under-realizers,same_capacity_quartile,Q3,vulnerability,0.7619853913866848,0.7045631492998978,0.05742224208678692,True,26,106,0.0
COL,Colombia,capacity under-realizers,same_income_group,Upper middle income,equity_access,0.8344675883695621,0.729348274020286,0.10511931434927613,True,37,106,0.0
COL,Colombia,capacity under-realizers,same_region,Latin America & Caribbean ,equity_access,0.8344675883695621,0.7295479798583733,0.10491960851118887,True,24,106,0.0
COL,Colombia,capacity under-realizers,same_capacity_quartile,Q3,equity_access,0.8344675883695621,0.7888950089934026,0.04557257937615955,True,26,106,0.0
ROU,Romania,capacity under-realizers,same_income_group,High income,capacity,0.5402628949409131,0.5973368179395688,-0.05707392299865577,True,56,106,0.0384615384615384
ROU,Romania,capacity under-realizers,same_region,Europe & Central Asia,capacity,0.5402628949409131,0.592121438040106,-0.05185854309919291,True,49,106,0.0384615384615384
ROU,Romania,capacity under-realizers,same_capacity_quartile,Q3,capacity,0.5402628949409131,0.5381401960072334,0.0021226989336796676,True,26,106,0.0384615384615384
ROU,Romania,capacity under-realizers,same_income_group,High income,preparedness,0.814117375244629,0.9369098011569197,-0.12279242591229067,True,56,106,0.0384615384615384
ROU,Romania,capacity under-realizers,same_region,Europe & Central Asia,preparedness,0.814117375244629,0.9240148867420244,-0.10989751149739535,True,49,106,0.0384615384615384
ROU,Romania,capacity under-realizers,same_capacity_quartile,Q3,preparedness,0.814117375244629,0.9369098011569197,-0.12279242591229067,True,26,106,0.0384615384615384
ROU,Romania,capacity under-realizers,same_income_group,High income,vulnerability,0.6551166902891886,0.7274946021164743,-0.0723779118272857,True,56,106,0.0384615384615384
ROU,Romania,capacity under-realizers,same_region,Europe & Central Asia,vulnerability,0.6551166902891886,0.7031982734362339,-0.04808158314704525,True,49,106,0.0384615384615384
ROU,Romania,capacity under-realizers,same_capacity_quartile,Q3,vulnerability,0.6551166902891886,0.7045631492998978,-0.04944645901070921,True,26,106,0.0384615384615384
ROU,Romania,capacity under-realizers,same_income_group,High income,equity_access,0.8018396147865335,0.779996311641858,0.02184330314467553,True,56,106,0.0384615384615384
ROU,Romania,capacity under-realizers,same_region,Europe & Central Asia,equity_access,0.8018396147865335,0.7530172216525302,0.04882239313400338,True,49,106,0.0384615384615384
ROU,Romania,capacity under-realizers,same_capacity_quartile,Q3,equity_access,0.8018396147865335,0.7888950089934026,0.012944605793130948,True,26,106,0.0384615384615384
HRV,Croatia,capacity under-realizers,same_income_group,High income,capacity,0.5929113746534783,0.5973368179395688,-0.0044254432860905135,True,56,106,0.0384615384615384
HRV,Croatia,capacity under-realizers,same_region,Europe & Central Asia,capacity,0.5929113746534783,0.592121438040106,0.000789936613372344,True,49,106,0.0384615384615384
HRV,Croatia,capacity under-realizers,same_capacity_quartile,Q4_high_capacity,capacity,0.5929113746534783,0.7553247390699022,-0.16241336441642384,True,27,106,0.0384615384615384
HRV,Croatia,capacity under-realizers,same_income_group,High income,preparedness,0.9152107996414532,0.9369098011569197,-0.021699001515466443,True,56,106,0.0384615384615384
HRV,Croatia,capacity under-realizers,same_region,Europe & Central Asia,preparedness,0.9152107996414532,0.9240148867420244,-0.008804087100571123,True,49,106,0.0384615384615384
HRV,Croatia,capacity under-realizers,same_capacity_quartile,Q4_high_capacity,preparedness,0.9152107996414532,0.9423188888894608,-0.02710808924800756,True,27,106,0.0384615384615384
HRV,Croatia,capacity under-realizers,same_income_group,High income,vulnerability,0.7116733195238027,0.7274946021164743,-0.01582128259267157,True,56,106,0.0384615384615384
HRV,Croatia,capacity under-realizers,same_region,Europe & Central Asia,vulnerability,0.7116733195238027,0.7031982734362339,0.008475046087568883,True,49,106,0.0384615384615384
HRV,Croatia,capacity under-realizers,same_capacity_quartile,Q4_high_capacity,vulnerability,0.7116733195238027,0.7646785951566378,-0.05300527563283508,True,27,106,0.0384615384615384
HRV,Croatia,capacity under-realizers,same_income_group,High income,equity_access,0.8571043348420216,0.779996311641858,0.07710802320016363,True,56,106,0.0384615384615384
HRV,Croatia,capacity under-realizers,same_region,Europe & Central Asia,equity_access,0.8571043348420216,0.7530172216525302,0.10408711318949149,True,49,106,0.0384615384615384
HRV,Croatia,capacity under-realizers,same_capacity_quartile,Q4_high_capacity,equity_access,0.8571043348420216,0.7939363430120309,0.06316799182999078,True,27,106,0.0384615384615384
USA,United States,capacity under-realizers,same_income_group,High income,capacity,0.8550311559518963,0.5973368179395688,0.25769433801232744,True,56,106,0.0769230769230769
USA,United States,capacity under-realizers,same_region,North America,capacity,0.8550311559518963,0.440928646277994,0.4141025096739023,True,2,106,0.0769230769230769
USA,United States,capacity under-realizers,same_capacity_quartile,Q4_high_capacity,capacity,0.8550311559518963,0.7553247390699022,0.09970641688199411,True,27,106,0.0769230769230769
USA,United States,capacity under-realizers,same_income_group,High income,preparedness,0.9138985755857656,0.9369098011569197,-0.023011225571154093,True,56,106,0.0769230769230769
USA,United States,capacity under-realizers,same_region,North America,preparedness,0.9138985755857656,0.9193603304263418,-0.005461754840576205,True,2,106,0.0769230769230769
USA,United States,capacity under-realizers,same_capacity_quartile,Q4_high_capacity,preparedness,0.9138985755857656,0.9423188888894608,-0.02842031330369521,True,27,106,0.0769230769230769
USA,United States,capacity under-realizers,same_income_group,High income,vulnerability,0.7324631956840566,0.7274946021164743,0.00496859356758228,True,56,106,0.0769230769230769
USA,United States,capacity under-realizers,same_region,North America,vulnerability,0.7324631956840566,0.7032790880227292,0.029184107661327396,True,2,106,0.0769230769230769
USA,United States,capacity under-realizers,same_capacity_quartile,Q4_high_capacity,vulnerability,0.7324631956840566,0.7646785951566378,-0.03221539947258123,True,27,106,0.0769230769230769
USA,United States,capacity under-realizers,same_income_group,High income,equity_access,0.721550053432473,0.779996311641858,-0.05844625820938498,True,56,106,0.0769230769230769
USA,United States,capacity under-realizers,same_region,North America,equity_access,0.721550053432473,0.7414236860306483,-0.019873632598175317,True,2,106,0.0769230769230769
USA,United States,capacity under-realizers,same_capacity_quartile,Q4_high_capacity,equity_access,0.721550053432473,0.7939363430120309,-0.07238628957955784,True,27,106,0.0769230769230769
SVK,Slovak Republic,capacity under-realizers,same_income_group,High income,capacity,0.5938029528903954,0.5973368179395688,-0.0035338650491734125,True,56,106,0.0384615384615384
SVK,Slovak Republic,capacity under-realizers,same_region,Europe & Central Asia,capacity,0.5938029528903954,0.592121438040106,0.001681514850289445,True,49,106,0.0384615384615384
SVK,Slovak Republic,capacity under-realizers,same_capacity_quartile,Q4_high_capacity,capacity,0.5938029528903954,0.7553247390699022,-0.16152178617950674,True,27,106,0.0384615384615384
SVK,Slovak Republic,capacity under-realizers,same_income_group,High income,preparedness,0.962316136506726,0.9369098011569197,0.025406335349806297,True,56,106,0.0384615384615384
SVK,Slovak Republic,capacity under-realizers,same_region,Europe & Central Asia,preparedness,0.962316136506726,0.9240148867420244,0.03830124976470162,True,49,106,0.0384615384615384
SVK,Slovak Republic,capacity under-realizers,same_capacity_quartile,Q4_high_capacity,preparedness,0.962316136506726,0.9423188888894608,0.01999724761726518,True,27,106,0.0384615384615384
SVK,Slovak Republic,capacity under-realizers,same_income_group,High income,vulnerability,0.7173988313513748,0.7274946021164743,-0.010095770765099488,True,56,106,0.0384615384615384
SVK,Slovak Republic,capacity under-realizers,same_region,Europe & Central Asia,vulnerability,0.7173988313513748,0.7031982734362339,0.014200557915140966,True,49,106,0.0384615384615384
SVK,Slovak Republic,capacity under-realizers,same_capacity_quartile,Q4_high_capacity,vulnerability,0.7173988313513748,0.7646785951566378,-0.047279763805263,True,27,106,0.0384615384615384
SVK,Slovak Republic,capacity under-realizers,same_income_group,High income,equity_access,0.8283455941982859,0.779996311641858,0.0483492825564279,True,56,106,0.0384615384615384
SVK,Slovak Republic,capacity under-realizers,same_region,Europe & Central Asia,equity_access,0.8283455941982859,0.7530172216525302,0.07532837254575575,True,49,106,0.0384615384615384
SVK,Slovak Republic,capacity under-realizers,same_capacity_quartile,Q4_high_capacity,equity_access,0.8283455941982859,0.7939363430120309,0.03440925118625504,True,27,106,0.0384615384615384
BLR,Belarus,capacity under-realizers,same_income_group,Upper middle income,capacity,0.6506495746089037,0.3467191820439355,0.30393039256496823,True,37,106,0.0769230769230769
BLR,Belarus,capacity under-realizers,same_region,Europe & Central Asia,capacity,0.6506495746089037,0.592121438040106,0.05852813656879774,True,49,106,0.0769230769230769
BLR,Belarus,capacity under-realizers,same_capacity_quartile,Q3,capacity,0.6506495746089037,0.5381401960072334,0.11250937860167032,True,26,106,0.0769230769230769
BLR,Belarus,capacity under-realizers,same_income_group,Upper middle income,preparedness,0.9549718293872288,0.8513215977301716,0.10365023165705722,True,37,106,0.0769230769230769
BLR,Belarus,capacity under-realizers,same_region,Europe & Central Asia,preparedness,0.9549718293872288,0.9240148867420244,0.030956942645204433,True,49,106,0.0769230769230769
BLR,Belarus,capacity under-realizers,same_capacity_quartile,Q3,preparedness,0.9549718293872288,0.9369098011569197,0.018062028230309113,True,26,106,0.0769230769230769
BLR,Belarus,capacity under-realizers,same_income_group,Upper middle income,vulnerability,0.6122043999499703,0.681467035750128,-0.06926263580015768,True,37,106,0.0769230769230769
BLR,Belarus,capacity under-realizers,same_region,Europe & Central Asia,vulnerability,0.6122043999499703,0.7031982734362339,-0.09099387348626353,True,49,106,0.0769230769230769
BLR,Belarus,capacity under-realizers,same_capacity_quartile,Q3,vulnerability,0.6122043999499703,0.7045631492998978,-0.0923587493499275,True,26,106,0.0769230769230769
BLR,Belarus,capacity under-realizers,same_income_group,Upper middle income,equity_access,0.7901149636236653,0.729348274020286,0.060766689603379276,True,37,106,0.0769230769230769
BLR,Belarus,capacity under-realizers,same_region,Europe & Central Asia,equity_access,0.7901149636236653,0.7530172216525302,0.037097741971135134,True,49,106,0.0769230769230769
BLR,Belarus,capacity under-realizers,same_capacity_quartile,Q3,equity_access,0.7901149636236653,0.7888950089934026,0.0012199546302626985,True,26,106,0.0769230769230769
DNK,Denmark,effective converters,same_income_group,High income,capacity,0.8524434355787608,0.5973368179395688,0.25510661763919196,True,56,106,0.0384615384615384
DNK,Denmark,effective converters,same_region,Europe & Central Asia,capacity,0.8524434355787608,0.592121438040106,0.2603219975386548,True,49,106,0.0384615384615384
DNK,Denmark,effective converters,same_capacity_quartile,Q4_high_capacity,capacity,0.8524434355787608,0.7553247390699022,0.09711869650885863,True,27,106,0.0384615384615384
DNK,Denmark,effective converters,same_income_group,High income,preparedness,0.95256787051843,0.9369098011569197,0.015658069361510263,True,56,106,0.0384615384615384
DNK,Denmark,effective converters,same_region,Europe & Central Asia,preparedness,0.95256787051843,0.9240148867420244,0.028552983776405583,True,49,106,0.0384615384615384
DNK,Denmark,effective converters,same_capacity_quartile,Q4_high_capacity,preparedness,0.95256787051843,0.9423188888894608,0.010248981628969145,True,27,106,0.0384615384615384
DNK,Denmark,effective converters,same_income_group,High income,vulnerability,0.728529526762817,0.7274946021164743,0.0010349246463426942,True,56,106,0.0384615384615384
DNK,Denmark,effective converters,same_region,Europe & Central Asia,vulnerability,0.728529526762817,0.7031982734362339,0.025331253326583147,True,49,106,0.0384615384615384
DNK,Denmark,effective converters,same_capacity_quartile,Q4_high_capacity,vulnerability,0.728529526762817,0.7646785951566378,-0.036149068393820816,True,27,106,0.0384615384615384
DNK,Denmark,effective converters,same_income_group,High income,equity_access,0.8022415176584646,0.779996311641858,0.022245206016606622,True,56,106,0.0384615384615384
DNK,Denmark,effective converters,same_region,Europe & Central Asia,equity_access,0.8022415176584646,0.7530172216525302,0.049224296005934476,True,49,106,0.0384615384615384
DNK,Denmark,effective converters,same_capacity_quartile,Q4_high_capacity,equity_access,0.8022415176584646,0.7939363430120309,0.008305174646433766,True,27,106,0.0384615384615384
JPN,Japan,effective converters,same_income_group,High income,capacity,0.8801047100926818,0.5973368179395688,0.28276789215311293,True,56,106,0.0769230769230769
JPN,Japan,effective converters,same_region,East Asia & Pacific,capacity,0.8801047100926818,0.4108830413712889,0.46922166872139287,True,11,106,0.0769230769230769
JPN,Japan,effective converters,same_capacity_quartile,Q4_high_capacity,capacity,0.8801047100926818,0.7553247390699022,0.1247799710227796,True,27,106,0.0769230769230769
JPN,Japan,effective converters,same_income_group,High income,preparedness,0.959470696947852,0.9369098011569197,0.022560895790932345,True,56,106,0.0769230769230769
JPN,Japan,effective converters,same_region,East Asia & Pacific,preparedness,0.959470696947852,0.9193966862730744,0.04007401067477767,True,11,106,0.0769230769230769
JPN,Japan,effective converters,same_capacity_quartile,Q4_high_capacity,preparedness,0.959470696947852,0.9423188888894608,0.017151808058391227,True,27,106,0.0769230769230769
JPN,Japan,effective converters,same_income_group,High income,vulnerability,0.7014535847653254,0.7274946021164743,-0.026041017351148943,True,56,106,0.0769230769230769
JPN,Japan,effective converters,same_region,East Asia & Pacific,vulnerability,0.7014535847653254,0.7014535847653254,0.0,True,11,106,0.0769230769230769
JPN,Japan,effective converters,same_capacity_quartile,Q4_high_capacity,vulnerability,0.7014535847653254,0.7646785951566378,-0.06322501039131245,True,27,106,0.0769230769230769
JPN,Japan,effective converters,same_income_group,High income,equity_access,0.8303401273585788,0.779996311641858,0.05034381571672075,True,56,106,0.0769230769230769
JPN,Japan,effective converters,same_region,East Asia & Pacific,equity_access,0.8303401273585788,0.7695477133590953,0.06079241399948343,True,11,106,0.0769230769230769
JPN,Japan,effective converters,same_capacity_quartile,Q4_high_capacity,equity_access,0.8303401273585788,0.7939363430120309,0.036403784346547896,True,27,106,0.0769230769230769
LUX,Luxembourg,effective converters,same_income_group,High income,capacity,0.6792069728068933,0.5973368179395688,0.08187015486732452,True,56,106,0.0384615384615384
LUX,Luxembourg,effective converters,same_region,Europe & Central Asia,capacity,0.6792069728068933,0.592121438040106,0.08708553476678738,True,49,106,0.0384615384615384
LUX,Luxembourg,effective converters,same_capacity_quartile,Q4_high_capacity,capacity,0.6792069728068933,0.7553247390699022,-0.07611776626300881,True,27,106,0.0384615384615384
LUX,Luxembourg,effective converters,same_income_group,High income,preparedness,0.9896118582899992,0.9369098011569197,0.052702057133079516,True,56,106,0.0384615384615384
LUX,Luxembourg,effective converters,same_region,Europe & Central Asia,preparedness,0.9896118582899992,0.9240148867420244,0.06559697154797484,True,49,106,0.0384615384615384
LUX,Luxembourg,effective converters,same_capacity_quartile,Q4_high_capacity,preparedness,0.9896118582899992,0.9423188888894608,0.0472929694005384,True,27,106,0.0384615384615384
LUX,Luxembourg,effective converters,same_income_group,High income,vulnerability,0.7630458643046747,0.7274946021164743,0.03555126218820037,True,56,106,0.0384615384615384
LUX,Luxembourg,effective converters,same_region,Europe & Central Asia,vulnerability,0.7630458643046747,0.7031982734362339,0.059847590868440825,True,49,106,0.0384615384615384
LUX,Luxembourg,effective converters,same_capacity_quartile,Q4_high_capacity,vulnerability,0.7630458643046747,0.7646785951566378,-0.0016327308519631378,True,27,106,0.0384615384615384
LUX,Luxembourg,effective converters,same_income_group,High income,equity_access,0.8328366112019977,0.779996311641858,0.05284029956013969,True,56,106,0.0384615384615384
LUX,Luxembourg,effective converters,same_region,Europe & Central Asia,equity_access,0.8328366112019977,0.7530172216525302,0.07981938954946755,True,49,106,0.0384615384615384
LUX,Luxembourg,effective converters,same_capacity_quartile,Q4_high_capacity,equity_access,0.8328366112019977,0.7939363430120309,0.038900268189966836,True,27,106,0.0384615384615384
FIN,Finland,effective converters,same_income_group,High income,capacity,0.7847361384939117,0.5973368179395688,0.18739932055434283,True,56,106,0.0769230769230769
FIN,Finland,effective converters,same_region,Europe & Central Asia,capacity,0.7847361384939117,0.592121438040106,0.1926147004538057,True,49,106,0.0769230769230769
FIN,Finland,effective converters,same_capacity_quartile,Q4_high_capacity,capacity,0.7847361384939117,0.7553247390699022,0.0294113994240095,True,27,106,0.0769230769230769
FIN,Finland,effective converters,same_income_group,High income,preparedness,0.9205143361449236,0.9369098011569197,-0.01639546501199607,True,56,106,0.0769230769230769
FIN,Finland,effective converters,same_region,Europe & Central Asia,preparedness,0.9205143361449236,0.9240148867420244,-0.003500550597100749,True,49,106,0.0769230769230769
FIN,Finland,effective converters,same_capacity_quartile,Q4_high_capacity,preparedness,0.9205143361449236,0.9423188888894608,-0.021804552744537187,True,27,106,0.0769230769230769
FIN,Finland,effective converters,same_income_group,High income,vulnerability,0.7855510164736608,0.7274946021164743,0.05805641435718645,True,56,106,0.0769230769230769
FIN,Finland,effective converters,same_region,Europe & Central Asia,vulnerability,0.7855510164736608,0.7031982734362339,0.0823527430374269,True,49,106,0.0769230769230769
FIN,Finland,effective converters,same_capacity_quartile,Q4_high_capacity,vulnerability,0.7855510164736608,0.7646785951566378,0.020872421317022938,True,27,106,0.0769230769230769
FIN,Finland,effective converters,same_income_group,High income,equity_access,0.7802796057633915,0.779996311641858,0.000283294121533495,True,56,106,0.0769230769230769
FIN,Finland,effective converters,same_region,Europe & Central Asia,equity_access,0.7802796057633915,0.7530172216525302,0.02726238411086135,True,49,106,0.0769230769230769
FIN,Finland,effective converters,same_capacity_quartile,Q4_high_capacity,equity_access,0.7802796057633915,0.7939363430120309,-0.013656737248639361,True,27,106,0.0769230769230769
NZL,New Zealand,effective converters,same_income_group,High income,capacity,0.6743030036937113,0.5973368179395688,0.07696618575414249,True,56,106,0.0384615384615384
NZL,New Zealand,effective converters,same_region,East Asia & Pacific,capacity,0.6743030036937113,0.4108830413712889,0.26341996232242243,True,11,106,0.0384615384615384
NZL,New Zealand,effective converters,same_capacity_quartile,Q4_high_capacity,capacity,0.6743030036937113,0.7553247390699022,-0.08102173537619084,True,27,106,0.0384615384615384
NZL,New Zealand,effective converters,same_income_group,High income,preparedness,0.9187125225851258,0.9369098011569197,-0.018197278571793873,True,56,106,0.0384615384615384
NZL,New Zealand,effective converters,same_region,East Asia & Pacific,preparedness,0.9187125225851258,0.9193966862730744,-0.0006841636879485469,True,11,106,0.0384615384615384
NZL,New Zealand,effective converters,same_capacity_quartile,Q4_high_capacity,preparedness,0.9187125225851258,0.9423188888894608,-0.02360636630433499,True,27,106,0.0384615384615384
NZL,New Zealand,effective converters,same_income_group,High income,vulnerability,0.793972891705199,0.7274946021164743,0.0664782895887247,True,56,106,0.0384615384615384
NZL,New Zealand,effective converters,same_region,East Asia & Pacific,vulnerability,0.793972891705199,0.7014535847653254,0.09251930693987365,True,11,106,0.0384615384615384
NZL,New Zealand,effective converters,same_capacity_quartile,Q4_high_capacity,vulnerability,0.793972891705199,0.7646785951566378,0.029294296548561194,True,27,106,0.0384615384615384
NZL,New Zealand,effective converters,same_income_group,High income,equity_access,0.8253918310542672,0.779996311641858,0.04539551941240916,True,56,106,0.0384615384615384
NZL,New Zealand,effective converters,same_region,East Asia & Pacific,equity_access,0.8253918310542672,0.7695477133590953,0.055844117695171835,True,11,106,0.0384615384615384
NZL,New Zealand,effective converters,same_capacity_quartile,Q4_high_capacity,equity_access,0.8253918310542672,0.7939363430120309,0.0314554880422363,True,27,106,0.0384615384615384
SWE,Sweden,effective converters,same_income_group,High income,capacity,0.8642630286716789,0.5973368179395688,0.2669262107321101,True,56,106,0.0384615384615384
SWE,Sweden,effective converters,same_region,Europe & Central Asia,capacity,0.8642630286716789,0.592121438040106,0.27214159063157295,True,49,106,0.0384615384615384
SWE,Sweden,effective converters,same_capacity_quartile,Q4_high_capacity,capacity,0.8642630286716789,0.7553247390699022,0.10893828960177676,True,27,106,0.0384615384615384
SWE,Sweden,effective converters,same_income_group,High income,preparedness,0.9787664702575456,0.9369098011569197,0.04185666910062591,True,56,106,0.0384615384615384
SWE,Sweden,effective converters,same_region,Europe & Central Asia,preparedness,0.9787664702575456,0.9240148867420244,0.05475158351552123,True,49,106,0.0384615384615384
SWE,Sweden,effective converters,same_capacity_quartile,Q4_high_capacity,preparedness,0.9787664702575456,0.9423188888894608,0.03644758136808479,True,27,106,0.0384615384615384
SWE,Sweden,effective converters,same_income_group,High income,vulnerability,0.7824609132483888,0.7274946021164743,0.054966311131914525,True,56,106,0.0384615384615384
SWE,Sweden,effective converters,same_region,Europe & Central Asia,vulnerability,0.7824609132483888,0.7031982734362339,0.07926263981215498,True,49,106,0.0384615384615384
SWE,Sweden,effective converters,same_capacity_quartile,Q4_high_capacity,vulnerability,0.7824609132483888,0.7646785951566378,0.017782318091751015,True,27,106,0.0384615384615384
SWE,Sweden,effective converters,same_income_group,High income,equity_access,0.7899732140884674,0.779996311641858,0.009976902446609426,True,56,106,0.0384615384615384
SWE,Sweden,effective converters,same_region,Europe & Central Asia,equity_access,0.7899732140884674,0.7530172216525302,0.03695599243593728,True,49,106,0.0384615384615384
SWE,Sweden,effective converters,same_capacity_quartile,Q4_high_capacity,equity_access,0.7899732140884674,0.7939363430120309,-0.00396312892356343,True,27,106,0.0384615384615384
ISL,Iceland,effective converters,same_income_group,High income,capacity,0.7553247390699022,0.5973368179395688,0.15798792113033333,True,56,106,0.0384615384615384
ISL,Iceland,effective converters,same_region,Europe & Central Asia,capacity,0.7553247390699022,0.592121438040106,0.1632033010297962,True,49,106,0.0384615384615384
ISL,Iceland,effective converters,same_capacity_quartile,Q4_high_capacity,capacity,0.7553247390699022,0.7553247390699022,0.0,True,27,106,0.0384615384615384
ISL,Iceland,effective converters,same_income_group,High income,preparedness,0.91199171686747,0.9369098011569197,-0.024918084289449638,True,56,106,0.0384615384615384
ISL,Iceland,effective converters,same_region,Europe & Central Asia,preparedness,0.91199171686747,0.9240148867420244,-0.012023169874554318,True,49,106,0.0384615384615384
ISL,Iceland,effective converters,same_capacity_quartile,Q4_high_capacity,preparedness,0.91199171686747,0.9423188888894608,-0.030327172021990756,True,27,106,0.0384615384615384
ISL,Iceland,effective converters,same_income_group,High income,vulnerability,0.8111782215564786,0.7274946021164743,0.08368361944000424,True,56,106,0.0384615384615384
ISL,Iceland,effective converters,same_region,Europe & Central Asia,vulnerability,0.8111782215564786,0.7031982734362339,0.1079799481202447,True,49,106,0.0384615384615384
ISL,Iceland,effective converters,same_capacity_quartile,Q4_high_capacity,vulnerability,0.8111782215564786,0.7646785951566378,0.04649962639984073,True,27,106,0.0384615384615384
ISL,Iceland,effective converters,same_income_group,High income,equity_access,0.800640452238409,0.779996311641858,0.020644140596550953,True,56,106,0.0384615384615384
ISL,Iceland,effective converters,same_region,Europe & Central Asia,equity_access,0.800640452238409,0.7530172216525302,0.047623230585878806,True,49,106,0.0384615384615384
ISL,Iceland,effective converters,same_capacity_quartile,Q4_high_capacity,equity_access,0.800640452238409,0.7939363430120309,0.006704109226378097,True,27,106,0.0384615384615384
NOR,Norway,effective converters,same_income_group,High income,capacity,0.8893379752351854,0.5973368179395688,0.2920011572956166,True,56,106,0.0384615384615384
NOR,Norway,effective converters,same_region,Europe & Central Asia,capacity,0.8893379752351854,0.592121438040106,0.29721653719507946,True,49,106,0.0384615384615384
NOR,Norway,effective converters,same_capacity_quartile,Q4_high_capacity,capacity,0.8893379752351854,0.7553247390699022,0.13401323616528327,True,27,106,0.0384615384615384
NOR,Norway,effective converters,same_income_group,High income,preparedness,0.962615262387194,0.9369098011569197,0.025705461230274285,True,56,106,0.0384615384615384
NOR,Norway,effective converters,same_region,Europe & Central Asia,preparedness,0.962615262387194,0.9240148867420244,0.038600375645169605,True,49,106,0.0384615384615384
NOR,Norway,effective converters,same_capacity_quartile,Q4_high_capacity,preparedness,0.962615262387194,0.9423188888894608,0.020296373497733167,True,27,106,0.0384615384615384
NOR,Norway,effective converters,same_income_group,High income,vulnerability,0.811761696495954,0.7274946021164743,0.08426709437947966,True,56,106,0.0384615384615384
NOR,Norway,effective converters,same_region,Europe & Central Asia,vulnerability,0.811761696495954,0.7031982734362339,0.10856342305972011,True,49,106,0.0384615384615384
NOR,Norway,effective converters,same_capacity_quartile,Q4_high_capacity,vulnerability,0.811761696495954,0.7646785951566378,0.04708310133931615,True,27,106,0.0384615384615384
NOR,Norway,effective converters,same_income_group,High income,equity_access,0.7805652809776883,0.779996311641858,0.0005689693358302828,True,56,106,0.0384615384615384
NOR,Norway,effective converters,same_region,Europe & Central Asia,equity_access,0.7805652809776883,0.7530172216525302,0.027548059325158136,True,49,106,0.0384615384615384
NOR,Norway,effective converters,same_capacity_quartile,Q4_high_capacity,equity_access,0.7805652809776883,0.7939363430120309,-0.013371062034342573,True,27,106,0.0384615384615384
FRA,France,effective converters,same_income_group,High income,capacity,0.8816586691752235,0.5973368179395688,0.2843218512356547,True,56,106,0.0384615384615384
FRA,France,effective converters,same_region,Europe & Central Asia,capacity,0.8816586691752235,0.592121438040106,0.28953723113511753,True,49,106,0.0384615384615384
FRA,France,effective converters,same_capacity_quartile,Q4_high_capacity,capacity,0.8816586691752235,0.7553247390699022,0.12633393010532135,True,27,106,0.0384615384615384
FRA,France,effective converters,same_income_group,High income,preparedness,0.9149891975859356,0.9369098011569197,-0.021920603570984132,True,56,106,0.0384615384615384
FRA,France,effective converters,same_region,Europe & Central Asia,preparedness,0.9149891975859356,0.9240148867420244,-0.009025689156088812,True,49,106,0.0384615384615384
FRA,France,effective converters,same_capacity_quartile,Q4_high_capacity,preparedness,0.9149891975859356,0.9423188888894608,-0.02732969130352525,True,27,106,0.0384615384615384
FRA,France,effective converters,same_income_group,High income,vulnerability,0.7485342291560318,0.7274946021164743,0.02103962703955753,True,56,106,0.0384615384615384
FRA,France,effective converters,same_region,Europe & Central Asia,vulnerability,0.7485342291560318,0.7031982734362339,0.04533595571979798,True,49,106,0.0384615384615384
FRA,France,effective converters,same_capacity_quartile,Q4_high_capacity,vulnerability,0.7485342291560318,0.7646785951566378,-0.01614436600060598,True,27,106,0.0384615384615384
FRA,France,effective converters,same_income_group,High income,equity_access,0.8161123571303338,0.779996311641858,0.0361160454884758,True,56,106,0.0384615384615384
FRA,France,effective converters,same_region,Europe & Central Asia,equity_access,0.8161123571303338,0.7530172216525302,0.06309513547780365,True,49,106,0.0384615384615384
FRA,France,effective converters,same_capacity_quartile,Q4_high_capacity,equity_access,0.8161123571303338,0.7939363430120309,0.022176014118302945,True,27,106,0.0384615384615384
DEU,Germany,effective converters,same_income_group,High income,capacity,0.9836246709352092,0.5973368179395688,0.3862878529956404,True,56,106,0.0384615384615384
DEU,Germany,effective converters,same_region,Europe & Central Asia,capacity,0.9836246709352092,0.592121438040106,0.39150323289510325,True,49,106,0.0384615384615384
DEU,Germany,effective converters,same_capacity_quartile,Q4_high_capacity,capacity,0.9836246709352092,0.7553247390699022,0.22829993186530706,True,27,106,0.0384615384615384
DEU,Germany,effective converters,same_income_group,High income,preparedness,0.938569393744255,0.9369098011569197,0.001659592587335279,True,56,106,0.0384615384615384
DEU,Germany,effective converters,same_region,Europe & Central Asia,preparedness,0.938569393744255,0.9240148867420244,0.014554507002230599,True,49,106,0.0384615384615384
DEU,Germany,effective converters,same_capacity_quartile,Q4_high_capacity,preparedness,0.938569393744255,0.9423188888894608,-0.003749495145205839,True,27,106,0.0384615384615384
DEU,Germany,effective converters,same_income_group,High income,vulnerability,0.7063349549289141,0.7274946021164743,-0.02115964718756025,True,56,106,0.0384615384615384
DEU,Germany,effective converters,same_region,Europe & Central Asia,vulnerability,0.7063349549289141,0.7031982734362339,0.0031366814926802045,True,49,106,0.0384615384615384
DEU,Germany,effective converters,same_capacity_quartile,Q4_high_capacity,vulnerability,0.7063349549289141,0.7646785951566378,-0.05834364022772376,True,27,106,0.0384615384615384
DEU,Germany,effective converters,same_income_group,High income,equity_access,0.8046224756086403,0.779996311641858,0.0246261639667823,True,56,106,0.0384615384615384
DEU,Germany,effective converters,same_region,Europe & Central Asia,equity_access,0.8046224756086403,0.7530172216525302,0.05160525395611015,True,49,106,0.0384615384615384
DEU,Germany,effective converters,same_capacity_quartile,Q4_high_capacity,equity_access,0.8046224756086403,0.7939363430120309,0.010686132596609443,True,27,106,0.0384615384615384
CAN,Canada,effective converters,same_income_group,High income,capacity,0.751060450017869,0.5973368179395688,0.1537236320783002,True,56,106,0.0384615384615384
CAN,Canada,effective converters,same_region,North America,capacity,0.751060450017869,0.440928646277994,0.31013180373987503,True,2,106,0.0384615384615384
CAN,Canada,effective converters,same_capacity_quartile,Q4_high_capacity,capacity,0.751060450017869,0.7553247390699022,-0.004264289052033132,True,27,106,0.0384615384615384
CAN,Canada,effective converters,same_income_group,High income,preparedness,0.8882866246726704,0.9369098011569197,-0.0486231764842493,True,56,106,0.0384615384615384
CAN,Canada,effective converters,same_region,North America,preparedness,0.8882866246726704,0.9193603304263418,-0.03107370575367141,True,2,106,0.0384615384615384
CAN,Canada,effective converters,same_capacity_quartile,Q4_high_capacity,preparedness,0.8882866246726704,0.9423188888894608,-0.054032264216790415,True,27,106,0.0384615384615384
CAN,Canada,effective converters,same_income_group,High income,vulnerability,0.7919311320519059,0.7274946021164743,0.06443652993543159,True,56,106,0.0384615384615384
CAN,Canada,effective converters,same_region,North America,vulnerability,0.7919311320519059,0.7032790880227292,0.0886520440291767,True,2,106,0.0384615384615384
CAN,Canada,effective converters,same_capacity_quartile,Q4_high_capacity,vulnerability,0.7919311320519059,0.7646785951566378,0.027252536895268076,True,27,106,0.0384615384615384
CAN,Canada,effective converters,same_income_group,High income,equity_access,0.7663801634764503,0.779996311641858,-0.013616148165407682,True,56,106,0.0384615384615384
CAN,Canada,effective converters,same_region,North America,equity_access,0.7663801634764503,0.7414236860306483,0.024956477445801983,True,2,106,0.0384615384615384
CAN,Canada,effective converters,same_capacity_quartile,Q4_high_capacity,equity_access,0.7663801634764503,0.7939363430120309,-0.02755617953558054,True,27,106,0.0384615384615384
AUS,Australia,effective converters,same_income_group,High income,capacity,0.8291484874562962,0.5973368179395688,0.23181166951672738,True,56,106,0.0384615384615384
AUS,Australia,effective converters,same_region,East Asia & Pacific,capacity,0.8291484874562962,0.4108830413712889,0.4182654460850073,True,11,106,0.0384615384615384
AUS,Australia,effective converters,same_capacity_quartile,Q4_high_capacity,capacity,0.8291484874562962,0.7553247390699022,0.07382374838639405,True,27,106,0.0384615384615384
AUS,Australia,effective converters,same_income_group,High income,preparedness,0.9423188888894608,0.9369098011569197,0.005409087732541118,True,56,106,0.0384615384615384
AUS,Australia,effective converters,same_region,East Asia & Pacific,preparedness,0.9423188888894608,0.9193966862730744,0.022922202616386445,True,11,106,0.0384615384615384
AUS,Australia,effective converters,same_capacity_quartile,Q4_high_capacity,preparedness,0.9423188888894608,0.9423188888894608,0.0,True,27,106,0.0384615384615384
AUS,Australia,effective converters,same_income_group,High income,vulnerability,0.806195960811031,0.7274946021164743,0.07870135869455663,True,56,106,0.0384615384615384
AUS,Australia,effective converters,same_region,East Asia & Pacific,vulnerability,0.806195960811031,0.7014535847653254,0.10474237604570558,True,11,106,0.0384615384615384
AUS,Australia,effective converters,same_capacity_quartile,Q4_high_capacity,vulnerability,0.806195960811031,0.7646785951566378,0.041517365654393124,True,27,106,0.0384615384615384
AUS,Australia,effective converters,same_income_group,High income,equity_access,0.7695477133590953,0.779996311641858,-0.010448598282762678,True,56,106,0.0384615384615384
AUS,Australia,effective converters,same_region,East Asia & Pacific,equity_access,0.7695477133590953,0.7695477133590953,0.0,True,11,106,0.0384615384615384
AUS,Australia,effective converters,same_capacity_quartile,Q4_high_capacity,equity_access,0.7695477133590953,0.7939363430120309,-0.024388629652935534,True,27,106,0.0384615384615384
NLD,Netherlands,effective converters,same_income_group,High income,capacity,0.7946422085942241,0.5973368179395688,0.19730539065465524,True,56,106,0.0384615384615384
NLD,Netherlands,effective converters,same_region,Europe & Central Asia,capacity,0.7946422085942241,0.592121438040106,0.2025207705541181,True,49,106,0.0384615384615384
NLD,Netherlands,effective converters,same_capacity_quartile,Q4_high_capacity,capacity,0.7946422085942241,0.7553247390699022,0.03931746952432191,True,27,106,0.0384615384615384
NLD,Netherlands,effective converters,same_income_group,High income,preparedness,0.9332033521228416,0.9369098011569197,-0.0037064490340781298,True,56,106,0.0384615384615384
NLD,Netherlands,effective converters,same_region,Europe & Central Asia,preparedness,0.9332033521228416,0.9240148867420244,0.00918846538081719,True,49,106,0.0384615384615384
NLD,Netherlands,effective converters,same_capacity_quartile,Q4_high_capacity,preparedness,0.9332033521228416,0.9423188888894608,-0.009115536766619248,True,27,106,0.0384615384615384
NLD,Netherlands,effective converters,same_income_group,High income,vulnerability,0.6649056239430973,0.7274946021164743,-0.06258897817337705,True,56,106,0.0384615384615384
NLD,Netherlands,effective converters,same_region,Europe & Central Asia,vulnerability,0.6649056239430973,0.7031982734362339,-0.0382926494931366,True,49,106,0.0384615384615384
NLD,Netherlands,effective converters,same_capacity_quartile,Q4_high_capacity,vulnerability,0.6649056239430973,0.7646785951566378,-0.09977297121354056,True,27,106,0.0384615384615384
NLD,Netherlands,effective converters,same_income_group,High income,equity_access,0.7939363430120309,0.779996311641858,0.013940031370172856,True,56,106,0.0384615384615384
NLD,Netherlands,effective converters,same_region,Europe & Central Asia,equity_access,0.7939363430120309,0.7530172216525302,0.04091912135950071,True,49,106,0.0384615384615384
NLD,Netherlands,effective converters,same_capacity_quartile,Q4_high_capacity,equity_access,0.7939363430120309,0.7939363430120309,0.0,True,27,106,0.0384615384615384
URY,Uruguay,effective converters,same_income_group,High income,capacity,0.6041402553582664,0.5973368179395688,0.0068034374186976,True,56,106,0.0769230769230769
URY,Uruguay,effective converters,same_region,Latin America & Caribbean ,capacity,0.6041402553582664,0.3548721191849168,0.24926813617334964,True,24,106,0.0769230769230769
URY,Uruguay,effective converters,same_capacity_quartile,Q3,capacity,0.6041402553582664,0.5381401960072334,0.06600005935103304,True,26,106,0.0769230769230769
URY,Uruguay,effective converters,same_income_group,High income,preparedness,0.9193650921392078,0.9369098011569197,-0.01754470901771188,True,56,106,0.0769230769230769
URY,Uruguay,effective converters,same_region,Latin America & Caribbean ,preparedness,0.9193650921392078,0.8582841003558341,0.06108099178337367,True,24,106,0.0769230769230769
URY,Uruguay,effective converters,same_capacity_quartile,Q3,preparedness,0.9193650921392078,0.9369098011569197,-0.01754470901771188,True,26,106,0.0769230769230769
URY,Uruguay,effective converters,same_income_group,High income,vulnerability,0.6871293162808386,0.7274946021164743,-0.0403652858356357,True,56,106,0.0769230769230769
URY,Uruguay,effective converters,same_region,Latin America & Caribbean ,vulnerability,0.6871293162808386,0.698661570294468,-0.01153225401362934,True,24,106,0.0769230769230769
URY,Uruguay,effective converters,same_capacity_quartile,Q3,vulnerability,0.6871293162808386,0.7045631492998978,-0.01743383301905921,True,26,106,0.0769230769230769
URY,Uruguay,effective converters,same_income_group,High income,equity_access,0.828328489083256,0.779996311641858,0.04833217744139795,True,56,106,0.0769230769230769
URY,Uruguay,effective converters,same_region,Latin America & Caribbean ,equity_access,0.828328489083256,0.7295479798583733,0.09878050922488268,True,24,106,0.0769230769230769
URY,Uruguay,effective converters,same_capacity_quartile,Q3,equity_access,0.828328489083256,0.7888950089934026,0.03943348008985337,True,26,106,0.0769230769230769
AND,Andorra,effective converters,same_income_group,High income,capacity,0.5645719971529731,0.5973368179395688,-0.032764820786595705,True,56,106,0.1538461538461538
AND,Andorra,effective converters,same_region,Europe & Central Asia,capacity,0.5645719971529731,0.592121438040106,-0.027549440887132848,True,49,106,0.1538461538461538
AND,Andorra,effective converters,same_capacity_quartile,Q4_high_capacity,capacity,0.5645719971529731,0.7553247390699022,-0.19075274191692904,True,27,106,0.1538461538461538
AND,Andorra,effective converters,same_income_group,High income,preparedness,0.9776348192598014,0.9369098011569197,0.04072501810288176,True,56,106,0.1538461538461538
AND,Andorra,effective converters,same_region,Europe & Central Asia,preparedness,0.9776348192598014,0.9240148867420244,0.05361993251777708,True,49,106,0.1538461538461538
AND,Andorra,effective converters,same_capacity_quartile,Q4_high_capacity,preparedness,0.9776348192598014,0.9423188888894608,0.03531593037034064,True,27,106,0.1538461538461538
AND,Andorra,effective converters,same_income_group,High income,vulnerability,0.7390831156505907,0.7274946021164743,0.011588513534116385,True,56,106,0.1538461538461538
AND,Andorra,effective converters,same_region,Europe & Central Asia,vulnerability,0.7390831156505907,0.7031982734362339,0.03588484221435684,True,49,106,0.1538461538461538
AND,Andorra,effective converters,same_capacity_quartile,Q4_high_capacity,vulnerability,0.7390831156505907,0.7646785951566378,-0.025595479506047125,True,27,106,0.1538461538461538
AND,Andorra,effective converters,same_income_group,High income,equity_access,0.79306323721773,0.779996311641858,0.013066925575871968,True,56,106,0.1538461538461538
AND,Andorra,effective converters,same_region,Europe & Central Asia,equity_access,0.79306323721773,0.7530172216525302,0.04004601556519982,True,49,106,0.1538461538461538
AND,Andorra,effective converters,same_capacity_quartile,Q4_high_capacity,equity_access,0.79306323721773,0.7939363430120309,-0.000873105794300888,True,27,106,0.1538461538461538
CHE,Switzerland,effective converters,same_income_group,High income,capacity,0.8352090043731014,0.5973368179395688,0.23787218643353258,True,56,106,0.0384615384615384
CHE,Switzerland,effective converters,same_region,Europe & Central Asia,capacity,0.8352090043731014,0.592121438040106,0.24308756633299544,True,49,106,0.0384615384615384
CHE,Switzerland,effective converters,same_capacity_quartile,Q4_high_capacity,capacity,0.8352090043731014,0.7553247390699022,0.07988426530319925,True,27,106,0.0384615384615384
CHE,Switzerland,effective converters,same_income_group,High income,preparedness,0.9483929944940565,0.9369098011569197,0.011483193337136766,True,56,106,0.0384615384615384
CHE,Switzerland,effective converters,same_region,Europe & Central Asia,preparedness,0.9483929944940565,0.9240148867420244,0.024378107752032085,True,49,106,0.0384615384615384
CHE,Switzerland,effective converters,same_capacity_quartile,Q4_high_capacity,preparedness,0.9483929944940565,0.9423188888894608,0.006074105604595648,True,27,106,0.0384615384615384
CHE,Switzerland,effective converters,same_income_group,High income,vulnerability,0.7646785951566378,0.7274946021164743,0.03718399304016351,True,56,106,0.0384615384615384
CHE,Switzerland,effective converters,same_region,Europe & Central Asia,vulnerability,0.7646785951566378,0.7031982734362339,0.06148032172040396,True,49,106,0.0384615384615384
CHE,Switzerland,effective converters,same_capacity_quartile,Q4_high_capacity,vulnerability,0.7646785951566378,0.7646785951566378,0.0,True,27,106,0.0384615384615384
CHE,Switzerland,effective converters,same_income_group,High income,equity_access,0.6639529349388084,0.779996311641858,-0.11604337670304965,True,56,106,0.0384615384615384
CHE,Switzerland,effective converters,same_region,Europe & Central Asia,equity_access,0.6639529349388084,0.7530172216525302,-0.0890642867137218,True,49,106,0.0384615384615384
CHE,Switzerland,effective converters,same_capacity_quartile,Q4_high_capacity,equity_access,0.6639529349388084,0.7939363430120309,-0.1299834080732225,True,27,106,0.0384615384615384
BEL,Belgium,effective converters,same_income_group,High income,capacity,0.9142151453801022,0.5973368179395688,0.31687832744053335,True,56,106,0.0384615384615384
BEL,Belgium,effective converters,same_region,Europe & Central Asia,capacity,0.9142151453801022,0.592121438040106,0.3220937073399962,True,49,106,0.0384615384615384
BEL,Belgium,effective converters,same_capacity_quartile,Q4_high_capacity,capacity,0.9142151453801022,0.7553247390699022,0.15889040631020002,True,27,106,0.0384615384615384
BEL,Belgium,effective converters,same_income_group,High income,preparedness,0.9679362773203304,0.9369098011569197,0.0310264761634107,True,56,106,0.0384615384615384
BEL,Belgium,effective converters,same_region,Europe & Central Asia,preparedness,0.9679362773203304,0.9240148867420244,0.04392139057830602,True,49,106,0.0384615384615384
BEL,Belgium,effective converters,same_capacity_quartile,Q4_high_capacity,preparedness,0.9679362773203304,0.9423188888894608,0.02561738843086958,True,27,106,0.0384615384615384
BEL,Belgium,effective converters,same_income_group,High income,vulnerability,0.6881062591222258,0.7274946021164743,-0.03938834299424854,True,56,106,0.0384615384615384
BEL,Belgium,effective converters,same_region,Europe & Central Asia,vulnerability,0.6881062591222258,0.7031982734362339,-0.015092014314008084,True,49,106,0.0384615384615384
BEL,Belgium,effective converters,same_capacity_quartile,Q4_high_capacity,vulnerability,0.6881062591222258,0.7646785951566378,-0.07657233603441205,True,27,106,0.0384615384615384
BEL,Belgium,effective converters,same_income_group,High income,equity_access,0.7530172216525302,0.779996311641858,-0.026979089989327854,True,56,106,0.0384615384615384
BEL,Belgium,effective converters,same_region,Europe & Central Asia,equity_access,0.7530172216525302,0.7530172216525302,0.0,True,49,106,0.0384615384615384
BEL,Belgium,effective converters,same_capacity_quartile,Q4_high_capacity,equity_access,0.7530172216525302,0.7939363430120309,-0.04091912135950071,True,27,106,0.0384615384615384
KOR,"Korea, Rep.",effective converters,same_income_group,High income,capacity,0.5926042318721941,0.5973368179395688,-0.0047325860673747,True,56,106,0.0769230769230769
KOR,"Korea, Rep.",effective converters,same_region,East Asia & Pacific,capacity,0.5926042318721941,0.4108830413712889,0.18172119050090524,True,11,106,0.0769230769230769
KOR,"Korea, Rep.",effective converters,same_capacity_quartile,Q3,capacity,0.5926042318721941,0.5381401960072334,0.054464035864960736,True,26,106,0.0769230769230769
KOR,"Korea, Rep.",effective converters,same_income_group,High income,preparedness,0.937626831948221,0.9369098011569197,0.0007170307913013652,True,56,106,0.0769230769230769
KOR,"Korea, Rep.",effective converters,same_region,East Asia & Pacific,preparedness,0.937626831948221,0.9193966862730744,0.01823014567514669,True,11,106,0.0769230769230769
KOR,"Korea, Rep.",effective converters,same_capacity_quartile,Q3,preparedness,0.937626831948221,0.9369098011569197,0.0007170307913013652,True,26,106,0.0769230769230769
KOR,"Korea, Rep.",effective converters,same_income_group,High income,vulnerability,0.6950238954767094,0.7274946021164743,-0.032470706639764924,True,56,106,0.0769230769230769
KOR,"Korea, Rep.",effective converters,same_region,East Asia & Pacific,vulnerability,0.6950238954767094,0.7014535847653254,-0.006429689288615981,True,11,106,0.0769230769230769
KOR,"Korea, Rep.",effective converters,same_capacity_quartile,Q3,vulnerability,0.6950238954767094,0.7045631492998978,-0.009539253823188432,True,26,106,0.0769230769230769
KOR,"Korea, Rep.",effective converters,same_income_group,High income,equity_access,0.6771627759287008,0.779996311641858,-0.10283353571315723,True,56,106,0.0769230769230769
KOR,"Korea, Rep.",effective converters,same_region,East Asia & Pacific,equity_access,0.6771627759287008,0.7695477133590953,-0.09238493743039455,True,11,106,0.0769230769230769
KOR,"Korea, Rep.",effective converters,same_capacity_quartile,Q3,equity_access,0.6771627759287008,0.7888950089934026,-0.11173223306470181,True,26,106,0.0769230769230769
IRL,Ireland,effective converters,same_income_group,High income,capacity,0.694201995616675,0.5973368179395688,0.09686517767710612,True,56,106,0.0384615384615384
IRL,Ireland,effective converters,same_region,Europe & Central Asia,capacity,0.694201995616675,0.592121438040106,0.10208055757656898,True,49,106,0.0384615384615384
IRL,Ireland,effective converters,same_capacity_quartile,Q4_high_capacity,capacity,0.694201995616675,0.7553247390699022,-0.06112274345322721,True,27,106,0.0384615384615384
IRL,Ireland,effective converters,same_income_group,High income,preparedness,0.9240148867420244,0.9369098011569197,-0.01289491441489532,True,56,106,0.0384615384615384
IRL,Ireland,effective converters,same_region,Europe & Central Asia,preparedness,0.9240148867420244,0.9240148867420244,0.0,True,49,106,0.0384615384615384
IRL,Ireland,effective converters,same_capacity_quartile,Q4_high_capacity,preparedness,0.9240148867420244,0.9423188888894608,-0.018304002147436438,True,27,106,0.0384615384615384
IRL,Ireland,effective converters,same_income_group,High income,vulnerability,0.8315798802336001,0.7274946021164743,0.10408527811712576,True,56,106,0.0384615384615384
IRL,Ireland,effective converters,same_region,Europe & Central Asia,vulnerability,0.8315798802336001,0.7031982734362339,0.1283816067973662,True,49,106,0.0384615384615384
IRL,Ireland,effective converters,same_capacity_quartile,Q4_high_capacity,vulnerability,0.8315798802336001,0.7646785951566378,0.06690128507696225,True,27,106,0.0384615384615384
IRL,Ireland,effective converters,same_income_group,High income,equity_access,0.7526449707553831,0.779996311641858,-0.02735134088647495,True,56,106,0.0384615384615384
IRL,Ireland,effective converters,same_region,Europe & Central Asia,equity_access,0.7526449707553831,0.7530172216525302,-0.00037225089714709725,True,49,106,0.0384615384615384
IRL,Ireland,effective converters,same_capacity_quartile,Q4_high_capacity,equity_access,0.7526449707553831,0.7939363430120309,-0.04129137225664781,True,27,106,0.0384615384615384
ISR,Israel,effective converters,same_income_group,High income,capacity,0.5279205804875065,0.5973368179395688,-0.06941623745206238,True,56,106,0.0769230769230769
ISR,Israel,effective converters,same_region,"Middle East, North Africa, Afghanistan & Pakistan",capacity,0.5279205804875065,0.3176807706933734,0.21023980979413304,True,13,106,0.0769230769230769
ISR,Israel,effective converters,same_capacity_quartile,Q3,capacity,0.5279205804875065,0.5381401960072334,-0.010219615519726943,True,26,106,0.0769230769230769
ISR,Israel,effective converters,same_income_group,High income,preparedness,0.9666844126236896,0.9369098011569197,0.029774611466769962,True,56,106,0.0769230769230769
ISR,Israel,effective converters,same_region,"Middle East, North Africa, Afghanistan & Pakistan",preparedness,0.9666844126236896,0.9592596257996054,0.007424786824084206,True,13,106,0.0769230769230769
ISR,Israel,effective converters,same_capacity_quartile,Q3,preparedness,0.9666844126236896,0.9369098011569197,0.029774611466769962,True,26,106,0.0769230769230769
ISR,Israel,effective converters,same_income_group,High income,vulnerability,0.7264596774701316,0.7274946021164743,-0.0010349246463426942,True,56,106,0.0769230769230769
ISR,Israel,effective converters,same_region,"Middle East, North Africa, Afghanistan & Pakistan",vulnerability,0.7264596774701316,0.7206501324705947,0.0058095449995368975,True,13,106,0.0769230769230769
ISR,Israel,effective converters,same_capacity_quartile,Q3,vulnerability,0.7264596774701316,0.7045631492998978,0.021896528170233798,True,26,106,0.0769230769230769
ISR,Israel,effective converters,same_income_group,High income,equity_access,0.7623434329031993,0.779996311641858,-0.017652878738658728,True,56,106,0.0769230769230769
ISR,Israel,effective converters,same_region,"Middle East, North Africa, Afghanistan & Pakistan",equity_access,0.7623434329031993,0.7423952812370581,0.019948151666141167,True,13,106,0.0769230769230769
ISR,Israel,effective converters,same_capacity_quartile,Q3,equity_access,0.7623434329031993,0.7888950089934026,-0.02655157609020331,True,26,106,0.0769230769230769
DZA,Algeria,structurally vulnerable systems,same_income_group,Upper middle income,capacity,0.2542673301460795,0.3467191820439355,-0.09245185189785599,True,37,106,0.0
DZA,Algeria,structurally vulnerable systems,same_region,"Middle East, North Africa, Afghanistan & Pakistan",capacity,0.2542673301460795,0.3176807706933734,-0.06341344054729392,True,13,106,0.0
DZA,Algeria,structurally vulnerable systems,same_capacity_quartile,Q2,capacity,0.2542673301460795,0.3898693093215164,-0.13560197917543693,True,26,106,0.0
DZA,Algeria,structurally vulnerable systems,same_income_group,Upper middle income,preparedness,0.8443272353045255,0.8513215977301716,-0.006994362425646106,True,37,106,0.0
DZA,Algeria,structurally vulnerable systems,same_region,"Middle East, North Africa, Afghanistan & Pakistan",preparedness,0.8443272353045255,0.9592596257996054,-0.11493239049507997,True,13,106,0.0
DZA,Algeria,structurally vulnerable systems,same_capacity_quartile,Q2,preparedness,0.8443272353045255,0.9127751948572844,-0.06844795955275895,True,26,106,0.0
DZA,Algeria,structurally vulnerable systems,same_income_group,Upper middle income,vulnerability,0.7553194495008495,0.681467035750128,0.07385241375072149,True,37,106,0.0
DZA,Algeria,structurally vulnerable systems,same_region,"Middle East, North Africa, Afghanistan & Pakistan",vulnerability,0.7553194495008495,0.7206501324705947,0.034669317030254776,True,13,106,0.0
DZA,Algeria,structurally vulnerable systems,same_capacity_quartile,Q2,vulnerability,0.7553194495008495,0.6964128128966902,0.05890663660415929,True,26,106,0.0
DZA,Algeria,structurally vulnerable systems,same_income_group,Upper middle income,equity_access,0.7423952812370581,0.729348274020286,0.0130470072167721,True,37,106,0.0
DZA,Algeria,structurally vulnerable systems,same_region,"Middle East, North Africa, Afghanistan & Pakistan",equity_access,0.7423952812370581,0.7423952812370581,0.0,True,13,106,0.0
DZA,Algeria,structurally vulnerable systems,same_capacity_quartile,Q2,equity_access,0.7423952812370581,0.7224951049541598,0.019900176282898308,True,26,106,0.0
PAN,Panama,structurally vulnerable systems,same_income_group,High income,capacity,0.3766516033544161,0.5973368179395688,-0.22068521458515272,True,56,106,0.0384615384615384
PAN,Panama,structurally vulnerable systems,same_region,Latin America & Caribbean ,capacity,0.3766516033544161,0.3548721191849168,0.02177948416949932,True,24,106,0.0384615384615384
PAN,Panama,structurally vulnerable systems,same_capacity_quartile,Q2,capacity,0.3766516033544161,0.3898693093215164,-0.013217705967100313,True,26,106,0.0384615384615384
PAN,Panama,structurally vulnerable systems,same_income_group,High income,preparedness,0.8106900404600847,0.9369098011569197,-0.12621976069683494,True,56,106,0.0384615384615384
PAN,Panama,structurally vulnerable systems,same_region,Latin America & Caribbean ,preparedness,0.8106900404600847,0.8582841003558341,-0.047594059895749385,True,24,106,0.0384615384615384
PAN,Panama,structurally vulnerable systems,same_capacity_quartile,Q2,preparedness,0.8106900404600847,0.9127751948572844,-0.10208515439719967,True,26,106,0.0384615384615384
PAN,Panama,structurally vulnerable systems,same_income_group,High income,vulnerability,0.7907396443352344,0.7274946021164743,0.06324504221876004,True,56,106,0.0384615384615384
PAN,Panama,structurally vulnerable systems,same_region,Latin America & Caribbean ,vulnerability,0.7907396443352344,0.698661570294468,0.0920780740407664,True,24,106,0.0384615384615384
PAN,Panama,structurally vulnerable systems,same_capacity_quartile,Q2,vulnerability,0.7907396443352344,0.6964128128966902,0.09432683143854415,True,26,106,0.0384615384615384
PAN,Panama,structurally vulnerable systems,same_income_group,High income,equity_access,0.6392187987530201,0.779996311641858,-0.14077751288883789,True,56,106,0.0384615384615384
PAN,Panama,structurally vulnerable systems,same_region,Latin America & Caribbean ,equity_access,0.6392187987530201,0.7295479798583733,-0.09032918110535315,True,24,106,0.0384615384615384
PAN,Panama,structurally vulnerable systems,same_capacity_quartile,Q2,equity_access,0.6392187987530201,0.7224951049541598,-0.08327630620113968,True,26,106,0.0384615384615384
IRN,"Iran, Islamic Rep.",structurally vulnerable systems,same_income_group,Upper middle income,capacity,0.2899006188927754,0.3467191820439355,-0.05681856315116007,True,37,106,0.0769230769230769
IRN,"Iran, Islamic Rep.",structurally vulnerable systems,same_region,"Middle East, North Africa, Afghanistan & Pakistan",capacity,0.2899006188927754,0.3176807706933734,-0.027780151800598007,True,13,106,0.0769230769230769
IRN,"Iran, Islamic Rep.",structurally vulnerable systems,same_capacity_quartile,Q2,capacity,0.2899006188927754,0.3898693093215164,-0.09996869042874101,True,26,106,0.0769230769230769
IRN,"Iran, Islamic Rep.",structurally vulnerable systems,same_income_group,Upper middle income,preparedness,0.979555809138539,0.8513215977301716,0.12823421140836744,True,37,106,0.0769230769230769
IRN,"Iran, Islamic Rep.",structurally vulnerable systems,same_region,"Middle East, North Africa, Afghanistan & Pakistan",preparedness,0.979555809138539,0.9592596257996054,0.02029618333893357,True,13,106,0.0769230769230769
IRN,"Iran, Islamic Rep.",structurally vulnerable systems,same_capacity_quartile,Q2,preparedness,0.979555809138539,0.9127751948572844,0.06678061428125459,True,26,106,0.0769230769230769
IRN,"Iran, Islamic Rep.",structurally vulnerable systems,same_income_group,Upper middle income,vulnerability,0.7206501324705947,0.681467035750128,0.039183096720466715,True,37,106,0.0769230769230769
IRN,"Iran, Islamic Rep.",structurally vulnerable systems,same_region,"Middle East, North Africa, Afghanistan & Pakistan",vulnerability,0.7206501324705947,0.7206501324705947,0.0,True,13,106,0.0769230769230769
IRN,"Iran, Islamic Rep.",structurally vulnerable systems,same_capacity_quartile,Q2,vulnerability,0.7206501324705947,0.6964128128966902,0.024237319573904514,True,26,106,0.0769230769230769
IRN,"Iran, Islamic Rep.",structurally vulnerable systems,same_income_group,Upper middle income,equity_access,0.6966737696133306,0.729348274020286,-0.03267450440695541,True,37,106,0.0769230769230769
IRN,"Iran, Islamic Rep.",structurally vulnerable systems,same_region,"Middle East, North Africa, Afghanistan & Pakistan",equity_access,0.6966737696133306,0.7423952812370581,-0.04572151162372751,True,13,106,0.0769230769230769
IRN,"Iran, Islamic Rep.",structurally vulnerable systems,same_capacity_quartile,Q2,equity_access,0.6966737696133306,0.7224951049541598,-0.0258213353408292,True,26,106,0.0769230769230769
EGY,"Egypt, Arab Rep.",structurally vulnerable systems,same_income_group,Lower middle income,capacity,0.1425905407592108,0.3138518481233711,-0.1712613073641603,True,13,106,0.0
EGY,"Egypt, Arab Rep.",structurally vulnerable systems,same_region,"Middle East, North Africa, Afghanistan & Pakistan",capacity,0.1425905407592108,0.3176807706933734,-0.17509022993416262,True,13,106,0.0
EGY,"Egypt, Arab Rep.",structurally vulnerable systems,same_capacity_quartile,Q1_low_capacity,capacity,0.1425905407592108,0.2638600782104646,-0.1212695374512538,True,27,106,0.0
EGY,"Egypt, Arab Rep.",structurally vulnerable systems,same_income_group,Lower middle income,preparedness,0.9368700462464432,0.9214354407742822,0.015434605472161023,True,13,106,0.0
EGY,"Egypt, Arab Rep.",structurally vulnerable systems,same_region,"Middle East, North Africa, Afghanistan & Pakistan",preparedness,0.9368700462464432,0.9592596257996054,-0.02238957955316223,True,13,106,0.0
EGY,"Egypt, Arab Rep.",structurally vulnerable systems,same_capacity_quartile,Q1_low_capacity,preparedness,0.9368700462464432,0.8258192258773593,0.11105082036908387,True,27,106,0.0
EGY,"Egypt, Arab Rep.",structurally vulnerable systems,same_income_group,Lower middle income,vulnerability,0.5748929504998724,0.6585748480252485,-0.08368189752537603,True,13,106,0.0
EGY,"Egypt, Arab Rep.",structurally vulnerable systems,same_region,"Middle East, North Africa, Afghanistan & Pakistan",vulnerability,0.5748929504998724,0.7206501324705947,-0.1457571819707223,True,13,106,0.0
EGY,"Egypt, Arab Rep.",structurally vulnerable systems,same_capacity_quartile,Q1_low_capacity,vulnerability,0.5748929504998724,0.6415149075582738,-0.06662195705840135,True,27,106,0.0
EGY,"Egypt, Arab Rep.",structurally vulnerable systems,same_income_group,Lower middle income,equity_access,0.6456123576960046,0.7072929764830225,-0.061680618787017916,True,13,106,0.0
EGY,"Egypt, Arab Rep.",structurally vulnerable systems,same_region,"Middle East, North Africa, Afghanistan & Pakistan",equity_access,0.6456123576960046,0.7423952812370581,-0.09678292354105356,True,13,106,0.0
EGY,"Egypt, Arab Rep.",structurally vulnerable systems,same_capacity_quartile,Q1_low_capacity,equity_access,0.6456123576960046,0.7061315471456461,-0.06051918944964152,True,27,106,0.0
LBN,Lebanon,structurally vulnerable systems,same_income_group,Lower middle income,capacity,0.3822786569165964,0.3138518481233711,0.06842680879322532,True,13,106,0.0384615384615384
LBN,Lebanon,structurally vulnerable systems,same_region,"Middle East, North Africa, Afghanistan & Pakistan",capacity,0.3822786569165964,0.3176807706933734,0.06459788622322299,True,13,106,0.0384615384615384
LBN,Lebanon,structurally vulnerable systems,same_capacity_quartile,Q1_low_capacity,capacity,0.3822786569165964,0.2638600782104646,0.11841857870613182,True,27,106,0.0384615384615384
LBN,Lebanon,structurally vulnerable systems,same_income_group,Lower middle income,preparedness,0.7926950458636233,0.9214354407742822,-0.12874039491065892,True,13,106,0.0384615384615384
LBN,Lebanon,structurally vulnerable systems,same_region,"Middle East, North Africa, Afghanistan & Pakistan",preparedness,0.7926950458636233,0.9592596257996054,-0.16656457993598217,True,13,106,0.0384615384615384
LBN,Lebanon,structurally vulnerable systems,same_capacity_quartile,Q1_low_capacity,preparedness,0.7926950458636233,0.8258192258773593,-0.03312418001373607,True,27,106,0.0384615384615384
LBN,Lebanon,structurally vulnerable systems,same_income_group,Lower middle income,vulnerability,0.6585748480252485,0.6585748480252485,0.0,True,13,106,0.0384615384615384
LBN,Lebanon,structurally vulnerable systems,same_region,"Middle East, North Africa, Afghanistan & Pakistan",vulnerability,0.6585748480252485,0.7206501324705947,-0.06207528444534627,True,13,106,0.0384615384615384
LBN,Lebanon,structurally vulnerable systems,same_capacity_quartile,Q1_low_capacity,vulnerability,0.6585748480252485,0.6415149075582738,0.017059940466974677,True,27,106,0.0384615384615384
LBN,Lebanon,structurally vulnerable systems,same_income_group,Lower middle income,equity_access,0.6494824824510651,0.7072929764830225,-0.05781049403195737,True,13,106,0.0384615384615384
LBN,Lebanon,structurally vulnerable systems,same_region,"Middle East, North Africa, Afghanistan & Pakistan",equity_access,0.6494824824510651,0.7423952812370581,-0.09291279878599301,True,13,106,0.0384615384615384
LBN,Lebanon,structurally vulnerable systems,same_capacity_quartile,Q1_low_capacity,equity_access,0.6494824824510651,0.7061315471456461,-0.056649064694580975,True,27,106,0.0384615384615384
BRA,Brazil,structurally vulnerable systems,same_income_group,Upper middle income,capacity,0.4951594678053926,0.3467191820439355,0.14844028576145712,True,37,106,0.0384615384615384
BRA,Brazil,structurally vulnerable systems,same_region,Latin America & Caribbean ,capacity,0.4951594678053926,0.3548721191849168,0.14028734862047582,True,24,106,0.0384615384615384
BRA,Brazil,structurally vulnerable systems,same_capacity_quartile,Q2,capacity,0.4951594678053926,0.3898693093215164,0.10529015848387618,True,26,106,0.0384615384615384
BRA,Brazil,structurally vulnerable systems,same_income_group,Upper middle income,preparedness,0.8271090286894579,0.8513215977301716,-0.024212569040713672,True,37,106,0.0384615384615384
BRA,Brazil,structurally vulnerable systems,same_region,Latin America & Caribbean ,preparedness,0.8271090286894579,0.8582841003558341,-0.03117507166637623,True,24,106,0.0384615384615384
BRA,Brazil,structurally vulnerable systems,same_capacity_quartile,Q2,preparedness,0.8271090286894579,0.9127751948572844,-0.08566616616782652,True,26,106,0.0384615384615384
BRA,Brazil,structurally vulnerable systems,same_income_group,Upper middle income,vulnerability,0.7033599026092245,0.681467035750128,0.021892866859096527,True,37,106,0.0384615384615384
BRA,Brazil,structurally vulnerable systems,same_region,Latin America & Caribbean ,vulnerability,0.7033599026092245,0.698661570294468,0.004698332314756581,True,24,106,0.0384615384615384
BRA,Brazil,structurally vulnerable systems,same_capacity_quartile,Q2,vulnerability,0.7033599026092245,0.6964128128966902,0.006947089712534327,True,26,106,0.0384615384615384
BRA,Brazil,structurally vulnerable systems,same_income_group,Upper middle income,equity_access,0.7297476856964605,0.729348274020286,0.00039941167617452145,True,37,106,0.0384615384615384
BRA,Brazil,structurally vulnerable systems,same_region,Latin America & Caribbean ,equity_access,0.7297476856964605,0.7295479798583733,0.00019970583808726072,True,24,106,0.0384615384615384
BRA,Brazil,structurally vulnerable systems,same_capacity_quartile,Q2,equity_access,0.7297476856964605,0.7224951049541598,0.007252580742300729,True,26,106,0.0384615384615384
TUN,Tunisia,structurally vulnerable systems,same_income_group,Lower middle income,capacity,0.25366575099988,0.3138518481233711,-0.0601860971234911,True,13,106,0.0
TUN,Tunisia,structurally vulnerable systems,same_region,"Middle East, North Africa, Afghanistan & Pakistan",capacity,0.25366575099988,0.3176807706933734,-0.06401501969349344,True,13,106,0.0
TUN,Tunisia,structurally vulnerable systems,same_capacity_quartile,Q2,capacity,0.25366575099988,0.3898693093215164,-0.13620355832163644,True,26,106,0.0
TUN,Tunisia,structurally vulnerable systems,same_income_group,Lower middle income,preparedness,0.9592596257996054,0.9214354407742822,0.037824185025323254,True,13,106,0.0
TUN,Tunisia,structurally vulnerable systems,same_region,"Middle East, North Africa, Afghanistan & Pakistan",preparedness,0.9592596257996054,0.9592596257996054,0.0,True,13,106,0.0
TUN,Tunisia,structurally vulnerable systems,same_capacity_quartile,Q2,preparedness,0.9592596257996054,0.9127751948572844,0.04648443094232102,True,26,106,0.0
TUN,Tunisia,structurally vulnerable systems,same_income_group,Lower middle income,vulnerability,0.7339569865766812,0.6585748480252485,0.07538213855143272,True,13,106,0.0
TUN,Tunisia,structurally vulnerable systems,same_region,"Middle East, North Africa, Afghanistan & Pakistan",vulnerability,0.7339569865766812,0.7206501324705947,0.013306854106086452,True,13,106,0.0
TUN,Tunisia,structurally vulnerable systems,same_capacity_quartile,Q2,vulnerability,0.7339569865766812,0.6964128128966902,0.037544173679990966,True,26,106,0.0
TUN,Tunisia,structurally vulnerable systems,same_income_group,Lower middle income,equity_access,0.7478092349630598,0.7072929764830225,0.04051625848003737,True,13,106,0.0
TUN,Tunisia,structurally vulnerable systems,same_region,"Middle East, North Africa, Afghanistan & Pakistan",equity_access,0.7478092349630598,0.7423952812370581,0.00541395372600173,True,13,106,0.0
TUN,Tunisia,structurally vulnerable systems,same_capacity_quartile,Q2,equity_access,0.7478092349630598,0.7224951049541598,0.025314130008900038,True,26,106,0.0
PRY,Paraguay,structurally vulnerable systems,same_income_group,Upper middle income,capacity,0.2308564778967678,0.3467191820439355,-0.11586270414716768,True,37,106,0.0
PRY,Paraguay,structurally vulnerable systems,same_region,Latin America & Caribbean ,capacity,0.2308564778967678,0.3548721191849168,-0.12401564128814899,True,24,106,0.0
PRY,Paraguay,structurally vulnerable systems,same_capacity_quartile,Q1_low_capacity,capacity,0.2308564778967678,0.2638600782104646,-0.033003600313696785,True,27,106,0.0
PRY,Paraguay,structurally vulnerable systems,same_income_group,Upper middle income,preparedness,0.8269696833764881,0.8513215977301716,-0.024351914353683446,True,37,106,0.0
PRY,Paraguay,structurally vulnerable systems,same_region,Latin America & Caribbean ,preparedness,0.8269696833764881,0.8582841003558341,-0.031314416979346005,True,24,106,0.0
PRY,Paraguay,structurally vulnerable systems,same_capacity_quartile,Q1_low_capacity,preparedness,0.8269696833764881,0.8258192258773593,0.0011504574991287875,True,27,106,0.0
PRY,Paraguay,structurally vulnerable systems,same_income_group,Upper middle income,vulnerability,0.7383300460921496,0.681467035750128,0.05686301034202157,True,37,106,0.0
PRY,Paraguay,structurally vulnerable systems,same_region,Latin America & Caribbean ,vulnerability,0.7383300460921496,0.698661570294468,0.039668475797681624,True,24,106,0.0
PRY,Paraguay,structurally vulnerable systems,same_capacity_quartile,Q1_low_capacity,vulnerability,0.7383300460921496,0.6415149075582738,0.0968151385338758,True,27,106,0.0
PRY,Paraguay,structurally vulnerable systems,same_income_group,Upper middle income,equity_access,0.683885050211251,0.729348274020286,-0.045463223809035,True,37,106,0.0
PRY,Paraguay,structurally vulnerable systems,same_region,Latin America & Caribbean ,equity_access,0.683885050211251,0.7295479798583733,-0.04566292964712226,True,24,106,0.0
PRY,Paraguay,structurally vulnerable systems,same_capacity_quartile,Q1_low_capacity,equity_access,0.683885050211251,0.7061315471456461,-0.022246496934395066,True,27,106,0.0
BIH,Bosnia and Herzegovina,structurally vulnerable systems,same_income_group,Upper middle income,capacity,0.4938099285027721,0.3467191820439355,0.14709074645883663,True,37,106,0.0384615384615384
BIH,Bosnia and Herzegovina,structurally vulnerable systems,same_region,Europe & Central Asia,capacity,0.4938099285027721,0.592121438040106,-0.09831150953733386,True,49,106,0.0384615384615384
BIH,Bosnia and Herzegovina,structurally vulnerable systems,same_capacity_quartile,Q2,capacity,0.4938099285027721,0.3898693093215164,0.10394061918125569,True,26,106,0.0384615384615384
BIH,Bosnia and Herzegovina,structurally vulnerable systems,same_income_group,Upper middle income,preparedness,0.6856349836250097,0.8513215977301716,-0.16568661410516183,True,37,106,0.0384615384615384
BIH,Bosnia and Herzegovina,structurally vulnerable systems,same_region,Europe & Central Asia,preparedness,0.6856349836250097,0.9240148867420244,-0.23837990311701462,True,49,106,0.0384615384615384
BIH,Bosnia and Herzegovina,structurally vulnerable systems,same_capacity_quartile,Q2,preparedness,0.6856349836250097,0.9127751948572844,-0.22714021123227468,True,26,106,0.0384615384615384
BIH,Bosnia and Herzegovina,structurally vulnerable systems,same_income_group,Upper middle income,vulnerability,0.6897881404976597,0.681467035750128,0.008321104747531671,True,37,106,0.0384615384615384
BIH,Bosnia and Herzegovina,structurally vulnerable systems,same_region,Europe & Central Asia,vulnerability,0.6897881404976597,0.7031982734362339,-0.013410132938574182,True,49,106,0.0384615384615384
BIH,Bosnia and Herzegovina,structurally vulnerable systems,same_capacity_quartile,Q2,vulnerability,0.6897881404976597,0.6964128128966902,-0.006624672399030529,True,26,106,0.0384615384615384
BIH,Bosnia and Herzegovina,structurally vulnerable systems,same_income_group,Upper middle income,equity_access,0.7801659960520969,0.729348274020286,0.0508177220318109,True,37,106,0.0384615384615384
BIH,Bosnia and Herzegovina,structurally vulnerable systems,same_region,Europe & Central Asia,equity_access,0.7801659960520969,0.7530172216525302,0.027148774399566755,True,49,106,0.0384615384615384
BIH,Bosnia and Herzegovina,structurally vulnerable systems,same_capacity_quartile,Q2,equity_access,0.7801659960520969,0.7224951049541598,0.057670891097937105,True,26,106,0.0384615384615384
ALB,Albania,structurally vulnerable systems,same_income_group,Upper middle income,capacity,0.3345657943556133,0.3467191820439355,-0.012153387688322193,True,37,106,0.0384615384615384
ALB,Albania,structurally vulnerable systems,same_region,Europe & Central Asia,capacity,0.3345657943556133,0.592121438040106,-0.2575556436844927,True,49,106,0.0384615384615384
ALB,Albania,structurally vulnerable systems,same_capacity_quartile,Q2,capacity,0.3345657943556133,0.3898693093215164,-0.05530351496590313,True,26,106,0.0384615384615384
ALB,Albania,structurally vulnerable systems,same_income_group,Upper middle income,preparedness,0.9726193994126826,0.8513215977301716,0.12129780168251103,True,37,106,0.0384615384615384
ALB,Albania,structurally vulnerable systems,same_region,Europe & Central Asia,preparedness,0.9726193994126826,0.9240148867420244,0.04860451267065824,True,49,106,0.0384615384615384
ALB,Albania,structurally vulnerable systems,same_capacity_quartile,Q2,preparedness,0.9726193994126826,0.9127751948572844,0.059844204555398184,True,26,106,0.0384615384615384
ALB,Albania,structurally vulnerable systems,same_income_group,Upper middle income,vulnerability,0.7797703899355044,0.681467035750128,0.09830335418537639,True,37,106,0.0384615384615384
ALB,Albania,structurally vulnerable systems,same_region,Europe & Central Asia,vulnerability,0.7797703899355044,0.7031982734362339,0.07657211649927054,True,49,106,0.0384615384615384
ALB,Albania,structurally vulnerable systems,same_capacity_quartile,Q2,vulnerability,0.7797703899355044,0.6964128128966902,0.08335757703881419,True,26,106,0.0384615384615384
ALB,Albania,structurally vulnerable systems,same_income_group,Upper middle income,equity_access,0.5917871067584531,0.729348274020286,-0.13756116726183287,True,37,106,0.0384615384615384
ALB,Albania,structurally vulnerable systems,same_region,Europe & Central Asia,equity_access,0.5917871067584531,0.7530172216525302,-0.16123011489407701,True,49,106,0.0384615384615384
ALB,Albania,structurally vulnerable systems,same_capacity_quartile,Q2,equity_access,0.5917871067584531,0.7224951049541598,-0.13070799819570667,True,26,106,0.0384615384615384
ECU,Ecuador,structurally vulnerable systems,same_income_group,Upper middle income,capacity,0.3467191820439355,0.3467191820439355,0.0,True,37,106,0.0
ECU,Ecuador,structurally vulnerable systems,same_region,Latin America & Caribbean ,capacity,0.3467191820439355,0.3548721191849168,-0.008152937140981309,True,24,106,0.0
ECU,Ecuador,structurally vulnerable systems,same_capacity_quartile,Q2,capacity,0.3467191820439355,0.3898693093215164,-0.04315012727758094,True,26,106,0.0
ECU,Ecuador,structurally vulnerable systems,same_income_group,Upper middle income,preparedness,0.7721230764365231,0.8513215977301716,-0.07919852129364846,True,37,106,0.0
ECU,Ecuador,structurally vulnerable systems,same_region,Latin America & Caribbean ,preparedness,0.7721230764365231,0.8582841003558341,-0.08616102391931102,True,24,106,0.0
ECU,Ecuador,structurally vulnerable systems,same_capacity_quartile,Q2,preparedness,0.7721230764365231,0.9127751948572844,-0.1406521184207613,True,26,106,0.0
ECU,Ecuador,structurally vulnerable systems,same_income_group,Upper middle income,vulnerability,0.7681359992125998,0.681467035750128,0.08666896346247177,True,37,106,0.0
ECU,Ecuador,structurally vulnerable systems,same_region,Latin America & Caribbean ,vulnerability,0.7681359992125998,0.698661570294468,0.06947442891813183,True,24,106,0.0
ECU,Ecuador,structurally vulnerable systems,same_capacity_quartile,Q2,vulnerability,0.7681359992125998,0.6964128128966902,0.07172318631590957,True,26,106,0.0
ECU,Ecuador,structurally vulnerable systems,same_income_group,Upper middle income,equity_access,0.7698212444143137,0.729348274020286,0.04047297039402764,True,37,106,0.0
ECU,Ecuador,structurally vulnerable systems,same_region,Latin America & Caribbean ,equity_access,0.7698212444143137,0.7295479798583733,0.04027326455594038,True,24,106,0.0
ECU,Ecuador,structurally vulnerable systems,same_capacity_quartile,Q2,equity_access,0.7698212444143137,0.7224951049541598,0.04732613946015385,True,26,106,0.0
BOL,Bolivia,structurally vulnerable systems,same_income_group,Lower middle income,capacity,0.2527398762657427,0.3138518481233711,-0.0611119718576284,True,13,106,0.0
BOL,Bolivia,structurally vulnerable systems,same_region,Latin America & Caribbean ,capacity,0.2527398762657427,0.3548721191849168,-0.10213224291917411,True,24,106,0.0
BOL,Bolivia,structurally vulnerable systems,same_capacity_quartile,Q1_low_capacity,capacity,0.2527398762657427,0.2638600782104646,-0.011120201944721908,True,27,106,0.0
BOL,Bolivia,structurally vulnerable systems,same_income_group,Lower middle income,preparedness,0.7729294989041062,0.9214354407742822,-0.14850594187017596,True,13,106,0.0
BOL,Bolivia,structurally vulnerable systems,same_region,Latin America & Caribbean ,preparedness,0.7729294989041062,0.8582841003558341,-0.08535460145172791,True,24,106,0.0
BOL,Bolivia,structurally vulnerable systems,same_capacity_quartile,Q1_low_capacity,preparedness,0.7729294989041062,0.8258192258773593,-0.052889726973253115,True,27,106,0.0
BOL,Bolivia,structurally vulnerable systems,same_income_group,Lower middle income,vulnerability,0.619314310713776,0.6585748480252485,-0.0392605373114725,True,13,106,0.0
BOL,Bolivia,structurally vulnerable systems,same_region,Latin America & Caribbean ,vulnerability,0.619314310713776,0.698661570294468,-0.079347259580692,True,24,106,0.0
BOL,Bolivia,structurally vulnerable systems,same_capacity_quartile,Q1_low_capacity,vulnerability,0.619314310713776,0.6415149075582738,-0.022200596844497822,True,27,106,0.0
BOL,Bolivia,structurally vulnerable systems,same_income_group,Lower middle income,equity_access,0.6207281483770031,0.7072929764830225,-0.0865648281060194,True,13,106,0.0
BOL,Bolivia,structurally vulnerable systems,same_region,Latin America & Caribbean ,equity_access,0.6207281483770031,0.7295479798583733,-0.1088198314813702,True,24,106,0.0
BOL,Bolivia,structurally vulnerable systems,same_capacity_quartile,Q1_low_capacity,equity_access,0.6207281483770031,0.7061315471456461,-0.085403398768643,True,27,106,0.0
PER,Peru,structurally vulnerable systems,same_income_group,Upper middle income,capacity,0.219058315884222,0.3467191820439355,-0.12766086615971348,True,37,106,0.0384615384615384
PER,Peru,structurally vulnerable systems,same_region,Latin America & Caribbean ,capacity,0.219058315884222,0.3548721191849168,-0.13581380330069479,True,24,106,0.0384615384615384
PER,Peru,structurally vulnerable systems,same_capacity_quartile,Q1_low_capacity,capacity,0.219058315884222,0.2638600782104646,-0.044801762326242583,True,27,106,0.0384615384615384
PER,Peru,structurally vulnerable systems,same_income_group,Upper middle income,preparedness,0.7904545559187894,0.8513215977301716,-0.06086704181138214,True,37,106,0.0384615384615384
PER,Peru,structurally vulnerable systems,same_region,Latin America & Caribbean ,preparedness,0.7904545559187894,0.8582841003558341,-0.0678295444370447,True,24,106,0.0384615384615384
PER,Peru,structurally vulnerable systems,same_capacity_quartile,Q1_low_capacity,preparedness,0.7904545559187894,0.8258192258773593,-0.035364669958569905,True,27,106,0.0384615384615384
PER,Peru,structurally vulnerable systems,same_income_group,Upper middle income,vulnerability,0.7070732519612428,0.681467035750128,0.025606216211114807,True,37,106,0.0384615384615384
PER,Peru,structurally vulnerable systems,same_region,Latin America & Caribbean ,vulnerability,0.7070732519612428,0.698661570294468,0.008411681666774862,True,24,106,0.0384615384615384
PER,Peru,structurally vulnerable systems,same_capacity_quartile,Q1_low_capacity,vulnerability,0.7070732519612428,0.6415149075582738,0.06555834440296904,True,27,106,0.0384615384615384
PER,Peru,structurally vulnerable systems,same_income_group,Upper middle income,equity_access,0.7061315471456461,0.729348274020286,-0.023216726874639937,True,37,106,0.0384615384615384
PER,Peru,structurally vulnerable systems,same_region,Latin America & Caribbean ,equity_access,0.7061315471456461,0.7295479798583733,-0.023416432712727198,True,24,106,0.0384615384615384
PER,Peru,structurally vulnerable systems,same_capacity_quartile,Q1_low_capacity,equity_access,0.7061315471456461,0.7061315471456461,0.0,True,27,106,0.0384615384615384
MEX,Mexico,structurally vulnerable systems,same_income_group,Upper middle income,capacity,0.2638600782104646,0.3467191820439355,-0.08285910383347089,True,37,106,0.0
MEX,Mexico,structurally vulnerable systems,same_region,Latin America & Caribbean ,capacity,0.2638600782104646,0.3548721191849168,-0.0910120409744522,True,24,106,0.0
MEX,Mexico,structurally vulnerable systems,same_capacity_quartile,Q1_low_capacity,capacity,0.2638600782104646,0.2638600782104646,0.0,True,27,106,0.0
MEX,Mexico,structurally vulnerable systems,same_income_group,Upper middle income,preparedness,0.834289803866633,0.8513215977301716,-0.01703179386353859,True,37,106,0.0
MEX,Mexico,structurally vulnerable systems,same_region,Latin America & Caribbean ,preparedness,0.834289803866633,0.8582841003558341,-0.02399429648920115,True,24,106,0.0
MEX,Mexico,structurally vulnerable systems,same_capacity_quartile,Q1_low_capacity,preparedness,0.834289803866633,0.8258192258773593,0.008470577989273642,True,27,106,0.0
MEX,Mexico,structurally vulnerable systems,same_income_group,Upper middle income,vulnerability,0.6905645268805292,0.681467035750128,0.009097491130401147,True,37,106,0.0
MEX,Mexico,structurally vulnerable systems,same_region,Latin America & Caribbean ,vulnerability,0.6905645268805292,0.698661570294468,-0.008097043413938798,True,24,106,0.0
MEX,Mexico,structurally vulnerable systems,same_capacity_quartile,Q1_low_capacity,vulnerability,0.6905645268805292,0.6415149075582738,0.04904961932225538,True,27,106,0.0
MEX,Mexico,structurally vulnerable systems,same_income_group,Upper middle income,equity_access,0.729348274020286,0.729348274020286,0.0,True,37,106,0.0
MEX,Mexico,structurally vulnerable systems,same_region,Latin America & Caribbean ,equity_access,0.729348274020286,0.7295479798583733,-0.00019970583808726072,True,24,106,0.0
MEX,Mexico,structurally vulnerable systems,same_capacity_quartile,Q1_low_capacity,equity_access,0.729348274020286,0.7061315471456461,0.023216726874639937,True,27,106,0.0
KNA,St. Kitts and Nevis,structurally vulnerable systems,same_income_group,High income,capacity,0.4175374788716006,0.5973368179395688,-0.17979933906796824,True,56,106,0.0769230769230769
KNA,St. Kitts and Nevis,structurally vulnerable systems,same_region,Latin America & Caribbean ,capacity,0.4175374788716006,0.3548721191849168,0.0626653596866838,True,24,106,0.0769230769230769
KNA,St. Kitts and Nevis,structurally vulnerable systems,same_capacity_quartile,Q2,capacity,0.4175374788716006,0.3898693093215164,0.027668169550084165,True,26,106,0.0769230769230769
KNA,St. Kitts and Nevis,structurally vulnerable systems,same_income_group,High income,preparedness,0.942039817022099,0.9369098011569197,0.00513001586517936,True,56,106,0.0769230769230769
KNA,St. Kitts and Nevis,structurally vulnerable systems,same_region,Latin America & Caribbean ,preparedness,0.942039817022099,0.8582841003558341,0.08375571666626491,True,24,106,0.0769230769230769
KNA,St. Kitts and Nevis,structurally vulnerable systems,same_capacity_quartile,Q2,preparedness,0.942039817022099,0.9127751948572844,0.029264622164814624,True,26,106,0.0769230769230769
KNA,St. Kitts and Nevis,structurally vulnerable systems,same_income_group,High income,vulnerability,0.6969060044676371,0.7274946021164743,-0.030588597648837257,True,56,106,0.0769230769230769
KNA,St. Kitts and Nevis,structurally vulnerable systems,same_region,Latin America & Caribbean ,vulnerability,0.6969060044676371,0.698661570294468,-0.001755565826830896,True,24,106,0.0769230769230769
KNA,St. Kitts and Nevis,structurally vulnerable systems,same_capacity_quartile,Q2,vulnerability,0.6969060044676371,0.6964128128966902,0.0004931915709468493,True,26,106,0.0769230769230769
KNA,St. Kitts and Nevis,structurally vulnerable systems,same_income_group,High income,equity_access,0.6026524899931812,0.779996311641858,-0.1773438216486768,True,56,106,0.0769230769230769
KNA,St. Kitts and Nevis,structurally vulnerable systems,same_region,Latin America & Caribbean ,equity_access,0.6026524899931812,0.7295479798583733,-0.12689548986519206,True,24,106,0.0769230769230769
KNA,St. Kitts and Nevis,structurally vulnerable systems,same_capacity_quartile,Q2,equity_access,0.6026524899931812,0.7224951049541598,-0.11984261496097859,True,26,106,0.0769230769230769
MKD,North Macedonia,structurally vulnerable systems,same_income_group,Upper middle income,capacity,0.4742074380793902,0.3467191820439355,0.12748825603545472,True,37,106,0.0
MKD,North Macedonia,structurally vulnerable systems,same_region,Europe & Central Asia,capacity,0.4742074380793902,0.592121438040106,-0.11791399996071578,True,49,106,0.0
MKD,North Macedonia,structurally vulnerable systems,same_capacity_quartile,Q2,capacity,0.4742074380793902,0.3898693093215164,0.08433812875787378,True,26,106,0.0
MKD,North Macedonia,structurally vulnerable systems,same_income_group,Upper middle income,preparedness,0.8439322654987391,0.8513215977301716,-0.007389332231432455,True,37,106,0.0
MKD,North Macedonia,structurally vulnerable systems,same_region,Europe & Central Asia,preparedness,0.8439322654987391,0.9240148867420244,-0.08008262124328525,True,49,106,0.0
MKD,North Macedonia,structurally vulnerable systems,same_capacity_quartile,Q2,preparedness,0.8439322654987391,0.9127751948572844,-0.0688429293585453,True,26,106,0.0
MKD,North Macedonia,structurally vulnerable systems,same_income_group,Upper middle income,vulnerability,0.6819603288603566,0.681467035750128,0.0004932931102286098,True,37,106,0.0
MKD,North Macedonia,structurally vulnerable systems,same_region,Europe & Central Asia,vulnerability,0.6819603288603566,0.7031982734362339,-0.021237944575877243,True,49,106,0.0
MKD,North Macedonia,structurally vulnerable systems,same_capacity_quartile,Q2,vulnerability,0.6819603288603566,0.6964128128966902,-0.01445248403633359,True,26,106,0.0
MKD,North Macedonia,structurally vulnerable systems,same_income_group,Upper middle income,equity_access,0.7503899707737098,0.729348274020286,0.021041696753423822,True,37,106,0.0
MKD,North Macedonia,structurally vulnerable systems,same_region,Europe & Central Asia,equity_access,0.7503899707737098,0.7530172216525302,-0.0026272508788203197,True,49,106,0.0
MKD,North Macedonia,structurally vulnerable systems,same_capacity_quartile,Q2,equity_access,0.7503899707737098,0.7224951049541598,0.02789486581955003,True,26,106,0.0
ATG,Antigua and Barbuda,uncertain / data-limited systems,same_income_group,High income,capacity,0.3794933092931326,0.5973368179395688,-0.21784350864643626,True,56,106,0.0384615384615384
ATG,Antigua and Barbuda,uncertain / data-limited systems,same_region,Latin America & Caribbean ,capacity,0.3794933092931326,0.3548721191849168,0.024621190108215785,True,24,106,0.0384615384615384
ATG,Antigua and Barbuda,uncertain / data-limited systems,same_capacity_quartile,Q3,capacity,0.3794933092931326,0.5381401960072334,-0.15864688671410082,True,26,106,0.0384615384615384
ATG,Antigua and Barbuda,uncertain / data-limited systems,same_income_group,High income,preparedness,0.9106087451409915,0.9369098011569197,-0.026301056015928137,True,56,106,0.0384615384615384
ATG,Antigua and Barbuda,uncertain / data-limited systems,same_region,Latin America & Caribbean ,preparedness,0.9106087451409915,0.8582841003558341,0.052324644785157415,True,24,106,0.0384615384615384
ATG,Antigua and Barbuda,uncertain / data-limited systems,same_capacity_quartile,Q3,preparedness,0.9106087451409915,0.9369098011569197,-0.026301056015928137,True,26,106,0.0384615384615384
ATG,Antigua and Barbuda,uncertain / data-limited systems,same_income_group,High income,vulnerability,0.768588140659134,0.7274946021164743,0.041093538542659624,True,56,106,0.0384615384615384
ATG,Antigua and Barbuda,uncertain / data-limited systems,same_region,Latin America & Caribbean ,vulnerability,0.768588140659134,0.698661570294468,0.06992657036466599,True,24,106,0.0384615384615384
ATG,Antigua and Barbuda,uncertain / data-limited systems,same_capacity_quartile,Q3,vulnerability,0.768588140659134,0.7045631492998978,0.06402499135923612,True,26,106,0.0384615384615384
ATG,Antigua and Barbuda,uncertain / data-limited systems,same_income_group,High income,equity_access,0.7876750543631399,0.779996311641858,0.007678742721281884,True,56,106,0.0384615384615384
ATG,Antigua and Barbuda,uncertain / data-limited systems,same_region,Latin America & Caribbean ,equity_access,0.7876750543631399,0.7295479798583733,0.05812707450476662,True,24,106,0.0384615384615384
ATG,Antigua and Barbuda,uncertain / data-limited systems,same_capacity_quartile,Q3,equity_access,0.7876750543631399,0.7888950089934026,-0.0012199546302626985,True,26,106,0.0384615384615384
UKR,Ukraine,uncertain / data-limited systems,same_income_group,Upper middle income,capacity,0.4441733441292559,0.3467191820439355,0.09745416208532043,True,37,106,0.1153846153846153
UKR,Ukraine,uncertain / data-limited systems,same_region,Europe & Central Asia,capacity,0.4441733441292559,0.592121438040106,-0.14794809391085006,True,49,106,0.1153846153846153
UKR,Ukraine,uncertain / data-limited systems,same_capacity_quartile,Q1_low_capacity,capacity,0.4441733441292559,0.2638600782104646,0.18031326591879132,True,27,106,0.1153846153846153
UKR,Ukraine,uncertain / data-limited systems,same_income_group,Upper middle income,preparedness,0.5402916603346692,0.8513215977301716,-0.31102993739550233,True,37,106,0.1153846153846153
UKR,Ukraine,uncertain / data-limited systems,same_region,Europe & Central Asia,preparedness,0.5402916603346692,0.9240148867420244,-0.3837232264073551,True,49,106,0.1153846153846153
UKR,Ukraine,uncertain / data-limited systems,same_capacity_quartile,Q1_low_capacity,preparedness,0.5402916603346692,0.8258192258773593,-0.2855275655426901,True,27,106,0.1153846153846153
UKR,Ukraine,uncertain / data-limited systems,same_income_group,Upper middle income,vulnerability,0.5866085877199805,0.681467035750128,-0.09485844803014754,True,37,106,0.1153846153846153
UKR,Ukraine,uncertain / data-limited systems,same_region,Europe & Central Asia,vulnerability,0.5866085877199805,0.7031982734362339,-0.11658968571625339,True,49,106,0.1153846153846153
UKR,Ukraine,uncertain / data-limited systems,same_capacity_quartile,Q1_low_capacity,vulnerability,0.5866085877199805,0.6415149075582738,-0.054906319838293305,True,27,106,0.1153846153846153
UKR,Ukraine,uncertain / data-limited systems,same_income_group,Upper middle income,equity_access,0.7145471073554772,0.729348274020286,-0.014801166664808796,True,37,106,0.1153846153846153
UKR,Ukraine,uncertain / data-limited systems,same_region,Europe & Central Asia,equity_access,0.7145471073554772,0.7530172216525302,-0.03847011429705294,True,49,106,0.1153846153846153
UKR,Ukraine,uncertain / data-limited systems,same_capacity_quartile,Q1_low_capacity,equity_access,0.7145471073554772,0.7061315471456461,0.008415560209831141,True,27,106,0.1153846153846153
BTN,Bhutan,uncertain / data-limited systems,same_income_group,Lower middle income,capacity,0.1205530925308737,0.3138518481233711,-0.19329875559249737,True,13,106,0.0
BTN,Bhutan,uncertain / data-limited systems,same_region,South Asia,capacity,0.1205530925308737,0.440928646277994,-0.3203755537471203,True,2,106,0.0
BTN,Bhutan,uncertain / data-limited systems,same_capacity_quartile,Q1_low_capacity,capacity,0.1205530925308737,0.2638600782104646,-0.14330698567959088,True,27,106,0.0
BTN,Bhutan,uncertain / data-limited systems,same_income_group,Lower middle income,preparedness,0.8514114305809429,0.9214354407742822,-0.07002401019333926,True,13,106,0.0
BTN,Bhutan,uncertain / data-limited systems,same_region,South Asia,preparedness,0.8514114305809429,0.9193603304263418,-0.06794889984539887,True,2,106,0.0
BTN,Bhutan,uncertain / data-limited systems,same_capacity_quartile,Q1_low_capacity,preparedness,0.8514114305809429,0.8258192258773593,0.025592204703583588,True,27,106,0.0
BTN,Bhutan,uncertain / data-limited systems,same_income_group,Lower middle income,vulnerability,0.7092362861309001,0.6585748480252485,0.0506614381056516,True,13,106,0.0
BTN,Bhutan,uncertain / data-limited systems,same_region,South Asia,vulnerability,0.7092362861309001,0.7032790880227292,0.005957198108170858,True,2,106,0.0
BTN,Bhutan,uncertain / data-limited systems,same_capacity_quartile,Q1_low_capacity,vulnerability,0.7092362861309001,0.6415149075582738,0.06772137857262628,True,27,106,0.0
BTN,Bhutan,uncertain / data-limited systems,same_income_group,Lower middle income,equity_access,0.8230007293909417,0.7072929764830225,0.11570775290791924,True,13,106,0.0
BTN,Bhutan,uncertain / data-limited systems,same_region,South Asia,equity_access,0.8230007293909417,0.7414236860306483,0.08157704336029337,True,2,106,0.0
BTN,Bhutan,uncertain / data-limited systems,same_capacity_quartile,Q1_low_capacity,equity_access,0.8230007293909417,0.7061315471456461,0.11686918224529563,True,27,106,0.0
SYC,Seychelles,uncertain / data-limited systems,same_income_group,High income,capacity,0.3418739572172526,0.5973368179395688,-0.2554628607223162,True,56,106,0.0769230769230769
SYC,Seychelles,uncertain / data-limited systems,same_region,Sub-Saharan Africa ,capacity,0.3418739572172526,0.3330310308730893,0.008842926344163338,True,5,106,0.0769230769230769
SYC,Seychelles,uncertain / data-limited systems,same_capacity_quartile,Q3,capacity,0.3418739572172526,0.5381401960072334,-0.19626623878998078,True,26,106,0.0769230769230769
SYC,Seychelles,uncertain / data-limited systems,same_income_group,High income,preparedness,0.9675630925312452,0.9369098011569197,0.030653291374325486,True,56,106,0.0769230769230769
SYC,Seychelles,uncertain / data-limited systems,same_region,Sub-Saharan Africa ,preparedness,0.9675630925312452,0.8907404525592983,0.07682263997194683,True,5,106,0.0769230769230769
SYC,Seychelles,uncertain / data-limited systems,same_capacity_quartile,Q3,preparedness,0.9675630925312452,0.9369098011569197,0.030653291374325486,True,26,106,0.0769230769230769
SYC,Seychelles,uncertain / data-limited systems,same_income_group,High income,vulnerability,0.6947525826676225,0.7274946021164743,-0.0327420194488518,True,56,106,0.0769230769230769
SYC,Seychelles,uncertain / data-limited systems,same_region,Sub-Saharan Africa ,vulnerability,0.6947525826676225,0.6202816841723293,0.0744708984952932,True,5,106,0.0769230769230769
SYC,Seychelles,uncertain / data-limited systems,same_capacity_quartile,Q3,vulnerability,0.6947525826676225,0.7045631492998978,-0.009810566632275308,True,26,106,0.0769230769230769
SYC,Seychelles,uncertain / data-limited systems,same_income_group,High income,equity_access,0.8007142393390014,0.779996311641858,0.020717927697143423,True,56,106,0.0769230769230769
SYC,Seychelles,uncertain / data-limited systems,same_region,Sub-Saharan Africa ,equity_access,0.8007142393390014,0.6884584229843812,0.11225581635462023,True,5,106,0.0769230769230769
SYC,Seychelles,uncertain / data-limited systems,same_capacity_quartile,Q3,equity_access,0.8007142393390014,0.7888950089934026,0.011819230345598841,True,26,106,0.0769230769230769
BLZ,Belize,uncertain / data-limited systems,same_income_group,Upper middle income,capacity,0.1845481518563255,0.3467191820439355,-0.16217103018760998,True,37,106,0.0
BLZ,Belize,uncertain / data-limited systems,same_region,Latin America & Caribbean ,capacity,0.1845481518563255,0.3548721191849168,-0.17032396732859129,True,24,106,0.0
BLZ,Belize,uncertain / data-limited systems,same_capacity_quartile,Q1_low_capacity,capacity,0.1845481518563255,0.2638600782104646,-0.07931192635413908,True,27,106,0.0
BLZ,Belize,uncertain / data-limited systems,same_income_group,Upper middle income,preparedness,0.8652466029814967,0.8513215977301716,0.013925005251325118,True,37,106,0.0
BLZ,Belize,uncertain / data-limited systems,same_region,Latin America & Caribbean ,preparedness,0.8652466029814967,0.8582841003558341,0.006962502625662559,True,24,106,0.0
BLZ,Belize,uncertain / data-limited systems,same_capacity_quartile,Q1_low_capacity,preparedness,0.8652466029814967,0.8258192258773593,0.03942737710413735,True,27,106,0.0
BLZ,Belize,uncertain / data-limited systems,same_income_group,Upper middle income,vulnerability,0.7259879734102914,0.681467035750128,0.04452093766016341,True,37,106,0.0
BLZ,Belize,uncertain / data-limited systems,same_region,Latin America & Caribbean ,vulnerability,0.7259879734102914,0.698661570294468,0.02732640311582346,True,24,106,0.0
BLZ,Belize,uncertain / data-limited systems,same_capacity_quartile,Q1_low_capacity,vulnerability,0.7259879734102914,0.6415149075582738,0.08447306585201764,True,27,106,0.0
BLZ,Belize,uncertain / data-limited systems,same_income_group,Upper middle income,equity_access,0.8081713454332043,0.729348274020286,0.07882307141291833,True,37,106,0.0
BLZ,Belize,uncertain / data-limited systems,same_region,Latin America & Caribbean ,equity_access,0.8081713454332043,0.7295479798583733,0.07862336557483107,True,24,106,0.0
BLZ,Belize,uncertain / data-limited systems,same_capacity_quartile,Q1_low_capacity,equity_access,0.8081713454332043,0.7061315471456461,0.10203979828755827,True,27,106,0.0
MLT,Malta,uncertain / data-limited systems,same_income_group,High income,capacity,0.6949066120095724,0.5973368179395688,0.09756979407000355,True,56,106,0.0384615384615384
MLT,Malta,uncertain / data-limited systems,same_region,"Middle East, North Africa, Afghanistan & Pakistan",capacity,0.6949066120095724,0.3176807706933734,0.37722584131619896,True,13,106,0.0384615384615384
MLT,Malta,uncertain / data-limited systems,same_capacity_quartile,Q3,capacity,0.6949066120095724,0.5381401960072334,0.15676641600233898,True,26,106,0.0384615384615384
MLT,Malta,uncertain / data-limited systems,same_income_group,High income,preparedness,0.9452842452889392,0.9369098011569197,0.008374444132019487,True,56,106,0.0384615384615384
MLT,Malta,uncertain / data-limited systems,same_region,"Middle East, North Africa, Afghanistan & Pakistan",preparedness,0.9452842452889392,0.9592596257996054,-0.013975380510666269,True,13,106,0.0384615384615384
MLT,Malta,uncertain / data-limited systems,same_capacity_quartile,Q3,preparedness,0.9452842452889392,0.9369098011569197,0.008374444132019487,True,26,106,0.0384615384615384
MLT,Malta,uncertain / data-limited systems,same_income_group,High income,vulnerability,0.64959822247046,0.7274946021164743,-0.07789637964601437,True,56,106,0.0384615384615384
MLT,Malta,uncertain / data-limited systems,same_region,"Middle East, North Africa, Afghanistan & Pakistan",vulnerability,0.64959822247046,0.7206501324705947,-0.07105191000013478,True,13,106,0.0384615384615384
MLT,Malta,uncertain / data-limited systems,same_capacity_quartile,Q3,vulnerability,0.64959822247046,0.7045631492998978,-0.05496492682943788,True,26,106,0.0384615384615384
MLT,Malta,uncertain / data-limited systems,same_income_group,High income,equity_access,0.6793839362541803,0.779996311641858,-0.10061237538767775,True,56,106,0.0384615384615384
MLT,Malta,uncertain / data-limited systems,same_region,"Middle East, North Africa, Afghanistan & Pakistan",equity_access,0.6793839362541803,0.7423952812370581,-0.06301134498287786,True,13,106,0.0384615384615384
MLT,Malta,uncertain / data-limited systems,same_capacity_quartile,Q3,equity_access,0.6793839362541803,0.7888950089934026,-0.10951107273922234,True,26,106,0.0384615384615384
THA,Thailand,uncertain / data-limited systems,same_income_group,Upper middle income,capacity,0.1805741643377892,0.3467191820439355,-0.1661450177061463,True,37,106,0.0
THA,Thailand,uncertain / data-limited systems,same_region,East Asia & Pacific,capacity,0.1805741643377892,0.4108830413712889,-0.2303088770334997,True,11,106,0.0
THA,Thailand,uncertain / data-limited systems,same_capacity_quartile,Q2,capacity,0.1805741643377892,0.3898693093215164,-0.20929514498372723,True,26,106,0.0
THA,Thailand,uncertain / data-limited systems,same_income_group,Upper middle income,preparedness,0.8457201250794135,0.8513215977301716,-0.005601472650758055,True,37,106,0.0
THA,Thailand,uncertain / data-limited systems,same_region,East Asia & Pacific,preparedness,0.8457201250794135,0.9193966862730744,-0.07367656119366084,True,11,106,0.0
THA,Thailand,uncertain / data-limited systems,same_capacity_quartile,Q2,preparedness,0.8457201250794135,0.9127751948572844,-0.0670550697778709,True,26,106,0.0
THA,Thailand,uncertain / data-limited systems,same_income_group,Upper middle income,vulnerability,0.6959196213257433,0.681467035750128,0.01445258557561524,True,37,106,0.0
THA,Thailand,uncertain / data-limited systems,same_region,East Asia & Pacific,vulnerability,0.6959196213257433,0.7014535847653254,-0.0055339634395821236,True,11,106,0.0
THA,Thailand,uncertain / data-limited systems,same_capacity_quartile,Q2,vulnerability,0.6959196213257433,0.6964128128966902,-0.0004931915709469603,True,26,106,0.0
THA,Thailand,uncertain / data-limited systems,same_income_group,Upper middle income,equity_access,0.9089062001738688,0.729348274020286,0.1795579261535828,True,37,106,0.0
THA,Thailand,uncertain / data-limited systems,same_region,East Asia & Pacific,equity_access,0.9089062001738688,0.7695477133590953,0.13935848681477347,True,11,106,0.0
THA,Thailand,uncertain / data-limited systems,same_capacity_quartile,Q2,equity_access,0.9089062001738688,0.7224951049541598,0.186411095219709,True,26,106,0.0
MUS,Mauritius,uncertain / data-limited systems,same_income_group,Upper middle income,capacity,0.3330310308730893,0.3467191820439355,-0.013688151170846208,True,37,106,0.0769230769230769
MUS,Mauritius,uncertain / data-limited systems,same_region,Sub-Saharan Africa ,capacity,0.3330310308730893,0.3330310308730893,0.0,True,5,106,0.0769230769230769
MUS,Mauritius,uncertain / data-limited systems,same_capacity_quartile,Q1_low_capacity,capacity,0.3330310308730893,0.2638600782104646,0.06917095266262469,True,27,106,0.0769230769230769
MUS,Mauritius,uncertain / data-limited systems,same_income_group,Upper middle income,preparedness,0.9426166152682652,0.8513215977301716,0.09129501753809366,True,37,106,0.0769230769230769
MUS,Mauritius,uncertain / data-limited systems,same_region,Sub-Saharan Africa ,preparedness,0.9426166152682652,0.8907404525592983,0.05187616270896689,True,5,106,0.0769230769230769
MUS,Mauritius,uncertain / data-limited systems,same_capacity_quartile,Q1_low_capacity,preparedness,0.9426166152682652,0.8258192258773593,0.11679738939090589,True,27,106,0.0769230769230769
MUS,Mauritius,uncertain / data-limited systems,same_income_group,Upper middle income,vulnerability,0.6202816841723293,0.681467035750128,-0.0611853515777987,True,37,106,0.0769230769230769
MUS,Mauritius,uncertain / data-limited systems,same_region,Sub-Saharan Africa ,vulnerability,0.6202816841723293,0.6202816841723293,0.0,True,5,106,0.0769230769230769
MUS,Mauritius,uncertain / data-limited systems,same_capacity_quartile,Q1_low_capacity,vulnerability,0.6202816841723293,0.6415149075582738,-0.021233223385944466,True,27,106,0.0769230769230769
MUS,Mauritius,uncertain / data-limited systems,same_income_group,Upper middle income,equity_access,0.6426057013073662,0.729348274020286,-0.08674257271291985,True,37,106,0.0769230769230769
MUS,Mauritius,uncertain / data-limited systems,same_region,Sub-Saharan Africa ,equity_access,0.6426057013073662,0.6884584229843812,-0.04585272167701504,True,5,106,0.0769230769230769
MUS,Mauritius,uncertain / data-limited systems,same_capacity_quartile,Q1_low_capacity,equity_access,0.6426057013073662,0.7061315471456461,-0.06352584583827992,True,27,106,0.0769230769230769
TUR,Turkiye,uncertain / data-limited systems,same_income_group,Upper middle income,capacity,0.2751721568793997,0.3467191820439355,-0.07154702516453576,True,37,106,0.0769230769230769
TUR,Turkiye,uncertain / data-limited systems,same_region,Europe & Central Asia,capacity,0.2751721568793997,0.592121438040106,-0.31694928116070625,True,49,106,0.0769230769230769
TUR,Turkiye,uncertain / data-limited systems,same_capacity_quartile,Q2,capacity,0.2751721568793997,0.3898693093215164,-0.1146971524421167,True,26,106,0.0769230769230769
TUR,Turkiye,uncertain / data-limited systems,same_income_group,Upper middle income,preparedness,0.9576042105957356,0.8513215977301716,0.10628261286556406,True,37,106,0.0769230769230769
TUR,Turkiye,uncertain / data-limited systems,same_region,Europe & Central Asia,preparedness,0.9576042105957356,0.9240148867420244,0.03358932385371127,True,49,106,0.0769230769230769
TUR,Turkiye,uncertain / data-limited systems,same_capacity_quartile,Q2,preparedness,0.9576042105957356,0.9127751948572844,0.04482901573845122,True,26,106,0.0769230769230769
TUR,Turkiye,uncertain / data-limited systems,same_income_group,Upper middle income,vulnerability,0.7097883253054541,0.681467035750128,0.02832128955532609,True,37,106,0.0769230769230769
TUR,Turkiye,uncertain / data-limited systems,same_region,Europe & Central Asia,vulnerability,0.7097883253054541,0.7031982734362339,0.006590051869220237,True,49,106,0.0769230769230769
TUR,Turkiye,uncertain / data-limited systems,same_capacity_quartile,Q2,vulnerability,0.7097883253054541,0.6964128128966902,0.01337551240876389,True,26,106,0.0769230769230769
TUR,Turkiye,uncertain / data-limited systems,same_income_group,Upper middle income,equity_access,0.8308344379147002,0.729348274020286,0.10148616389441423,True,37,106,0.0769230769230769
TUR,Turkiye,uncertain / data-limited systems,same_region,Europe & Central Asia,equity_access,0.8308344379147002,0.7530172216525302,0.07781721626217009,True,49,106,0.0769230769230769
TUR,Turkiye,uncertain / data-limited systems,same_capacity_quartile,Q2,equity_access,0.8308344379147002,0.7224951049541598,0.10833933296054044,True,26,106,0.0769230769230769
GRC,Greece,uncertain / data-limited systems,same_income_group,High income,capacity,0.5648799319924448,0.5973368179395688,-0.03245688594712404,True,56,106,0.0384615384615384
GRC,Greece,uncertain / data-limited systems,same_region,Europe & Central Asia,capacity,0.5648799319924448,0.592121438040106,-0.02724150604766118,True,49,106,0.0384615384615384
GRC,Greece,uncertain / data-limited systems,same_capacity_quartile,Q3,capacity,0.5648799319924448,0.5381401960072334,0.0267397359852114,True,26,106,0.0384615384615384
GRC,Greece,uncertain / data-limited systems,same_income_group,High income,preparedness,0.9824356150333362,0.9369098011569197,0.04552581387641652,True,56,106,0.0384615384615384
GRC,Greece,uncertain / data-limited systems,same_region,Europe & Central Asia,preparedness,0.9824356150333362,0.9240148867420244,0.05842072829131184,True,49,106,0.0384615384615384
GRC,Greece,uncertain / data-limited systems,same_capacity_quartile,Q3,preparedness,0.9824356150333362,0.9369098011569197,0.04552581387641652,True,26,106,0.0384615384615384
GRC,Greece,uncertain / data-limited systems,same_income_group,High income,vulnerability,0.737662296654285,0.7274946021164743,0.010167694537810634,True,56,106,0.0384615384615384
GRC,Greece,uncertain / data-limited systems,same_region,Europe & Central Asia,vulnerability,0.737662296654285,0.7031982734362339,0.03446402321805109,True,49,106,0.0384615384615384
GRC,Greece,uncertain / data-limited systems,same_capacity_quartile,Q3,vulnerability,0.737662296654285,0.7045631492998978,0.033099147354387126,True,26,106,0.0384615384615384
GRC,Greece,uncertain / data-limited systems,same_income_group,High income,equity_access,0.6569813147206365,0.779996311641858,-0.12301499692122153,True,56,106,0.0384615384615384
GRC,Greece,uncertain / data-limited systems,same_region,Europe & Central Asia,equity_access,0.6569813147206365,0.7530172216525302,-0.09603590693189368,True,49,106,0.0384615384615384
GRC,Greece,uncertain / data-limited systems,same_capacity_quartile,Q3,equity_access,0.6569813147206365,0.7888950089934026,-0.1319136942727661,True,26,106,0.0384615384615384
SMR,San Marino,uncertain / data-limited systems,same_income_group,High income,capacity,0.5360174970735537,0.5973368179395688,-0.0613193208660151,True,56,106,0.2307692307692307
SMR,San Marino,uncertain / data-limited systems,same_region,Europe & Central Asia,capacity,0.5360174970735537,0.592121438040106,-0.056103940966552246,True,49,106,0.2307692307692307
SMR,San Marino,uncertain / data-limited systems,same_capacity_quartile,Q3,capacity,0.5360174970735537,0.5381401960072334,-0.0021226989336796676,True,26,106,0.2307692307692307
SMR,San Marino,uncertain / data-limited systems,same_income_group,High income,preparedness,0.8344615091381571,0.9369098011569197,-0.1024482920187626,True,56,106,0.2307692307692307
SMR,San Marino,uncertain / data-limited systems,same_region,Europe & Central Asia,preparedness,0.8344615091381571,0.9240148867420244,-0.08955337760386728,True,49,106,0.2307692307692307
SMR,San Marino,uncertain / data-limited systems,same_capacity_quartile,Q3,preparedness,0.8344615091381571,0.9369098011569197,-0.1024482920187626,True,26,106,0.2307692307692307
SMR,San Marino,uncertain / data-limited systems,same_income_group,High income,vulnerability,0.6157987426654815,0.7274946021164743,-0.11169585945099281,True,56,106,0.2307692307692307
SMR,San Marino,uncertain / data-limited systems,same_region,Europe & Central Asia,vulnerability,0.6157987426654815,0.7031982734362339,-0.08739953077075235,True,49,106,0.2307692307692307
SMR,San Marino,uncertain / data-limited systems,same_capacity_quartile,Q3,vulnerability,0.6157987426654815,0.7045631492998978,-0.08876440663441632,True,26,106,0.2307692307692307
SMR,San Marino,uncertain / data-limited systems,same_income_group,High income,equity_access,0.8235501787701727,0.779996311641858,0.04355386712831466,True,56,106,0.2307692307692307
SMR,San Marino,uncertain / data-limited systems,same_region,Europe & Central Asia,equity_access,0.8235501787701727,0.7530172216525302,0.07053295711764251,True,49,106,0.2307692307692307
SMR,San Marino,uncertain / data-limited systems,same_capacity_quartile,Q3,equity_access,0.8235501787701727,0.7888950089934026,0.03465516977677008,True,26,106,0.2307692307692307
OMN,Oman,uncertain / data-limited systems,same_income_group,High income,capacity,0.2724264016816877,0.5973368179395688,-0.32491041625788114,True,56,106,0.0
OMN,Oman,uncertain / data-limited systems,same_region,"Middle East, North Africa, Afghanistan & Pakistan",capacity,0.2724264016816877,0.3176807706933734,-0.045254369011685724,True,13,106,0.0
OMN,Oman,uncertain / data-limited systems,same_capacity_quartile,Q3,capacity,0.2724264016816877,0.5381401960072334,-0.2657137943255457,True,26,106,0.0
OMN,Oman,uncertain / data-limited systems,same_income_group,High income,preparedness,0.9963626333844748,0.9369098011569197,0.05945283222755515,True,56,106,0.0
OMN,Oman,uncertain / data-limited systems,same_region,"Middle East, North Africa, Afghanistan & Pakistan",preparedness,0.9963626333844748,0.9592596257996054,0.037103007584869396,True,13,106,0.0
OMN,Oman,uncertain / data-limited systems,same_capacity_quartile,Q3,preparedness,0.9963626333844748,0.9369098011569197,0.05945283222755515,True,26,106,0.0
OMN,Oman,uncertain / data-limited systems,same_income_group,High income,vulnerability,0.7426942829021415,0.7274946021164743,0.015199680785667136,True,56,106,0.0
OMN,Oman,uncertain / data-limited systems,same_region,"Middle East, North Africa, Afghanistan & Pakistan",vulnerability,0.7426942829021415,0.7206501324705947,0.022044150431546727,True,13,106,0.0
OMN,Oman,uncertain / data-limited systems,same_capacity_quartile,Q3,vulnerability,0.7426942829021415,0.7045631492998978,0.03813113360224363,True,26,106,0.0
OMN,Oman,uncertain / data-limited systems,same_income_group,High income,equity_access,0.9291639431844008,0.779996311641858,0.14916763154254276,True,56,106,0.0
OMN,Oman,uncertain / data-limited systems,same_region,"Middle East, North Africa, Afghanistan & Pakistan",equity_access,0.9291639431844008,0.7423952812370581,0.18676866194734265,True,13,106,0.0
OMN,Oman,uncertain / data-limited systems,same_capacity_quartile,Q3,equity_access,0.9291639431844008,0.7888950089934026,0.14026893419099817,True,26,106,0.0
LVA,Latvia,uncertain / data-limited systems,same_income_group,High income,capacity,0.5032232979013287,0.5973368179395688,-0.09411352003824014,True,56,106,0.0384615384615384
LVA,Latvia,uncertain / data-limited systems,same_region,Europe & Central Asia,capacity,0.5032232979013287,0.592121438040106,-0.08889814013877728,True,49,106,0.0384615384615384
LVA,Latvia,uncertain / data-limited systems,same_capacity_quartile,Q2,capacity,0.5032232979013287,0.3898693093215164,0.11335398857981227,True,26,106,0.0384615384615384
LVA,Latvia,uncertain / data-limited systems,same_income_group,High income,preparedness,0.928011666331225,0.9369098011569197,-0.008898134825694681,True,56,106,0.0384615384615384
LVA,Latvia,uncertain / data-limited systems,same_region,Europe & Central Asia,preparedness,0.928011666331225,0.9240148867420244,0.003996779589200639,True,49,106,0.0384615384615384
LVA,Latvia,uncertain / data-limited systems,same_capacity_quartile,Q2,preparedness,0.928011666331225,0.9127751948572844,0.015236471473940583,True,26,106,0.0384615384615384
LVA,Latvia,uncertain / data-limited systems,same_income_group,High income,vulnerability,0.6212809763928517,0.7274946021164743,-0.10621362572362258,True,56,106,0.0384615384615384
LVA,Latvia,uncertain / data-limited systems,same_region,Europe & Central Asia,vulnerability,0.6212809763928517,0.7031982734362339,-0.08191729704338213,True,49,106,0.0384615384615384
LVA,Latvia,uncertain / data-limited systems,same_capacity_quartile,Q2,vulnerability,0.6212809763928517,0.6964128128966902,-0.07513183650383848,True,26,106,0.0384615384615384
LVA,Latvia,uncertain / data-limited systems,same_income_group,High income,equity_access,0.6628547204052629,0.779996311641858,-0.11714159123659507,True,56,106,0.0384615384615384
LVA,Latvia,uncertain / data-limited systems,same_region,Europe & Central Asia,equity_access,0.6628547204052629,0.7530172216525302,-0.09016250124726721,True,49,106,0.0384615384615384
LVA,Latvia,uncertain / data-limited systems,same_capacity_quartile,Q2,equity_access,0.6628547204052629,0.7224951049541598,-0.05964038454889686,True,26,106,0.0384615384615384
MDA,Moldova,uncertain / data-limited systems,same_income_group,Upper middle income,capacity,0.5279581493319597,0.3467191820439355,0.18123896728802424,True,37,106,0.0
MDA,Moldova,uncertain / data-limited systems,same_region,Europe & Central Asia,capacity,0.5279581493319597,0.592121438040106,-0.06416328870814625,True,49,106,0.0
MDA,Moldova,uncertain / data-limited systems,same_capacity_quartile,Q2,capacity,0.5279581493319597,0.3898693093215164,0.1380888400104433,True,26,106,0.0
MDA,Moldova,uncertain / data-limited systems,same_income_group,Upper middle income,preparedness,0.8066741913681217,0.8513215977301716,-0.04464740636204989,True,37,106,0.0
MDA,Moldova,uncertain / data-limited systems,same_region,Europe & Central Asia,preparedness,0.8066741913681217,0.9240148867420244,-0.11734069537390268,True,49,106,0.0
MDA,Moldova,uncertain / data-limited systems,same_capacity_quartile,Q2,preparedness,0.8066741913681217,0.9127751948572844,-0.10610100348916274,True,26,106,0.0
MDA,Moldova,uncertain / data-limited systems,same_income_group,Upper middle income,vulnerability,0.6028075479993572,0.681467035750128,-0.0786594877507708,True,37,106,0.0
MDA,Moldova,uncertain / data-limited systems,same_region,Europe & Central Asia,vulnerability,0.6028075479993572,0.7031982734362339,-0.10039072543687666,True,49,106,0.0
MDA,Moldova,uncertain / data-limited systems,same_capacity_quartile,Q2,vulnerability,0.6028075479993572,0.6964128128966902,-0.09360526489733301,True,26,106,0.0
MDA,Moldova,uncertain / data-limited systems,same_income_group,Upper middle income,equity_access,0.6864569529489815,0.729348274020286,-0.042891321071304556,True,37,106,0.0
MDA,Moldova,uncertain / data-limited systems,same_region,Europe & Central Asia,equity_access,0.6864569529489815,0.7530172216525302,-0.0665602687035487,True,49,106,0.0
MDA,Moldova,uncertain / data-limited systems,same_capacity_quartile,Q2,equity_access,0.6864569529489815,0.7224951049541598,-0.03603815200517835,True,26,106,0.0
MNE,Montenegro,uncertain / data-limited systems,same_income_group,Upper middle income,capacity,0.5126032821767527,0.3467191820439355,0.16588410013281718,True,37,106,0.0
MNE,Montenegro,uncertain / data-limited systems,same_region,Europe & Central Asia,capacity,0.5126032821767527,0.592121438040106,-0.07951815586335331,True,49,106,0.0
MNE,Montenegro,uncertain / data-limited systems,same_capacity_quartile,Q1_low_capacity,capacity,0.5126032821767527,0.2638600782104646,0.24874320396628807,True,27,106,0.0
MNE,Montenegro,uncertain / data-limited systems,same_income_group,Upper middle income,preparedness,0.6703444256780262,0.8513215977301716,-0.18097717205214536,True,37,106,0.0
MNE,Montenegro,uncertain / data-limited systems,same_region,Europe & Central Asia,preparedness,0.6703444256780262,0.9240148867420244,-0.25367046106399815,True,49,106,0.0
MNE,Montenegro,uncertain / data-limited systems,same_capacity_quartile,Q1_low_capacity,preparedness,0.6703444256780262,0.8258192258773593,-0.15547480019933313,True,27,106,0.0
MNE,Montenegro,uncertain / data-limited systems,same_income_group,Upper middle income,vulnerability,0.6929378044056801,0.681467035750128,0.011470768655552077,True,37,106,0.0
MNE,Montenegro,uncertain / data-limited systems,same_region,Europe & Central Asia,vulnerability,0.6929378044056801,0.7031982734362339,-0.010260469030553776,True,49,106,0.0
MNE,Montenegro,uncertain / data-limited systems,same_capacity_quartile,Q1_low_capacity,vulnerability,0.6929378044056801,0.6415149075582738,0.05142289684740631,True,27,106,0.0
MNE,Montenegro,uncertain / data-limited systems,same_income_group,Upper middle income,equity_access,0.7151325377216396,0.729348274020286,-0.014215736298646364,True,37,106,0.0
MNE,Montenegro,uncertain / data-limited systems,same_region,Europe & Central Asia,equity_access,0.7151325377216396,0.7530172216525302,-0.037884683930890506,True,49,106,0.0
MNE,Montenegro,uncertain / data-limited systems,same_capacity_quartile,Q1_low_capacity,equity_access,0.7151325377216396,0.7061315471456461,0.009000990575993573,True,27,106,0.0
ZAF,South Africa,uncertain / data-limited systems,same_income_group,Upper middle income,capacity,0.3119245659700085,0.3467191820439355,-0.034794616073926976,True,37,106,0.0384615384615384
ZAF,South Africa,uncertain / data-limited systems,same_region,Sub-Saharan Africa ,capacity,0.3119245659700085,0.3330310308730893,-0.02110646490308077,True,5,106,0.0384615384615384
ZAF,South Africa,uncertain / data-limited systems,same_capacity_quartile,Q1_low_capacity,capacity,0.3119245659700085,0.2638600782104646,0.04806448775954392,True,27,106,0.0384615384615384
ZAF,South Africa,uncertain / data-limited systems,same_income_group,Upper middle income,preparedness,0.3124315443592552,0.8513215977301716,-0.5388900533709164,True,37,106,0.0384615384615384
ZAF,South Africa,uncertain / data-limited systems,same_region,Sub-Saharan Africa ,preparedness,0.3124315443592552,0.8907404525592983,-0.5783089082000432,True,5,106,0.0384615384615384
ZAF,South Africa,uncertain / data-limited systems,same_capacity_quartile,Q1_low_capacity,preparedness,0.3124315443592552,0.8258192258773593,-0.5133876815181042,True,27,106,0.0384615384615384
ZAF,South Africa,uncertain / data-limited systems,same_income_group,Upper middle income,vulnerability,0.4791970942098676,0.681467035750128,-0.2022699415402604,True,37,106,0.0384615384615384
ZAF,South Africa,uncertain / data-limited systems,same_region,Sub-Saharan Africa ,vulnerability,0.4791970942098676,0.6202816841723293,-0.1410845899624617,True,5,106,0.0384615384615384
ZAF,South Africa,uncertain / data-limited systems,same_capacity_quartile,Q1_low_capacity,vulnerability,0.4791970942098676,0.6415149075582738,-0.16231781334840617,True,27,106,0.0384615384615384
ZAF,South Africa,uncertain / data-limited systems,same_income_group,Upper middle income,equity_access,0.7197431622992388,0.729348274020286,-0.009605111721047166,True,37,106,0.0384615384615384
ZAF,South Africa,uncertain / data-limited systems,same_region,Sub-Saharan Africa ,equity_access,0.7197431622992388,0.6884584229843812,0.031284739314857646,True,5,106,0.0384615384615384
ZAF,South Africa,uncertain / data-limited systems,same_capacity_quartile,Q1_low_capacity,equity_access,0.7197431622992388,0.7061315471456461,0.013611615153592771,True,27,106,0.0384615384615384
CRI,Costa Rica,uncertain / data-limited systems,same_income_group,High income,capacity,0.3614080256350851,0.5973368179395688,-0.23592879230448371,True,56,106,0.0
CRI,Costa Rica,uncertain / data-limited systems,same_region,Latin America & Caribbean ,capacity,0.3614080256350851,0.3548721191849168,0.006535906450168327,True,24,106,0.0
CRI,Costa Rica,uncertain / data-limited systems,same_capacity_quartile,Q3,capacity,0.3614080256350851,0.5381401960072334,-0.17673217037214828,True,26,106,0.0
CRI,Costa Rica,uncertain / data-limited systems,same_income_group,High income,preparedness,0.9230029923788804,0.9369098011569197,-0.013906808778039292,True,56,106,0.0
CRI,Costa Rica,uncertain / data-limited systems,same_region,Latin America & Caribbean ,preparedness,0.9230029923788804,0.8582841003558341,0.06471889202304626,True,24,106,0.0
CRI,Costa Rica,uncertain / data-limited systems,same_capacity_quartile,Q3,preparedness,0.9230029923788804,0.9369098011569197,-0.013906808778039292,True,26,106,0.0
CRI,Costa Rica,uncertain / data-limited systems,same_income_group,High income,vulnerability,0.785519586875447,0.7274946021164743,0.058024984758972664,True,56,106,0.0
CRI,Costa Rica,uncertain / data-limited systems,same_region,Latin America & Caribbean ,vulnerability,0.785519586875447,0.698661570294468,0.08685801658097903,True,24,106,0.0
CRI,Costa Rica,uncertain / data-limited systems,same_capacity_quartile,Q3,vulnerability,0.785519586875447,0.7045631492998978,0.08095643757554916,True,26,106,0.0
CRI,Costa Rica,uncertain / data-limited systems,same_income_group,High income,equity_access,0.8587803758423436,0.779996311641858,0.07878406420048556,True,56,106,0.0
CRI,Costa Rica,uncertain / data-limited systems,same_region,Latin America & Caribbean ,equity_access,0.8587803758423436,0.7295479798583733,0.1292323959839703,True,24,106,0.0
CRI,Costa Rica,uncertain / data-limited systems,same_capacity_quartile,Q3,equity_access,0.8587803758423436,0.7888950089934026,0.06988536684894098,True,26,106,0.0
JOR,Jordan,uncertain / data-limited systems,same_income_group,Lower middle income,capacity,0.3138518481233711,0.3138518481233711,0.0,True,13,106,0.0384615384615384
JOR,Jordan,uncertain / data-limited systems,same_region,"Middle East, North Africa, Afghanistan & Pakistan",capacity,0.3138518481233711,0.3176807706933734,-0.0038289225700023355,True,13,106,0.0384615384615384
JOR,Jordan,uncertain / data-limited systems,same_capacity_quartile,Q2,capacity,0.3138518481233711,0.3898693093215164,-0.07601746119814534,True,26,106,0.0384615384615384
JOR,Jordan,uncertain / data-limited systems,same_income_group,Lower middle income,preparedness,0.9418200451610784,0.9214354407742822,0.020384604386796235,True,13,106,0.0384615384615384
JOR,Jordan,uncertain / data-limited systems,same_region,"Middle East, North Africa, Afghanistan & Pakistan",preparedness,0.9418200451610784,0.9592596257996054,-0.01743958063852702,True,13,106,0.0384615384615384
JOR,Jordan,uncertain / data-limited systems,same_capacity_quartile,Q2,preparedness,0.9418200451610784,0.9127751948572844,0.029044850303794,True,26,106,0.0384615384615384
JOR,Jordan,uncertain / data-limited systems,same_income_group,Lower middle income,vulnerability,0.7218043095294339,0.6585748480252485,0.0632294615041854,True,13,106,0.0384615384615384
JOR,Jordan,uncertain / data-limited systems,same_region,"Middle East, North Africa, Afghanistan & Pakistan",vulnerability,0.7218043095294339,0.7206501324705947,0.0011541770588391342,True,13,106,0.0384615384615384
JOR,Jordan,uncertain / data-limited systems,same_capacity_quartile,Q2,vulnerability,0.7218043095294339,0.6964128128966902,0.02539149663274365,True,26,106,0.0384615384615384
JOR,Jordan,uncertain / data-limited systems,same_income_group,Lower middle income,equity_access,0.7253330286440602,0.7072929764830225,0.018040052161037767,True,13,106,0.0384615384615384
JOR,Jordan,uncertain / data-limited systems,same_region,"Middle East, North Africa, Afghanistan & Pakistan",equity_access,0.7253330286440602,0.7423952812370581,-0.017062252592997873,True,13,106,0.0384615384615384
JOR,Jordan,uncertain / data-limited systems,same_capacity_quartile,Q2,equity_access,0.7253330286440602,0.7224951049541598,0.0028379236899004345,True,26,106,0.0384615384615384
SGP,Singapore,uncertain / data-limited systems,same_income_group,High income,capacity,0.4108830413712889,0.5973368179395688,-0.18645377656827994,True,56,106,0.0384615384615384
SGP,Singapore,uncertain / data-limited systems,same_region,East Asia & Pacific,capacity,0.4108830413712889,0.4108830413712889,0.0,True,11,106,0.0384615384615384
SGP,Singapore,uncertain / data-limited systems,same_capacity_quartile,Q2,capacity,0.4108830413712889,0.3898693093215164,0.02101373204977247,True,26,106,0.0384615384615384
SGP,Singapore,uncertain / data-limited systems,same_income_group,High income,preparedness,0.9415056150331502,0.9369098011569197,0.004595813876230537,True,56,106,0.0384615384615384
SGP,Singapore,uncertain / data-limited systems,same_region,East Asia & Pacific,preparedness,0.9415056150331502,0.9193966862730744,0.022108928760075863,True,11,106,0.0384615384615384
SGP,Singapore,uncertain / data-limited systems,same_capacity_quartile,Q2,preparedness,0.9415056150331502,0.9127751948572844,0.0287304201758658,True,26,106,0.0384615384615384
SGP,Singapore,uncertain / data-limited systems,same_income_group,High income,vulnerability,0.7115127888790815,0.7274946021164743,-0.015981813237392783,True,56,106,0.0384615384615384
SGP,Singapore,uncertain / data-limited systems,same_region,East Asia & Pacific,vulnerability,0.7115127888790815,0.7014535847653254,0.01005920411375616,True,11,106,0.0384615384615384
SGP,Singapore,uncertain / data-limited systems,same_capacity_quartile,Q2,vulnerability,0.7115127888790815,0.6964128128966902,0.015099975982391323,True,26,106,0.0384615384615384
SGP,Singapore,uncertain / data-limited systems,same_income_group,High income,equity_access,0.6747325791094959,0.779996311641858,-0.1052637325323621,True,56,106,0.0384615384615384
SGP,Singapore,uncertain / data-limited systems,same_region,East Asia & Pacific,equity_access,0.6747325791094959,0.7695477133590953,-0.09481513424959942,True,11,106,0.0384615384615384
SGP,Singapore,uncertain / data-limited systems,same_capacity_quartile,Q2,equity_access,0.6747325791094959,0.7224951049541598,-0.047762525844663895,True,26,106,0.0384615384615384
BRN,Brunei Darussalam,uncertain / data-limited systems,same_income_group,High income,capacity,0.300471754304953,0.5973368179395688,-0.29686506363461584,True,56,106,0.0769230769230769
BRN,Brunei Darussalam,uncertain / data-limited systems,same_region,East Asia & Pacific,capacity,0.300471754304953,0.4108830413712889,-0.1104112870663359,True,11,106,0.0769230769230769
BRN,Brunei Darussalam,uncertain / data-limited systems,same_capacity_quartile,Q3,capacity,0.300471754304953,0.5381401960072334,-0.2376684417022804,True,26,106,0.0769230769230769
BRN,Brunei Darussalam,uncertain / data-limited systems,same_income_group,High income,preparedness,0.9412811415580636,0.9369098011569197,0.004371340401143953,True,56,106,0.0769230769230769
BRN,Brunei Darussalam,uncertain / data-limited systems,same_region,East Asia & Pacific,preparedness,0.9412811415580636,0.9193966862730744,0.02188445528498928,True,11,106,0.0769230769230769
BRN,Brunei Darussalam,uncertain / data-limited systems,same_capacity_quartile,Q3,preparedness,0.9412811415580636,0.9369098011569197,0.004371340401143953,True,26,106,0.0769230769230769
BRN,Brunei Darussalam,uncertain / data-limited systems,same_income_group,High income,vulnerability,0.7571481108901569,0.7274946021164743,0.029653508773682558,True,56,106,0.0769230769230769
BRN,Brunei Darussalam,uncertain / data-limited systems,same_region,East Asia & Pacific,vulnerability,0.7571481108901569,0.7014535847653254,0.0556945261248315,True,11,106,0.0769230769230769
BRN,Brunei Darussalam,uncertain / data-limited systems,same_capacity_quartile,Q3,vulnerability,0.7571481108901569,0.7045631492998978,0.05258496159025905,True,26,106,0.0769230769230769
BRN,Brunei Darussalam,uncertain / data-limited systems,same_income_group,High income,equity_access,0.9145539004657092,0.779996311641858,0.13455758882385116,True,56,106,0.0769230769230769
BRN,Brunei Darussalam,uncertain / data-limited systems,same_region,East Asia & Pacific,equity_access,0.9145539004657092,0.7695477133590953,0.14500618710661384,True,11,106,0.0769230769230769
BRN,Brunei Darussalam,uncertain / data-limited systems,same_capacity_quartile,Q3,equity_access,0.9145539004657092,0.7888950089934026,0.12565889147230658,True,26,106,0.0769230769230769
NIC,Nicaragua,uncertain / data-limited systems,same_income_group,Lower middle income,capacity,0.2706416633866143,0.3138518481233711,-0.04321018473675681,True,13,106,0.1538461538461538
NIC,Nicaragua,uncertain / data-limited systems,same_region,Latin America & Caribbean ,capacity,0.2706416633866143,0.3548721191849168,-0.08423045579830252,True,24,106,0.1538461538461538
NIC,Nicaragua,uncertain / data-limited systems,same_capacity_quartile,Q2,capacity,0.2706416633866143,0.3898693093215164,-0.11922764593490215,True,26,106,0.1538461538461538
NIC,Nicaragua,uncertain / data-limited systems,same_income_group,Lower middle income,preparedness,0.9554654121422552,0.9214354407742822,0.03402997136797303,True,13,106,0.1538461538461538
NIC,Nicaragua,uncertain / data-limited systems,same_region,Latin America & Caribbean ,preparedness,0.9554654121422552,0.8582841003558341,0.09718131178642109,True,24,106,0.1538461538461538
NIC,Nicaragua,uncertain / data-limited systems,same_capacity_quartile,Q2,preparedness,0.9554654121422552,0.9127751948572844,0.0426902172849708,True,26,106,0.1538461538461538
NIC,Nicaragua,uncertain / data-limited systems,same_income_group,Lower middle income,vulnerability,0.7426474199142016,0.6585748480252485,0.08407257188895312,True,13,106,0.1538461538461538
NIC,Nicaragua,uncertain / data-limited systems,same_region,Latin America & Caribbean ,vulnerability,0.7426474199142016,0.698661570294468,0.04398584961973362,True,24,106,0.1538461538461538
NIC,Nicaragua,uncertain / data-limited systems,same_capacity_quartile,Q2,vulnerability,0.7426474199142016,0.6964128128966902,0.046234607017511364,True,26,106,0.1538461538461538
NIC,Nicaragua,uncertain / data-limited systems,same_income_group,Lower middle income,equity_access,0.7276361258601298,0.7072929764830225,0.02034314937710735,True,13,106,0.1538461538461538
NIC,Nicaragua,uncertain / data-limited systems,same_region,Latin America & Caribbean ,equity_access,0.7276361258601298,0.7295479798583733,-0.0019118539982434513,True,24,106,0.1538461538461538
NIC,Nicaragua,uncertain / data-limited systems,same_capacity_quartile,Q2,equity_access,0.7276361258601298,0.7224951049541598,0.005141020905970017,True,26,106,0.1538461538461538
GEO,Georgia,uncertain / data-limited systems,same_income_group,Upper middle income,capacity,0.509239642509025,0.3467191820439355,0.1625204604650895,True,37,106,0.0
GEO,Georgia,uncertain / data-limited systems,same_region,Europe & Central Asia,capacity,0.509239642509025,0.592121438040106,-0.08288179553108099,True,49,106,0.0
GEO,Georgia,uncertain / data-limited systems,same_capacity_quartile,Q2,capacity,0.509239642509025,0.3898693093215164,0.11937033318750856,True,26,106,0.0
GEO,Georgia,uncertain / data-limited systems,same_income_group,Upper middle income,preparedness,0.887079208498833,0.8513215977301716,0.03575761076866146,True,37,106,0.0
GEO,Georgia,uncertain / data-limited systems,same_region,Europe & Central Asia,preparedness,0.887079208498833,0.9240148867420244,-0.03693567824319133,True,49,106,0.0
GEO,Georgia,uncertain / data-limited systems,same_capacity_quartile,Q2,preparedness,0.887079208498833,0.9127751948572844,-0.025695986358451384,True,26,106,0.0
GEO,Georgia,uncertain / data-limited systems,same_income_group,Upper middle income,vulnerability,0.6353008413217734,0.681467035750128,-0.04616619442835457,True,37,106,0.0
GEO,Georgia,uncertain / data-limited systems,same_region,Europe & Central Asia,vulnerability,0.6353008413217734,0.7031982734362339,-0.06789743211446042,True,49,106,0.0
GEO,Georgia,uncertain / data-limited systems,same_capacity_quartile,Q2,vulnerability,0.6353008413217734,0.6964128128966902,-0.06111197157491677,True,26,106,0.0
GEO,Georgia,uncertain / data-limited systems,same_income_group,Upper middle income,equity_access,0.5811926135917094,0.729348274020286,-0.14815566042857664,True,37,106,0.0
GEO,Georgia,uncertain / data-limited systems,same_region,Europe & Central Asia,equity_access,0.5811926135917094,0.7530172216525302,-0.17182460806082078,True,49,106,0.0
GEO,Georgia,uncertain / data-limited systems,same_capacity_quartile,Q2,equity_access,0.5811926135917094,0.7224951049541598,-0.14130249136245043,True,26,106,0.0
SRB,Serbia,uncertain / data-limited systems,same_income_group,Upper middle income,capacity,0.5668824894192857,0.3467191820439355,0.22016330737535017,True,37,106,0.0384615384615384
SRB,Serbia,uncertain / data-limited systems,same_region,Europe & Central Asia,capacity,0.5668824894192857,0.592121438040106,-0.025238948620820323,True,49,106,0.0384615384615384
SRB,Serbia,uncertain / data-limited systems,same_capacity_quartile,Q2,capacity,0.5668824894192857,0.3898693093215164,0.17701318009776923,True,26,106,0.0384615384615384
SRB,Serbia,uncertain / data-limited systems,same_income_group,Upper middle income,preparedness,0.8934190959424905,0.8513215977301716,0.042097498212318896,True,37,106,0.0384615384615384
SRB,Serbia,uncertain / data-limited systems,same_region,Europe & Central Asia,preparedness,0.8934190959424905,0.9240148867420244,-0.030595790799533895,True,49,106,0.0384615384615384
SRB,Serbia,uncertain / data-limited systems,same_capacity_quartile,Q2,preparedness,0.8934190959424905,0.9127751948572844,-0.01935609891479395,True,26,106,0.0384615384615384
SRB,Serbia,uncertain / data-limited systems,same_income_group,Upper middle income,vulnerability,0.6337486862951238,0.681467035750128,-0.047718349455004194,True,37,106,0.0384615384615384
SRB,Serbia,uncertain / data-limited systems,same_region,Europe & Central Asia,vulnerability,0.6337486862951238,0.7031982734362339,-0.06944958714111005,True,49,106,0.0384615384615384
SRB,Serbia,uncertain / data-limited systems,same_capacity_quartile,Q2,vulnerability,0.6337486862951238,0.6964128128966902,-0.0626641266015664,True,26,106,0.0384615384615384
SRB,Serbia,uncertain / data-limited systems,same_income_group,Upper middle income,equity_access,0.6602812395232264,0.729348274020286,-0.06906703449705964,True,37,106,0.0384615384615384
SRB,Serbia,uncertain / data-limited systems,same_region,Europe & Central Asia,equity_access,0.6602812395232264,0.7530172216525302,-0.09273598212930378,True,49,106,0.0384615384615384
SRB,Serbia,uncertain / data-limited systems,same_capacity_quartile,Q2,equity_access,0.6602812395232264,0.7224951049541598,-0.062213865430933435,True,26,106,0.0384615384615384
ARM,Armenia,uncertain / data-limited systems,same_income_group,Upper middle income,capacity,0.4732849256029421,0.3467191820439355,0.12656574355900663,True,37,106,0.0
ARM,Armenia,uncertain / data-limited systems,same_region,Europe & Central Asia,capacity,0.4732849256029421,0.592121438040106,-0.11883651243716387,True,49,106,0.0
ARM,Armenia,uncertain / data-limited systems,same_capacity_quartile,Q1_low_capacity,capacity,0.4732849256029421,0.2638600782104646,0.20942484739247752,True,27,106,0.0
ARM,Armenia,uncertain / data-limited systems,same_income_group,Upper middle income,preparedness,0.9163214042247854,0.8513215977301716,0.06499980649461379,True,37,106,0.0
ARM,Armenia,uncertain / data-limited systems,same_region,Europe & Central Asia,preparedness,0.9163214042247854,0.9240148867420244,-0.007693482517239003,True,49,106,0.0
ARM,Armenia,uncertain / data-limited systems,same_capacity_quartile,Q1_low_capacity,preparedness,0.9163214042247854,0.8258192258773593,0.09050217834742602,True,27,106,0.0
ARM,Armenia,uncertain / data-limited systems,same_income_group,Upper middle income,vulnerability,0.6415149075582738,0.681467035750128,-0.03995212819185423,True,37,106,0.0
ARM,Armenia,uncertain / data-limited systems,same_region,Europe & Central Asia,vulnerability,0.6415149075582738,0.7031982734362339,-0.061683365877960084,True,49,106,0.0
ARM,Armenia,uncertain / data-limited systems,same_capacity_quartile,Q1_low_capacity,vulnerability,0.6415149075582738,0.6415149075582738,0.0,True,27,106,0.0
ARM,Armenia,uncertain / data-limited systems,same_income_group,Upper middle income,equity_access,0.5072855430166362,0.729348274020286,-0.22206273100364982,True,37,106,0.0
ARM,Armenia,uncertain / data-limited systems,same_region,Europe & Central Asia,equity_access,0.5072855430166362,0.7530172216525302,-0.24573167863589396,True,49,106,0.0
ARM,Armenia,uncertain / data-limited systems,same_capacity_quartile,Q1_low_capacity,equity_access,0.5072855430166362,0.7061315471456461,-0.19884600412900988,True,27,106,0.0
LTU,Lithuania,uncertain / data-limited systems,same_income_group,High income,capacity,0.6577686111667523,0.5973368179395688,0.060431793227183506,True,56,106,0.0384615384615384
LTU,Lithuania,uncertain / data-limited systems,same_region,Europe & Central Asia,capacity,0.6577686111667523,0.592121438040106,0.06564717312664636,True,49,106,0.0384615384615384
LTU,Lithuania,uncertain / data-limited systems,same_capacity_quartile,Q3,capacity,0.6577686111667523,0.5381401960072334,0.11962841515951894,True,26,106,0.0384615384615384
LTU,Lithuania,uncertain / data-limited systems,same_income_group,High income,preparedness,0.8925885911044664,0.9369098011569197,-0.044321210052453264,True,56,106,0.0384615384615384
LTU,Lithuania,uncertain / data-limited systems,same_region,Europe & Central Asia,preparedness,0.8925885911044664,0.9240148867420244,-0.031426295637557944,True,49,106,0.0384615384615384
LTU,Lithuania,uncertain / data-limited systems,same_capacity_quartile,Q3,preparedness,0.8925885911044664,0.9369098011569197,-0.044321210052453264,True,26,106,0.0384615384615384
LTU,Lithuania,uncertain / data-limited systems,same_income_group,High income,vulnerability,0.6432972568930223,0.7274946021164743,-0.08419734522345201,True,56,106,0.0384615384615384
LTU,Lithuania,uncertain / data-limited systems,same_region,Europe & Central Asia,vulnerability,0.6432972568930223,0.7031982734362339,-0.05990101654321156,True,49,106,0.0384615384615384
LTU,Lithuania,uncertain / data-limited systems,same_capacity_quartile,Q3,vulnerability,0.6432972568930223,0.7045631492998978,-0.06126589240687552,True,26,106,0.0384615384615384
LTU,Lithuania,uncertain / data-limited systems,same_income_group,High income,equity_access,0.690172599852372,0.779996311641858,-0.089823711789486,True,56,106,0.0384615384615384
LTU,Lithuania,uncertain / data-limited systems,same_region,Europe & Central Asia,equity_access,0.690172599852372,0.7530172216525302,-0.06284462180015815,True,49,106,0.0384615384615384
LTU,Lithuania,uncertain / data-limited systems,same_capacity_quartile,Q3,equity_access,0.690172599852372,0.7888950089934026,-0.09872240914103059,True,26,106,0.0384615384615384
RUS,Russian Federation,uncertain / data-limited systems,same_income_group,High income,capacity,0.5920132945094181,0.5973368179395688,-0.005323523430150745,True,56,106,0.0769230769230769
RUS,Russian Federation,uncertain / data-limited systems,same_region,Europe & Central Asia,capacity,0.5920132945094181,0.592121438040106,-0.00010814353068788751,True,49,106,0.0769230769230769
RUS,Russian Federation,uncertain / data-limited systems,same_capacity_quartile,Q3,capacity,0.5920132945094181,0.5381401960072334,0.05387309850218469,True,26,106,0.0769230769230769
RUS,Russian Federation,uncertain / data-limited systems,same_income_group,High income,preparedness,0.9396085264625544,0.9369098011569197,0.0026987253056347527,True,56,106,0.0769230769230769
RUS,Russian Federation,uncertain / data-limited systems,same_region,Europe & Central Asia,preparedness,0.9396085264625544,0.9240148867420244,0.015593639720530073,True,49,106,0.0769230769230769
RUS,Russian Federation,uncertain / data-limited systems,same_capacity_quartile,Q3,preparedness,0.9396085264625544,0.9369098011569197,0.0026987253056347527,True,26,106,0.0769230769230769
RUS,Russian Federation,uncertain / data-limited systems,same_income_group,High income,vulnerability,0.5837960444941198,0.7274946021164743,-0.1436985576223545,True,56,106,0.0769230769230769
RUS,Russian Federation,uncertain / data-limited systems,same_region,Europe & Central Asia,vulnerability,0.5837960444941198,0.7031982734362339,-0.11940222894211405,True,49,106,0.0769230769230769
RUS,Russian Federation,uncertain / data-limited systems,same_capacity_quartile,Q3,vulnerability,0.5837960444941198,0.7045631492998978,-0.12076710480577801,True,26,106,0.0769230769230769
RUS,Russian Federation,uncertain / data-limited systems,same_income_group,High income,equity_access,0.6805756982718847,0.779996311641858,-0.09942061336997332,True,56,106,0.0769230769230769
RUS,Russian Federation,uncertain / data-limited systems,same_region,Europe & Central Asia,equity_access,0.6805756982718847,0.7530172216525302,-0.07244152338064547,True,49,106,0.0769230769230769
RUS,Russian Federation,uncertain / data-limited systems,same_capacity_quartile,Q3,equity_access,0.6805756982718847,0.7888950089934026,-0.1083193107215179,True,26,106,0.0769230769230769
BGR,Bulgaria,uncertain / data-limited systems,same_income_group,High income,capacity,0.6008706829887424,0.5973368179395688,0.0035338650491735235,True,56,106,0.0384615384615384
BGR,Bulgaria,uncertain / data-limited systems,same_region,Europe & Central Asia,capacity,0.6008706829887424,0.592121438040106,0.008749244948636381,True,49,106,0.0384615384615384
BGR,Bulgaria,uncertain / data-limited systems,same_capacity_quartile,Q2,capacity,0.6008706829887424,0.3898693093215164,0.21100137366722593,True,26,106,0.0384615384615384
BGR,Bulgaria,uncertain / data-limited systems,same_income_group,High income,preparedness,0.90834786272613,0.9369098011569197,-0.02856193843078969,True,56,106,0.0384615384615384
BGR,Bulgaria,uncertain / data-limited systems,same_region,Europe & Central Asia,preparedness,0.90834786272613,0.9240148867420244,-0.01566702401589437,True,49,106,0.0384615384615384
BGR,Bulgaria,uncertain / data-limited systems,same_capacity_quartile,Q2,preparedness,0.90834786272613,0.9127751948572844,-0.004427332131154427,True,26,106,0.0384615384615384
BGR,Bulgaria,uncertain / data-limited systems,same_income_group,High income,vulnerability,0.5947468983471923,0.7274946021164743,-0.13274770376928202,True,56,106,0.0384615384615384
BGR,Bulgaria,uncertain / data-limited systems,same_region,Europe & Central Asia,vulnerability,0.5947468983471923,0.7031982734362339,-0.10845137508904157,True,49,106,0.0384615384615384
BGR,Bulgaria,uncertain / data-limited systems,same_capacity_quartile,Q2,vulnerability,0.5947468983471923,0.6964128128966902,-0.10166591454949792,True,26,106,0.0384615384615384
BGR,Bulgaria,uncertain / data-limited systems,same_income_group,High income,equity_access,0.637784897104405,0.779996311641858,-0.142211414537453,True,56,106,0.0384615384615384
BGR,Bulgaria,uncertain / data-limited systems,same_region,Europe & Central Asia,equity_access,0.637784897104405,0.7530172216525302,-0.11523232454812515,True,49,106,0.0384615384615384
BGR,Bulgaria,uncertain / data-limited systems,same_capacity_quartile,Q2,equity_access,0.637784897104405,0.7224951049541598,-0.0847102078497548,True,26,106,0.0384615384615384
