iso3,country,region,income_group,potential_capacity_score,capacity_score,preparedness_score,vulnerability_score,equity_access_score,method_disagreement_index,expanded_feature_missing_rate,evidence_variant,outcome,observed_outcome,predicted_outcome,realized_resilience_gap,conversion_efficiency_zscore,observed_shock_burden,conversion_profile,main_bottleneck_block,n,coverage_count,missing_count_from_potential_capacity_sample,missing_rate_from_potential_capacity_sample,missing_count,missing_rate,source_indicator,source_provenance,higher_is_worse
NOR,Norway,Europe & Central Asia,High income,0.8610700537740054,0.8893379752351854,0.962615262387194,0.811761696495954,0.7805652809776883,0.0104166666666666,0.0384615384615384,life_expectancy::life_expectancy_loss_2019_2020,life_expectancy_loss_2019_2020,-0.2512195121950924,1.0352952008194354,-1.2865147130145278,0.7857232476070419,-0.2512195121950924,effective converters,equity_access,186,186,7,0.03626943005181349,7,0.03626943005181349,SP.DYN.LE00.IN,https://api.worldbank.org/v2/country/all/indicator/SP.DYN.LE00.IN?format=json&date=2019:2022,True
DEU,Germany,Europe & Central Asia,High income,0.8582878738042546,0.9836246709352092,0.938569393744255,0.7063349549289141,0.8046224756086403,0.0213541666666666,0.0384615384615384,life_expectancy::life_expectancy_loss_2019_2020,life_expectancy_loss_2019_2020,0.25121951219510663,0.9462598649562104,-0.6950403527611038,0.42448746031809403,0.25121951219510663,effective converters,vulnerability,186,186,7,0.03626943005181349,7,0.03626943005181349,SP.DYN.LE00.IN,https://api.worldbank.org/v2/country/all/indicator/SP.DYN.LE00.IN?format=json&date=2019:2022,True
SWE,Sweden,Europe & Central Asia,High income,0.8538659065665202,0.8642630286716789,0.9787664702575456,0.7824609132483888,0.7899732140884674,0.0520833333333333,0.0384615384615384,life_expectancy::life_expectancy_loss_2019_2020,life_expectancy_loss_2019_2020,0.7536585365854052,0.8546802587500512,-0.101021722164646,0.06169779079484623,0.7536585365854052,capacity under-realizers,vulnerability,186,186,7,0.03626943005181349,7,0.03626943005181349,SP.DYN.LE00.IN,https://api.worldbank.org/v2/country/all/indicator/SP.DYN.LE00.IN?format=json&date=2019:2022,True
JPN,Japan,East Asia & Pacific,High income,0.8428422797911096,0.8801047100926818,0.959470696947852,0.7014535847653254,0.8303401273585788,0.0427083333333332,0.0769230769230769,life_expectancy::life_expectancy_loss_2019_2020,life_expectancy_loss_2019_2020,-0.203658536585408,-0.016486775825257607,-0.1871717607601504,0.11431288133518065,-0.203658536585408,effective converters,vulnerability,186,186,7,0.03626943005181349,7,0.03626943005181349,SP.DYN.LE00.IN,https://api.worldbank.org/v2/country/all/indicator/SP.DYN.LE00.IN?format=json&date=2019:2022,True
FRA,France,Europe & Central Asia,High income,0.8403236132618811,0.8816586691752235,0.9149891975859356,0.7485342291560318,0.8161123571303338,0.05234375,0.0384615384615384,life_expectancy::life_expectancy_loss_2019_2020,life_expectancy_loss_2019_2020,0.6512195121950981,0.9613995605151331,-0.310180048320035,0.18943870011238262,0.6512195121950981,capacity under-realizers,vulnerability,186,186,7,0.03626943005181349,7,0.03626943005181349,SP.DYN.LE00.IN,https://api.worldbank.org/v2/country/all/indicator/SP.DYN.LE00.IN?format=json&date=2019:2022,True
AUS,Australia,East Asia & Pacific,High income,0.8368027626289708,0.8291484874562962,0.9423188888894608,0.806195960811031,0.7695477133590953,0.0627604166666666,0.0384615384615384,life_expectancy::life_expectancy_loss_2019_2020,life_expectancy_loss_2019_2020,-0.29999999999999716,0.2156061024925271,-0.5156061024925243,0.3149001696118657,-0.29999999999999716,effective converters,equity_access,186,186,7,0.03626943005181349,7,0.03626943005181349,SP.DYN.LE00.IN,https://api.worldbank.org/v2/country/all/indicator/SP.DYN.LE00.IN?format=json&date=2019:2022,True
DNK,Denmark,Europe & Central Asia,High income,0.8339455876296181,0.8524434355787608,0.95256787051843,0.728529526762817,0.8022415176584646,0.0833333333333333,0.0384615384615384,life_expectancy::life_expectancy_loss_2019_2020,life_expectancy_loss_2019_2020,-0.1512195121952118,0.9914181717033979,-1.1426376838986096,0.6978520981911739,-0.1512195121952118,effective converters,vulnerability,186,186,7,0.03626943005181349,7,0.03626943005181349,SP.DYN.LE00.IN,https://api.worldbank.org/v2/country/all/indicator/SP.DYN.LE00.IN?format=json&date=2019:2022,True
BEL,Belgium,Europe & Central Asia,High income,0.8308187258687971,0.9142151453801022,0.9679362773203304,0.6881062591222258,0.7530172216525302,0.1007812499999999,0.0384615384615384,life_expectancy::life_expectancy_loss_2019_2020,life_expectancy_loss_2019_2020,1.2999999999999972,1.055336173940936,0.24466382605906123,-0.1494254624827747,1.2999999999999972,capacity under-realizers,vulnerability,186,186,7,0.03626943005181349,7,0.03626943005181349,SP.DYN.LE00.IN,https://api.worldbank.org/v2/country/all/indicator/SP.DYN.LE00.IN?format=json&date=2019:2022,True
AUT,Austria,Europe & Central Asia,High income,0.830528220154409,0.9136190221246516,0.8979830596659448,0.7733998042913311,0.737110994535708,0.0682291666666666,0.0769230769230769,life_expectancy::life_expectancy_loss_2019_2020,life_expectancy_loss_2019_2020,0.7024390243901877,1.0372330270092496,-0.3347940026190619,0.20447137398127785,0.7024390243901877,capacity under-realizers,equity_access,186,186,7,0.03626943005181349,7,0.03626943005181349,SP.DYN.LE00.IN,https://api.worldbank.org/v2/country/all/indicator/SP.DYN.LE00.IN?format=json&date=2019:2022,True
ISL,Iceland,Europe & Central Asia,High income,0.8197837824330648,0.7553247390699022,0.91199171686747,0.8111782215564786,0.800640452238409,0.0572916666666666,0.0384615384615384,life_expectancy::life_expectancy_loss_2019_2020,life_expectancy_loss_2019_2020,0.10000000000000853,0.9164239801004203,-0.8164239801004117,0.4986210375827382,0.10000000000000853,effective converters,capacity,186,186,7,0.03626943005181349,7,0.03626943005181349,SP.DYN.LE00.IN,https://api.worldbank.org/v2/country/all/indicator/SP.DYN.LE00.IN?format=json&date=2019:2022,True
FIN,Finland,Europe & Central Asia,High income,0.8177702742189719,0.7847361384939117,0.9205143361449236,0.7855510164736608,0.7802796057633915,0.0520833333333333,0.0769230769230769,life_expectancy::life_expectancy_loss_2019_2020,life_expectancy_loss_2019_2020,0.05121951219508958,0.6993389806644924,-0.6481194684694028,0.3958310996769599,0.05121951219508958,effective converters,equity_access,186,186,7,0.03626943005181349,7,0.03626943005181349,SP.DYN.LE00.IN,https://api.worldbank.org/v2/country/all/indicator/SP.DYN.LE00.IN?format=json&date=2019:2022,True
LUX,Luxembourg,Europe & Central Asia,High income,0.8161753266508913,0.6792069728068933,0.9896118582899992,0.7630458643046747,0.8328366112019977,0.0679687499999999,0.0384615384615384,life_expectancy::life_expectancy_loss_2019_2020,life_expectancy_loss_2019_2020,0.4951219512195024,1.393914115320602,-0.8987921641010996,0.5489264063265343,0.4951219512195024,capacity under-realizers,capacity,186,186,7,0.03626943005181349,7,0.03626943005181349,SP.DYN.LE00.IN,https://api.worldbank.org/v2/country/all/indicator/SP.DYN.LE00.IN?format=json&date=2019:2022,True
CZE,Czechia,Europe & Central Asia,High income,0.8097716791500749,0.7306943708589259,0.9562019417740776,0.7031982734362339,0.8489921305310624,0.03671875,0.0769230769230769,life_expectancy::life_expectancy_loss_2019_2020,life_expectancy_loss_2019_2020,1.002439024390199,0.8715999182067101,0.13083910618348893,-0.07990839621538987,1.002439024390199,capacity under-realizers,vulnerability,186,186,7,0.03626943005181349,7,0.03626943005181349,SP.DYN.LE00.IN,https://api.worldbank.org/v2/country/all/indicator/SP.DYN.LE00.IN?format=json&date=2019:2022,True
USA,United States,North America,High income,0.8057357451635478,0.8550311559518963,0.9138985755857656,0.7324631956840566,0.721550053432473,0.1007812499999998,0.0769230769230769,life_expectancy::life_expectancy_loss_2019_2020,life_expectancy_loss_2019_2020,1.807317073170708,0.5261581712213773,1.2811589019493308,-0.7824522509980286,1.807317073170708,capacity under-realizers,equity_access,186,186,7,0.03626943005181349,7,0.03626943005181349,SP.DYN.LE00.IN,https://api.worldbank.org/v2/country/all/indicator/SP.DYN.LE00.IN?format=json&date=2019:2022,True
SVN,Slovenia,Europe & Central Asia,High income,0.805722499678827,0.6779266272763665,0.9339615960818666,0.773573339196457,0.8374284361606179,0.0992187499999999,0.0384615384615384,life_expectancy::life_expectancy_loss_2019_2020,life_expectancy_loss_2019_2020,0.9975609756097015,0.9288744225440201,0.06868655306568139,-0.04194947869289633,0.9975609756097015,capacity under-realizers,capacity,186,186,7,0.03626943005181349,7,0.03626943005181349,SP.DYN.LE00.IN,https://api.worldbank.org/v2/country/all/indicator/SP.DYN.LE00.IN?format=json&date=2019:2022,True
NZL,New Zealand,East Asia & Pacific,High income,0.8030950622595759,0.6743030036937113,0.9187125225851258,0.793972891705199,0.8253918310542672,0.0583333333333333,0.0384615384615384,life_expectancy::life_expectancy_loss_2019_2020,life_expectancy_loss_2019_2020,-0.20000000000000284,0.3262229086980216,-0.5262229086980245,0.32138425515446606,-0.20000000000000284,effective converters,capacity,186,186,7,0.03626943005181349,7,0.03626943005181349,SP.DYN.LE00.IN,https://api.worldbank.org/v2/country/all/indicator/SP.DYN.LE00.IN?format=json&date=2019:2022,True
CHE,Switzerland,Europe & Central Asia,High income,0.803058382240651,0.8352090043731014,0.9483929944940565,0.7646785951566378,0.6639529349388084,0.1825520833333333,0.0384615384615384,life_expectancy::life_expectancy_loss_2019_2020,life_expectancy_loss_2019_2020,0.9048780487805033,1.1172575304619337,-0.2123794816814304,0.12970819096256184,0.9048780487805033,capacity under-realizers,equity_access,186,186,7,0.03626943005181349,7,0.03626943005181349,SP.DYN.LE00.IN,https://api.worldbank.org/v2/country/all/indicator/SP.DYN.LE00.IN?format=json&date=2019:2022,True
IRL,Ireland,Europe & Central Asia,High income,0.8006104333369206,0.694201995616675,0.9240148867420244,0.8315798802336001,0.7526449707553831,0.0523437499999999,0.0384615384615384,life_expectancy::life_expectancy_loss_2019_2020,life_expectancy_loss_2019_2020,0.24634146341469432,1.3074997489070643,-1.06115828549237,0.6480895444627303,0.24634146341469432,effective converters,capacity,186,186,7,0.03626943005181349,7,0.03626943005181349,SP.DYN.LE00.IN,https://api.worldbank.org/v2/country/all/indicator/SP.DYN.LE00.IN?format=json&date=2019:2022,True
CAN,Canada,North America,High income,0.7994145925547239,0.751060450017869,0.8882866246726704,0.7919311320519059,0.7663801634764503,0.0520833333333333,0.0384615384615384,life_expectancy::life_expectancy_loss_2019_2020,life_expectancy_loss_2019_2020,0.6285365853658931,0.26490977458125775,0.3636268107846353,-0.22208066164842113,0.6285365853658931,capacity under-realizers,capacity,186,186,7,0.03626943005181349,7,0.03626943005181349,SP.DYN.LE00.IN,https://api.worldbank.org/v2/country/all/indicator/SP.DYN.LE00.IN?format=json&date=2019:2022,True
NLD,Netherlands,Europe & Central Asia,High income,0.7966718819180485,0.7946422085942241,0.9332033521228416,0.6649056239430973,0.7939363430120309,0.0765624999999998,0.0384615384615384,life_expectancy::life_expectancy_loss_2019_2020,life_expectancy_loss_2019_2020,0.7536585365853057,1.0317672522291947,-0.27810871564388906,0.1698515229037045,0.7536585365853057,capacity under-realizers,vulnerability,186,186,7,0.03626943005181349,7,0.03626943005181349,SP.DYN.LE00.IN,https://api.worldbank.org/v2/country/all/indicator/SP.DYN.LE00.IN?format=json&date=2019:2022,True
MDV,Maldives,South Asia,Upper middle income,0.7861726319518041,0.5428082750870333,0.9702682370087844,0.7980405859266773,0.8335734297847213,0.2039062499999999,0.0,life_expectancy::life_expectancy_loss_2019_2020,life_expectancy_loss_2019_2020,0.9939999999999998,1.5976490326624349,-0.6036490326624351,0.36867132070880704,0.9939999999999998,uncertain / data-limited systems,capacity,186,186,7,0.03626943005181349,7,0.03626943005181349,SP.DYN.LE00.IN,https://api.worldbank.org/v2/country/all/indicator/SP.DYN.LE00.IN?format=json&date=2019:2022,True
GBR,United Kingdom,Europe & Central Asia,High income,0.7855584803681768,0.7043249696725941,0.9193555687134758,0.7163281258832328,0.8022252572034044,0.0593749999999998,0.0384615384615384,life_expectancy::life_expectancy_loss_2019_2020,life_expectancy_loss_2019_2020,1.0373658536584998,0.9996980733572387,0.037667780301261056,-0.02300513967625425,1.0373658536584998,capacity under-realizers,capacity,186,186,7,0.03626943005181349,7,0.03626943005181349,SP.DYN.LE00.IN,https://api.worldbank.org/v2/country/all/indicator/SP.DYN.LE00.IN?format=json&date=2019:2022,True
ESP,Spain,Europe & Central Asia,High income,0.7786480255688792,0.6449209188532831,0.9550424082252345,0.7745812685503448,0.7400475066466544,0.09375,0.0384615384615384,life_expectancy::life_expectancy_loss_2019_2020,life_expectancy_loss_2019_2020,1.5999999999999943,0.8915003098929187,0.7084996901070756,-0.4327075872572846,1.5999999999999943,capacity under-realizers,capacity,186,186,7,0.03626943005181349,7,0.03626943005181349,SP.DYN.LE00.IN,https://api.worldbank.org/v2/country/all/indicator/SP.DYN.LE00.IN?format=json&date=2019:2022,True
SVK,Slovak Republic,Europe & Central Asia,High income,0.7754658787366955,0.5938029528903954,0.962316136506726,0.7173988313513748,0.8283455941982859,0.0942708333333333,0.0384615384615384,life_expectancy::life_expectancy_loss_2019_2020,life_expectancy_loss_2019_2020,0.8000000000000114,0.9674009521626216,-0.1674009521626102,0.10223809992620884,0.8000000000000114,capacity under-realizers,capacity,186,186,7,0.03626943005181349,7,0.03626943005181349,SP.DYN.LE00.IN,https://api.worldbank.org/v2/country/all/indicator/SP.DYN.LE00.IN?format=json&date=2019:2022,True
PRT,Portugal,Europe & Central Asia,High income,0.773482753376958,0.670886260568819,0.9601730266700844,0.7702644180338383,0.6926073082350904,0.0598958333333331,0.0384615384615384,life_expectancy::life_expectancy_loss_2019_2020,life_expectancy_loss_2019_2020,0.34634146341470284,0.7602335616339096,-0.4138920982192068,0.25277957592080463,0.34634146341470284,effective converters,capacity,186,186,7,0.03626943005181349,7,0.03626943005181349,SP.DYN.LE00.IN,https://api.worldbank.org/v2/country/all/indicator/SP.DYN.LE00.IN?format=json&date=2019:2022,True
HRV,Croatia,Europe & Central Asia,High income,0.7692249571651889,0.5929113746534783,0.9152107996414532,0.7116733195238027,0.8571043348420216,0.0682291666666666,0.0384615384615384,life_expectancy::life_expectancy_loss_2019_2020,life_expectancy_loss_2019_2020,0.7000000000000028,0.655169701592414,0.04483029840758879,-0.027379560684126947,0.7000000000000028,capacity under-realizers,capacity,186,186,7,0.03626943005181349,7,0.03626943005181349,SP.DYN.LE00.IN,https://api.worldbank.org/v2/country/all/indicator/SP.DYN.LE00.IN?format=json&date=2019:2022,True
AND,Andorra,Europe & Central Asia,High income,0.7685882923202738,0.5645719971529731,0.9776348192598014,0.7390831156505907,0.79306323721773,0.0791666666666666,0.1538461538461538,life_expectancy::life_expectancy_loss_2019_2020,life_expectancy_loss_2019_2020,4.679999999999993,1.194896196231235,3.485103803768758,-2.128484852325137,4.679999999999993,capacity under-realizers,capacity,186,186,7,0.03626943005181349,7,0.03626943005181349,SP.DYN.LE00.IN,https://api.worldbank.org/v2/country/all/indicator/SP.DYN.LE00.IN?format=json&date=2019:2022,True
ITA,Italy,Europe & Central Asia,High income,0.7638932900906541,0.6492379606677942,0.908578032959132,0.7573050759114517,0.7404520908242386,0.1109374999999999,0.0384615384615384,life_expectancy::life_expectancy_loss_2019_2020,life_expectancy_loss_2019_2020,1.3024390243902957,0.7802981556438213,0.5221408687464744,-0.31889119879440453,1.3024390243902957,capacity under-realizers,capacity,186,186,7,0.03626943005181349,7,0.03626943005181349,SP.DYN.LE00.IN,https://api.worldbank.org/v2/country/all/indicator/SP.DYN.LE00.IN?format=json&date=2019:2022,True
URY,Uruguay,Latin America & Caribbean ,High income,0.7597407882153921,0.6041402553582664,0.9193650921392078,0.6871293162808386,0.828328489083256,0.1197916666666666,0.0769230769230769,life_expectancy::life_expectancy_loss_2019_2020,life_expectancy_loss_2019_2020,-0.8780000000000001,0.4946628232361532,-1.3726628232361533,0.8383371604164329,-0.8780000000000001,effective converters,capacity,186,186,7,0.03626943005181349,7,0.03626943005181349,SP.DYN.LE00.IN,https://api.worldbank.org/v2/country/all/indicator/SP.DYN.LE00.IN?format=json&date=2019:2022,True
SAU,Saudi Arabia,"Middle East, North Africa, Afghanistan & Pakistan",High income,0.7555719842796018,0.4502722868091502,0.9729502025039536,0.729829034851629,0.8692364129536747,0.140625,0.0,life_expectancy::life_expectancy_loss_2019_2020,life_expectancy_loss_2019_2020,0.7169999999999987,1.2072088908206562,-0.49020889082065744,0.29938913080825635,0.7169999999999987,capacity under-realizers,capacity,186,186,7,0.03626943005181349,7,0.03626943005181349,SP.DYN.LE00.IN,https://api.worldbank.org/v2/country/all/indicator/SP.DYN.LE00.IN?format=json&date=2019:2022,True
BLR,Belarus,Europe & Central Asia,Upper middle income,0.751985191892442,0.6506495746089037,0.9549718293872288,0.6122043999499703,0.7901149636236653,0.0885416666666666,0.0769230769230769,life_expectancy::life_expectancy_loss_2019_2020,life_expectancy_loss_2019_2020,2.0882682926828977,1.1217685830535333,0.9664997096293644,-0.5902779680473594,2.0882682926828977,capacity under-realizers,vulnerability,186,186,7,0.03626943005181349,7,0.03626943005181349,SP.DYN.LE00.IN,https://api.worldbank.org/v2/country/all/indicator/SP.DYN.LE00.IN?format=json&date=2019:2022,True
QAT,Qatar,"Middle East, North Africa, Afghanistan & Pakistan",High income,0.746674096402051,0.3429346613064137,0.9774170852937168,0.7087091624784967,0.9576354765295764,0.1893229166666666,0.0,life_expectancy::life_expectancy_loss_2019_2020,life_expectancy_loss_2019_2020,2.535999999999987,1.6275563069075798,0.9084436930924074,-0.554820960525339,2.535999999999987,capacity under-realizers,capacity,186,186,7,0.03626943005181349,7,0.03626943005181349,SP.DYN.LE00.IN,https://api.worldbank.org/v2/country/all/indicator/SP.DYN.LE00.IN?format=json&date=2019:2022,True
ISR,Israel,"Middle East, North Africa, Afghanistan & Pakistan",High income,0.7458520258711318,0.5279205804875065,0.9666844126236896,0.7264596774701316,0.7623434329031993,0.0953124999999999,0.0769230769230769,life_expectancy::life_expectancy_loss_2019_2020,life_expectancy_loss_2019_2020,0.15609756097559568,1.1099724282892578,-0.9538748673136621,0.582567498820329,0.15609756097559568,effective converters,capacity,186,186,7,0.03626943005181349,7,0.03626943005181349,SP.DYN.LE00.IN,https://api.worldbank.org/v2/country/all/indicator/SP.DYN.LE00.IN?format=json&date=2019:2022,True
MLT,Malta,"Middle East, North Africa, Afghanistan & Pakistan",High income,0.7422932540057879,0.6949066120095724,0.9452842452889392,0.64959822247046,0.6793839362541803,0.3864583333333333,0.0384615384615384,life_expectancy::life_expectancy_loss_2019_2020,life_expectancy_loss_2019_2020,0.560975609756099,0.8354734043962824,-0.2744977946401834,0.16764619672345737,0.560975609756099,uncertain / data-limited systems,vulnerability,186,186,7,0.03626943005181349,7,0.03626943005181349,SP.DYN.LE00.IN,https://api.worldbank.org/v2/country/all/indicator/SP.DYN.LE00.IN?format=json&date=2019:2022,True
HUN,Hungary,Europe & Central Asia,High income,0.7401533362116283,0.592121438040106,0.9848619247385212,0.6280352282588941,0.7555947538089919,0.140625,0.0769230769230769,life_expectancy::life_expectancy_loss_2019_2020,life_expectancy_loss_2019_2020,0.8999999999999062,0.608137433997237,0.29186256600266924,-0.17825152009120648,0.8999999999999062,capacity under-realizers,capacity,186,186,7,0.03626943005181349,7,0.03626943005181349,SP.DYN.LE00.IN,https://api.worldbank.org/v2/country/all/indicator/SP.DYN.LE00.IN?format=json&date=2019:2022,True
ARG,Argentina,Latin America & Caribbean ,Upper middle income,0.7394775181902676,0.6546176521084986,0.8513215977301716,0.7004171361212989,0.7515536868011014,0.171875,0.0384615384615384,life_expectancy::life_expectancy_loss_2019_2020,life_expectancy_loss_2019_2020,0.9689999999999941,1.0903379077474868,-0.12133790774749276,0.07410565457880396,0.9689999999999941,capacity under-realizers,capacity,186,186,7,0.03626943005181349,7,0.03626943005181349,SP.DYN.LE00.IN,https://api.worldbank.org/v2/country/all/indicator/SP.DYN.LE00.IN?format=json&date=2019:2022,True
ARE,United Arab Emirates,"Middle East, North Africa, Afghanistan & Pakistan",High income,0.7371535222427504,0.3453668031427175,0.9974899598393574,0.7977547814356623,0.8080025445532645,0.1830729166666666,0.0384615384615384,life_expectancy::life_expectancy_loss_2019_2020,life_expectancy_loss_2019_2020,0.6599999999999966,1.601794187588705,-0.9417941875887084,0.5751893702915463,0.6599999999999966,capacity under-realizers,capacity,186,186,7,0.03626943005181349,7,0.03626943005181349,SP.DYN.LE00.IN,https://api.worldbank.org/v2/country/all/indicator/SP.DYN.LE00.IN?format=json&date=2019:2022,True
KWT,Kuwait,"Middle East, North Africa, Afghanistan & Pakistan",High income,0.7367604750619614,0.395799648377058,0.9581999257779844,0.7128524493659094,0.880189876726894,0.1429687499999999,0.0384615384615384,life_expectancy::life_expectancy_loss_2019_2020,life_expectancy_loss_2019_2020,3.2087804878049013,1.4376168180113695,1.7711636697935318,-1.0817167161756862,3.2087804878049013,capacity under-realizers,capacity,186,186,7,0.03626943005181349,7,0.03626943005181349,SP.DYN.LE00.IN,https://api.worldbank.org/v2/country/all/indicator/SP.DYN.LE00.IN?format=json&date=2019:2022,True
POL,Poland,Europe & Central Asia,High income,0.7355818926450353,0.5407322335707355,0.9361927703656184,0.6856895491234622,0.7797130175203245,0.0520833333333333,0.0769230769230769,life_expectancy::life_expectancy_loss_2019_2020,life_expectancy_loss_2019_2020,1.5048780487804976,0.8141681880058387,0.6907098607746589,-0.42184266489297767,1.5048780487804976,capacity under-realizers,capacity,186,186,7,0.03626943005181349,7,0.03626943005181349,SP.DYN.LE00.IN,https://api.worldbank.org/v2/country/all/indicator/SP.DYN.LE00.IN?format=json&date=2019:2022,True
GRC,Greece,Europe & Central Asia,High income,0.7354897896001756,0.5648799319924448,0.9824356150333362,0.737662296654285,0.6569813147206365,0.2244791666666666,0.0384615384615384,life_expectancy::life_expectancy_loss_2019_2020,life_expectancy_loss_2019_2020,0.35121951219510095,0.5945155826465043,-0.24329607045140333,0.1485901223447179,0.35121951219510095,uncertain / data-limited systems,capacity,186,186,7,0.03626943005181349,7,0.03626943005181349,SP.DYN.LE00.IN,https://api.worldbank.org/v2/country/all/indicator/SP.DYN.LE00.IN?format=json&date=2019:2022,True
OMN,Oman,"Middle East, North Africa, Afghanistan & Pakistan",High income,0.7351618152881761,0.2724264016816877,0.9963626333844748,0.7426942829021415,0.9291639431844008,0.3088541666666666,0.0,life_expectancy::life_expectancy_loss_2019_2020,life_expectancy_loss_2019_2020,2.1829999999999927,1.1307473843527815,1.0522526156472112,-0.6426505146855596,2.1829999999999927,uncertain / data-limited systems,capacity,186,186,7,0.03626943005181349,7,0.03626943005181349,SP.DYN.LE00.IN,https://api.worldbank.org/v2/country/all/indicator/SP.DYN.LE00.IN?format=json&date=2019:2022,True
CRI,Costa Rica,Latin America & Caribbean ,High income,0.732177745182939,0.3614080256350851,0.9230029923788804,0.785519586875447,0.8587803758423436,0.22421875,0.0,life_expectancy::life_expectancy_loss_2019_2020,life_expectancy_loss_2019_2020,0.5710000000000122,1.0006249776571827,-0.42962497765717056,0.2623882411005765,0.5710000000000122,uncertain / data-limited systems,capacity,186,186,7,0.03626943005181349,7,0.03626943005181349,SP.DYN.LE00.IN,https://api.worldbank.org/v2/country/all/indicator/SP.DYN.LE00.IN?format=json&date=2019:2022,True
BRN,Brunei Darussalam,East Asia & Pacific,High income,0.7283637268047207,0.300471754304953,0.9412811415580636,0.7571481108901569,0.9145539004657092,0.2921875,0.0769230769230769,life_expectancy::life_expectancy_loss_2019_2020,life_expectancy_loss_2019_2020,-0.06499999999999773,0.8854927784811975,-0.9504927784811952,0.5805019291115188,-0.06499999999999773,uncertain / data-limited systems,capacity,186,186,7,0.03626943005181349,7,0.03626943005181349,SP.DYN.LE00.IN,https://api.worldbank.org/v2/country/all/indicator/SP.DYN.LE00.IN?format=json&date=2019:2022,True
EST,Estonia,Europe & Central Asia,High income,0.7282265704440525,0.5583626360146948,0.8684809203627931,0.7127758379727243,0.7732868874259978,0.0885416666666666,0.0384615384615384,life_expectancy::life_expectancy_loss_2019_2020,life_expectancy_loss_2019_2020,0.051219512195203265,0.5599628783458175,-0.5087433661506142,0.3107088366784074,0.051219512195203265,effective converters,capacity,186,186,7,0.03626943005181349,7,0.03626943005181349,SP.DYN.LE00.IN,https://api.worldbank.org/v2/country/all/indicator/SP.DYN.LE00.IN?format=json&date=2019:2022,True
KOR,"Korea, Rep.",East Asia & Pacific,High income,0.7256044338064565,0.5926042318721941,0.937626831948221,0.6950238954767094,0.6771627759287008,0.2104166666666662,0.0769230769230769,life_expectancy::life_expectancy_loss_2019_2020,life_expectancy_loss_2019_2020,-0.20000000000000284,0.5123245711871514,-0.7123245711871542,0.43504358695751977,-0.20000000000000284,uncertain / data-limited systems,capacity,186,186,7,0.03626943005181349,7,0.03626943005181349,SP.DYN.LE00.IN,https://api.worldbank.org/v2/country/all/indicator/SP.DYN.LE00.IN?format=json&date=2019:2022,True
LTU,Lithuania,Europe & Central Asia,High income,0.7209567647541534,0.6577686111667523,0.8925885911044664,0.6432972568930223,0.690172599852372,0.2395833333333333,0.0384615384615384,life_expectancy::life_expectancy_loss_2019_2020,life_expectancy_loss_2019_2020,1.2536585365854052,0.49178858016532867,0.7618699564200765,-0.4653028296971044,1.2536585365854052,uncertain / data-limited systems,vulnerability,186,186,7,0.03626943005181349,7,0.03626943005181349,SP.DYN.LE00.IN,https://api.worldbank.org/v2/country/all/indicator/SP.DYN.LE00.IN?format=json&date=2019:2022,True
ATG,Antigua and Barbuda,Latin America & Caribbean ,High income,0.7115913123640994,0.3794933092931326,0.9106087451409915,0.768588140659134,0.7876750543631399,0.2627604166666665,0.0384615384615384,life_expectancy::life_expectancy_loss_2019_2020,life_expectancy_loss_2019_2020,0.007000000000005002,1.0928999392941312,-1.0858999392941262,0.663200209253134,0.007000000000005002,uncertain / data-limited systems,capacity,186,186,7,0.03626943005181349,7,0.03626943005181349,SP.DYN.LE00.IN,https://api.worldbank.org/v2/country/all/indicator/SP.DYN.LE00.IN?format=json&date=2019:2022,True
COL,Colombia,Latin America & Caribbean ,Upper middle income,0.7101912345859036,0.354941997831947,0.8893699607554202,0.7619853913866848,0.8344675883695621,0.2158854166666666,0.0,life_expectancy::life_expectancy_loss_2019_2020,life_expectancy_loss_2019_2020,2.0360000000000014,1.3575496919465373,0.6784503080534641,-0.4143552918525745,2.0360000000000014,uncertain / data-limited systems,capacity,186,186,7,0.03626943005181349,7,0.03626943005181349,SP.DYN.LE00.IN,https://api.worldbank.org/v2/country/all/indicator/SP.DYN.LE00.IN?format=json&date=2019:2022,True
KAZ,Kazakhstan,Europe & Central Asia,Upper middle income,0.7090108830379578,0.4097274500671538,0.9305901961000154,0.6673311737790726,0.8283947122055891,0.1458333333333333,0.0,life_expectancy::life_expectancy_loss_2019_2020,life_expectancy_loss_2019_2020,2.463000000000008,1.313148047365944,1.149851952634064,-0.702258125267731,2.463000000000008,capacity under-realizers,capacity,186,186,7,0.03626943005181349,7,0.03626943005181349,SP.DYN.LE00.IN,https://api.worldbank.org/v2/country/all/indicator/SP.DYN.LE00.IN?format=json&date=2019:2022,True
ROU,Romania,Europe & Central Asia,High income,0.7028341438153161,0.5402628949409131,0.814117375244629,0.6551166902891886,0.8018396147865335,0.0575520833333333,0.0384615384615384,life_expectancy::life_expectancy_loss_2019_2020,life_expectancy_loss_2019_2020,1.3536585365853,0.6037090006540466,0.7499495359312534,-0.4580225775518545,1.3536585365853,capacity under-realizers,capacity,186,186,7,0.03626943005181349,7,0.03626943005181349,SP.DYN.LE00.IN,https://api.worldbank.org/v2/country/all/indicator/SP.DYN.LE00.IN?format=json&date=2019:2022,True
SMR,San Marino,Europe & Central Asia,High income,0.7024569819118412,0.5360174970735537,0.8344615091381571,0.6157987426654815,0.8235501787701727,0.3283854166666666,0.2307692307692307,life_expectancy::life_expectancy_loss_2019_2020,life_expectancy_loss_2019_2020,2.6069999999999993,0.7971776290439689,1.8098223709560304,-1.105327048741953,2.6069999999999993,uncertain / data-limited systems,capacity,186,186,7,0.03626943005181349,7,0.03626943005181349,SP.DYN.LE00.IN,https://api.worldbank.org/v2/country/all/indicator/SP.DYN.LE00.IN?format=json&date=2019:2022,True
PLW,Palau,East Asia & Pacific,High income,0.7024333390699563,0.5362907085599046,0.8902700987864465,0.6075520147203979,0.7756205342130765,0.15625,0.1538461538461538,life_expectancy::life_expectancy_loss_2019_2020,life_expectancy_loss_2019_2020,0.29300000000000637,0.19006394603616666,0.1029360539638397,-0.06286694570853968,0.29300000000000637,capacity under-realizers,capacity,186,186,7,0.03626943005181349,7,0.03626943005181349,SP.DYN.LE00.IN,https://api.worldbank.org/v2/country/all/indicator/SP.DYN.LE00.IN?format=json&date=2019:2022,True
SYC,Seychelles,Sub-Saharan Africa ,High income,0.7012259679387803,0.3418739572172526,0.9675630925312452,0.6947525826676225,0.8007142393390014,0.2296874999999999,0.0769230769230769,life_expectancy::life_expectancy_loss_2019_2020,life_expectancy_loss_2019_2020,-3.190243902439093,0.4597155512698027,-3.6499594537088957,2.229168439809202,-3.190243902439093,uncertain / data-limited systems,capacity,186,186,7,0.03626943005181349,7,0.03626943005181349,SP.DYN.LE00.IN,https://api.worldbank.org/v2/country/all/indicator/SP.DYN.LE00.IN?format=json&date=2019:2022,True
RUS,Russian Federation,Europe & Central Asia,High income,0.6989983909344943,0.5920132945094181,0.9396085264625544,0.5837960444941198,0.6805756982718847,0.2453125,0.0769230769230769,life_expectancy::life_expectancy_loss_2019_2020,life_expectancy_loss_2019_2020,1.7451219512195024,0.4172143633843104,1.327907587835192,-0.811003443552626,1.7451219512195024,uncertain / data-limited systems,vulnerability,186,186,7,0.03626943005181349,7,0.03626943005181349,SP.DYN.LE00.IN,https://api.worldbank.org/v2/country/all/indicator/SP.DYN.LE00.IN?format=json&date=2019:2022,True
CHL,Chile,Latin America & Caribbean ,High income,0.6982007888708822,0.4368623179100732,0.9197557906003184,0.7529887957924098,0.6831962511807274,0.21875,0.0384615384615384,life_expectancy::life_expectancy_loss_2019_2020,life_expectancy_loss_2019_2020,0.9749999999999943,0.6677126178360048,0.30728738216398954,-0.18767203936347798,0.9749999999999943,uncertain / data-limited systems,capacity,186,186,7,0.03626943005181349,7,0.03626943005181349,SP.DYN.LE00.IN,https://api.worldbank.org/v2/country/all/indicator/SP.DYN.LE00.IN?format=json&date=2019:2022,True
TON,Tonga,East Asia & Pacific,Upper middle income,0.6953209446132155,0.2563024879570035,0.975695576146483,0.7043985774546654,0.8448871368947101,0.40625,0.0769230769230769,life_expectancy::life_expectancy_loss_2019_2020,life_expectancy_loss_2019_2020,-0.0870000000000033,0.9039256664402933,-0.9909256664402966,0.605195824731971,-0.0870000000000033,uncertain / data-limited systems,capacity,186,186,7,0.03626943005181349,7,0.03626943005181349,SP.DYN.LE00.IN,https://api.worldbank.org/v2/country/all/indicator/SP.DYN.LE00.IN?format=json&date=2019:2022,True
TUR,Turkiye,Europe & Central Asia,Upper middle income,0.6933497826738224,0.2751721568793997,0.9576042105957356,0.7097883253054541,0.8308344379147002,0.23984375,0.0769230769230769,life_expectancy::life_expectancy_loss_2019_2020,life_expectancy_loss_2019_2020,1.211999999999989,1.6016545757893554,-0.38965457578936635,0.2379768032475723,1.211999999999989,uncertain / data-limited systems,capacity,186,186,7,0.03626943005181349,7,0.03626943005181349,SP.DYN.LE00.IN,https://api.worldbank.org/v2/country/all/indicator/SP.DYN.LE00.IN?format=json&date=2019:2022,True
BRA,Brazil,Latin America & Caribbean ,Upper middle income,0.6888440212001339,0.4951594678053926,0.8271090286894579,0.7033599026092245,0.7297476856964605,0.14609375,0.0384615384615384,life_expectancy::life_expectancy_loss_2019_2020,life_expectancy_loss_2019_2020,1.3029999999999973,1.1373315105549473,0.16566848944504997,-0.1011800193469281,1.3029999999999973,capacity under-realizers,capacity,186,186,7,0.03626943005181349,7,0.03626943005181349,SP.DYN.LE00.IN,https://api.worldbank.org/v2/country/all/indicator/SP.DYN.LE00.IN?format=json&date=2019:2022,True
SRB,Serbia,Europe & Central Asia,Upper middle income,0.6885828777950316,0.5668824894192857,0.8934190959424905,0.6337486862951238,0.6602812395232264,0.2299479166666666,0.0384615384615384,life_expectancy::life_expectancy_loss_2019_2020,life_expectancy_loss_2019_2020,1.4585365853659056,0.853480491267968,0.6050560940979376,-0.36953066640419757,1.4585365853659056,uncertain / data-limited systems,capacity,186,186,7,0.03626943005181349,7,0.03626943005181349,SP.DYN.LE00.IN,https://api.worldbank.org/v2/country/all/indicator/SP.DYN.LE00.IN?format=json&date=2019:2022,True
TUV,Tuvalu,East Asia & Pacific,Upper middle income,0.6882539424419049,0.5312132856025258,0.8053901808714473,0.5212048692670842,0.8952074340265621,0.3125,0.1153846153846153,life_expectancy::life_expectancy_loss_2019_2020,life_expectancy_loss_2019_2020,-0.24800000000000466,0.708641901757906,-0.9566419017579106,0.5842574315259419,-0.24800000000000466,uncertain / data-limited systems,vulnerability,186,186,7,0.03626943005181349,7,0.03626943005181349,SP.DYN.LE00.IN,https://api.worldbank.org/v2/country/all/indicator/SP.DYN.LE00.IN?format=json&date=2019:2022,True
MKD,North Macedonia,Europe & Central Asia,Upper middle income,0.687622500803049,0.4742074380793902,0.8439322654987391,0.6819603288603566,0.7503899707737098,0.09453125,0.0,life_expectancy::life_expectancy_loss_2019_2020,life_expectancy_loss_2019_2020,2.207317073170813,1.1709749646494294,1.0363421085213838,-0.6329333655511454,2.207317073170813,capacity under-realizers,capacity,186,186,7,0.03626943005181349,7,0.03626943005181349,SP.DYN.LE00.IN,https://api.worldbank.org/v2/country/all/indicator/SP.DYN.LE00.IN?format=json&date=2019:2022,True
CHN,China,East Asia & Pacific,Upper middle income,0.6868193062806881,0.3203666621840635,0.9563534174379298,0.6890617319767195,0.7814954135240395,0.1416666666666666,0.0384615384615384,life_expectancy::life_expectancy_loss_2019_2020,life_expectancy_loss_2019_2020,-0.07900000000000773,0.7657390352610292,-0.8447390352610369,0.51591411388565,-0.07900000000000773,effective converters,capacity,186,186,7,0.03626943005181349,7,0.03626943005181349,SP.DYN.LE00.IN,https://api.worldbank.org/v2/country/all/indicator/SP.DYN.LE00.IN?format=json&date=2019:2022,True
CYP,Cyprus,Europe & Central Asia,High income,0.6867041272209746,0.4030870152886168,0.9172025269884388,0.8157477202878922,0.6107792463189511,0.1627604166666666,0.0769230769230769,life_expectancy::life_expectancy_loss_2019_2020,life_expectancy_loss_2019_2020,0.22399999999998954,1.1336428257343056,-0.9096428257343161,0.5555533162335022,0.22399999999998954,effective converters,capacity,186,186,7,0.03626943005181349,7,0.03626943005181349,SP.DYN.LE00.IN,https://api.worldbank.org/v2/country/all/indicator/SP.DYN.LE00.IN?format=json&date=2019:2022,True
BGR,Bulgaria,Europe & Central Asia,High income,0.6854375852916174,0.6008706829887424,0.90834786272613,0.5947468983471923,0.637784897104405,0.3341145833333332,0.0384615384615384,life_expectancy::life_expectancy_loss_2019_2020,life_expectancy_loss_2019_2020,1.7560975609756042,0.290719430907909,1.4653781300676951,-0.8949619088546886,1.7560975609756042,uncertain / data-limited systems,vulnerability,186,186,7,0.03626943005181349,7,0.03626943005181349,SP.DYN.LE00.IN,https://api.worldbank.org/v2/country/all/indicator/SP.DYN.LE00.IN?format=json&date=2019:2022,True
SGP,Singapore,East Asia & Pacific,High income,0.6846585060982541,0.4108830413712889,0.9415056150331502,0.7115127888790815,0.6747325791094959,0.3541666666666667,0.0384615384615384,life_expectancy::life_expectancy_loss_2019_2020,life_expectancy_loss_2019_2020,0.05121951219510379,1.1027609085074428,-1.051541396312339,0.642216146108268,0.05121951219510379,uncertain / data-limited systems,capacity,186,186,7,0.03626943005181349,7,0.03626943005181349,SP.DYN.LE00.IN,https://api.worldbank.org/v2/country/all/indicator/SP.DYN.LE00.IN?format=json&date=2019:2022,True
LVA,Latvia,Europe & Central Asia,High income,0.6788426652576671,0.5032232979013287,0.928011666331225,0.6212809763928517,0.6628547204052629,0.2815104166666666,0.0384615384615384,life_expectancy::life_expectancy_loss_2019_2020,life_expectancy_loss_2019_2020,0.20243902439030137,0.30854168497021595,-0.10610266057991458,0.06480091226881815,0.20243902439030137,uncertain / data-limited systems,capacity,186,186,7,0.03626943005181349,7,0.03626943005181349,SP.DYN.LE00.IN,https://api.worldbank.org/v2/country/all/indicator/SP.DYN.LE00.IN?format=json&date=2019:2022,True
JOR,Jordan,"Middle East, North Africa, Afghanistan & Pakistan",Lower middle income,0.6757023078644859,0.3138518481233711,0.9418200451610784,0.7218043095294339,0.7253330286440602,0.2307291666666666,0.0384615384615384,life_expectancy::life_expectancy_loss_2019_2020,life_expectancy_loss_2019_2020,1.2819999999999965,1.3825871452211944,-0.10058714522119794,0.06143237820073679,1.2819999999999965,uncertain / data-limited systems,capacity,186,186,7,0.03626943005181349,7,0.03626943005181349,SP.DYN.LE00.IN,https://api.worldbank.org/v2/country/all/indicator/SP.DYN.LE00.IN?format=json&date=2019:2022,True
NIC,Nicaragua,Latin America & Caribbean ,Lower middle income,0.6740976553258002,0.2706416633866143,0.9554654121422552,0.7426474199142016,0.7276361258601298,0.29921875,0.1538461538461538,life_expectancy::life_expectancy_loss_2019_2020,life_expectancy_loss_2019_2020,2.9979999999999905,1.2016885802391963,1.7963114197607941,-1.097075399270719,2.9979999999999905,uncertain / data-limited systems,capacity,186,186,7,0.03626943005181349,7,0.03626943005181349,SP.DYN.LE00.IN,https://api.worldbank.org/v2/country/all/indicator/SP.DYN.LE00.IN?format=json&date=2019:2022,True
TUN,Tunisia,"Middle East, North Africa, Afghanistan & Pakistan",Lower middle income,0.6736728995848067,0.25366575099988,0.9592596257996054,0.7339569865766812,0.7478092349630598,0.2041666666666667,0.0,life_expectancy::life_expectancy_loss_2019_2020,life_expectancy_loss_2019_2020,0.5949999999999989,1.2115018097640182,-0.6165018097640194,0.37652099834005864,0.5949999999999989,uncertain / data-limited systems,capacity,186,186,7,0.03626943005181349,7,0.03626943005181349,SP.DYN.LE00.IN,https://api.worldbank.org/v2/country/all/indicator/SP.DYN.LE00.IN?format=json&date=2019:2022,True
IRN,"Iran, Islamic Rep.","Middle East, North Africa, Afghanistan & Pakistan",Upper middle income,0.6716950825288099,0.2899006188927754,0.979555809138539,0.7206501324705947,0.6966737696133306,0.1828124999999999,0.0769230769230769,life_expectancy::life_expectancy_loss_2019_2020,life_expectancy_loss_2019_2020,2.7139999999999986,1.3195567729466893,1.3944432270533094,-0.8516392777169876,2.7139999999999986,capacity under-realizers,capacity,186,186,7,0.03626943005181349,7,0.03626943005181349,SP.DYN.LE00.IN,https://api.worldbank.org/v2/country/all/indicator/SP.DYN.LE00.IN?format=json&date=2019:2022,True
NRU,Nauru,East Asia & Pacific,High income,0.670929668447223,0.5668279441592471,0.8864385214919197,0.389373482358202,0.8410787257795229,0.3385416666666667,0.1153846153846153,life_expectancy::life_expectancy_loss_2019_2020,life_expectancy_loss_2019_2020,-0.13400000000000034,0.3620650290304705,-0.49606502903047084,0.3029656961487868,-0.13400000000000034,uncertain / data-limited systems,vulnerability,186,186,7,0.03626943005181349,7,0.03626943005181349,SP.DYN.LE00.IN,https://api.worldbank.org/v2/country/all/indicator/SP.DYN.LE00.IN?format=json&date=2019:2022,True
VCT,St. Vincent and the Grenadines,Latin America & Caribbean ,Upper middle income,0.6701417723839488,0.3606948551024671,0.9521916893872016,0.5932353937819079,0.7744451512642184,0.17734375,0.0769230769230769,life_expectancy::life_expectancy_loss_2019_2020,life_expectancy_loss_2019_2020,1.3889999999999958,1.146315130696716,0.2426848693032797,-0.1482168386611449,1.3889999999999958,capacity under-realizers,capacity,186,186,7,0.03626943005181349,7,0.03626943005181349,SP.DYN.LE00.IN,https://api.worldbank.org/v2/country/all/indicator/SP.DYN.LE00.IN?format=json&date=2019:2022,True
ALB,Albania,Europe & Central Asia,Upper middle income,0.6696856726155633,0.3345657943556133,0.9726193994126826,0.7797703899355044,0.5917871067584531,0.0942708333333333,0.0384615384615384,life_expectancy::life_expectancy_loss_2019_2020,life_expectancy_loss_2019_2020,1.6430000000000007,1.3355834349764177,0.30741656502358294,-0.18775093622718897,1.6430000000000007,capacity under-realizers,capacity,186,186,7,0.03626943005181349,7,0.03626943005181349,SP.DYN.LE00.IN,https://api.worldbank.org/v2/country/all/indicator/SP.DYN.LE00.IN?format=json&date=2019:2022,True
UZB,Uzbekistan,Europe & Central Asia,Lower middle income,0.6686025330658762,0.4119113055278265,0.9405649421131524,0.6146409081395038,0.7072929764830225,0.1669270833333333,0.0384615384615384,life_expectancy::life_expectancy_loss_2019_2020,life_expectancy_loss_2019_2020,0.632000000000005,1.25334862549374,-0.621348625493735,0.3794811322251828,0.632000000000005,capacity under-realizers,capacity,186,186,7,0.03626943005181349,7,0.03626943005181349,SP.DYN.LE00.IN,https://api.worldbank.org/v2/country/all/indicator/SP.DYN.LE00.IN?format=json&date=2019:2022,True
KNA,St. Kitts and Nevis,Latin America & Caribbean ,High income,0.6647839475886296,0.4175374788716006,0.942039817022099,0.6969060044676371,0.6026524899931812,0.11015625,0.0769230769230769,life_expectancy::life_expectancy_loss_2019_2020,life_expectancy_loss_2019_2020,0.35900000000000887,0.9441694357698874,-0.5851694357698786,0.3573851311782839,0.35900000000000887,effective converters,capacity,186,186,7,0.03626943005181349,7,0.03626943005181349,SP.DYN.LE00.IN,https://api.worldbank.org/v2/country/all/indicator/SP.DYN.LE00.IN?format=json&date=2019:2022,True
ECU,Ecuador,Latin America & Caribbean ,Upper middle income,0.664199875526843,0.3467191820439355,0.7721230764365231,0.7681359992125998,0.7698212444143137,0.1432291666666666,0.0,life_expectancy::life_expectancy_loss_2019_2020,life_expectancy_loss_2019_2020,5.2819999999999965,1.3551365457712745,3.926863454228722,-2.3982841975715177,5.2819999999999965,capacity under-realizers,capacity,186,186,7,0.03626943005181349,7,0.03626943005181349,SP.DYN.LE00.IN,https://api.worldbank.org/v2/country/all/indicator/SP.DYN.LE00.IN?format=json&date=2019:2022,True
BIH,Bosnia and Herzegovina,Europe & Central Asia,Upper middle income,0.6623497621693846,0.4938099285027721,0.6856349836250097,0.6897881404976597,0.7801659960520969,0.125,0.0384615384615384,life_expectancy::life_expectancy_loss_2019_2020,life_expectancy_loss_2019_2020,1.3539999999999992,0.9180581844231291,0.43594181557687006,-0.266246173197788,1.3539999999999992,capacity under-realizers,capacity,186,186,7,0.03626943005181349,7,0.03626943005181349,SP.DYN.LE00.IN,https://api.worldbank.org/v2/country/all/indicator/SP.DYN.LE00.IN?format=json&date=2019:2022,True
LBY,Libya,"Middle East, North Africa, Afghanistan & Pakistan",Upper middle income,0.6597821993652432,0.3839160252030721,0.8404155544724616,0.6255679164991333,0.7892293012863056,0.12578125,0.0,life_expectancy::life_expectancy_loss_2019_2020,life_expectancy_loss_2019_2020,0.5529999999999973,0.9548721190297931,-0.4018721190297958,0.24543851950743237,0.5529999999999973,capacity under-realizers,capacity,186,186,7,0.03626943005181349,7,0.03626943005181349,SP.DYN.LE00.IN,https://api.worldbank.org/v2/country/all/indicator/SP.DYN.LE00.IN?format=json&date=2019:2022,True
PSE,West Bank and Gaza,"Middle East, North Africa, Afghanistan & Pakistan",Lower middle income,0.6587017614512714,0.3176807706933734,0.9877450980392156,0.6045379500737209,0.7248432269987758,0.15625,0.0384615384615384,life_expectancy::life_expectancy_loss_2019_2020,life_expectancy_loss_2019_2020,0.8130000000000024,1.362695905603695,-0.5496959056036925,0.335720103142225,0.8130000000000024,capacity under-realizers,capacity,186,186,7,0.03626943005181349,7,0.03626943005181349,SP.DYN.LE00.IN,https://api.worldbank.org/v2/country/all/indicator/SP.DYN.LE00.IN?format=json&date=2019:2022,True
BRB,Barbados,Latin America & Caribbean ,High income,0.6579409859020005,0.4376839484267321,0.8694472408349976,0.5981394797313992,0.7264932746148729,0.2169270833333332,0.0,life_expectancy::life_expectancy_loss_2019_2020,life_expectancy_loss_2019_2020,-0.15200000000000102,0.6439758626504839,-0.7959758626504849,0.4861325980121094,-0.15200000000000102,uncertain / data-limited systems,capacity,186,186,7,0.03626943005181349,7,0.03626943005181349,SP.DYN.LE00.IN,https://api.worldbank.org/v2/country/all/indicator/SP.DYN.LE00.IN?format=json&date=2019:2022,True
THA,Thailand,East Asia & Pacific,Upper middle income,0.6577800277292037,0.1805741643377892,0.8457201250794135,0.6959196213257433,0.9089062001738688,0.3406249999999999,0.0,life_expectancy::life_expectancy_loss_2019_2020,life_expectancy_loss_2019_2020,-0.13400000000000034,0.7380053902743755,-0.8720053902743758,0.5325667093008144,-0.13400000000000034,uncertain / data-limited systems,capacity,186,186,7,0.03626943005181349,7,0.03626943005181349,SP.DYN.LE00.IN,https://api.worldbank.org/v2/country/all/indicator/SP.DYN.LE00.IN?format=json&date=2019:2022,True
LCA,St. Lucia,Latin America & Caribbean ,Upper middle income,0.656083207299029,0.3119948676060742,0.9066315423963224,0.7046030667039356,0.7011033524897836,0.2447916666666666,0.0,life_expectancy::life_expectancy_loss_2019_2020,life_expectancy_loss_2019_2020,-0.05900000000001171,1.4271736250910303,-1.486173625091042,0.9076625050624489,-0.05900000000001171,uncertain / data-limited systems,capacity,186,186,7,0.03626943005181349,7,0.03626943005181349,SP.DYN.LE00.IN,https://api.worldbank.org/v2/country/all/indicator/SP.DYN.LE00.IN?format=json&date=2019:2022,True
MDA,Moldova,Europe & Central Asia,Upper middle income,0.6559742104121051,0.5279581493319597,0.8066741913681217,0.6028075479993572,0.6864569529489815,0.2244791666666666,0.0,life_expectancy::life_expectancy_loss_2019_2020,life_expectancy_loss_2019_2020,0.2669999999999959,1.0601409686037153,-0.7931409686037194,0.4844012208778152,0.2669999999999959,uncertain / data-limited systems,capacity,186,186,7,0.03626943005181349,7,0.03626943005181349,SP.DYN.LE00.IN,https://api.worldbank.org/v2/country/all/indicator/SP.DYN.LE00.IN?format=json&date=2019:2022,True
PAN,Panama,Latin America & Caribbean ,High income,0.6543250217256888,0.3766516033544161,0.8106900404600847,0.7907396443352344,0.6392187987530201,0.1044270833333333,0.0384615384615384,life_expectancy::life_expectancy_loss_2019_2020,life_expectancy_loss_2019_2020,2.1839999999999975,0.9625506878041448,1.2214493121958527,-0.7459853437020705,2.1839999999999975,capacity under-realizers,capacity,186,186,7,0.03626943005181349,7,0.03626943005181349,SP.DYN.LE00.IN,https://api.worldbank.org/v2/country/all/indicator/SP.DYN.LE00.IN?format=json&date=2019:2022,True
GEO,Georgia,Europe & Central Asia,Upper middle income,0.6532030764803352,0.509239642509025,0.887079208498833,0.6353008413217734,0.5811926135917094,0.3041666666666665,0.0,life_expectancy::life_expectancy_loss_2019_2020,life_expectancy_loss_2019_2020,0.6560000000000059,1.013740093008701,-0.35774009300869514,0.21848542020899772,0.6560000000000059,uncertain / data-limited systems,capacity,186,186,7,0.03626943005181349,7,0.03626943005181349,SP.DYN.LE00.IN,https://api.worldbank.org/v2/country/all/indicator/SP.DYN.LE00.IN?format=json&date=2019:2022,True
BHR,Bahrain,"Middle East, North Africa, Afghanistan & Pakistan",High income,0.6523110582727074,0.2242510935493122,0.989839380449274,0.6157753186314454,0.7793784404607978,0.2033854166666666,0.0,life_expectancy::life_expectancy_loss_2019_2020,life_expectancy_loss_2019_2020,1.7879999999999967,1.436104319280741,0.3518956807192557,-0.21491601633202775,1.7879999999999967,capacity under-realizers,capacity,186,186,7,0.03626943005181349,7,0.03626943005181349,SP.DYN.LE00.IN,https://api.worldbank.org/v2/country/all/indicator/SP.DYN.LE00.IN?format=json&date=2019:2022,True
TTO,Trinidad and Tobago,Latin America & Caribbean ,High income,0.6512626453966167,0.4104531585570775,0.9077504764921543,0.6217329960273007,0.6651139505099344,0.1833333333333332,0.0384615384615384,life_expectancy::life_expectancy_loss_2019_2020,life_expectancy_loss_2019_2020,0.1910000000000025,0.8481749835792951,-0.6571749835792926,0.40136164563101684,0.1910000000000025,effective converters,capacity,186,186,7,0.03626943005181349,7,0.03626943005181349,SP.DYN.LE00.IN,https://api.worldbank.org/v2/country/all/indicator/SP.DYN.LE00.IN?format=json&date=2019:2022,True
KGZ,Kyrgyz Republic,Europe & Central Asia,Lower middle income,0.6501454007497245,0.3317152029949079,0.8719689879667554,0.6767504291276911,0.7201469829095438,0.21484375,0.0,life_expectancy::life_expectancy_loss_2019_2020,life_expectancy_loss_2019_2020,-0.20000000000000284,1.1765505881217413,-1.3765505881217441,0.8407115656377159,-0.20000000000000284,uncertain / data-limited systems,capacity,186,186,7,0.03626943005181349,7,0.03626943005181349,SP.DYN.LE00.IN,https://api.worldbank.org/v2/country/all/indicator/SP.DYN.LE00.IN?format=json&date=2019:2022,True
DZA,Algeria,"Middle East, North Africa, Afghanistan & Pakistan",Upper middle income,0.6490773240471281,0.2542673301460795,0.8443272353045255,0.7553194495008495,0.7423952812370581,0.1796875,0.0,life_expectancy::life_expectancy_loss_2019_2020,life_expectancy_loss_2019_2020,2.424999999999997,1.2598143948282337,1.1651856051717635,-0.7116229674632537,2.424999999999997,capacity under-realizers,capacity,186,186,7,0.03626943005181349,7,0.03626943005181349,SP.DYN.LE00.IN,https://api.worldbank.org/v2/country/all/indicator/SP.DYN.LE00.IN?format=json&date=2019:2022,True
DMA,Dominica,Latin America & Caribbean ,Upper middle income,0.6483251716035098,0.3440806211298222,0.9032418160110532,0.6047602982406856,0.7412179510324783,0.0625,0.0769230769230769,life_expectancy::life_expectancy_loss_2019_2020,life_expectancy_loss_2019_2020,0.036000000000001364,0.9649199157240689,-0.9289199157240675,0.5673265649946221,0.036000000000001364,effective converters,capacity,186,186,7,0.03626943005181349,7,0.03626943005181349,SP.DYN.LE00.IN,https://api.worldbank.org/v2/country/all/indicator/SP.DYN.LE00.IN?format=json&date=2019:2022,True
SLV,El Salvador,Latin America & Caribbean ,Upper middle income,0.6480007768591318,0.3694577590601324,0.8834736436967887,0.5989970298532373,0.740074674826369,0.0578124999999999,0.0,life_expectancy::life_expectancy_loss_2019_2020,life_expectancy_loss_2019_2020,1.4809999999999945,1.199313576650244,0.28168642334975047,-0.17203656446537557,1.4809999999999945,capacity under-realizers,capacity,186,186,7,0.03626943005181349,7,0.03626943005181349,SP.DYN.LE00.IN,https://api.worldbank.org/v2/country/all/indicator/SP.DYN.LE00.IN?format=json&date=2019:2022,True
MNE,Montenegro,Europe & Central Asia,Upper middle income,0.6477545124955246,0.5126032821767527,0.6703444256780262,0.6929378044056801,0.7151325377216396,0.2916666666666667,0.0,life_expectancy::life_expectancy_loss_2019_2020,life_expectancy_loss_2019_2020,0.7512195121950924,1.054247073537684,-0.3030275613425917,0.18507040549473655,0.7512195121950924,uncertain / data-limited systems,capacity,186,186,7,0.03626943005181349,7,0.03626943005181349,SP.DYN.LE00.IN,https://api.worldbank.org/v2/country/all/indicator/SP.DYN.LE00.IN?format=json&date=2019:2022,True
LKA,Sri Lanka,South Asia,Lower middle income,0.6477008450464888,0.1899266334096221,0.9682850936923582,0.7529169738176473,0.6796746792663276,0.3653645833333332,0.0,life_expectancy::life_expectancy_loss_2019_2020,life_expectancy_loss_2019_2020,-0.23000000000000398,0.7359688130295534,-0.9659688130295574,0.5899537293920809,-0.23000000000000398,uncertain / data-limited systems,capacity,186,186,7,0.03626943005181349,7,0.03626943005181349,SP.DYN.LE00.IN,https://api.worldbank.org/v2/country/all/indicator/SP.DYN.LE00.IN?format=json&date=2019:2022,True
BLZ,Belize,Latin America & Caribbean ,Upper middle income,0.6459885184203296,0.1845481518563255,0.8652466029814967,0.7259879734102914,0.8081713454332043,0.3708333333333333,0.0,life_expectancy::life_expectancy_loss_2019_2020,life_expectancy_loss_2019_2020,0.9969999999999999,1.212146115643023,-0.21514611564302322,0.13139787907825312,0.9969999999999999,uncertain / data-limited systems,capacity,186,186,7,0.03626943005181349,7,0.03626943005181349,SP.DYN.LE00.IN,https://api.worldbank.org/v2/country/all/indicator/SP.DYN.LE00.IN?format=json&date=2019:2022,True
MYS,Malaysia,East Asia & Pacific,Upper middle income,0.6456944397265684,0.2291338827416733,0.9145985435053348,0.7111663135976891,0.7278790190615761,0.1822916666666666,0.0384615384615384,life_expectancy::life_expectancy_loss_2019_2020,life_expectancy_loss_2019_2020,-0.15699999999999648,0.9956426075389964,-1.1526426075389928,0.7039624838830425,-0.15699999999999648,adaptive over-performers,capacity,186,186,7,0.03626943005181349,7,0.03626943005181349,SP.DYN.LE00.IN,https://api.worldbank.org/v2/country/all/indicator/SP.DYN.LE00.IN?format=json&date=2019:2022,True
TJK,Tajikistan,Europe & Central Asia,Lower middle income,0.6357559129066745,0.3499546768118913,0.9214354407742822,0.6826989523373221,0.5889345817032028,0.2218749999999999,0.0,life_expectancy::life_expectancy_loss_2019_2020,life_expectancy_loss_2019_2020,2.3569999999999993,1.2645722958216825,1.0924277041783168,-0.6671869624340622,2.3569999999999993,uncertain / data-limited systems,capacity,186,186,7,0.03626943005181349,7,0.03626943005181349,SP.DYN.LE00.IN,https://api.worldbank.org/v2/country/all/indicator/SP.DYN.LE00.IN?format=json&date=2019:2022,True
MUS,Mauritius,Sub-Saharan Africa ,Upper middle income,0.6346337579052626,0.3330310308730893,0.9426166152682652,0.6202816841723293,0.6426057013073662,0.2302083333333332,0.0769230769230769,life_expectancy::life_expectancy_loss_2019_2020,life_expectancy_loss_2019_2020,0.05878048780489564,0.6995019229893369,-0.6407214351844412,0.3913128406319898,0.05878048780489564,uncertain / data-limited systems,capacity,186,186,7,0.03626943005181349,7,0.03626943005181349,SP.DYN.LE00.IN,https://api.worldbank.org/v2/country/all/indicator/SP.DYN.LE00.IN?format=json&date=2019:2022,True
ARM,Armenia,Europe & Central Asia,Upper middle income,0.6346016951006593,0.4732849256029421,0.9163214042247854,0.6415149075582738,0.5072855430166362,0.2875,0.0,life_expectancy::life_expectancy_loss_2019_2020,life_expectancy_loss_2019_2020,2.8463414634146034,1.1711951480657028,1.6751463153489006,-1.0230752822319609,2.8463414634146034,uncertain / data-limited systems,capacity,186,186,7,0.03626943005181349,7,0.03626943005181349,SP.DYN.LE00.IN,https://api.worldbank.org/v2/country/all/indicator/SP.DYN.LE00.IN?format=json&date=2019:2022,True
MEX,Mexico,Latin America & Caribbean ,Upper middle income,0.6295156707444782,0.2638600782104646,0.834289803866633,0.6905645268805292,0.729348274020286,0.09375,0.0,life_expectancy::life_expectancy_loss_2019_2020,life_expectancy_loss_2019_2020,4.081000000000003,1.2455497119375571,2.8354502880624457,-1.7317168519156994,4.081000000000003,structurally vulnerable systems,capacity,186,186,7,0.03626943005181349,7,0.03626943005181349,SP.DYN.LE00.IN,https://api.worldbank.org/v2/country/all/indicator/SP.DYN.LE00.IN?format=json&date=2019:2022,True
BHS,"Bahamas, The",Latin America & Caribbean ,High income,0.6272271607997593,0.3548022405378866,0.8258192258773593,0.6158999980284617,0.7123871787553294,0.1721354166666666,0.0384615384615384,life_expectancy::life_expectancy_loss_2019_2020,life_expectancy_loss_2019_2020,-1.5859999999999985,0.4974928743059934,-2.0834928743059917,1.2724679873500584,-1.5859999999999985,adaptive over-performers,capacity,186,186,7,0.03626943005181349,7,0.03626943005181349,SP.DYN.LE00.IN,https://api.worldbank.org/v2/country/all/indicator/SP.DYN.LE00.IN?format=json&date=2019:2022,True
BTN,Bhutan,South Asia,Lower middle income,0.6260503846584147,0.1205530925308737,0.8514114305809429,0.7092362861309001,0.8230007293909417,0.3460937499999999,0.0,life_expectancy::life_expectancy_loss_2019_2020,life_expectancy_loss_2019_2020,-0.24800000000000466,0.47953877608489615,-0.7275387760849008,0.4443354779565786,-0.24800000000000466,uncertain / data-limited systems,capacity,186,186,7,0.03626943005181349,7,0.03626943005181349,SP.DYN.LE00.IN,https://api.worldbank.org/v2/country/all/indicator/SP.DYN.LE00.IN?format=json&date=2019:2022,True
JAM,Jamaica,Latin America & Caribbean ,Upper middle income,0.6236573755955415,0.2282760912104227,0.8809742637247908,0.6509635969585903,0.7344155504883616,0.1984374999999999,0.0,life_expectancy::life_expectancy_loss_2019_2020,life_expectancy_loss_2019_2020,0.0799999999999983,1.261618292266689,-1.1816182922666907,0.7216590316765285,0.0799999999999983,adaptive over-performers,capacity,186,186,7,0.03626943005181349,7,0.03626943005181349,SP.DYN.LE00.IN,https://api.worldbank.org/v2/country/all/indicator/SP.DYN.LE00.IN?format=json&date=2019:2022,True
TKM,Turkmenistan,Europe & Central Asia,Upper middle income,0.6230590832895327,0.2990039826459934,0.9642564590376924,0.6336296311541779,0.5953462603202672,0.0833333333333333,0.0384615384615384,life_expectancy::life_expectancy_loss_2019_2020,life_expectancy_loss_2019_2020,0.5589999999999975,1.269861917407585,-0.7108619174075874,0.4341502889126703,0.5589999999999975,adaptive over-performers,capacity,186,186,7,0.03626943005181349,7,0.03626943005181349,SP.DYN.LE00.IN,https://api.worldbank.org/v2/country/all/indicator/SP.DYN.LE00.IN?format=json&date=2019:2022,True
GRD,Grenada,Latin America & Caribbean ,Upper middle income,0.6224522850556857,0.2911663844123551,0.9151535956660868,0.6419917381565539,0.6414974219877472,0.1354166666666666,0.0769230769230769,life_expectancy::life_expectancy_loss_2019_2020,life_expectancy_loss_2019_2020,-0.04800000000000182,1.1648826385528617,-1.2128826385528635,0.7407533517412579,-0.04800000000000182,adaptive over-performers,capacity,186,186,7,0.03626943005181349,7,0.03626943005181349,SP.DYN.LE00.IN,https://api.worldbank.org/v2/country/all/indicator/SP.DYN.LE00.IN?format=json&date=2019:2022,True
LBN,Lebanon,"Middle East, North Africa, Afghanistan & Pakistan",Lower middle income,0.6207577583141333,0.3822786569165964,0.7926950458636233,0.6585748480252485,0.6494824824510651,0.1984374999999999,0.0384615384615384,life_expectancy::life_expectancy_loss_2019_2020,life_expectancy_loss_2019_2020,1.9089999999999918,1.278615556279657,0.6303844437203348,-0.3849996485468152,1.9089999999999918,structurally vulnerable systems,capacity,186,186,7,0.03626943005181349,7,0.03626943005181349,SP.DYN.LE00.IN,https://api.worldbank.org/v2/country/all/indicator/SP.DYN.LE00.IN?format=json&date=2019:2022,True
PRY,Paraguay,Latin America & Caribbean ,Upper middle income,0.6200103143941642,0.2308564778967678,0.8269696833764881,0.7383300460921496,0.683885050211251,0.1216145833333333,0.0,life_expectancy::life_expectancy_loss_2019_2020,life_expectancy_loss_2019_2020,0.9480000000000075,1.1501713078869795,-0.20217130788697202,0.12347367270577111,0.9480000000000075,adaptive over-performers,capacity,186,186,7,0.03626943005181349,7,0.03626943005181349,SP.DYN.LE00.IN,https://api.worldbank.org/v2/country/all/indicator/SP.DYN.LE00.IN?format=json&date=2019:2022,True
FJI,Fiji,East Asia & Pacific,Upper middle income,0.6178667108182544,0.1718859030867164,0.9193966862730744,0.553064783244404,0.8271194706688227,0.17734375,0.0,life_expectancy::life_expectancy_loss_2019_2020,life_expectancy_loss_2019_2020,0.08499999999999375,0.5570670466683458,-0.4720670466683521,0.2883092196648156,0.08499999999999375,adaptive over-performers,capacity,186,186,7,0.03626943005181349,7,0.03626943005181349,SP.DYN.LE00.IN,https://api.worldbank.org/v2/country/all/indicator/SP.DYN.LE00.IN?format=json&date=2019:2022,True
GUY,Guyana,Latin America & Caribbean ,High income,0.6118947006333888,0.2028261617228233,0.867480051953228,0.6105846381499948,0.766687950707509,0.28125,0.0,life_expectancy::life_expectancy_loss_2019_2020,life_expectancy_loss_2019_2020,1.3159999999999883,0.32153542345902125,0.994464576540967,-0.6073571711271263,1.3159999999999883,uncertain / data-limited systems,capacity,186,186,7,0.03626943005181349,7,0.03626943005181349,SP.DYN.LE00.IN,https://api.worldbank.org/v2/country/all/indicator/SP.DYN.LE00.IN?format=json&date=2019:2022,True
PER,Peru,Latin America & Caribbean ,Upper middle income,0.6056794177274751,0.219058315884222,0.7904545559187894,0.7070732519612428,0.7061315471456461,0.0992187499999999,0.0384615384615384,life_expectancy::life_expectancy_loss_2019_2020,life_expectancy_loss_2019_2020,2.443000000000012,1.0113329531113713,1.4316670468886408,-0.8743732739266569,2.443000000000012,structurally vulnerable systems,capacity,186,186,7,0.03626943005181349,7,0.03626943005181349,SP.DYN.LE00.IN,https://api.worldbank.org/v2/country/all/indicator/SP.DYN.LE00.IN?format=json&date=2019:2022,True
CPV,Cabo Verde,Sub-Saharan Africa ,Upper middle income,0.6056459361798809,0.1748414442188375,0.8907404525592983,0.6685434249570065,0.6884584229843812,0.1200520833333333,0.0,life_expectancy::life_expectancy_loss_2019_2020,life_expectancy_loss_2019_2020,1.6310000000000002,0.5996162179507267,1.0313837820492735,-0.6299051278334176,1.6310000000000002,structurally vulnerable systems,capacity,186,186,7,0.03626943005181349,7,0.03626943005181349,SP.DYN.LE00.IN,https://api.worldbank.org/v2/country/all/indicator/SP.DYN.LE00.IN?format=json&date=2019:2022,True
MNG,Mongolia,East Asia & Pacific,Upper middle income,0.6032546228987976,0.4314765764284001,0.7677104522967445,0.5775556570056546,0.6362758058643913,0.2138020833333333,0.0,life_expectancy::life_expectancy_loss_2019_2020,life_expectancy_loss_2019_2020,-0.2958536585366005,0.3278531578768318,-0.6237068164134323,0.3809213687099723,-0.2958536585366005,uncertain / data-limited systems,capacity,186,186,7,0.03626943005181349,7,0.03626943005181349,SP.DYN.LE00.IN,https://api.worldbank.org/v2/country/all/indicator/SP.DYN.LE00.IN?format=json&date=2019:2022,True
HND,Honduras,Latin America & Caribbean ,Lower middle income,0.600295509808412,0.1662024963072592,0.9044145349804646,0.6889332074130756,0.6416318005328481,0.1283854166666666,0.0,life_expectancy::life_expectancy_loss_2019_2020,life_expectancy_loss_2019_2020,1.259999999999991,1.1131982810958387,0.14680171890415217,-0.08965736820948736,1.259999999999991,structurally vulnerable systems,capacity,186,186,7,0.03626943005181349,7,0.03626943005181349,SP.DYN.LE00.IN,https://api.worldbank.org/v2/country/all/indicator/SP.DYN.LE00.IN?format=json&date=2019:2022,True
VNM,Viet Nam,East Asia & Pacific,Lower middle income,0.5964542720852765,0.1832401747811078,0.8161335993963043,0.6903622627948471,0.6960810513688466,0.2348958333333333,0.0,life_expectancy::life_expectancy_loss_2019_2020,life_expectancy_loss_2019_2020,-1.171999999999997,0.7470917955265353,-1.9190917955265323,1.1720620236856232,-1.171999999999997,uncertain / data-limited systems,capacity,186,186,7,0.03626943005181349,7,0.03626943005181349,SP.DYN.LE00.IN,https://api.worldbank.org/v2/country/all/indicator/SP.DYN.LE00.IN?format=json&date=2019:2022,True
MAR,Morocco,"Middle East, North Africa, Afghanistan & Pakistan",Lower middle income,0.5918387866998884,0.1294196547620839,0.9488915513110034,0.6876315193950658,0.6014124213314006,0.1096354166666667,0.0384615384615384,life_expectancy::life_expectancy_loss_2019_2020,life_expectancy_loss_2019_2020,1.112000000000009,1.0309358764017489,0.0810641235982601,-0.04950892967931746,1.112000000000009,structurally vulnerable systems,capacity,186,186,7,0.03626943005181349,7,0.03626943005181349,SP.DYN.LE00.IN,https://api.worldbank.org/v2/country/all/indicator/SP.DYN.LE00.IN?format=json&date=2019:2022,True
WSM,Samoa,East Asia & Pacific,Upper middle income,0.5872633582580222,0.2456591993164952,0.6134292279437159,0.6798764898784216,0.810088515893456,0.2765625,0.0769230769230769,life_expectancy::life_expectancy_loss_2019_2020,life_expectancy_loss_2019_2020,-0.4579999999999984,0.6874306261594905,-1.1454306261594889,0.6995578537813723,-0.4579999999999984,uncertain / data-limited systems,capacity,186,186,7,0.03626943005181349,7,0.03626943005181349,SP.DYN.LE00.IN,https://api.worldbank.org/v2/country/all/indicator/SP.DYN.LE00.IN?format=json&date=2019:2022,True
SUR,Suriname,Latin America & Caribbean ,Upper middle income,0.5820331620334881,0.3039261044589958,0.6108436046278103,0.6270112389349571,0.7863517001121891,0.078125,0.0,life_expectancy::life_expectancy_loss_2019_2020,life_expectancy_loss_2019_2020,-0.5480000000000018,0.8049294278895498,-1.3529294278895516,0.8262852286964181,-0.5480000000000018,adaptive over-performers,capacity,186,186,7,0.03626943005181349,7,0.03626943005181349,SP.DYN.LE00.IN,https://api.worldbank.org/v2/country/all/indicator/SP.DYN.LE00.IN?format=json&date=2019:2022,True
EGY,"Egypt, Arab Rep.","Middle East, North Africa, Afghanistan & Pakistan",Lower middle income,0.5749914738003827,0.1425905407592108,0.9368700462464432,0.5748929504998724,0.6456123576960046,0.0677083333333333,0.0,life_expectancy::life_expectancy_loss_2019_2020,life_expectancy_loss_2019_2020,1.4229999999999876,1.028270746554534,0.3947292534454536,-0.24107610103885582,1.4229999999999876,structurally vulnerable systems,capacity,186,186,7,0.03626943005181349,7,0.03626943005181349,SP.DYN.LE00.IN,https://api.worldbank.org/v2/country/all/indicator/SP.DYN.LE00.IN?format=json&date=2019:2022,True
AZE,Azerbaijan,Europe & Central Asia,Upper middle income,0.5727858513007176,0.3472579615421797,0.7015549952002419,0.681467035750128,0.5608634127103203,0.1528645833333333,0.0,life_expectancy::life_expectancy_loss_2019_2020,life_expectancy_loss_2019_2020,2.9780000000000086,1.4462652519840515,1.531734748015957,-0.9354884079511193,2.9780000000000086,structurally vulnerable systems,capacity,186,186,7,0.03626943005181349,7,0.03626943005181349,SP.DYN.LE00.IN,https://api.worldbank.org/v2/country/all/indicator/SP.DYN.LE00.IN?format=json&date=2019:2022,True
UKR,Ukraine,Europe & Central Asia,Upper middle income,0.5714051748848457,0.4441733441292559,0.5402916603346692,0.5866085877199805,0.7145471073554772,0.2919270833333333,0.1153846153846153,life_expectancy::life_expectancy_loss_2019_2020,life_expectancy_loss_2019_2020,0.6370000000000005,0.7766630210051642,-0.1396630210051637,0.085297495104161,0.6370000000000005,uncertain / data-limited systems,capacity,186,186,7,0.03626943005181349,7,0.03626943005181349,SP.DYN.LE00.IN,https://api.worldbank.org/v2/country/all/indicator/SP.DYN.LE00.IN?format=json&date=2019:2022,True
DOM,Dominican Republic,Latin America & Caribbean ,Upper middle income,0.5691724008936305,0.1833018379392382,0.7568322344837783,0.6245700681687736,0.7119854629827318,0.0833333333333333,0.0,life_expectancy::life_expectancy_loss_2019_2020,life_expectancy_loss_2019_2020,0.4759999999999991,1.2355719175273832,-0.7595719175273841,0.4638993303327927,0.4759999999999991,adaptive over-performers,capacity,186,186,7,0.03626943005181349,7,0.03626943005181349,SP.DYN.LE00.IN,https://api.worldbank.org/v2/country/all/indicator/SP.DYN.LE00.IN?format=json&date=2019:2022,True
MHL,Marshall Islands,East Asia & Pacific,Upper middle income,0.5672960384510873,0.4722536138840991,0.5022291706934692,0.5302010852570538,0.7645002839697274,0.3492187499999999,0.1538461538461538,life_expectancy::life_expectancy_loss_2019_2020,life_expectancy_loss_2019_2020,0.6599999999999966,0.6382916092188854,0.021708390781111198,-0.013258136212752987,0.6599999999999966,uncertain / data-limited systems,capacity,186,186,7,0.03626943005181349,7,0.03626943005181349,SP.DYN.LE00.IN,https://api.worldbank.org/v2/country/all/indicator/SP.DYN.LE00.IN?format=json&date=2019:2022,True
BOL,Bolivia,Latin America & Caribbean ,Lower middle income,0.566427958565157,0.2527398762657427,0.7729294989041062,0.619314310713776,0.6207281483770031,0.0520833333333333,0.0,life_expectancy::life_expectancy_loss_2019_2020,life_expectancy_loss_2019_2020,4.913999999999994,0.7179489690492775,4.196051030950716,-2.5626872431471703,4.913999999999994,structurally vulnerable systems,capacity,186,186,7,0.03626943005181349,7,0.03626943005181349,SP.DYN.LE00.IN,https://api.worldbank.org/v2/country/all/indicator/SP.DYN.LE00.IN?format=json&date=2019:2022,True
KIR,Kiribati,East Asia & Pacific,Lower middle income,0.5517726113500948,0.4386351161119455,0.5847467409745934,0.5255845965845357,0.6581239917293048,0.2354166666666667,0.0769230769230769,life_expectancy::life_expectancy_loss_2019_2020,life_expectancy_loss_2019_2020,0.6610000000000014,0.32215702038712246,0.3388429796128789,-0.20694423754116167,0.6610000000000014,uncertain / data-limited systems,capacity,186,186,7,0.03626943005181349,7,0.03626943005181349,SP.DYN.LE00.IN,https://api.worldbank.org/v2/country/all/indicator/SP.DYN.LE00.IN?format=json&date=2019:2022,True
STP,Sao Tome and Principe,Sub-Saharan Africa ,Lower middle income,0.5432597176279896,0.2281945139463848,0.8569850950422522,0.5472049288752009,0.5406543326481204,0.046875,0.0384615384615384,life_expectancy::life_expectancy_loss_2019_2020,life_expectancy_loss_2019_2020,0.06400000000000716,0.3160639478451411,-0.2520639478451339,0.15394499705445205,0.06400000000000716,adaptive over-performers,capacity,186,186,7,0.03626943005181349,7,0.03626943005181349,SP.DYN.LE00.IN,https://api.worldbank.org/v2/country/all/indicator/SP.DYN.LE00.IN?format=json&date=2019:2022,True
GTM,Guatemala,Latin America & Caribbean ,Upper middle income,0.5425743618946528,0.1381242055350285,0.8197473484421942,0.6661923964367509,0.5462334971646373,0.0625,0.0,life_expectancy::life_expectancy_loss_2019_2020,life_expectancy_loss_2019_2020,1.6679999999999922,1.2253016705902124,0.4426983294097797,-0.27037263202300915,1.6679999999999922,structurally vulnerable systems,capacity,186,186,7,0.03626943005181349,7,0.03626943005181349,SP.DYN.LE00.IN,https://api.worldbank.org/v2/country/all/indicator/SP.DYN.LE00.IN?format=json&date=2019:2022,True
VUT,Vanuatu,East Asia & Pacific,Lower middle income,0.5401828820320265,0.1091645110423711,0.7539178804659304,0.6888072958568461,0.6088418407629584,0.1979166666666666,0.0384615384615384,life_expectancy::life_expectancy_loss_2019_2020,life_expectancy_loss_2019_2020,0.39799999999999613,0.35119580634302494,0.046804193656971194,-0.02858509325215079,0.39799999999999613,structurally vulnerable systems,capacity,186,186,7,0.03626943005181349,7,0.03626943005181349,SP.DYN.LE00.IN,https://api.worldbank.org/v2/country/all/indicator/SP.DYN.LE00.IN?format=json&date=2019:2022,True
SLB,Solomon Islands,East Asia & Pacific,Lower middle income,0.5398396985066892,0.1643797317525542,0.7713716073919891,0.6719613155185465,0.551646139363667,0.1208333333333334,0.0384615384615384,life_expectancy::life_expectancy_loss_2019_2020,life_expectancy_loss_2019_2020,0.722999999999999,0.31163538442984784,0.41136461557015114,-0.2512359465668633,0.722999999999999,structurally vulnerable systems,capacity,186,186,7,0.03626943005181349,7,0.03626943005181349,SP.DYN.LE00.IN,https://api.worldbank.org/v2/country/all/indicator/SP.DYN.LE00.IN?format=json&date=2019:2022,True
IRQ,Iraq,"Middle East, North Africa, Afghanistan & Pakistan",Upper middle income,0.5395766173515494,0.1230682021831125,0.7447388813460643,0.5954737713571951,0.6950256145198255,0.078125,0.0,life_expectancy::life_expectancy_loss_2019_2020,life_expectancy_loss_2019_2020,1.5940000000000083,1.159036067133795,0.4349639328662134,-0.26564894320000926,1.5940000000000083,structurally vulnerable systems,capacity,186,186,7,0.03626943005181349,7,0.03626943005181349,SP.DYN.LE00.IN,https://api.worldbank.org/v2/country/all/indicator/SP.DYN.LE00.IN?format=json&date=2019:2022,True
FSM,"Micronesia, Fed. Sts.",East Asia & Pacific,Lower middle income,0.5300177062349254,0.3052058387651767,0.5598279910743895,0.5624547285242376,0.6925822665758978,0.1822916666666666,0.1153846153846153,life_expectancy::life_expectancy_loss_2019_2020,life_expectancy_loss_2019_2020,0.31799999999999784,0.36776923983532417,-0.04976923983532633,0.030395959221264507,0.31799999999999784,adaptive over-performers,capacity,186,186,7,0.03626943005181349,7,0.03626943005181349,SP.DYN.LE00.IN,https://api.worldbank.org/v2/country/all/indicator/SP.DYN.LE00.IN?format=json&date=2019:2022,True
BWA,Botswana,Sub-Saharan Africa ,Upper middle income,0.5208874245115966,0.2831414738377958,0.5146708482962801,0.538222136240808,0.7475152396715028,0.1002604166666666,0.0384615384615384,life_expectancy::life_expectancy_loss_2019_2020,life_expectancy_loss_2019_2020,-0.4759999999999991,0.08246875081574251,-0.5584687508157415,0.3410780118867068,-0.4759999999999991,adaptive over-performers,capacity,186,186,7,0.03626943005181349,7,0.03626943005181349,SP.DYN.LE00.IN,https://api.worldbank.org/v2/country/all/indicator/SP.DYN.LE00.IN?format=json&date=2019:2022,True
IDN,Indonesia,East Asia & Pacific,Upper middle income,0.5044533640762929,0.0796636381467361,0.6623559046159495,0.6187233532347418,0.6570705603077445,0.078125,0.0,life_expectancy::life_expectancy_loss_2019_2020,life_expectancy_loss_2019_2020,1.5320000000000107,0.5722692951294932,0.9597307048705175,-0.5861438805407141,1.5320000000000107,structurally vulnerable systems,capacity,186,186,7,0.03626943005181349,7,0.03626943005181349,SP.DYN.LE00.IN,https://api.worldbank.org/v2/country/all/indicator/SP.DYN.LE00.IN?format=json&date=2019:2022,True
SYR,Syrian Arab Republic,"Middle East, North Africa, Afghanistan & Pakistan",Low income,0.5021758668129401,0.1437721937857306,0.5865949872379461,0.537497402384935,0.7408388838431488,0.0625,0.0,life_expectancy::life_expectancy_loss_2019_2020,life_expectancy_loss_2019_2020,-0.9740000000000038,0.23715262118557942,-1.2111526211855832,0.7396967646299835,-0.9740000000000038,adaptive over-performers,capacity,186,186,7,0.03626943005181349,7,0.03626943005181349,SP.DYN.LE00.IN,https://api.worldbank.org/v2/country/all/indicator/SP.DYN.LE00.IN?format=json&date=2019:2022,True
IND,India,South Asia,Lower middle income,0.4769684618841638,0.0957956293385185,0.7598478206784196,0.4991762873010434,0.5530541102186738,0.0419270833333333,0.0384615384615384,life_expectancy::life_expectancy_loss_2019_2020,life_expectancy_loss_2019_2020,0.5899999999999892,0.24295750384066805,0.34704249615932115,-0.21195199276114066,0.5899999999999892,structurally vulnerable systems,capacity,186,186,7,0.03626943005181349,7,0.03626943005181349,SP.DYN.LE00.IN,https://api.worldbank.org/v2/country/all/indicator/SP.DYN.LE00.IN?format=json&date=2019:2022,True
PHL,Philippines,East Asia & Pacific,Lower middle income,0.4762555295733501,0.1486166930851677,0.5385221702317291,0.575070341487582,0.6428129134889219,0.0625,0.0,life_expectancy::life_expectancy_loss_2019_2020,life_expectancy_loss_2019_2020,-0.4169999999999874,0.5272009938193053,-0.9442009938192927,0.5766592979874561,-0.4169999999999874,adaptive over-performers,capacity,186,186,7,0.03626943005181349,7,0.03626943005181349,SP.DYN.LE00.IN,https://api.worldbank.org/v2/country/all/indicator/SP.DYN.LE00.IN?format=json&date=2019:2022,True
RWA,Rwanda,Sub-Saharan Africa ,Low income,0.4737129322126504,0.0993679443748664,0.8041887962443444,0.5257346829238777,0.465560305307513,0.1197916666666666,0.0,life_expectancy::life_expectancy_loss_2019_2020,life_expectancy_loss_2019_2020,-0.26200000000000045,-0.298976211417259,0.03697621141725854,-0.022582772373350116,-0.26200000000000045,structurally vulnerable systems,capacity,186,186,7,0.03626943005181349,7,0.03626943005181349,SP.DYN.LE00.IN,https://api.worldbank.org/v2/country/all/indicator/SP.DYN.LE00.IN?format=json&date=2019:2022,True
TLS,Timor-Leste,East Asia & Pacific,Lower middle income,0.4709222041686162,0.191850044061503,0.524835899074898,0.6180879989865786,0.5489148745514851,0.0729166666666666,0.0,life_expectancy::life_expectancy_loss_2019_2020,life_expectancy_loss_2019_2020,-0.4230000000000018,0.2635940516461782,-0.68659405164618,0.4193289844179355,-0.4230000000000018,adaptive over-performers,capacity,186,186,7,0.03626943005181349,7,0.03626943005181349,SP.DYN.LE00.IN,https://api.worldbank.org/v2/country/all/indicator/SP.DYN.LE00.IN?format=json&date=2019:2022,True
KHM,Cambodia,East Asia & Pacific,Lower middle income,0.4667317995496761,0.0715686876585644,0.6658634126967647,0.6623869270601,0.4671081707832752,0.0627604166666667,0.0,life_expectancy::life_expectancy_loss_2019_2020,life_expectancy_loss_2019_2020,0.06799999999999784,0.38734311825564555,-0.3193431182556477,0.19503493387094575,0.06799999999999784,adaptive over-performers,capacity,186,186,7,0.03626943005181349,7,0.03626943005181349,SP.DYN.LE00.IN,https://api.worldbank.org/v2/country/all/indicator/SP.DYN.LE00.IN?format=json&date=2019:2022,True
BGD,Bangladesh,South Asia,Lower middle income,0.465299501876273,0.0277365541864058,0.8647335436985515,0.5390275147402761,0.4297003948798584,0.11484375,0.0,life_expectancy::life_expectancy_loss_2019_2020,life_expectancy_loss_2019_2020,1.2039999999999935,0.4055263550334503,0.7984736449665433,-0.4876580882481209,1.2039999999999935,structurally vulnerable systems,capacity,186,186,7,0.03626943005181349,7,0.03626943005181349,SP.DYN.LE00.IN,https://api.worldbank.org/v2/country/all/indicator/SP.DYN.LE00.IN?format=json&date=2019:2022,True
LAO,Lao PDR,East Asia & Pacific,Lower middle income,0.4611983638971529,0.0563489181052585,0.6191769003881133,0.6275395245169573,0.5417281125782825,0.0885416666666666,0.0,life_expectancy::life_expectancy_loss_2019_2020,life_expectancy_loss_2019_2020,-0.42799999999999727,0.27270874414971846,-0.7007087441497157,0.42794936156610386,-0.42799999999999727,adaptive over-performers,capacity,186,186,7,0.03626943005181349,7,0.03626943005181349,SP.DYN.LE00.IN,https://api.worldbank.org/v2/country/all/indicator/SP.DYN.LE00.IN?format=json&date=2019:2022,True
NPL,Nepal,South Asia,Lower middle income,0.458358176994579,0.1190327163734313,0.7429265240918324,0.500478663921392,0.4709948035916604,0.08359375,0.0,life_expectancy::life_expectancy_loss_2019_2020,life_expectancy_loss_2019_2020,0.19300000000001205,0.04424439443424272,0.14875560556576933,-0.09085068077536128,0.19300000000001205,structurally vulnerable systems,capacity,186,186,7,0.03626943005181349,7,0.03626943005181349,SP.DYN.LE00.IN,https://api.worldbank.org/v2/country/all/indicator/SP.DYN.LE00.IN?format=json&date=2019:2022,True
ZAF,South Africa,Sub-Saharan Africa ,Upper middle income,0.4558240917095925,0.3119245659700085,0.3124315443592552,0.4791970942098676,0.7197431622992388,0.2294270833333333,0.0384615384615384,life_expectancy::life_expectancy_loss_2019_2020,life_expectancy_loss_2019_2020,0.9209999999999923,0.06164422352121052,0.8593557764787818,-0.5248411111930711,0.9209999999999923,uncertain / data-limited systems,capacity,186,186,7,0.03626943005181349,7,0.03626943005181349,SP.DYN.LE00.IN,https://api.worldbank.org/v2/country/all/indicator/SP.DYN.LE00.IN?format=json&date=2019:2022,True
BDI,Burundi,Sub-Saharan Africa ,Low income,0.4518265491961435,0.1805834456155578,0.8008280063142355,0.446328627443242,0.3795661174115387,0.08359375,0.0384615384615384,life_expectancy::life_expectancy_loss_2019_2020,life_expectancy_loss_2019_2020,-0.3890000000000029,-0.5331704296151951,0.14417042961519222,-0.08805034021004007,-0.3890000000000029,structurally vulnerable systems,capacity,186,186,7,0.03626943005181349,7,0.03626943005181349,SP.DYN.LE00.IN,https://api.worldbank.org/v2/country/all/indicator/SP.DYN.LE00.IN?format=json&date=2019:2022,True
GHA,Ghana,Sub-Saharan Africa ,Lower middle income,0.4426805862707159,0.073435482198883,0.7695431024679774,0.4472207892448177,0.4805229711711855,0.0520833333333333,0.0,life_expectancy::life_expectancy_loss_2019_2020,life_expectancy_loss_2019_2020,0.1460000000000008,-0.006282027056443484,0.15228202705644428,-0.09300439990352573,0.1460000000000008,structurally vulnerable systems,capacity,186,186,7,0.03626943005181349,7,0.03626943005181349,SP.DYN.LE00.IN,https://api.worldbank.org/v2/country/all/indicator/SP.DYN.LE00.IN?format=json&date=2019:2022,True
NAM,Namibia,Sub-Saharan Africa ,Lower middle income,0.4386367228883814,0.3412299256898816,0.3221436883899233,0.4837600851556433,0.6074131923180774,0.2,0.0384615384615384,life_expectancy::life_expectancy_loss_2019_2020,life_expectancy_loss_2019_2020,-0.5249999999999986,-0.29371497915558314,-0.23128502084441543,0.1412545195654396,-0.5249999999999986,adaptive over-performers,preparedness,186,186,7,0.03626943005181349,7,0.03626943005181349,SP.DYN.LE00.IN,https://api.worldbank.org/v2/country/all/indicator/SP.DYN.LE00.IN?format=json&date=2019:2022,True
SEN,Senegal,Sub-Saharan Africa ,Lower middle income,0.4379660663743003,0.0493759678162195,0.7881863096898036,0.5250920714456888,0.3892099165454893,0.1200520833333333,0.0,life_expectancy::life_expectancy_loss_2019_2020,life_expectancy_loss_2019_2020,0.17200000000001125,-0.021460260105034268,0.19346026010504552,-0.1181535059917522,0.17200000000001125,structurally vulnerable systems,capacity,186,186,7,0.03626943005181349,7,0.03626943005181349,SP.DYN.LE00.IN,https://api.worldbank.org/v2/country/all/indicator/SP.DYN.LE00.IN?format=json&date=2019:2022,True
MMR,Myanmar,East Asia & Pacific,Lower middle income,0.4366122918198714,0.0938008368757022,0.6423661279444203,0.5645265572023461,0.4457556452570169,0.0364583333333333,0.0,life_expectancy::life_expectancy_loss_2019_2020,life_expectancy_loss_2019_2020,-0.15500000000000114,0.14167485245171757,-0.2966748524517187,0.1811905656372172,-0.15500000000000114,adaptive over-performers,capacity,186,186,7,0.03626943005181349,7,0.03626943005181349,SP.DYN.LE00.IN,https://api.worldbank.org/v2/country/all/indicator/SP.DYN.LE00.IN?format=json&date=2019:2022,True
COM,Comoros,Sub-Saharan Africa ,Lower middle income,0.4359416716365727,0.1223795055113391,0.7148520425419502,0.5661156039532775,0.3404195345397242,0.05234375,0.0384615384615384,life_expectancy::life_expectancy_loss_2019_2020,life_expectancy_loss_2019_2020,-0.09399999999999409,0.16960310672196405,-0.26360310672195814,0.16099239829723097,-0.09399999999999409,adaptive over-performers,capacity,186,186,7,0.03626943005181349,7,0.03626943005181349,SP.DYN.LE00.IN,https://api.worldbank.org/v2/country/all/indicator/SP.DYN.LE00.IN?format=json&date=2019:2022,True
SDN,Sudan,Sub-Saharan Africa ,Low income,0.4271546428965881,0.0853304772640644,0.8625426301644593,0.5290659005837872,0.2316795635740416,0.0528645833333333,0.0,life_expectancy::life_expectancy_loss_2019_2020,life_expectancy_loss_2019_2020,0.679000000000002,-0.6370786643838394,1.3160786643838414,-0.8037790721125884,0.679000000000002,structurally vulnerable systems,capacity,186,186,7,0.03626943005181349,7,0.03626943005181349,SP.DYN.LE00.IN,https://api.worldbank.org/v2/country/all/indicator/SP.DYN.LE00.IN?format=json&date=2019:2022,True
BFA,Burkina Faso,Sub-Saharan Africa ,Low income,0.4186920532561736,0.1459362569200346,0.8198837043593339,0.4098672330634541,0.2990810186818718,0.06796875,0.0384615384615384,life_expectancy::life_expectancy_loss_2019_2020,life_expectancy_loss_2019_2020,-0.2700000000000031,-0.7567582268952989,0.4867582268952958,-0.29728167969369995,-0.2700000000000031,structurally vulnerable systems,capacity,186,186,7,0.03626943005181349,7,0.03626943005181349,SP.DYN.LE00.IN,https://api.worldbank.org/v2/country/all/indicator/SP.DYN.LE00.IN?format=json&date=2019:2022,True
GMB,"Gambia, The",Sub-Saharan Africa ,Low income,0.4185903875581021,0.0405466889217601,0.7521294546253522,0.4173143163055236,0.4643710903797722,0.1145833333333333,0.0,life_expectancy::life_expectancy_loss_2019_2020,life_expectancy_loss_2019_2020,0.009000000000000341,-0.5943702602985208,0.6033702602985211,-0.3685010638707765,0.009000000000000341,structurally vulnerable systems,capacity,186,186,7,0.03626943005181349,7,0.03626943005181349,SP.DYN.LE00.IN,https://api.worldbank.org/v2/country/all/indicator/SP.DYN.LE00.IN?format=json&date=2019:2022,True
SWZ,Eswatini,Sub-Saharan Africa ,Lower middle income,0.4185351454171091,0.2718263000810537,0.3701339448703906,0.445789384118412,0.5863909525985802,0.1981770833333333,0.0384615384615384,life_expectancy::life_expectancy_loss_2019_2020,life_expectancy_loss_2019_2020,-0.012000000000000455,-0.06781975503289978,0.05581975503289932,-0.034091237948076135,-0.012000000000000455,structurally vulnerable systems,capacity,186,186,7,0.03626943005181349,7,0.03626943005181349,SP.DYN.LE00.IN,https://api.worldbank.org/v2/country/all/indicator/SP.DYN.LE00.IN?format=json&date=2019:2022,True
LSO,Lesotho,Sub-Saharan Africa ,Lower middle income,0.417122487057894,0.3964792657223703,0.3801455823293173,0.3960084758203452,0.4958566243595431,0.2658854166666666,0.0384615384615384,life_expectancy::life_expectancy_loss_2019_2020,life_expectancy_loss_2019_2020,0.11599999999999966,-0.306748165914615,0.42274816591461467,-0.2581883117869952,0.11599999999999966,uncertain / data-limited systems,preparedness,186,186,7,0.03626943005181349,7,0.03626943005181349,SP.DYN.LE00.IN,https://api.worldbank.org/v2/country/all/indicator/SP.DYN.LE00.IN?format=json&date=2019:2022,True
MRT,Mauritania,Sub-Saharan Africa ,Lower middle income,0.4126527430767665,0.0912867877777127,0.6511366777499508,0.5497902905279219,0.3583972162514807,0.07890625,0.0384615384615384,life_expectancy::life_expectancy_loss_2019_2020,life_expectancy_loss_2019_2020,0.8460000000000036,-0.28520554849341545,1.1312055484934191,-0.6908700602348398,0.8460000000000036,structurally vulnerable systems,capacity,186,186,7,0.03626943005181349,7,0.03626943005181349,SP.DYN.LE00.IN,https://api.worldbank.org/v2/country/all/indicator/SP.DYN.LE00.IN?format=json&date=2019:2022,True
MWI,Malawi,Sub-Saharan Africa ,Low income,0.4066911657211329,0.164402859561993,0.5248615690522201,0.5189145406682777,0.4185856936020408,0.1041666666666666,0.0384615384615384,life_expectancy::life_expectancy_loss_2019_2020,life_expectancy_loss_2019_2020,-0.22099999999998943,-0.5579079141723062,0.3369079141723168,-0.2057624198076295,-0.22099999999998943,structurally vulnerable systems,capacity,186,186,7,0.03626943005181349,7,0.03626943005181349,SP.DYN.LE00.IN,https://api.worldbank.org/v2/country/all/indicator/SP.DYN.LE00.IN?format=json&date=2019:2022,True
PAK,Pakistan,"Middle East, North Africa, Afghanistan & Pakistan",Lower middle income,0.4032708914623641,0.0413512665518383,0.5904980173483632,0.4609595267232465,0.5202747552260086,0.0833333333333333,0.0,life_expectancy::life_expectancy_loss_2019_2020,life_expectancy_loss_2019_2020,1.0280000000000058,0.6227696594028796,0.40523034059712615,-0.24748951257371757,1.0280000000000058,structurally vulnerable systems,capacity,186,186,7,0.03626943005181349,7,0.03626943005181349,SP.DYN.LE00.IN,https://api.worldbank.org/v2/country/all/indicator/SP.DYN.LE00.IN?format=json&date=2019:2022,True
DJI,Djibouti,"Middle East, North Africa, Afghanistan & Pakistan",Lower middle income,0.4031631981103328,0.1428921391522375,0.4447442175117582,0.4635678385906203,0.5614485971867154,0.1164062499999999,0.0769230769230769,life_expectancy::life_expectancy_loss_2019_2020,life_expectancy_loss_2019_2020,0.18099999999999739,0.40101971093392197,-0.22001971093392458,0.13437436825537002,0.18099999999999739,adaptive over-performers,capacity,186,186,7,0.03626943005181349,7,0.03626943005181349,SP.DYN.LE00.IN,https://api.worldbank.org/v2/country/all/indicator/SP.DYN.LE00.IN?format=json&date=2019:2022,True
ZMB,Zambia,Sub-Saharan Africa ,Lower middle income,0.398733403641898,0.148354756843235,0.4799273839424842,0.5115420343716984,0.4551094394101747,0.0677083333333333,0.0384615384615384,life_expectancy::life_expectancy_loss_2019_2020,life_expectancy_loss_2019_2020,-0.4469999999999956,-0.1673532351396984,-0.2796467648602972,0.17079086779659267,-0.4469999999999956,adaptive over-performers,capacity,186,186,7,0.03626943005181349,7,0.03626943005181349,SP.DYN.LE00.IN,https://api.worldbank.org/v2/country/all/indicator/SP.DYN.LE00.IN?format=json&date=2019:2022,True
KEN,Kenya,Sub-Saharan Africa ,Lower middle income,0.3890903623993153,0.0972183112902353,0.5114875945465769,0.5283100932087896,0.4193454505516595,0.0635416666666666,0.0,life_expectancy::life_expectancy_loss_2019_2020,life_expectancy_loss_2019_2020,1.3430000000000035,-0.0032449574389474267,1.346244957438951,-0.8222027694926111,1.3430000000000035,structurally vulnerable systems,capacity,186,186,7,0.03626943005181349,7,0.03626943005181349,SP.DYN.LE00.IN,https://api.worldbank.org/v2/country/all/indicator/SP.DYN.LE00.IN?format=json&date=2019:2022,True
ZWE,Zimbabwe,Sub-Saharan Africa ,Lower middle income,0.38806923138714,0.1516628575007665,0.5097254431143966,0.4358296936483875,0.4550589312850092,0.0783854166666667,0.0384615384615384,life_expectancy::life_expectancy_loss_2019_2020,life_expectancy_loss_2019_2020,-0.46999999999999886,-0.26475757459182564,-0.20524242540817322,0.12534932046022773,-0.46999999999999886,adaptive over-performers,capacity,186,186,7,0.03626943005181349,7,0.03626943005181349,SP.DYN.LE00.IN,https://api.worldbank.org/v2/country/all/indicator/SP.DYN.LE00.IN?format=json&date=2019:2022,True
TZA,Tanzania,Sub-Saharan Africa ,Lower middle income,0.3792385926527514,0.0474646694482312,0.5417886370447174,0.5876322975302823,0.3400687665877747,0.0734374999999999,0.0,life_expectancy::life_expectancy_loss_2019_2020,life_expectancy_loss_2019_2020,-0.7639999999999958,-0.03714366838514621,-0.7268563316148495,0.4439186832787597,-0.7639999999999958,adaptive over-performers,capacity,186,186,7,0.03626943005181349,7,0.03626943005181349,SP.DYN.LE00.IN,https://api.worldbank.org/v2/country/all/indicator/SP.DYN.LE00.IN?format=json&date=2019:2022,True
NER,Niger,Sub-Saharan Africa ,Low income,0.3718314017389253,0.0699257888213592,0.7265049772254087,0.471340186773199,0.2195546541357343,0.0627604166666667,0.0,life_expectancy::life_expectancy_loss_2019_2020,life_expectancy_loss_2019_2020,0.14099999999999824,-0.9468943337184381,1.0878943337184364,-0.6644182614434634,0.14099999999999824,structurally vulnerable systems,capacity,186,186,7,0.03626943005181349,7,0.03626943005181349,SP.DYN.LE00.IN,https://api.worldbank.org/v2/country/all/indicator/SP.DYN.LE00.IN?format=json&date=2019:2022,True
GAB,Gabon,Sub-Saharan Africa ,Upper middle income,0.3651068735683225,0.138052807569856,0.2113504030946073,0.5261745164673685,0.5848497671414582,0.11484375,0.0384615384615384,life_expectancy::life_expectancy_loss_2019_2020,life_expectancy_loss_2019_2020,0.26400000000001,-0.07713326588915853,0.34113326588916854,-0.20834300208909248,0.26400000000001,structurally vulnerable systems,capacity,186,186,7,0.03626943005181349,7,0.03626943005181349,SP.DYN.LE00.IN,https://api.worldbank.org/v2/country/all/indicator/SP.DYN.LE00.IN?format=json&date=2019:2022,True
MDG,Madagascar,Sub-Saharan Africa ,Low income,0.3592437746890344,0.1153231844898054,0.4538996775579914,0.5671666338727684,0.3005856028355726,0.05234375,0.0384615384615384,life_expectancy::life_expectancy_loss_2019_2020,life_expectancy_loss_2019_2020,0.7979999999999947,-0.7197976982775047,1.5177976982774994,-0.9269765239658189,0.7979999999999947,structurally vulnerable systems,capacity,186,186,7,0.03626943005181349,7,0.03626943005181349,SP.DYN.LE00.IN,https://api.worldbank.org/v2/country/all/indicator/SP.DYN.LE00.IN?format=json&date=2019:2022,True
MLI,Mali,Sub-Saharan Africa ,Low income,0.3538967819781152,0.0332697724922051,0.5993694215763046,0.4130624802531362,0.3698854535908151,0.0677083333333333,0.0,life_expectancy::life_expectancy_loss_2019_2020,life_expectancy_loss_2019_2020,0.35900000000000176,-0.9866381623833105,1.3456381623833122,-0.8218321767765502,0.35900000000000176,structurally vulnerable systems,capacity,186,186,7,0.03626943005181349,7,0.03626943005181349,SP.DYN.LE00.IN,https://api.worldbank.org/v2/country/all/indicator/SP.DYN.LE00.IN?format=json&date=2019:2022,True
UGA,Uganda,Sub-Saharan Africa ,Low income,0.3483614467043022,0.1061035619419715,0.5064313529574772,0.5197927914983296,0.2611180804194307,0.0627604166666667,0.0384615384615384,life_expectancy::life_expectancy_loss_2019_2020,life_expectancy_loss_2019_2020,-0.055999999999997385,-0.529056301464566,0.47305630146456856,-0.28891339502583624,-0.055999999999997385,structurally vulnerable systems,capacity,186,186,7,0.03626943005181349,7,0.03626943005181349,SP.DYN.LE00.IN,https://api.worldbank.org/v2/country/all/indicator/SP.DYN.LE00.IN?format=json&date=2019:2022,True
LBR,Liberia,Sub-Saharan Africa ,Low income,0.3361796610294643,0.1877567007405658,0.4721357417605541,0.4099281004611766,0.2748981011555607,0.0783854166666667,0.0,life_expectancy::life_expectancy_loss_2019_2020,life_expectancy_loss_2019_2020,-0.035000000000003695,-0.9862299846076987,0.951229984607695,-0.5809521688064166,-0.035000000000003695,structurally vulnerable systems,capacity,186,186,7,0.03626943005181349,7,0.03626943005181349,SP.DYN.LE00.IN,https://api.worldbank.org/v2/country/all/indicator/SP.DYN.LE00.IN?format=json&date=2019:2022,True
SLE,Sierra Leone,Sub-Saharan Africa ,Low income,0.3338856777659499,0.1633917159005928,0.5541396929007991,0.4001231932387364,0.2178881090236713,0.0520833333333333,0.0384615384615384,life_expectancy::life_expectancy_loss_2019_2020,life_expectancy_loss_2019_2020,-0.10099999999999909,-0.8503087617757903,0.7493087617757912,-0.4576312325129527,-0.10099999999999909,structurally vulnerable systems,capacity,186,186,7,0.03626943005181349,7,0.03626943005181349,SP.DYN.LE00.IN,https://api.worldbank.org/v2/country/all/indicator/SP.DYN.LE00.IN?format=json&date=2019:2022,True
CIV,Cote d'Ivoire,Sub-Saharan Africa ,Lower middle income,0.3329791863052103,0.0741535282821927,0.53792970700994,0.3596764405761871,0.360157069352521,0.0572916666666666,0.0384615384615384,life_expectancy::life_expectancy_loss_2019_2020,life_expectancy_loss_2019_2020,0.13400000000000034,-0.31321807277967045,0.4472180727796708,-0.2731330104337775,0.13400000000000034,structurally vulnerable systems,capacity,186,186,7,0.03626943005181349,7,0.03626943005181349,SP.DYN.LE00.IN,https://api.worldbank.org/v2/country/all/indicator/SP.DYN.LE00.IN?format=json&date=2019:2022,True
AFG,Afghanistan,"Middle East, North Africa, Afghanistan & Pakistan",Low income,0.332396513672854,0.1807662521463091,0.4637854931996459,0.4285911568318846,0.2564431525135764,0.11484375,0.0,life_expectancy::life_expectancy_loss_2019_2020,life_expectancy_loss_2019_2020,1.4870000000000019,-0.21993870143880334,1.7069387014388053,-1.0424920961984365,1.4870000000000019,structurally vulnerable systems,capacity,186,186,7,0.03626943005181349,7,0.03626943005181349,SP.DYN.LE00.IN,https://api.worldbank.org/v2/country/all/indicator/SP.DYN.LE00.IN?format=json&date=2019:2022,True
COG,"Congo, Rep.",Sub-Saharan Africa ,Lower middle income,0.3320672498962238,0.0686799822695373,0.3698733797352416,0.5035692837773829,0.3861463538027336,0.078125,0.0384615384615384,life_expectancy::life_expectancy_loss_2019_2020,life_expectancy_loss_2019_2020,-1.2390000000000043,-0.26140797995303794,-0.9775920200469663,0.597052462016699,-1.2390000000000043,adaptive over-performers,capacity,186,186,7,0.03626943005181349,7,0.03626943005181349,SP.DYN.LE00.IN,https://api.worldbank.org/v2/country/all/indicator/SP.DYN.LE00.IN?format=json&date=2019:2022,True
MOZ,Mozambique,Sub-Saharan Africa ,Low income,0.3257438703745057,0.1282612890222688,0.3748780585097737,0.4572386837406941,0.342597450225286,0.09375,0.0,life_expectancy::life_expectancy_loss_2019_2020,life_expectancy_loss_2019_2020,-0.08400000000000318,-0.9617398311801089,0.8777398311801057,-0.5360689494898154,-0.08400000000000318,structurally vulnerable systems,capacity,186,186,7,0.03626943005181349,7,0.03626943005181349,SP.DYN.LE00.IN,https://api.worldbank.org/v2/country/all/indicator/SP.DYN.LE00.IN?format=json&date=2019:2022,True
TGO,Togo,Sub-Saharan Africa ,Low income,0.3205897779711805,0.0813653588071903,0.6325742771675917,0.3859978558884651,0.1824216200214748,0.046875,0.0,life_expectancy::life_expectancy_loss_2019_2020,life_expectancy_loss_2019_2020,-0.07900000000000063,-0.8500364311918353,0.7710364311918346,-0.4709011429180217,-0.07900000000000063,structurally vulnerable systems,capacity,186,186,7,0.03626943005181349,7,0.03626943005181349,SP.DYN.LE00.IN,https://api.worldbank.org/v2/country/all/indicator/SP.DYN.LE00.IN?format=json&date=2019:2022,True
GNB,Guinea-Bissau,Sub-Saharan Africa ,Low income,0.3155606717144947,0.1548181604943501,0.5127264590088881,0.4021180881259933,0.1925799792287475,0.0364583333333333,0.0384615384615384,life_expectancy::life_expectancy_loss_2019_2020,life_expectancy_loss_2019_2020,0.8179999999999978,-0.9337744248560189,1.7517744248560168,-1.0698749701413517,0.8179999999999978,structurally vulnerable systems,capacity,186,186,7,0.03626943005181349,7,0.03626943005181349,SP.DYN.LE00.IN,https://api.worldbank.org/v2/country/all/indicator/SP.DYN.LE00.IN?format=json&date=2019:2022,True
ETH,Ethiopia,Sub-Saharan Africa ,Not classified,0.3126339450597165,0.0239316577780025,0.3825684395906421,0.6049296229032614,0.2391060599669598,0.0625,0.0,life_expectancy::life_expectancy_loss_2019_2020,life_expectancy_loss_2019_2020,-0.22799999999999443,-0.4500248983178887,0.2220248983178943,-0.13559901211482622,-0.22799999999999443,structurally vulnerable systems,capacity,186,186,7,0.03626943005181349,7,0.03626943005181349,SP.DYN.LE00.IN,https://api.worldbank.org/v2/country/all/indicator/SP.DYN.LE00.IN?format=json&date=2019:2022,True
PNG,Papua New Guinea,East Asia & Pacific,Lower middle income,0.3095099282313308,0.0206440936051811,0.1960784313725489,0.591727638610372,0.429589549337221,0.0885416666666666,0.0,life_expectancy::life_expectancy_loss_2019_2020,life_expectancy_loss_2019_2020,0.2560000000000002,-0.06044375347886394,0.31644375347886416,-0.19326418202072096,0.2560000000000002,structurally vulnerable systems,capacity,186,186,7,0.03626943005181349,7,0.03626943005181349,SP.DYN.LE00.IN,https://api.worldbank.org/v2/country/all/indicator/SP.DYN.LE00.IN?format=json&date=2019:2022,True
HTI,Haiti,Latin America & Caribbean ,Lower middle income,0.3051267654564157,0.1540041635140614,0.3465821000861043,0.4212631876254252,0.2986576106000716,0.0888020833333333,0.0,life_expectancy::life_expectancy_loss_2019_2020,life_expectancy_loss_2019_2020,0.5549999999999997,0.3788134103968651,0.1761865896031346,-0.10760382136898322,0.5549999999999997,structurally vulnerable systems,capacity,186,186,7,0.03626943005181349,7,0.03626943005181349,SP.DYN.LE00.IN,https://api.worldbank.org/v2/country/all/indicator/SP.DYN.LE00.IN?format=json&date=2019:2022,True
BEN,Benin,Sub-Saharan Africa ,Lower middle income,0.3006775454404479,0.0116356163820883,0.5702578590175916,0.3817788427817855,0.239037863580326,0.03125,0.0,life_expectancy::life_expectancy_loss_2019_2020,life_expectancy_loss_2019_2020,-0.26600000000000534,-0.4010581158246091,0.13505811582460375,-0.08248510515106508,-0.26600000000000534,structurally vulnerable systems,capacity,186,186,7,0.03626943005181349,7,0.03626943005181349,SP.DYN.LE00.IN,https://api.worldbank.org/v2/country/all/indicator/SP.DYN.LE00.IN?format=json&date=2019:2022,True
SOM,"Somalia, Fed. Rep.",Sub-Saharan Africa ,Low income,0.2984658517600893,0.1120044287556544,0.4041786619317692,0.3950327498036119,0.2826475665493215,0.0473958333333333,0.0769230769230769,life_expectancy::life_expectancy_loss_2019_2020,life_expectancy_loss_2019_2020,0.15400000000000347,-1.1314603541201942,1.2854603541201977,-0.7850793107082129,0.15400000000000347,structurally vulnerable systems,capacity,186,186,7,0.03626943005181349,7,0.03626943005181349,SP.DYN.LE00.IN,https://api.worldbank.org/v2/country/all/indicator/SP.DYN.LE00.IN?format=json&date=2019:2022,True
GNQ,Equatorial Guinea,Sub-Saharan Africa ,Upper middle income,0.2927705859332707,0.0820787762600091,0.366065703462512,0.4402580538222786,0.282679810188283,0.0421874999999999,0.0769230769230769,life_expectancy::life_expectancy_loss_2019_2020,life_expectancy_loss_2019_2020,0.1559999999999988,-0.043231024374715654,0.19923102437471446,-0.12167793023445245,0.1559999999999988,structurally vulnerable systems,capacity,186,186,7,0.03626943005181349,7,0.03626943005181349,SP.DYN.LE00.IN,https://api.worldbank.org/v2/country/all/indicator/SP.DYN.LE00.IN?format=json&date=2019:2022,True
CMR,Cameroon,Sub-Saharan Africa ,Lower middle income,0.2865604943277909,0.0811858984779102,0.3723105828002901,0.4061616075451374,0.2865838884878259,0.0317708333333333,0.0,life_expectancy::life_expectancy_loss_2019_2020,life_expectancy_loss_2019_2020,0.021000000000000796,-0.40205419027907113,0.42305419027907193,-0.2583752124536225,0.021000000000000796,structurally vulnerable systems,capacity,186,186,7,0.03626943005181349,7,0.03626943005181349,SP.DYN.LE00.IN,https://api.worldbank.org/v2/country/all/indicator/SP.DYN.LE00.IN?format=json&date=2019:2022,True
AGO,Angola,Sub-Saharan Africa ,Lower middle income,0.285234672855883,0.0249203806482133,0.2070013693468884,0.4993583796185231,0.4096585618099072,0.06796875,0.0,life_expectancy::life_expectancy_loss_2019_2020,life_expectancy_loss_2019_2020,-0.06499999999999773,-0.24334689810752735,0.17834689810752963,-0.1089232035701623,-0.06499999999999773,structurally vulnerable systems,capacity,186,186,7,0.03626943005181349,7,0.03626943005181349,SP.DYN.LE00.IN,https://api.worldbank.org/v2/country/all/indicator/SP.DYN.LE00.IN?format=json&date=2019:2022,True
COD,"Congo, Dem. Rep.",Sub-Saharan Africa ,Low income,0.2753439223999352,0.0818089216160086,0.3462236769487815,0.4447416681983175,0.2286014228366332,0.02109375,0.0384615384615384,life_expectancy::life_expectancy_loss_2019_2020,life_expectancy_loss_2019_2020,-0.18599999999999994,-1.070000128221824,0.8840001282218242,-0.53989234993199,-0.18599999999999994,structurally vulnerable systems,capacity,186,186,7,0.03626943005181349,7,0.03626943005181349,SP.DYN.LE00.IN,https://api.worldbank.org/v2/country/all/indicator/SP.DYN.LE00.IN?format=json&date=2019:2022,True
GIN,Guinea,Sub-Saharan Africa ,Lower middle income,0.2646289650491303,0.0917987251446991,0.3326963463073173,0.4070738962817934,0.2269468924627113,0.0260416666666666,0.0384615384615384,life_expectancy::life_expectancy_loss_2019_2020,life_expectancy_loss_2019_2020,0.028999999999996362,-0.5158642744706554,0.5448642744706518,-0.33276924306523714,0.028999999999996362,structurally vulnerable systems,capacity,186,186,7,0.03626943005181349,7,0.03626943005181349,SP.DYN.LE00.IN,https://api.worldbank.org/v2/country/all/indicator/SP.DYN.LE00.IN?format=json&date=2019:2022,True
NGA,Nigeria,Sub-Saharan Africa ,Lower middle income,0.2458062841838076,0.0917886867565593,0.3094133804118968,0.3074809229965886,0.274542146570186,0.0260416666666666,0.0384615384615384,life_expectancy::life_expectancy_loss_2019_2020,life_expectancy_loss_2019_2020,-0.06300000000000239,-0.3640054401366603,0.3010054401366579,-0.18383541950902751,-0.06300000000000239,structurally vulnerable systems,capacity,186,186,7,0.03626943005181349,7,0.03626943005181349,SP.DYN.LE00.IN,https://api.worldbank.org/v2/country/all/indicator/SP.DYN.LE00.IN?format=json&date=2019:2022,True
TCD,Chad,Sub-Saharan Africa ,Low income,0.2354626317582355,0.0134573715352018,0.3646409329992405,0.3833856531406419,0.180366569357858,0.015625,0.0,life_expectancy::life_expectancy_loss_2019_2020,life_expectancy_loss_2019_2020,-0.08899999999999864,-1.212706728815152,1.1237067288151534,-0.6862902471233204,-0.08899999999999864,structurally vulnerable systems,capacity,186,186,7,0.03626943005181349,7,0.03626943005181349,SP.DYN.LE00.IN,https://api.worldbank.org/v2/country/all/indicator/SP.DYN.LE00.IN?format=json&date=2019:2022,True
CAF,Central African Republic,Sub-Saharan Africa ,Low income,0.1936446053898495,0.1395661306570862,0.0862745098039214,0.3607286368211666,0.1880091442772238,0.0104166666666666,0.0384615384615384,life_expectancy::life_expectancy_loss_2019_2020,life_expectancy_loss_2019_2020,-19.065999999999995,-1.4747604260868477,-17.591239573913146,10.743636079420781,-19.065999999999995,adaptive over-performers,preparedness,186,186,7,0.03626943005181349,7,0.03626943005181349,SP.DYN.LE00.IN,https://api.worldbank.org/v2/country/all/indicator/SP.DYN.LE00.IN?format=json&date=2019:2022,True
NOR,Norway,Europe & Central Asia,High income,0.8610700537740054,0.8893379752351854,0.962615262387194,0.811761696495954,0.7805652809776883,0.0104166666666666,0.0384615384615384,life_expectancy::life_expectancy_loss_2019_2021,life_expectancy_loss_2019_2021,-0.20487804878040095,1.5581772962402556,-1.7630553450206565,1.2970024771227604,-0.20487804878040095,effective converters,equity_access,186,186,7,0.03626943005181349,7,0.03626943005181349,SP.DYN.LE00.IN,https://api.worldbank.org/v2/country/all/indicator/SP.DYN.LE00.IN?format=json&date=2019:2022,True
DEU,Germany,Europe & Central Asia,High income,0.8582878738042546,0.9836246709352092,0.938569393744255,0.7063349549289141,0.8046224756086403,0.0213541666666666,0.0384615384615384,life_expectancy::life_expectancy_loss_2019_2021,life_expectancy_loss_2019_2021,0.5024390243902985,1.224302213347823,-0.7218631889575244,0.5310430820370389,0.5024390243902985,effective converters,vulnerability,186,186,7,0.03626943005181349,7,0.03626943005181349,SP.DYN.LE00.IN,https://api.worldbank.org/v2/country/all/indicator/SP.DYN.LE00.IN?format=json&date=2019:2022,True
SWE,Sweden,Europe & Central Asia,High income,0.8538659065665202,0.8642630286716789,0.9787664702575456,0.7824609132483888,0.7899732140884674,0.0520833333333333,0.0384615384615384,life_expectancy::life_expectancy_loss_2019_2021,life_expectancy_loss_2019_2021,0.05365853658540232,1.3911579728229952,-1.337499436237593,0.9839396629548965,0.05365853658540232,effective converters,vulnerability,186,186,7,0.03626943005181349,7,0.03626943005181349,SP.DYN.LE00.IN,https://api.worldbank.org/v2/country/all/indicator/SP.DYN.LE00.IN?format=json&date=2019:2022,True
JPN,Japan,East Asia & Pacific,High income,0.8428422797911096,0.8801047100926818,0.959470696947852,0.7014535847653254,0.8303401273585788,0.0427083333333332,0.0769230769230769,life_expectancy::life_expectancy_loss_2019_2021,life_expectancy_loss_2019_2021,-0.08926829268300196,0.556878521210318,-0.64614681389332,0.4753418663636996,-0.08926829268300196,effective converters,vulnerability,186,186,7,0.03626943005181349,7,0.03626943005181349,SP.DYN.LE00.IN,https://api.worldbank.org/v2/country/all/indicator/SP.DYN.LE00.IN?format=json&date=2019:2022,True
FRA,France,Europe & Central Asia,High income,0.8403236132618811,0.8816586691752235,0.9149891975859356,0.7485342291560318,0.8161123571303338,0.05234375,0.0384615384615384,life_expectancy::life_expectancy_loss_2019_2021,life_expectancy_loss_2019_2021,0.5024390243902985,1.2719471476115438,-0.7695081232212453,0.5660933701274976,0.5024390243902985,effective converters,vulnerability,186,186,7,0.03626943005181349,7,0.03626943005181349,SP.DYN.LE00.IN,https://api.worldbank.org/v2/country/all/indicator/SP.DYN.LE00.IN?format=json&date=2019:2022,True
AUS,Australia,East Asia & Pacific,High income,0.8368027626289708,0.8291484874562962,0.9423188888894608,0.806195960811031,0.7695477133590953,0.0627604166666666,0.0384615384615384,life_expectancy::life_expectancy_loss_2019_2021,life_expectancy_loss_2019_2021,-0.3999999999999915,1.1788261036691576,-1.578826103669149,1.1614731058717676,-0.3999999999999915,effective converters,equity_access,186,186,7,0.03626943005181349,7,0.03626943005181349,SP.DYN.LE00.IN,https://api.worldbank.org/v2/country/all/indicator/SP.DYN.LE00.IN?format=json&date=2019:2022,True
DNK,Denmark,Europe & Central Asia,High income,0.8339455876296181,0.8524434355787608,0.95256787051843,0.728529526762817,0.8022415176584646,0.0833333333333333,0.0384615384615384,life_expectancy::life_expectancy_loss_2019_2021,life_expectancy_loss_2019_2021,0.046341463414592,1.3013839470414799,-1.2550424836268879,0.9232797000705064,0.046341463414592,effective converters,vulnerability,186,186,7,0.03626943005181349,7,0.03626943005181349,SP.DYN.LE00.IN,https://api.worldbank.org/v2/country/all/indicator/SP.DYN.LE00.IN?format=json&date=2019:2022,True
BEL,Belgium,Europe & Central Asia,High income,0.8308187258687971,0.9142151453801022,0.9679362773203304,0.6881062591222258,0.7530172216525302,0.1007812499999999,0.0384615384615384,life_expectancy::life_expectancy_loss_2019_2021,life_expectancy_loss_2019_2021,0.20487804878050042,1.24366635936663,-1.0387883105861295,0.764190991418135,0.20487804878050042,effective converters,vulnerability,186,186,7,0.03626943005181349,7,0.03626943005181349,SP.DYN.LE00.IN,https://api.worldbank.org/v2/country/all/indicator/SP.DYN.LE00.IN?format=json&date=2019:2022,True
AUT,Austria,Europe & Central Asia,High income,0.830528220154409,0.9136190221246516,0.8979830596659448,0.7733998042913311,0.737110994535708,0.0682291666666666,0.0769230769230769,life_expectancy::life_expectancy_loss_2019_2021,life_expectancy_loss_2019_2021,0.7048780487805004,1.3289924963238926,-0.6241144475433922,0.459133620937123,0.7048780487805004,effective converters,equity_access,186,186,7,0.03626943005181349,7,0.03626943005181349,SP.DYN.LE00.IN,https://api.worldbank.org/v2/country/all/indicator/SP.DYN.LE00.IN?format=json&date=2019:2022,True
ISL,Iceland,Europe & Central Asia,High income,0.8197837824330648,0.7553247390699022,0.91199171686747,0.8111782215564786,0.800640452238409,0.0572916666666666,0.0384615384615384,life_expectancy::life_expectancy_loss_2019_2021,life_expectancy_loss_2019_2021,-0.0024390243902985276,1.6314821277167055,-1.633921152107004,1.202004116144879,-0.0024390243902985276,effective converters,capacity,186,186,7,0.03626943005181349,7,0.03626943005181349,SP.DYN.LE00.IN,https://api.worldbank.org/v2/country/all/indicator/SP.DYN.LE00.IN?format=json&date=2019:2022,True
FIN,Finland,Europe & Central Asia,High income,0.8177702742189719,0.7847361384939117,0.9205143361449236,0.7855510164736608,0.7802796057633915,0.0520833333333333,0.0769230769230769,life_expectancy::life_expectancy_loss_2019_2021,life_expectancy_loss_2019_2021,0.09756097560979526,1.3352215371135083,-1.237660561503713,0.910492582459829,0.09756097560979526,effective converters,equity_access,186,186,7,0.03626943005181349,7,0.03626943005181349,SP.DYN.LE00.IN,https://api.worldbank.org/v2/country/all/indicator/SP.DYN.LE00.IN?format=json&date=2019:2022,True
LUX,Luxembourg,Europe & Central Asia,High income,0.8161753266508913,0.6792069728068933,0.9896118582899992,0.7630458643046747,0.8328366112019977,0.0679687499999999,0.0384615384615384,life_expectancy::life_expectancy_loss_2019_2021,life_expectancy_loss_2019_2021,0.04146341463410863,1.4945561479140832,-1.4530927332799746,1.068976580840761,0.04146341463410863,effective converters,capacity,186,186,7,0.03626943005181349,7,0.03626943005181349,SP.DYN.LE00.IN,https://api.worldbank.org/v2/country/all/indicator/SP.DYN.LE00.IN?format=json&date=2019:2022,True
CZE,Czechia,Europe & Central Asia,High income,0.8097716791500749,0.7306943708589259,0.9562019417740776,0.7031982734362339,0.8489921305310624,0.03671875,0.0769230769230769,life_expectancy::life_expectancy_loss_2019_2021,life_expectancy_loss_2019_2021,2.0073170731706966,1.2368033771817142,0.7705136959889824,-0.5668331259011127,2.0073170731706966,capacity under-realizers,vulnerability,186,186,7,0.03626943005181349,7,0.03626943005181349,SP.DYN.LE00.IN,https://api.worldbank.org/v2/country/all/indicator/SP.DYN.LE00.IN?format=json&date=2019:2022,True
USA,United States,North America,High income,0.8057357451635478,0.8550311559518963,0.9138985755857656,0.7324631956840566,0.721550053432473,0.1007812499999998,0.0769230769230769,life_expectancy::life_expectancy_loss_2019_2021,life_expectancy_loss_2019_2021,2.4585365853659056,1.1448232310879138,1.3137133542779917,-0.9664412858847843,2.4585365853659056,capacity under-realizers,equity_access,186,186,7,0.03626943005181349,7,0.03626943005181349,SP.DYN.LE00.IN,https://api.worldbank.org/v2/country/all/indicator/SP.DYN.LE00.IN?format=json&date=2019:2022,True
SVN,Slovenia,Europe & Central Asia,High income,0.805722499678827,0.6779266272763665,0.9339615960818666,0.773573339196457,0.8374284361606179,0.0992187499999999,0.0384615384615384,life_expectancy::life_expectancy_loss_2019_2021,life_expectancy_loss_2019_2021,0.8536585365853,1.2474068227759374,-0.3937482861906374,0.28966334153628903,0.8536585365853,effective converters,capacity,186,186,7,0.03626943005181349,7,0.03626943005181349,SP.DYN.LE00.IN,https://api.worldbank.org/v2/country/all/indicator/SP.DYN.LE00.IN?format=json&date=2019:2022,True
NZL,New Zealand,East Asia & Pacific,High income,0.8030950622595759,0.6743030036937113,0.9187125225851258,0.793972891705199,0.8253918310542672,0.0583333333333333,0.0384615384615384,life_expectancy::life_expectancy_loss_2019_2021,life_expectancy_loss_2019_2021,-0.1512195121950981,1.0517800893677418,-1.20299960156284,0.8849940347087721,-0.1512195121950981,effective converters,capacity,186,186,7,0.03626943005181349,7,0.03626943005181349,SP.DYN.LE00.IN,https://api.worldbank.org/v2/country/all/indicator/SP.DYN.LE00.IN?format=json&date=2019:2022,True
CHE,Switzerland,Europe & Central Asia,High income,0.803058382240651,0.8352090043731014,0.9483929944940565,0.7646785951566378,0.6639529349388084,0.1825520833333333,0.0384615384615384,life_expectancy::life_expectancy_loss_2019_2021,life_expectancy_loss_2019_2021,0.15365853658539663,1.3124957181625667,-1.15883718157717,0.852505679604708,0.15365853658539663,effective converters,equity_access,186,186,7,0.03626943005181349,7,0.03626943005181349,SP.DYN.LE00.IN,https://api.worldbank.org/v2/country/all/indicator/SP.DYN.LE00.IN?format=json&date=2019:2022,True
IRL,Ireland,Europe & Central Asia,High income,0.8006104333369206,0.694201995616675,0.9240148867420244,0.8315798802336001,0.7526449707553831,0.0523437499999999,0.0384615384615384,life_expectancy::life_expectancy_loss_2019_2021,life_expectancy_loss_2019_2021,0.4487804878048962,1.5161472427247469,-1.0673667549198507,0.7852148992596196,0.4487804878048962,effective converters,capacity,186,186,7,0.03626943005181349,7,0.03626943005181349,SP.DYN.LE00.IN,https://api.worldbank.org/v2/country/all/indicator/SP.DYN.LE00.IN?format=json&date=2019:2022,True
CAN,Canada,North America,High income,0.7994145925547239,0.751060450017869,0.8882866246726704,0.7919311320519059,0.7663801634764503,0.0520833333333333,0.0384615384615384,life_expectancy::life_expectancy_loss_2019_2021,life_expectancy_loss_2019_2021,0.7070731707316895,1.1872335649084025,-0.48016039417671297,0.3532329387289548,0.7070731707316895,effective converters,capacity,186,186,7,0.03626943005181349,7,0.03626943005181349,SP.DYN.LE00.IN,https://api.worldbank.org/v2/country/all/indicator/SP.DYN.LE00.IN?format=json&date=2019:2022,True
NLD,Netherlands,Europe & Central Asia,High income,0.7966718819180485,0.7946422085942241,0.9332033521228416,0.6649056239430973,0.7939363430120309,0.0765624999999998,0.0384615384615384,life_expectancy::life_expectancy_loss_2019_2021,life_expectancy_loss_2019_2021,0.8024390243901962,1.2207323758144286,-0.4182933514242324,0.30772006930664697,0.8024390243901962,effective converters,vulnerability,186,186,7,0.03626943005181349,7,0.03626943005181349,SP.DYN.LE00.IN,https://api.worldbank.org/v2/country/all/indicator/SP.DYN.LE00.IN?format=json&date=2019:2022,True
MDV,Maldives,South Asia,Upper middle income,0.7861726319518041,0.5428082750870333,0.9702682370087844,0.7980405859266773,0.8335734297847213,0.2039062499999999,0.0,life_expectancy::life_expectancy_loss_2019_2021,life_expectancy_loss_2019_2021,1.654999999999987,1.656497422107332,-0.0014974221073451588,0.001101587756737423,1.654999999999987,uncertain / data-limited systems,capacity,186,186,7,0.03626943005181349,7,0.03626943005181349,SP.DYN.LE00.IN,https://api.worldbank.org/v2/country/all/indicator/SP.DYN.LE00.IN?format=json&date=2019:2022,True
GBR,United Kingdom,Europe & Central Asia,High income,0.7855584803681768,0.7043249696725941,0.9193555687134758,0.7163281258832328,0.8022252572034044,0.0593749999999998,0.0384615384615384,life_expectancy::life_expectancy_loss_2019_2021,life_expectancy_loss_2019_2021,0.7218048780488004,1.2265190533151678,-0.5047141752663673,0.37129607837227585,0.7218048780488004,effective converters,capacity,186,186,7,0.03626943005181349,7,0.03626943005181349,SP.DYN.LE00.IN,https://api.worldbank.org/v2/country/all/indicator/SP.DYN.LE00.IN?format=json&date=2019:2022,True
ESP,Spain,Europe & Central Asia,High income,0.7786480255688792,0.6449209188532831,0.9550424082252345,0.7745812685503448,0.7400475066466544,0.09375,0.0384615384615384,life_expectancy::life_expectancy_loss_2019_2021,life_expectancy_loss_2019_2021,0.6536585365853966,1.2458566038306567,-0.59219806724526,0.4356541400323506,0.6536585365853966,effective converters,capacity,186,186,7,0.03626943005181349,7,0.03626943005181349,SP.DYN.LE00.IN,https://api.worldbank.org/v2/country/all/indicator/SP.DYN.LE00.IN?format=json&date=2019:2022,True
SVK,Slovak Republic,Europe & Central Asia,High income,0.7754658787366955,0.5938029528903954,0.962316136506726,0.7173988313513748,0.8283455941982859,0.0942708333333333,0.0384615384615384,life_expectancy::life_expectancy_loss_2019_2021,life_expectancy_loss_2019_2021,3.051219512195104,1.293222979903563,1.7579965322915407,-1.293280930513634,3.051219512195104,capacity under-realizers,capacity,186,186,7,0.03626943005181349,7,0.03626943005181349,SP.DYN.LE00.IN,https://api.worldbank.org/v2/country/all/indicator/SP.DYN.LE00.IN?format=json&date=2019:2022,True
PRT,Portugal,Europe & Central Asia,High income,0.773482753376958,0.670886260568819,0.9601730266700844,0.7702644180338383,0.6926073082350904,0.0598958333333331,0.0384615384615384,life_expectancy::life_expectancy_loss_2019_2021,life_expectancy_loss_2019_2021,0.2975609756097981,1.1403492444313739,-0.8427882688215758,0.6200023586547021,0.2975609756097981,effective converters,capacity,186,186,7,0.03626943005181349,7,0.03626943005181349,SP.DYN.LE00.IN,https://api.worldbank.org/v2/country/all/indicator/SP.DYN.LE00.IN?format=json&date=2019:2022,True
HRV,Croatia,Europe & Central Asia,High income,0.7692249571651889,0.5929113746534783,0.9152107996414532,0.7116733195238027,0.8571043348420216,0.0682291666666666,0.0384615384615384,life_expectancy::life_expectancy_loss_2019_2021,life_expectancy_loss_2019_2021,1.799999999999912,1.1693738357650298,0.630626164234882,-0.46392400525661515,1.799999999999912,capacity under-realizers,capacity,186,186,7,0.03626943005181349,7,0.03626943005181349,SP.DYN.LE00.IN,https://api.worldbank.org/v2/country/all/indicator/SP.DYN.LE00.IN?format=json&date=2019:2022,True
AND,Andorra,Europe & Central Asia,High income,0.7685882923202738,0.5645719971529731,0.9776348192598014,0.7390831156505907,0.79306323721773,0.0791666666666666,0.1538461538461538,life_expectancy::life_expectancy_loss_2019_2021,life_expectancy_loss_2019_2021,1.766999999999996,1.4046052610330921,0.3623947389669038,-0.26659791223446994,1.766999999999996,capacity under-realizers,capacity,186,186,7,0.03626943005181349,7,0.03626943005181349,SP.DYN.LE00.IN,https://api.worldbank.org/v2/country/all/indicator/SP.DYN.LE00.IN?format=json&date=2019:2022,True
ITA,Italy,Europe & Central Asia,High income,0.7638932900906541,0.6492379606677942,0.908578032959132,0.7573050759114517,0.7404520908242386,0.1109374999999999,0.0384615384615384,life_expectancy::life_expectancy_loss_2019_2021,life_expectancy_loss_2019_2021,0.8512195121952004,1.105747325513817,-0.2545278133186166,0.1872449468493671,0.8512195121952004,effective converters,capacity,186,186,7,0.03626943005181349,7,0.03626943005181349,SP.DYN.LE00.IN,https://api.worldbank.org/v2/country/all/indicator/SP.DYN.LE00.IN?format=json&date=2019:2022,True
URY,Uruguay,Latin America & Caribbean ,High income,0.7597407882153921,0.6041402553582664,0.9193650921392078,0.6871293162808386,0.828328489083256,0.1197916666666666,0.0769230769230769,life_expectancy::life_expectancy_loss_2019_2021,life_expectancy_loss_2019_2021,2.0690000000000026,1.950357492330972,0.1186425076690305,-0.08728008838371751,2.0690000000000026,capacity under-realizers,capacity,186,186,7,0.03626943005181349,7,0.03626943005181349,SP.DYN.LE00.IN,https://api.worldbank.org/v2/country/all/indicator/SP.DYN.LE00.IN?format=json&date=2019:2022,True
SAU,Saudi Arabia,"Middle East, North Africa, Afghanistan & Pakistan",High income,0.7555719842796018,0.4502722868091502,0.9729502025039536,0.729829034851629,0.8692364129536747,0.140625,0.0,life_expectancy::life_expectancy_loss_2019_2021,life_expectancy_loss_2019_2021,1.2240000000000038,1.8419960586890038,-0.6179960586890001,0.4546325906532133,1.2240000000000038,capacity under-realizers,capacity,186,186,7,0.03626943005181349,7,0.03626943005181349,SP.DYN.LE00.IN,https://api.worldbank.org/v2/country/all/indicator/SP.DYN.LE00.IN?format=json&date=2019:2022,True
BLR,Belarus,Europe & Central Asia,Upper middle income,0.751985191892442,0.6506495746089037,0.9549718293872288,0.6122043999499703,0.7901149636236653,0.0885416666666666,0.0769230769230769,life_expectancy::life_expectancy_loss_2019_2021,life_expectancy_loss_2019_2021,2.155365853658509,1.9119185774783571,0.24344727618015183,-0.17909348174815581,2.155365853658509,capacity under-realizers,vulnerability,186,186,7,0.03626943005181349,7,0.03626943005181349,SP.DYN.LE00.IN,https://api.worldbank.org/v2/country/all/indicator/SP.DYN.LE00.IN?format=json&date=2019:2022,True
QAT,Qatar,"Middle East, North Africa, Afghanistan & Pakistan",High income,0.746674096402051,0.3429346613064137,0.9774170852937168,0.7087091624784967,0.9576354765295764,0.1893229166666666,0.0,life_expectancy::life_expectancy_loss_2019_2021,life_expectancy_loss_2019_2021,1.8619999999999948,1.8093393159904194,0.052660684009575354,-0.038740155151849615,1.8619999999999948,capacity under-realizers,capacity,186,186,7,0.03626943005181349,7,0.03626943005181349,SP.DYN.LE00.IN,https://api.worldbank.org/v2/country/all/indicator/SP.DYN.LE00.IN?format=json&date=2019:2022,True
ISR,Israel,"Middle East, North Africa, Afghanistan & Pakistan",High income,0.7458520258711318,0.5279205804875065,0.9666844126236896,0.7264596774701316,0.7623434329031993,0.0953124999999999,0.0769230769230769,life_expectancy::life_expectancy_loss_2019_2021,life_expectancy_loss_2019_2021,0.30487804878049474,1.359196518358952,-1.0543184695784573,0.7756158481250147,0.30487804878049474,effective converters,capacity,186,186,7,0.03626943005181349,7,0.03626943005181349,SP.DYN.LE00.IN,https://api.worldbank.org/v2/country/all/indicator/SP.DYN.LE00.IN?format=json&date=2019:2022,True
MLT,Malta,"Middle East, North Africa, Afghanistan & Pakistan",High income,0.7422932540057879,0.6949066120095724,0.9452842452889392,0.64959822247046,0.6793839362541803,0.3864583333333333,0.0384615384615384,life_expectancy::life_expectancy_loss_2019_2021,life_expectancy_loss_2019_2021,0.3999999999999915,1.1100988268145249,-0.7100988268145334,0.5223885568774502,0.3999999999999915,uncertain / data-limited systems,vulnerability,186,186,7,0.03626943005181349,7,0.03626943005181349,SP.DYN.LE00.IN,https://api.worldbank.org/v2/country/all/indicator/SP.DYN.LE00.IN?format=json&date=2019:2022,True
HUN,Hungary,Europe & Central Asia,High income,0.7401533362116283,0.592121438040106,0.9848619247385212,0.6280352282588941,0.7555947538089919,0.140625,0.0769230769230769,life_expectancy::life_expectancy_loss_2019_2021,life_expectancy_loss_2019_2021,2.2536585365853057,1.165222808751719,1.0884357278335868,-0.8007144183965117,2.2536585365853057,capacity under-realizers,capacity,186,186,7,0.03626943005181349,7,0.03626943005181349,SP.DYN.LE00.IN,https://api.worldbank.org/v2/country/all/indicator/SP.DYN.LE00.IN?format=json&date=2019:2022,True
ARG,Argentina,Latin America & Caribbean ,Upper middle income,0.7394775181902676,0.6546176521084986,0.8513215977301716,0.7004171361212989,0.7515536868011014,0.171875,0.0384615384615384,life_expectancy::life_expectancy_loss_2019_2021,life_expectancy_loss_2019_2021,2.899000000000001,2.6591134324915995,0.23988656750840143,-0.17647402457648168,2.899000000000001,capacity under-realizers,capacity,186,186,7,0.03626943005181349,7,0.03626943005181349,SP.DYN.LE00.IN,https://api.worldbank.org/v2/country/all/indicator/SP.DYN.LE00.IN?format=json&date=2019:2022,True
ARE,United Arab Emirates,"Middle East, North Africa, Afghanistan & Pakistan",High income,0.7371535222427504,0.3453668031427175,0.9974899598393574,0.7977547814356623,0.8080025445532645,0.1830729166666666,0.0384615384615384,life_expectancy::life_expectancy_loss_2019_2021,life_expectancy_loss_2019_2021,3.5130000000000052,1.7647974164995426,1.7482025835004626,-1.2860759520206344,3.5130000000000052,capacity under-realizers,capacity,186,186,7,0.03626943005181349,7,0.03626943005181349,SP.DYN.LE00.IN,https://api.worldbank.org/v2/country/all/indicator/SP.DYN.LE00.IN?format=json&date=2019:2022,True
KWT,Kuwait,"Middle East, North Africa, Afghanistan & Pakistan",High income,0.7367604750619614,0.395799648377058,0.9581999257779844,0.7128524493659094,0.880189876726894,0.1429687499999999,0.0384615384615384,life_expectancy::life_expectancy_loss_2019_2021,life_expectancy_loss_2019_2021,3.233170731707304,1.6408751483350428,1.5922955833722612,-1.1713820112216933,3.233170731707304,capacity under-realizers,capacity,186,186,7,0.03626943005181349,7,0.03626943005181349,SP.DYN.LE00.IN,https://api.worldbank.org/v2/country/all/indicator/SP.DYN.LE00.IN?format=json&date=2019:2022,True
POL,Poland,Europe & Central Asia,High income,0.7355818926450353,0.5407322335707355,0.9361927703656184,0.6856895491234622,0.7797130175203245,0.0520833333333333,0.0769230769230769,life_expectancy::life_expectancy_loss_2019_2021,life_expectancy_loss_2019_2021,2.5536585365854023,1.2220055261709615,1.3316530104144408,-0.9796387039428274,2.5536585365854023,capacity under-realizers,capacity,186,186,7,0.03626943005181349,7,0.03626943005181349,SP.DYN.LE00.IN,https://api.worldbank.org/v2/country/all/indicator/SP.DYN.LE00.IN?format=json&date=2019:2022,True
GRC,Greece,Europe & Central Asia,High income,0.7354897896001756,0.5648799319924448,0.9824356150333362,0.737662296654285,0.6569813147206365,0.2244791666666666,0.0384615384615384,life_expectancy::life_expectancy_loss_2019_2021,life_expectancy_loss_2019_2021,1.5560975609756014,1.1011869706884898,0.45491059028711156,-0.3346577656442474,1.5560975609756014,uncertain / data-limited systems,capacity,186,186,7,0.03626943005181349,7,0.03626943005181349,SP.DYN.LE00.IN,https://api.worldbank.org/v2/country/all/indicator/SP.DYN.LE00.IN?format=json&date=2019:2022,True
OMN,Oman,"Middle East, North Africa, Afghanistan & Pakistan",High income,0.7351618152881761,0.2724264016816877,0.9963626333844748,0.7426942829021415,0.9291639431844008,0.3088541666666666,0.0,life_expectancy::life_expectancy_loss_2019_2021,life_expectancy_loss_2019_2021,3.977000000000004,1.7614203686892969,2.215579631310707,-1.629904743596719,3.977000000000004,uncertain / data-limited systems,capacity,186,186,7,0.03626943005181349,7,0.03626943005181349,SP.DYN.LE00.IN,https://api.worldbank.org/v2/country/all/indicator/SP.DYN.LE00.IN?format=json&date=2019:2022,True
CRI,Costa Rica,Latin America & Caribbean ,High income,0.732177745182939,0.3614080256350851,0.9230029923788804,0.785519586875447,0.8587803758423436,0.22421875,0.0,life_expectancy::life_expectancy_loss_2019_2021,life_expectancy_loss_2019_2021,2.2460000000000093,1.955141016538475,0.29085898346153427,-0.21397219497871056,2.2460000000000093,uncertain / data-limited systems,capacity,186,186,7,0.03626943005181349,7,0.03626943005181349,SP.DYN.LE00.IN,https://api.worldbank.org/v2/country/all/indicator/SP.DYN.LE00.IN?format=json&date=2019:2022,True
BRN,Brunei Darussalam,East Asia & Pacific,High income,0.7283637268047207,0.300471754304953,0.9412811415580636,0.7571481108901569,0.9145539004657092,0.2921875,0.0769230769230769,life_expectancy::life_expectancy_loss_2019_2021,life_expectancy_loss_2019_2021,0.18000000000000682,1.2609861648559448,-1.080986164855938,0.795234101704934,0.18000000000000682,uncertain / data-limited systems,capacity,186,186,7,0.03626943005181349,7,0.03626943005181349,SP.DYN.LE00.IN,https://api.worldbank.org/v2/country/all/indicator/SP.DYN.LE00.IN?format=json&date=2019:2022,True
EST,Estonia,Europe & Central Asia,High income,0.7282265704440525,0.5583626360146948,0.8684809203627931,0.7127758379727243,0.7732868874259978,0.0885416666666666,0.0384615384615384,life_expectancy::life_expectancy_loss_2019_2021,life_expectancy_loss_2019_2021,1.7024390243903014,1.2365258811568967,0.4659131432334047,-0.34275186119622186,1.7024390243903014,capacity under-realizers,capacity,186,186,7,0.03626943005181349,7,0.03626943005181349,SP.DYN.LE00.IN,https://api.worldbank.org/v2/country/all/indicator/SP.DYN.LE00.IN?format=json&date=2019:2022,True
KOR,"Korea, Rep.",East Asia & Pacific,High income,0.7256044338064565,0.5926042318721941,0.937626831948221,0.6950238954767094,0.6771627759287008,0.2104166666666662,0.0769230769230769,life_expectancy::life_expectancy_loss_2019_2021,life_expectancy_loss_2019_2021,-0.29999999999999716,0.8308717852092318,-1.130871785209229,0.8319327642589821,-0.29999999999999716,uncertain / data-limited systems,capacity,186,186,7,0.03626943005181349,7,0.03626943005181349,SP.DYN.LE00.IN,https://api.worldbank.org/v2/country/all/indicator/SP.DYN.LE00.IN?format=json&date=2019:2022,True
LTU,Lithuania,Europe & Central Asia,High income,0.7209567647541534,0.6577686111667523,0.8925885911044664,0.6432972568930223,0.690172599852372,0.2395833333333333,0.0384615384615384,life_expectancy::life_expectancy_loss_2019_2021,life_expectancy_loss_2019_2021,2.246341463414609,1.2025177098350512,1.0438237535795578,-0.7678953459378791,2.246341463414609,uncertain / data-limited systems,vulnerability,186,186,7,0.03626943005181349,7,0.03626943005181349,SP.DYN.LE00.IN,https://api.worldbank.org/v2/country/all/indicator/SP.DYN.LE00.IN?format=json&date=2019:2022,True
ATG,Antigua and Barbuda,Latin America & Caribbean ,High income,0.7115913123640994,0.3794933092931326,0.9106087451409915,0.768588140659134,0.7876750543631399,0.2627604166666665,0.0384615384615384,life_expectancy::life_expectancy_loss_2019_2021,life_expectancy_loss_2019_2021,-0.028999999999996362,1.9426288870943607,-1.971628887094357,1.4504408825000392,-0.028999999999996362,uncertain / data-limited systems,capacity,186,186,7,0.03626943005181349,7,0.03626943005181349,SP.DYN.LE00.IN,https://api.worldbank.org/v2/country/all/indicator/SP.DYN.LE00.IN?format=json&date=2019:2022,True
COL,Colombia,Latin America & Caribbean ,Upper middle income,0.7101912345859036,0.354941997831947,0.8893699607554202,0.7619853913866848,0.8344675883695621,0.2158854166666666,0.0,life_expectancy::life_expectancy_loss_2019_2021,life_expectancy_loss_2019_2021,4.095000000000013,2.6180967345547543,1.4769032654452587,-1.0864929448546328,4.095000000000013,uncertain / data-limited systems,capacity,186,186,7,0.03626943005181349,7,0.03626943005181349,SP.DYN.LE00.IN,https://api.worldbank.org/v2/country/all/indicator/SP.DYN.LE00.IN?format=json&date=2019:2022,True
KAZ,Kazakhstan,Europe & Central Asia,Upper middle income,0.7090108830379578,0.4097274500671538,0.9305901961000154,0.6673311737790726,0.8283947122055891,0.1458333333333333,0.0,life_expectancy::life_expectancy_loss_2019_2021,life_expectancy_loss_2019_2021,3.527000000000001,2.221899167748293,1.305100832251708,-0.9601054312368217,3.527000000000001,capacity under-realizers,capacity,186,186,7,0.03626943005181349,7,0.03626943005181349,SP.DYN.LE00.IN,https://api.worldbank.org/v2/country/all/indicator/SP.DYN.LE00.IN?format=json&date=2019:2022,True
ROU,Romania,Europe & Central Asia,High income,0.7028341438153161,0.5402628949409131,0.814117375244629,0.6551166902891886,0.8018396147865335,0.0575520833333333,0.0384615384615384,life_expectancy::life_expectancy_loss_2019_2021,life_expectancy_loss_2019_2021,2.7975609756096986,1.1714837793127972,1.6260771962969014,-1.1962336619473528,2.7975609756096986,capacity under-realizers,capacity,186,186,7,0.03626943005181349,7,0.03626943005181349,SP.DYN.LE00.IN,https://api.worldbank.org/v2/country/all/indicator/SP.DYN.LE00.IN?format=json&date=2019:2022,True
SMR,San Marino,Europe & Central Asia,High income,0.7024569819118412,0.5360174970735537,0.8344615091381571,0.6157987426654815,0.8235501787701727,0.3283854166666666,0.2307692307692307,life_expectancy::life_expectancy_loss_2019_2021,life_expectancy_loss_2019_2021,1.7180000000000035,1.1166563041727504,0.6013436958272531,-0.44238217778748445,1.7180000000000035,uncertain / data-limited systems,capacity,186,186,7,0.03626943005181349,7,0.03626943005181349,SP.DYN.LE00.IN,https://api.worldbank.org/v2/country/all/indicator/SP.DYN.LE00.IN?format=json&date=2019:2022,True
PLW,Palau,East Asia & Pacific,High income,0.7024333390699563,0.5362907085599046,0.8902700987864465,0.6075520147203979,0.7756205342130765,0.15625,0.1538461538461538,life_expectancy::life_expectancy_loss_2019_2021,life_expectancy_loss_2019_2021,0.41899999999999693,0.9823682779001529,-0.563368277900156,0.41444532869178025,0.41899999999999693,effective converters,capacity,186,186,7,0.03626943005181349,7,0.03626943005181349,SP.DYN.LE00.IN,https://api.worldbank.org/v2/country/all/indicator/SP.DYN.LE00.IN?format=json&date=2019:2022,True
SYC,Seychelles,Sub-Saharan Africa ,High income,0.7012259679387803,0.3418739572172526,0.9675630925312452,0.6947525826676225,0.8007142393390014,0.2296874999999999,0.0769230769230769,life_expectancy::life_expectancy_loss_2019_2021,life_expectancy_loss_2019_2021,0.6487804878049133,0.7058778363669191,-0.05709734856200588,0.042004014639254454,0.6487804878049133,uncertain / data-limited systems,capacity,186,186,7,0.03626943005181349,7,0.03626943005181349,SP.DYN.LE00.IN,https://api.worldbank.org/v2/country/all/indicator/SP.DYN.LE00.IN?format=json&date=2019:2022,True
RUS,Russian Federation,Europe & Central Asia,High income,0.6989983909344943,0.5920132945094181,0.9396085264625544,0.5837960444941198,0.6805756982718847,0.2453125,0.0769230769230769,life_expectancy::life_expectancy_loss_2019_2021,life_expectancy_loss_2019_2021,3.1836585365853978,1.3958979236974076,1.7877606128879902,-1.3151770589431269,3.1836585365853978,uncertain / data-limited systems,vulnerability,186,186,7,0.03626943005181349,7,0.03626943005181349,SP.DYN.LE00.IN,https://api.worldbank.org/v2/country/all/indicator/SP.DYN.LE00.IN?format=json&date=2019:2022,True
CHL,Chile,Latin America & Caribbean ,High income,0.6982007888708822,0.4368623179100732,0.9197557906003184,0.7529887957924098,0.6831962511807274,0.21875,0.0384615384615384,life_expectancy::life_expectancy_loss_2019_2021,life_expectancy_loss_2019_2021,1.4479999999999933,1.9724649880946699,-0.5244649880946766,0.3858258849582426,1.4479999999999933,uncertain / data-limited systems,capacity,186,186,7,0.03626943005181349,7,0.03626943005181349,SP.DYN.LE00.IN,https://api.worldbank.org/v2/country/all/indicator/SP.DYN.LE00.IN?format=json&date=2019:2022,True
TON,Tonga,East Asia & Pacific,Upper middle income,0.6953209446132155,0.2563024879570035,0.975695576146483,0.7043985774546654,0.8448871368947101,0.40625,0.0769230769230769,life_expectancy::life_expectancy_loss_2019_2021,life_expectancy_loss_2019_2021,0.16200000000000614,1.441864076060749,-1.279864076060743,0.9415398567716362,0.16200000000000614,uncertain / data-limited systems,capacity,186,186,7,0.03626943005181349,7,0.03626943005181349,SP.DYN.LE00.IN,https://api.worldbank.org/v2/country/all/indicator/SP.DYN.LE00.IN?format=json&date=2019:2022,True
TUR,Turkiye,Europe & Central Asia,Upper middle income,0.6933497826738224,0.2751721568793997,0.9576042105957356,0.7097883253054541,0.8308344379147002,0.23984375,0.0769230769230769,life_expectancy::life_expectancy_loss_2019_2021,life_expectancy_loss_2019_2021,2.0150000000000006,2.0242822209452154,-0.009282220945214803,0.006828522764838949,2.0150000000000006,uncertain / data-limited systems,capacity,186,186,7,0.03626943005181349,7,0.03626943005181349,SP.DYN.LE00.IN,https://api.worldbank.org/v2/country/all/indicator/SP.DYN.LE00.IN?format=json&date=2019:2022,True
BRA,Brazil,Latin America & Caribbean ,Upper middle income,0.6888440212001339,0.4951594678053926,0.8271090286894579,0.7033599026092245,0.7297476856964605,0.14609375,0.0384615384615384,life_expectancy::life_expectancy_loss_2019_2021,life_expectancy_loss_2019_2021,2.771000000000001,2.6121612668776946,0.15883873312230623,-0.11685068815594005,2.771000000000001,capacity under-realizers,capacity,186,186,7,0.03626943005181349,7,0.03626943005181349,SP.DYN.LE00.IN,https://api.worldbank.org/v2/country/all/indicator/SP.DYN.LE00.IN?format=json&date=2019:2022,True
SRB,Serbia,Europe & Central Asia,Upper middle income,0.6885828777950316,0.5668824894192857,0.8934190959424905,0.6337486862951238,0.6602812395232264,0.2299479166666666,0.0384615384615384,life_expectancy::life_expectancy_loss_2019_2021,life_expectancy_loss_2019_2021,3.156097560975695,1.6655290678909433,1.4905684930847518,-1.0965458533744508,3.156097560975695,uncertain / data-limited systems,capacity,186,186,7,0.03626943005181349,7,0.03626943005181349,SP.DYN.LE00.IN,https://api.worldbank.org/v2/country/all/indicator/SP.DYN.LE00.IN?format=json&date=2019:2022,True
TUV,Tuvalu,East Asia & Pacific,Upper middle income,0.6882539424419049,0.5312132856025258,0.8053901808714473,0.5212048692670842,0.8952074340265621,0.3125,0.1153846153846153,life_expectancy::life_expectancy_loss_2019_2021,life_expectancy_loss_2019_2021,0.2849999999999966,1.33337321088838,-1.0483732108883834,0.7712421821082674,0.2849999999999966,uncertain / data-limited systems,vulnerability,186,186,7,0.03626943005181349,7,0.03626943005181349,SP.DYN.LE00.IN,https://api.worldbank.org/v2/country/all/indicator/SP.DYN.LE00.IN?format=json&date=2019:2022,True
MKD,North Macedonia,Europe & Central Asia,Upper middle income,0.687622500803049,0.4742074380793902,0.8439322654987391,0.6819603288603566,0.7503899707737098,0.09453125,0.0,life_expectancy::life_expectancy_loss_2019_2021,life_expectancy_loss_2019_2021,3.356097560975712,1.820584444103563,1.5355131168721492,-1.1296096415023964,3.356097560975712,capacity under-realizers,capacity,186,186,7,0.03626943005181349,7,0.03626943005181349,SP.DYN.LE00.IN,https://api.worldbank.org/v2/country/all/indicator/SP.DYN.LE00.IN?format=json&date=2019:2022,True
CHN,China,East Asia & Pacific,Upper middle income,0.6868193062806881,0.3203666621840635,0.9563534174379298,0.6890617319767195,0.7814954135240395,0.1416666666666666,0.0384615384615384,life_expectancy::life_expectancy_loss_2019_2021,life_expectancy_loss_2019_2021,-0.1770000000000067,1.4338063917591004,-1.6108063917591071,1.1849996009355337,-0.1770000000000067,effective converters,capacity,186,186,7,0.03626943005181349,7,0.03626943005181349,SP.DYN.LE00.IN,https://api.worldbank.org/v2/country/all/indicator/SP.DYN.LE00.IN?format=json&date=2019:2022,True
CYP,Cyprus,Europe & Central Asia,High income,0.6867041272209746,0.4030870152886168,0.9172025269884388,0.8157477202878922,0.6107792463189511,0.1627604166666666,0.0769230769230769,life_expectancy::life_expectancy_loss_2019_2021,life_expectancy_loss_2019_2021,0.8810000000000002,1.3121925504080219,-0.4311925504080216,0.31720944414795577,0.8810000000000002,effective converters,capacity,186,186,7,0.03626943005181349,7,0.03626943005181349,SP.DYN.LE00.IN,https://api.worldbank.org/v2/country/all/indicator/SP.DYN.LE00.IN?format=json&date=2019:2022,True
BGR,Bulgaria,Europe & Central Asia,High income,0.6854375852916174,0.6008706829887424,0.90834786272613,0.5947468983471923,0.637784897104405,0.3341145833333332,0.0384615384615384,life_expectancy::life_expectancy_loss_2019_2021,life_expectancy_loss_2019_2021,3.9000000000000057,1.0652230509230245,2.834776949076981,-2.085421047857274,3.9000000000000057,uncertain / data-limited systems,vulnerability,186,186,7,0.03626943005181349,7,0.03626943005181349,SP.DYN.LE00.IN,https://api.worldbank.org/v2/country/all/indicator/SP.DYN.LE00.IN?format=json&date=2019:2022,True
SGP,Singapore,East Asia & Pacific,High income,0.6846585060982541,0.4108830413712889,0.9415056150331502,0.7115127888790815,0.6747325791094959,0.3541666666666667,0.0384615384615384,life_expectancy::life_expectancy_loss_2019_2021,life_expectancy_loss_2019_2021,0.502439024390199,0.8809680212371309,-0.37852899684693186,0.27846717799293597,0.502439024390199,uncertain / data-limited systems,capacity,186,186,7,0.03626943005181349,7,0.03626943005181349,SP.DYN.LE00.IN,https://api.worldbank.org/v2/country/all/indicator/SP.DYN.LE00.IN?format=json&date=2019:2022,True
LVA,Latvia,Europe & Central Asia,High income,0.6788426652576671,0.5032232979013287,0.928011666331225,0.6212809763928517,0.6628547204052629,0.2815104166666666,0.0384615384615384,life_expectancy::life_expectancy_loss_2019_2021,life_expectancy_loss_2019_2021,2.4073170731707023,1.1546687169688403,1.252648356201862,-0.9215184455474555,2.4073170731707023,uncertain / data-limited systems,capacity,186,186,7,0.03626943005181349,7,0.03626943005181349,SP.DYN.LE00.IN,https://api.worldbank.org/v2/country/all/indicator/SP.DYN.LE00.IN?format=json&date=2019:2022,True
JOR,Jordan,"Middle East, North Africa, Afghanistan & Pakistan",Lower middle income,0.6757023078644859,0.3138518481233711,0.9418200451610784,0.7218043095294339,0.7253330286440602,0.2307291666666666,0.0384615384615384,life_expectancy::life_expectancy_loss_2019_2021,life_expectancy_loss_2019_2021,2.6610000000000014,1.6804038725485166,0.9805961274514847,-0.7213815550110596,2.6610000000000014,uncertain / data-limited systems,capacity,186,186,7,0.03626943005181349,7,0.03626943005181349,SP.DYN.LE00.IN,https://api.worldbank.org/v2/country/all/indicator/SP.DYN.LE00.IN?format=json&date=2019:2022,True
NIC,Nicaragua,Latin America & Caribbean ,Lower middle income,0.6740976553258002,0.2706416633866143,0.9554654121422552,0.7426474199142016,0.7276361258601298,0.29921875,0.1538461538461538,life_expectancy::life_expectancy_loss_2019_2021,life_expectancy_loss_2019_2021,3.2860000000000014,2.2052330376984903,1.080766962301511,-0.7950728440014325,3.2860000000000014,uncertain / data-limited systems,capacity,186,186,7,0.03626943005181349,7,0.03626943005181349,SP.DYN.LE00.IN,https://api.worldbank.org/v2/country/all/indicator/SP.DYN.LE00.IN?format=json&date=2019:2022,True
TUN,Tunisia,"Middle East, North Africa, Afghanistan & Pakistan",Lower middle income,0.6736728995848067,0.25366575099988,0.9592596257996054,0.7339569865766812,0.7478092349630598,0.2041666666666667,0.0,life_expectancy::life_expectancy_loss_2019_2021,life_expectancy_loss_2019_2021,2.706000000000003,1.647424452152681,1.058575547847322,-0.7787475938615376,2.706000000000003,uncertain / data-limited systems,capacity,186,186,7,0.03626943005181349,7,0.03626943005181349,SP.DYN.LE00.IN,https://api.worldbank.org/v2/country/all/indicator/SP.DYN.LE00.IN?format=json&date=2019:2022,True
IRN,"Iran, Islamic Rep.","Middle East, North Africa, Afghanistan & Pakistan",Upper middle income,0.6716950825288099,0.2899006188927754,0.979555809138539,0.7206501324705947,0.6966737696133306,0.1828124999999999,0.0769230769230769,life_expectancy::life_expectancy_loss_2019_2021,life_expectancy_loss_2019_2021,3.1030000000000086,2.0375682713945498,1.0654317286054589,-0.7837913852842061,3.1030000000000086,capacity under-realizers,capacity,186,186,7,0.03626943005181349,7,0.03626943005181349,SP.DYN.LE00.IN,https://api.worldbank.org/v2/country/all/indicator/SP.DYN.LE00.IN?format=json&date=2019:2022,True
NRU,Nauru,East Asia & Pacific,High income,0.670929668447223,0.5668279441592471,0.8864385214919197,0.389373482358202,0.8410787257795229,0.3385416666666667,0.1153846153846153,life_expectancy::life_expectancy_loss_2019_2021,life_expectancy_loss_2019_2021,0.06199999999999761,0.8798573734829261,-0.8178573734829285,0.6016617926013234,0.06199999999999761,uncertain / data-limited systems,vulnerability,186,186,7,0.03626943005181349,7,0.03626943005181349,SP.DYN.LE00.IN,https://api.worldbank.org/v2/country/all/indicator/SP.DYN.LE00.IN?format=json&date=2019:2022,True
VCT,St. Vincent and the Grenadines,Latin America & Caribbean ,Upper middle income,0.6701417723839488,0.3606948551024671,0.9521916893872016,0.5932353937819079,0.7744451512642184,0.17734375,0.0769230769230769,life_expectancy::life_expectancy_loss_2019_2021,life_expectancy_loss_2019_2021,1.8619999999999948,2.398507599530763,-0.5365075995307684,0.3946851059167628,1.8619999999999948,capacity under-realizers,capacity,186,186,7,0.03626943005181349,7,0.03626943005181349,SP.DYN.LE00.IN,https://api.worldbank.org/v2/country/all/indicator/SP.DYN.LE00.IN?format=json&date=2019:2022,True
ALB,Albania,Europe & Central Asia,Upper middle income,0.6696856726155633,0.3345657943556133,0.9726193994126826,0.7797703899355044,0.5917871067584531,0.0942708333333333,0.0384615384615384,life_expectancy::life_expectancy_loss_2019_2021,life_expectancy_loss_2019_2021,2.6230000000000047,1.7933906644914295,0.8296093355085752,-0.6103071955385394,2.6230000000000047,capacity under-realizers,capacity,186,186,7,0.03626943005181349,7,0.03626943005181349,SP.DYN.LE00.IN,https://api.worldbank.org/v2/country/all/indicator/SP.DYN.LE00.IN?format=json&date=2019:2022,True
UZB,Uzbekistan,Europe & Central Asia,Lower middle income,0.6686025330658762,0.4119113055278265,0.9405649421131524,0.6146409081395038,0.7072929764830225,0.1669270833333333,0.0384615384615384,life_expectancy::life_expectancy_loss_2019_2021,life_expectancy_loss_2019_2021,0.41200000000000614,1.6034564980467876,-1.1914564980467814,0.8765022798150329,0.41200000000000614,effective converters,capacity,186,186,7,0.03626943005181349,7,0.03626943005181349,SP.DYN.LE00.IN,https://api.worldbank.org/v2/country/all/indicator/SP.DYN.LE00.IN?format=json&date=2019:2022,True
KNA,St. Kitts and Nevis,Latin America & Caribbean ,High income,0.6647839475886296,0.4175374788716006,0.942039817022099,0.6969060044676371,0.6026524899931812,0.11015625,0.0769230769230769,life_expectancy::life_expectancy_loss_2019_2021,life_expectancy_loss_2019_2021,2.2690000000000055,1.9390821977593695,0.32991780224063594,-0.24270605455552963,2.2690000000000055,capacity under-realizers,capacity,186,186,7,0.03626943005181349,7,0.03626943005181349,SP.DYN.LE00.IN,https://api.worldbank.org/v2/country/all/indicator/SP.DYN.LE00.IN?format=json&date=2019:2022,True
ECU,Ecuador,Latin America & Caribbean ,Upper middle income,0.664199875526843,0.3467191820439355,0.7721230764365231,0.7681359992125998,0.7698212444143137,0.1432291666666666,0.0,life_expectancy::life_expectancy_loss_2019_2021,life_expectancy_loss_2019_2021,4.540000000000006,2.5505084079012468,1.9894915920987595,-1.4635816909858619,4.540000000000006,capacity under-realizers,capacity,186,186,7,0.03626943005181349,7,0.03626943005181349,SP.DYN.LE00.IN,https://api.worldbank.org/v2/country/all/indicator/SP.DYN.LE00.IN?format=json&date=2019:2022,True
BIH,Bosnia and Herzegovina,Europe & Central Asia,Upper middle income,0.6623497621693846,0.4938099285027721,0.6856349836250097,0.6897881404976597,0.7801659960520969,0.125,0.0384615384615384,life_expectancy::life_expectancy_loss_2019_2021,life_expectancy_loss_2019_2021,2.8270000000000124,1.6701280942125831,1.1568719057874293,-0.8510599124172383,2.8270000000000124,capacity under-realizers,capacity,186,186,7,0.03626943005181349,7,0.03626943005181349,SP.DYN.LE00.IN,https://api.worldbank.org/v2/country/all/indicator/SP.DYN.LE00.IN?format=json&date=2019:2022,True
LBY,Libya,"Middle East, North Africa, Afghanistan & Pakistan",Upper middle income,0.6597821993652432,0.3839160252030721,0.8404155544724616,0.6255679164991333,0.7892293012863056,0.12578125,0.0,life_expectancy::life_expectancy_loss_2019_2021,life_expectancy_loss_2019_2021,0.8790000000000049,2.1960178896515687,-1.3170178896515639,0.9688722875985808,0.8790000000000049,effective converters,capacity,186,186,7,0.03626943005181349,7,0.03626943005181349,SP.DYN.LE00.IN,https://api.worldbank.org/v2/country/all/indicator/SP.DYN.LE00.IN?format=json&date=2019:2022,True
PSE,West Bank and Gaza,"Middle East, North Africa, Afghanistan & Pakistan",Lower middle income,0.6587017614512714,0.3176807706933734,0.9877450980392156,0.6045379500737209,0.7248432269987758,0.15625,0.0384615384615384,life_expectancy::life_expectancy_loss_2019_2021,life_expectancy_loss_2019_2021,1.9210000000000065,1.502335060907302,0.4186649390927044,-0.3079934300538506,1.9210000000000065,capacity under-realizers,capacity,186,186,7,0.03626943005181349,7,0.03626943005181349,SP.DYN.LE00.IN,https://api.worldbank.org/v2/country/all/indicator/SP.DYN.LE00.IN?format=json&date=2019:2022,True
BRB,Barbados,Latin America & Caribbean ,High income,0.6579409859020005,0.4376839484267321,0.8694472408349976,0.5981394797313992,0.7264932746148729,0.2169270833333332,0.0,life_expectancy::life_expectancy_loss_2019_2021,life_expectancy_loss_2019_2021,-0.08499999999999375,1.6599362806994211,-1.7449362806994149,1.2836730763332906,-0.08499999999999375,uncertain / data-limited systems,capacity,186,186,7,0.03626943005181349,7,0.03626943005181349,SP.DYN.LE00.IN,https://api.worldbank.org/v2/country/all/indicator/SP.DYN.LE00.IN?format=json&date=2019:2022,True
THA,Thailand,East Asia & Pacific,Upper middle income,0.6577800277292037,0.1805741643377892,0.8457201250794135,0.6959196213257433,0.9089062001738688,0.3406249999999999,0.0,life_expectancy::life_expectancy_loss_2019_2021,life_expectancy_loss_2019_2021,-0.4089999999999918,1.4359403150845478,-1.8449403150845396,1.3572416575386963,-0.4089999999999918,uncertain / data-limited systems,capacity,186,186,7,0.03626943005181349,7,0.03626943005181349,SP.DYN.LE00.IN,https://api.worldbank.org/v2/country/all/indicator/SP.DYN.LE00.IN?format=json&date=2019:2022,True
LCA,St. Lucia,Latin America & Caribbean ,Upper middle income,0.656083207299029,0.3119948676060742,0.9066315423963224,0.7046030667039356,0.7011033524897836,0.2447916666666666,0.0,life_expectancy::life_expectancy_loss_2019_2021,life_expectancy_loss_2019_2021,3.1299999999999955,2.4912652350877504,0.638734764912245,-0.46988914707376883,3.1299999999999955,uncertain / data-limited systems,capacity,186,186,7,0.03626943005181349,7,0.03626943005181349,SP.DYN.LE00.IN,https://api.worldbank.org/v2/country/all/indicator/SP.DYN.LE00.IN?format=json&date=2019:2022,True
MDA,Moldova,Europe & Central Asia,Upper middle income,0.6559742104121051,0.5279581493319597,0.8066741913681217,0.6028075479993572,0.6864569529489815,0.2244791666666666,0.0,life_expectancy::life_expectancy_loss_2019_2021,life_expectancy_loss_2019_2021,1.1899999999999977,1.7627562935103405,-0.5727562935103427,0.4213516799507288,1.1899999999999977,uncertain / data-limited systems,capacity,186,186,7,0.03626943005181349,7,0.03626943005181349,SP.DYN.LE00.IN,https://api.worldbank.org/v2/country/all/indicator/SP.DYN.LE00.IN?format=json&date=2019:2022,True
PAN,Panama,Latin America & Caribbean ,High income,0.6543250217256888,0.3766516033544161,0.8106900404600847,0.7907396443352344,0.6392187987530201,0.1044270833333333,0.0384615384615384,life_expectancy::life_expectancy_loss_2019_2021,life_expectancy_loss_2019_2021,1.509999999999991,2.02935837110671,-0.5193583711067191,0.38206917085292313,1.509999999999991,capacity under-realizers,capacity,186,186,7,0.03626943005181349,7,0.03626943005181349,SP.DYN.LE00.IN,https://api.worldbank.org/v2/country/all/indicator/SP.DYN.LE00.IN?format=json&date=2019:2022,True
GEO,Georgia,Europe & Central Asia,Upper middle income,0.6532030764803352,0.509239642509025,0.887079208498833,0.6353008413217734,0.5811926135917094,0.3041666666666665,0.0,life_expectancy::life_expectancy_loss_2019_2021,life_expectancy_loss_2019_2021,2.530000000000001,1.7738585664570294,0.7561414335429717,-0.5562600828897397,2.530000000000001,uncertain / data-limited systems,capacity,186,186,7,0.03626943005181349,7,0.03626943005181349,SP.DYN.LE00.IN,https://api.worldbank.org/v2/country/all/indicator/SP.DYN.LE00.IN?format=json&date=2019:2022,True
BHR,Bahrain,"Middle East, North Africa, Afghanistan & Pakistan",High income,0.6523110582727074,0.2242510935493122,0.989839380449274,0.6157753186314454,0.7793784404607978,0.2033854166666666,0.0,life_expectancy::life_expectancy_loss_2019_2021,life_expectancy_loss_2019_2021,2.3880000000000052,1.46530867712011,0.9226913228798952,-0.6787835304063464,2.3880000000000052,capacity under-realizers,capacity,186,186,7,0.03626943005181349,7,0.03626943005181349,SP.DYN.LE00.IN,https://api.worldbank.org/v2/country/all/indicator/SP.DYN.LE00.IN?format=json&date=2019:2022,True
TTO,Trinidad and Tobago,Latin America & Caribbean ,High income,0.6512626453966167,0.4104531585570775,0.9077504764921543,0.6217329960273007,0.6651139505099344,0.1833333333333332,0.0384615384615384,life_expectancy::life_expectancy_loss_2019_2021,life_expectancy_loss_2019_2021,1.7249999999999943,1.9059658999584987,-0.18096589995850443,0.13312867414163906,1.7249999999999943,capacity under-realizers,capacity,186,186,7,0.03626943005181349,7,0.03626943005181349,SP.DYN.LE00.IN,https://api.worldbank.org/v2/country/all/indicator/SP.DYN.LE00.IN?format=json&date=2019:2022,True
KGZ,Kyrgyz Republic,Europe & Central Asia,Lower middle income,0.6501454007497245,0.3317152029949079,0.8719689879667554,0.6767504291276911,0.7201469829095438,0.21484375,0.0,life_expectancy::life_expectancy_loss_2019_2021,life_expectancy_loss_2019_2021,-0.30000000000001137,1.5895636402458078,-1.8895636402458191,1.3900690803618612,-0.30000000000001137,uncertain / data-limited systems,capacity,186,186,7,0.03626943005181349,7,0.03626943005181349,SP.DYN.LE00.IN,https://api.worldbank.org/v2/country/all/indicator/SP.DYN.LE00.IN?format=json&date=2019:2022,True
DZA,Algeria,"Middle East, North Africa, Afghanistan & Pakistan",Upper middle income,0.6490773240471281,0.2542673301460795,0.8443272353045255,0.7553194495008495,0.7423952812370581,0.1796875,0.0,life_expectancy::life_expectancy_loss_2019_2021,life_expectancy_loss_2019_2021,0.47400000000000375,2.11144243173516,-1.6374424317351561,1.2045945670988174,0.47400000000000375,effective converters,capacity,186,186,7,0.03626943005181349,7,0.03626943005181349,SP.DYN.LE00.IN,https://api.worldbank.org/v2/country/all/indicator/SP.DYN.LE00.IN?format=json&date=2019:2022,True
DMA,Dominica,Latin America & Caribbean ,Upper middle income,0.6483251716035098,0.3440806211298222,0.9032418160110532,0.6047602982406856,0.7412179510324783,0.0625,0.0769230769230769,life_expectancy::life_expectancy_loss_2019_2021,life_expectancy_loss_2019_2021,1.4730000000000132,2.4285433895831035,-0.9555433895830903,0.7029513547534303,1.4730000000000132,capacity under-realizers,capacity,186,186,7,0.03626943005181349,7,0.03626943005181349,SP.DYN.LE00.IN,https://api.worldbank.org/v2/country/all/indicator/SP.DYN.LE00.IN?format=json&date=2019:2022,True
SLV,El Salvador,Latin America & Caribbean ,Upper middle income,0.6480007768591318,0.3694577590601324,0.8834736436967887,0.5989970298532373,0.740074674826369,0.0578124999999999,0.0,life_expectancy::life_expectancy_loss_2019_2021,life_expectancy_loss_2019_2021,1.7839999999999918,2.38638112360376,-0.6023811236037684,0.44314536789366954,1.7839999999999918,capacity under-realizers,capacity,186,186,7,0.03626943005181349,7,0.03626943005181349,SP.DYN.LE00.IN,https://api.worldbank.org/v2/country/all/indicator/SP.DYN.LE00.IN?format=json&date=2019:2022,True
MNE,Montenegro,Europe & Central Asia,Upper middle income,0.6477545124955246,0.5126032821767527,0.6703444256780262,0.6929378044056801,0.7151325377216396,0.2916666666666667,0.0,life_expectancy::life_expectancy_loss_2019_2021,life_expectancy_loss_2019_2021,2.858536585365897,1.8163889438769714,1.0421476414889257,-0.7666623037990574,2.858536585365897,uncertain / data-limited systems,capacity,186,186,7,0.03626943005181349,7,0.03626943005181349,SP.DYN.LE00.IN,https://api.worldbank.org/v2/country/all/indicator/SP.DYN.LE00.IN?format=json&date=2019:2022,True
LKA,Sri Lanka,South Asia,Lower middle income,0.6477008450464888,0.1899266334096221,0.9682850936923582,0.7529169738176473,0.6796746792663276,0.3653645833333332,0.0,life_expectancy::life_expectancy_loss_2019_2021,life_expectancy_loss_2019_2021,0.4199999999999875,1.114296318681313,-0.6942963186813256,0.510763344854805,0.4199999999999875,uncertain / data-limited systems,capacity,186,186,7,0.03626943005181349,7,0.03626943005181349,SP.DYN.LE00.IN,https://api.worldbank.org/v2/country/all/indicator/SP.DYN.LE00.IN?format=json&date=2019:2022,True
BLZ,Belize,Latin America & Caribbean ,Upper middle income,0.6459885184203296,0.1845481518563255,0.8652466029814967,0.7259879734102914,0.8081713454332043,0.3708333333333333,0.0,life_expectancy::life_expectancy_loss_2019_2021,life_expectancy_loss_2019_2021,1.6599999999999966,2.664179603800293,-1.0041796038002966,0.7387308840210443,1.6599999999999966,uncertain / data-limited systems,capacity,186,186,7,0.03626943005181349,7,0.03626943005181349,SP.DYN.LE00.IN,https://api.worldbank.org/v2/country/all/indicator/SP.DYN.LE00.IN?format=json&date=2019:2022,True
MYS,Malaysia,East Asia & Pacific,Upper middle income,0.6456944397265684,0.2291338827416733,0.9145985435053348,0.7111663135976891,0.7278790190615761,0.1822916666666666,0.0384615384615384,life_expectancy::life_expectancy_loss_2019_2021,life_expectancy_loss_2019_2021,1.983000000000004,1.6407581732325314,0.3422418267674727,-0.2517722987801213,1.983000000000004,structurally vulnerable systems,capacity,186,186,7,0.03626943005181349,7,0.03626943005181349,SP.DYN.LE00.IN,https://api.worldbank.org/v2/country/all/indicator/SP.DYN.LE00.IN?format=json&date=2019:2022,True
TJK,Tajikistan,Europe & Central Asia,Lower middle income,0.6357559129066745,0.3499546768118913,0.9214354407742822,0.6826989523373221,0.5889345817032028,0.2218749999999999,0.0,life_expectancy::life_expectancy_loss_2019_2021,life_expectancy_loss_2019_2021,1.3680000000000092,1.516597980158845,-0.14859798015883574,0.10931701543333615,1.3680000000000092,uncertain / data-limited systems,capacity,186,186,7,0.03626943005181349,7,0.03626943005181349,SP.DYN.LE00.IN,https://api.worldbank.org/v2/country/all/indicator/SP.DYN.LE00.IN?format=json&date=2019:2022,True
MUS,Mauritius,Sub-Saharan Africa ,Upper middle income,0.6346337579052626,0.3330310308730893,0.9426166152682652,0.6202816841723293,0.6426057013073662,0.2302083333333332,0.0769230769230769,life_expectancy::life_expectancy_loss_2019_2021,life_expectancy_loss_2019_2021,0.5556097560975957,1.1118542539828087,-0.556244497885213,0.40920467623469564,0.5556097560975957,uncertain / data-limited systems,capacity,186,186,7,0.03626943005181349,7,0.03626943005181349,SP.DYN.LE00.IN,https://api.worldbank.org/v2/country/all/indicator/SP.DYN.LE00.IN?format=json&date=2019:2022,True
ARM,Armenia,Europe & Central Asia,Upper middle income,0.6346016951006593,0.4732849256029421,0.9163214042247854,0.6415149075582738,0.5072855430166362,0.2875,0.0,life_expectancy::life_expectancy_loss_2019_2021,life_expectancy_loss_2019_2021,3.943902439024413,1.7942464639018456,2.1496559751225672,-1.5814076016218572,3.943902439024413,uncertain / data-limited systems,capacity,186,186,7,0.03626943005181349,7,0.03626943005181349,SP.DYN.LE00.IN,https://api.worldbank.org/v2/country/all/indicator/SP.DYN.LE00.IN?format=json&date=2019:2022,True
MEX,Mexico,Latin America & Caribbean ,Upper middle income,0.6295156707444782,0.2638600782104646,0.834289803866633,0.6905645268805292,0.729348274020286,0.09375,0.0,life_expectancy::life_expectancy_loss_2019_2021,life_expectancy_loss_2019_2021,4.780000000000001,2.5873508125266333,2.192649187473368,-1.6130358219587517,4.780000000000001,structurally vulnerable systems,capacity,186,186,7,0.03626943005181349,7,0.03626943005181349,SP.DYN.LE00.IN,https://api.worldbank.org/v2/country/all/indicator/SP.DYN.LE00.IN?format=json&date=2019:2022,True
BHS,"Bahamas, The",Latin America & Caribbean ,High income,0.6272271607997593,0.3548022405378866,0.8258192258773593,0.6158999980284617,0.7123871787553294,0.1721354166666666,0.0384615384615384,life_expectancy::life_expectancy_loss_2019_2021,life_expectancy_loss_2019_2021,0.6560000000000059,1.9446238324147085,-1.2886238324147026,0.94798402525572,0.6560000000000059,adaptive over-performers,capacity,186,186,7,0.03626943005181349,7,0.03626943005181349,SP.DYN.LE00.IN,https://api.worldbank.org/v2/country/all/indicator/SP.DYN.LE00.IN?format=json&date=2019:2022,True
BTN,Bhutan,South Asia,Lower middle income,0.6260503846584147,0.1205530925308737,0.8514114305809429,0.7092362861309001,0.8230007293909417,0.3460937499999999,0.0,life_expectancy::life_expectancy_loss_2019_2021,life_expectancy_loss_2019_2021,-0.44299999999999784,1.3515988515763508,-1.7945988515763487,1.3202076511721272,-0.44299999999999784,uncertain / data-limited systems,capacity,186,186,7,0.03626943005181349,7,0.03626943005181349,SP.DYN.LE00.IN,https://api.worldbank.org/v2/country/all/indicator/SP.DYN.LE00.IN?format=json&date=2019:2022,True
JAM,Jamaica,Latin America & Caribbean ,Upper middle income,0.6236573755955415,0.2282760912104227,0.8809742637247908,0.6509635969585903,0.7344155504883616,0.1984374999999999,0.0,life_expectancy::life_expectancy_loss_2019_2021,life_expectancy_loss_2019_2021,2.4470000000000027,2.4051294674384485,0.04187053256155426,-0.030802314064706023,2.4470000000000027,structurally vulnerable systems,capacity,186,186,7,0.03626943005181349,7,0.03626943005181349,SP.DYN.LE00.IN,https://api.worldbank.org/v2/country/all/indicator/SP.DYN.LE00.IN?format=json&date=2019:2022,True
TKM,Turkmenistan,Europe & Central Asia,Upper middle income,0.6230590832895327,0.2990039826459934,0.9642564590376924,0.6336296311541779,0.5953462603202672,0.0833333333333333,0.0384615384615384,life_expectancy::life_expectancy_loss_2019_2021,life_expectancy_loss_2019_2021,0.05200000000000671,2.10175864437225,-2.0497586443722433,1.5079175175997905,0.05200000000000671,adaptive over-performers,capacity,186,186,7,0.03626943005181349,7,0.03626943005181349,SP.DYN.LE00.IN,https://api.worldbank.org/v2/country/all/indicator/SP.DYN.LE00.IN?format=json&date=2019:2022,True
GRD,Grenada,Latin America & Caribbean ,Upper middle income,0.6224522850556857,0.2911663844123551,0.9151535956660868,0.6419917381565539,0.6414974219877472,0.1354166666666666,0.0769230769230769,life_expectancy::life_expectancy_loss_2019_2021,life_expectancy_loss_2019_2021,0.44899999999999807,2.3525042628646533,-1.9035042628646552,1.4003245848871897,0.44899999999999807,adaptive over-performers,capacity,186,186,7,0.03626943005181349,7,0.03626943005181349,SP.DYN.LE00.IN,https://api.worldbank.org/v2/country/all/indicator/SP.DYN.LE00.IN?format=json&date=2019:2022,True
LBN,Lebanon,"Middle East, North Africa, Afghanistan & Pakistan",Lower middle income,0.6207577583141333,0.3822786569165964,0.7926950458636233,0.6585748480252485,0.6494824824510651,0.1984374999999999,0.0384615384615384,life_expectancy::life_expectancy_loss_2019_2021,life_expectancy_loss_2019_2021,4.557999999999993,1.5034294739603227,3.05457052603967,-2.2471135407114557,4.557999999999993,structurally vulnerable systems,capacity,186,186,7,0.03626943005181349,7,0.03626943005181349,SP.DYN.LE00.IN,https://api.worldbank.org/v2/country/all/indicator/SP.DYN.LE00.IN?format=json&date=2019:2022,True
PRY,Paraguay,Latin America & Caribbean ,Upper middle income,0.6200103143941642,0.2308564778967678,0.8269696833764881,0.7383300460921496,0.683885050211251,0.1216145833333333,0.0,life_expectancy::life_expectancy_loss_2019_2021,life_expectancy_loss_2019_2021,5.560000000000002,2.640906029587292,2.9190939704127103,-2.147449381706755,5.560000000000002,structurally vulnerable systems,capacity,186,186,7,0.03626943005181349,7,0.03626943005181349,SP.DYN.LE00.IN,https://api.worldbank.org/v2/country/all/indicator/SP.DYN.LE00.IN?format=json&date=2019:2022,True
FJI,Fiji,East Asia & Pacific,Upper middle income,0.6178667108182544,0.1718859030867164,0.9193966862730744,0.553064783244404,0.8271194706688227,0.17734375,0.0,life_expectancy::life_expectancy_loss_2019_2021,life_expectancy_loss_2019_2021,2.105000000000004,1.5402940182485123,0.5647059817514917,-0.41542941873395556,2.105000000000004,structurally vulnerable systems,capacity,186,186,7,0.03626943005181349,7,0.03626943005181349,SP.DYN.LE00.IN,https://api.worldbank.org/v2/country/all/indicator/SP.DYN.LE00.IN?format=json&date=2019:2022,True
GUY,Guyana,Latin America & Caribbean ,High income,0.6118947006333888,0.2028261617228233,0.867480051953228,0.6105846381499948,0.766687950707509,0.28125,0.0,life_expectancy::life_expectancy_loss_2019_2021,life_expectancy_loss_2019_2021,4.744,2.0487287926173385,2.6952712073826612,-1.982792793411716,4.744,uncertain / data-limited systems,capacity,186,186,7,0.03626943005181349,7,0.03626943005181349,SP.DYN.LE00.IN,https://api.worldbank.org/v2/country/all/indicator/SP.DYN.LE00.IN?format=json&date=2019:2022,True
PER,Peru,Latin America & Caribbean ,Upper middle income,0.6056794177274751,0.219058315884222,0.7904545559187894,0.7070732519612428,0.7061315471456461,0.0992187499999999,0.0384615384615384,life_expectancy::life_expectancy_loss_2019_2021,life_expectancy_loss_2019_2021,4.679000000000002,2.5358162744403367,2.1431837255596653,-1.5766462515375566,4.679000000000002,structurally vulnerable systems,capacity,186,186,7,0.03626943005181349,7,0.03626943005181349,SP.DYN.LE00.IN,https://api.worldbank.org/v2/country/all/indicator/SP.DYN.LE00.IN?format=json&date=2019:2022,True
CPV,Cabo Verde,Sub-Saharan Africa ,Upper middle income,0.6056459361798809,0.1748414442188375,0.8907404525592983,0.6685434249570065,0.6884584229843812,0.1200520833333333,0.0,life_expectancy::life_expectancy_loss_2019_2021,life_expectancy_loss_2019_2021,1.0249999999999915,1.1508151775824536,-0.12581517758246208,0.09255670699445999,1.0249999999999915,adaptive over-performers,capacity,186,186,7,0.03626943005181349,7,0.03626943005181349,SP.DYN.LE00.IN,https://api.worldbank.org/v2/country/all/indicator/SP.DYN.LE00.IN?format=json&date=2019:2022,True
MNG,Mongolia,East Asia & Pacific,Upper middle income,0.6032546228987976,0.4314765764284001,0.7677104522967445,0.5775556570056546,0.6362758058643913,0.2138020833333333,0.0,life_expectancy::life_expectancy_loss_2019_2021,life_expectancy_loss_2019_2021,-0.5919512195121968,1.7560849287879405,-2.348036148300137,1.72734719265627,-0.5919512195121968,uncertain / data-limited systems,capacity,186,186,7,0.03626943005181349,7,0.03626943005181349,SP.DYN.LE00.IN,https://api.worldbank.org/v2/country/all/indicator/SP.DYN.LE00.IN?format=json&date=2019:2022,True
HND,Honduras,Latin America & Caribbean ,Lower middle income,0.600295509808412,0.1662024963072592,0.9044145349804646,0.6889332074130756,0.6416318005328481,0.1283854166666666,0.0,life_expectancy::life_expectancy_loss_2019_2021,life_expectancy_loss_2019_2021,2.631999999999991,2.1341143205101165,0.4978856794898743,-0.3662726535761414,2.631999999999991,structurally vulnerable systems,capacity,186,186,7,0.03626943005181349,7,0.03626943005181349,SP.DYN.LE00.IN,https://api.worldbank.org/v2/country/all/indicator/SP.DYN.LE00.IN?format=json&date=2019:2022,True
VNM,Viet Nam,East Asia & Pacific,Lower middle income,0.5964542720852765,0.1832401747811078,0.8161335993963043,0.6903622627948471,0.6960810513688466,0.2348958333333333,0.0,life_expectancy::life_expectancy_loss_2019_2021,life_expectancy_loss_2019_2021,0.0660000000000025,1.0503404814266963,-0.9843404814266938,0.7241361119764929,0.0660000000000025,uncertain / data-limited systems,capacity,186,186,7,0.03626943005181349,7,0.03626943005181349,SP.DYN.LE00.IN,https://api.worldbank.org/v2/country/all/indicator/SP.DYN.LE00.IN?format=json&date=2019:2022,True
MAR,Morocco,"Middle East, North Africa, Afghanistan & Pakistan",Lower middle income,0.5918387866998884,0.1294196547620839,0.9488915513110034,0.6876315193950658,0.6014124213314006,0.1096354166666667,0.0384615384615384,life_expectancy::life_expectancy_loss_2019_2021,life_expectancy_loss_2019_2021,0.8599999999999994,1.5540467325955738,-0.6940467325955744,0.5105797353201474,0.8599999999999994,adaptive over-performers,capacity,186,186,7,0.03626943005181349,7,0.03626943005181349,SP.DYN.LE00.IN,https://api.worldbank.org/v2/country/all/indicator/SP.DYN.LE00.IN?format=json&date=2019:2022,True
WSM,Samoa,East Asia & Pacific,Upper middle income,0.5872633582580222,0.2456591993164952,0.6134292279437159,0.6798764898784216,0.810088515893456,0.2765625,0.0769230769230769,life_expectancy::life_expectancy_loss_2019_2021,life_expectancy_loss_2019_2021,-0.8269999999999982,1.436396247613372,-2.26339624761337,1.6650813306320265,-0.8269999999999982,uncertain / data-limited systems,capacity,186,186,7,0.03626943005181349,7,0.03626943005181349,SP.DYN.LE00.IN,https://api.worldbank.org/v2/country/all/indicator/SP.DYN.LE00.IN?format=json&date=2019:2022,True
SUR,Suriname,Latin America & Caribbean ,Upper middle income,0.5820331620334881,0.3039261044589958,0.6108436046278103,0.6270112389349571,0.7863517001121891,0.078125,0.0,life_expectancy::life_expectancy_loss_2019_2021,life_expectancy_loss_2019_2021,2.8299999999999983,2.719006405951313,0.11099359404868547,-0.08165311816925194,2.8299999999999983,structurally vulnerable systems,capacity,186,186,7,0.03626943005181349,7,0.03626943005181349,SP.DYN.LE00.IN,https://api.worldbank.org/v2/country/all/indicator/SP.DYN.LE00.IN?format=json&date=2019:2022,True
EGY,"Egypt, Arab Rep.","Middle East, North Africa, Afghanistan & Pakistan",Lower middle income,0.5749914738003827,0.1425905407592108,0.9368700462464432,0.5748929504998724,0.6456123576960046,0.0677083333333333,0.0,life_expectancy::life_expectancy_loss_2019_2021,life_expectancy_loss_2019_2021,2.2369999999999948,1.64010350426702,0.5968964957329748,-0.4391105677641065,2.2369999999999948,structurally vulnerable systems,capacity,186,186,7,0.03626943005181349,7,0.03626943005181349,SP.DYN.LE00.IN,https://api.worldbank.org/v2/country/all/indicator/SP.DYN.LE00.IN?format=json&date=2019:2022,True
AZE,Azerbaijan,Europe & Central Asia,Upper middle income,0.5727858513007176,0.3472579615421797,0.7015549952002419,0.681467035750128,0.5608634127103203,0.1528645833333333,0.0,life_expectancy::life_expectancy_loss_2019_2021,life_expectancy_loss_2019_2021,2.291000000000011,1.934145007736576,0.356854992263435,-0.26252256359761394,2.291000000000011,structurally vulnerable systems,capacity,186,186,7,0.03626943005181349,7,0.03626943005181349,SP.DYN.LE00.IN,https://api.worldbank.org/v2/country/all/indicator/SP.DYN.LE00.IN?format=json&date=2019:2022,True
UKR,Ukraine,Europe & Central Asia,Upper middle income,0.5714051748848457,0.4441733441292559,0.5402916603346692,0.5866085877199805,0.7145471073554772,0.2919270833333333,0.1153846153846153,life_expectancy::life_expectancy_loss_2019_2021,life_expectancy_loss_2019_2021,2.2890000000000015,1.6625554034214725,0.626444596578529,-0.4608478093652815,2.2890000000000015,uncertain / data-limited systems,capacity,186,186,7,0.03626943005181349,7,0.03626943005181349,SP.DYN.LE00.IN,https://api.worldbank.org/v2/country/all/indicator/SP.DYN.LE00.IN?format=json&date=2019:2022,True
DOM,Dominican Republic,Latin America & Caribbean ,Upper middle income,0.5691724008936305,0.1833018379392382,0.7568322344837783,0.6245700681687736,0.7119854629827318,0.0833333333333333,0.0,life_expectancy::life_expectancy_loss_2019_2021,life_expectancy_loss_2019_2021,1.3549999999999898,2.4785375990941247,-1.123537599094135,0.8265373252639319,1.3549999999999898,adaptive over-performers,capacity,186,186,7,0.03626943005181349,7,0.03626943005181349,SP.DYN.LE00.IN,https://api.worldbank.org/v2/country/all/indicator/SP.DYN.LE00.IN?format=json&date=2019:2022,True
MHL,Marshall Islands,East Asia & Pacific,Upper middle income,0.5672960384510873,0.4722536138840991,0.5022291706934692,0.5302010852570538,0.7645002839697274,0.3492187499999999,0.1538461538461538,life_expectancy::life_expectancy_loss_2019_2021,life_expectancy_loss_2019_2021,0.6259999999999906,1.353031012065552,-0.7270310120655614,0.534844822799963,0.6259999999999906,uncertain / data-limited systems,capacity,186,186,7,0.03626943005181349,7,0.03626943005181349,SP.DYN.LE00.IN,https://api.worldbank.org/v2/country/all/indicator/SP.DYN.LE00.IN?format=json&date=2019:2022,True
BOL,Bolivia,Latin America & Caribbean ,Lower middle income,0.566427958565157,0.2527398762657427,0.7729294989041062,0.619314310713776,0.6207281483770031,0.0520833333333333,0.0,life_expectancy::life_expectancy_loss_2019_2021,life_expectancy_loss_2019_2021,6.392999999999994,2.2597742922472435,4.13322570775275,-3.0406328403717704,6.392999999999994,structurally vulnerable systems,capacity,186,186,7,0.03626943005181349,7,0.03626943005181349,SP.DYN.LE00.IN,https://api.worldbank.org/v2/country/all/indicator/SP.DYN.LE00.IN?format=json&date=2019:2022,True
KIR,Kiribati,East Asia & Pacific,Lower middle income,0.5517726113500948,0.4386351161119455,0.5847467409745934,0.5255845965845357,0.6581239917293048,0.2354166666666667,0.0769230769230769,life_expectancy::life_expectancy_loss_2019_2021,life_expectancy_loss_2019_2021,1.7180000000000035,0.941536301557738,0.7764636984422655,-0.5712102816963576,1.7180000000000035,uncertain / data-limited systems,capacity,186,186,7,0.03626943005181349,7,0.03626943005181349,SP.DYN.LE00.IN,https://api.worldbank.org/v2/country/all/indicator/SP.DYN.LE00.IN?format=json&date=2019:2022,True
STP,Sao Tome and Principe,Sub-Saharan Africa ,Lower middle income,0.5432597176279896,0.2281945139463848,0.8569850950422522,0.5472049288752009,0.5406543326481204,0.046875,0.0384615384615384,life_expectancy::life_expectancy_loss_2019_2021,life_expectancy_loss_2019_2021,0.017000000000010118,0.7338992714486716,-0.7168992714486615,0.5273913456786702,0.017000000000010118,adaptive over-performers,capacity,186,186,7,0.03626943005181349,7,0.03626943005181349,SP.DYN.LE00.IN,https://api.worldbank.org/v2/country/all/indicator/SP.DYN.LE00.IN?format=json&date=2019:2022,True
GTM,Guatemala,Latin America & Caribbean ,Upper middle income,0.5425743618946528,0.1381242055350285,0.8197473484421942,0.6661923964367509,0.5462334971646373,0.0625,0.0,life_expectancy::life_expectancy_loss_2019_2021,life_expectancy_loss_2019_2021,3.7809999999999917,2.4511812404939617,1.32981875950603,-0.9782893260128648,3.7809999999999917,structurally vulnerable systems,capacity,186,186,7,0.03626943005181349,7,0.03626943005181349,SP.DYN.LE00.IN,https://api.worldbank.org/v2/country/all/indicator/SP.DYN.LE00.IN?format=json&date=2019:2022,True
VUT,Vanuatu,East Asia & Pacific,Lower middle income,0.5401828820320265,0.1091645110423711,0.7539178804659304,0.6888072958568461,0.6088418407629584,0.1979166666666666,0.0384615384615384,life_expectancy::life_expectancy_loss_2019_2021,life_expectancy_loss_2019_2021,0.8310000000000031,1.0780370203474594,-0.24703702034745634,0.1817342990602049,0.8310000000000031,adaptive over-performers,capacity,186,186,7,0.03626943005181349,7,0.03626943005181349,SP.DYN.LE00.IN,https://api.worldbank.org/v2/country/all/indicator/SP.DYN.LE00.IN?format=json&date=2019:2022,True
SLB,Solomon Islands,East Asia & Pacific,Lower middle income,0.5398396985066892,0.1643797317525542,0.7713716073919891,0.6719613155185465,0.551646139363667,0.1208333333333334,0.0384615384615384,life_expectancy::life_expectancy_loss_2019_2021,life_expectancy_loss_2019_2021,1.090999999999994,1.044036962120506,0.04696303787948808,-0.034548646833427815,1.090999999999994,structurally vulnerable systems,capacity,186,186,7,0.03626943005181349,7,0.03626943005181349,SP.DYN.LE00.IN,https://api.worldbank.org/v2/country/all/indicator/SP.DYN.LE00.IN?format=json&date=2019:2022,True
IRQ,Iraq,"Middle East, North Africa, Afghanistan & Pakistan",Upper middle income,0.5395766173515494,0.1230682021831125,0.7447388813460643,0.5954737713571951,0.6950256145198255,0.078125,0.0,life_expectancy::life_expectancy_loss_2019_2021,life_expectancy_loss_2019_2021,0.541000000000011,1.9846497546625155,-1.4436497546625044,1.0620297957084244,0.541000000000011,adaptive over-performers,capacity,186,186,7,0.03626943005181349,7,0.03626943005181349,SP.DYN.LE00.IN,https://api.worldbank.org/v2/country/all/indicator/SP.DYN.LE00.IN?format=json&date=2019:2022,True
FSM,"Micronesia, Fed. Sts.",East Asia & Pacific,Lower middle income,0.5300177062349254,0.3052058387651767,0.5598279910743895,0.5624547285242376,0.6925822665758978,0.1822916666666666,0.1153846153846153,life_expectancy::life_expectancy_loss_2019_2021,life_expectancy_loss_2019_2021,0.04399999999999693,0.9557066245869666,-0.9117066245869697,0.6707025697396221,0.04399999999999693,adaptive over-performers,capacity,186,186,7,0.03626943005181349,7,0.03626943005181349,SP.DYN.LE00.IN,https://api.worldbank.org/v2/country/all/indicator/SP.DYN.LE00.IN?format=json&date=2019:2022,True
BWA,Botswana,Sub-Saharan Africa ,Upper middle income,0.5208874245115966,0.2831414738377958,0.5146708482962801,0.538222136240808,0.7475152396715028,0.1002604166666666,0.0384615384615384,life_expectancy::life_expectancy_loss_2019_2021,life_expectancy_loss_2019_2021,3.8640000000000043,1.4168314066277976,2.447168593372207,-1.800274583838198,3.8640000000000043,structurally vulnerable systems,capacity,186,186,7,0.03626943005181349,7,0.03626943005181349,SP.DYN.LE00.IN,https://api.worldbank.org/v2/country/all/indicator/SP.DYN.LE00.IN?format=json&date=2019:2022,True
IDN,Indonesia,East Asia & Pacific,Upper middle income,0.5044533640762929,0.0796636381467361,0.6623559046159495,0.6187233532347418,0.6570705603077445,0.078125,0.0,life_expectancy::life_expectancy_loss_2019_2021,life_expectancy_loss_2019_2021,2.8970000000000056,1.3807881069362735,1.516211893063732,-1.1154105778361765,2.8970000000000056,structurally vulnerable systems,capacity,186,186,7,0.03626943005181349,7,0.03626943005181349,SP.DYN.LE00.IN,https://api.worldbank.org/v2/country/all/indicator/SP.DYN.LE00.IN?format=json&date=2019:2022,True
SYR,Syrian Arab Republic,"Middle East, North Africa, Afghanistan & Pakistan",Low income,0.5021758668129401,0.1437721937857306,0.5865949872379461,0.537497402384935,0.7408388838431488,0.0625,0.0,life_expectancy::life_expectancy_loss_2019_2021,life_expectancy_loss_2019_2021,-1.4480000000000075,0.862380927272937,-2.3103809272729445,1.6996458983737008,-1.4480000000000075,adaptive over-performers,capacity,186,186,7,0.03626943005181349,7,0.03626943005181349,SP.DYN.LE00.IN,https://api.worldbank.org/v2/country/all/indicator/SP.DYN.LE00.IN?format=json&date=2019:2022,True
IND,India,South Asia,Lower middle income,0.4769684618841638,0.0957956293385185,0.7598478206784196,0.4991762873010434,0.5530541102186738,0.0419270833333333,0.0384615384615384,life_expectancy::life_expectancy_loss_2019_2021,life_expectancy_loss_2019_2021,3.4639999999999986,0.9673403485019629,2.4966596514980357,-1.8366829842698216,3.4639999999999986,structurally vulnerable systems,capacity,186,186,7,0.03626943005181349,7,0.03626943005181349,SP.DYN.LE00.IN,https://api.worldbank.org/v2/country/all/indicator/SP.DYN.LE00.IN?format=json&date=2019:2022,True
PHL,Philippines,East Asia & Pacific,Lower middle income,0.4762555295733501,0.1486166930851677,0.5385221702317291,0.575070341487582,0.6428129134889219,0.0625,0.0,life_expectancy::life_expectancy_loss_2019_2021,life_expectancy_loss_2019_2021,3.0050000000000097,0.9920291145493925,2.012970885450617,-1.480854377135198,3.0050000000000097,structurally vulnerable systems,capacity,186,186,7,0.03626943005181349,7,0.03626943005181349,SP.DYN.LE00.IN,https://api.worldbank.org/v2/country/all/indicator/SP.DYN.LE00.IN?format=json&date=2019:2022,True
RWA,Rwanda,Sub-Saharan Africa ,Low income,0.4737129322126504,0.0993679443748664,0.8041887962443444,0.5257346829238777,0.465560305307513,0.1197916666666666,0.0,life_expectancy::life_expectancy_loss_2019_2021,life_expectancy_loss_2019_2021,-0.15899999999999181,-0.04242414572193298,-0.11657585427805883,0.08575974214216905,-0.15899999999999181,adaptive over-performers,capacity,186,186,7,0.03626943005181349,7,0.03626943005181349,SP.DYN.LE00.IN,https://api.worldbank.org/v2/country/all/indicator/SP.DYN.LE00.IN?format=json&date=2019:2022,True
TLS,Timor-Leste,East Asia & Pacific,Lower middle income,0.4709222041686162,0.191850044061503,0.524835899074898,0.6180879989865786,0.5489148745514851,0.0729166666666666,0.0,life_expectancy::life_expectancy_loss_2019_2021,life_expectancy_loss_2019_2021,0.29699999999999704,0.9486995134136268,-0.6516995134136297,0.47942674381970246,0.29699999999999704,adaptive over-performers,capacity,186,186,7,0.03626943005181349,7,0.03626943005181349,SP.DYN.LE00.IN,https://api.worldbank.org/v2/country/all/indicator/SP.DYN.LE00.IN?format=json&date=2019:2022,True
KHM,Cambodia,East Asia & Pacific,Lower middle income,0.4667317995496761,0.0715686876585644,0.6658634126967647,0.6623869270601,0.4671081707832752,0.0627604166666667,0.0,life_expectancy::life_expectancy_loss_2019_2021,life_expectancy_loss_2019_2021,0.8259999999999934,0.9916819463518936,-0.16568194635190014,0.12188493993670813,0.8259999999999934,adaptive over-performers,capacity,186,186,7,0.03626943005181349,7,0.03626943005181349,SP.DYN.LE00.IN,https://api.worldbank.org/v2/country/all/indicator/SP.DYN.LE00.IN?format=json&date=2019:2022,True
BGD,Bangladesh,South Asia,Lower middle income,0.465299501876273,0.0277365541864058,0.8647335436985515,0.5390275147402761,0.4297003948798584,0.11484375,0.0,life_expectancy::life_expectancy_loss_2019_2021,life_expectancy_loss_2019_2021,1.5220000000000056,0.894532432007952,0.6274675679920536,-0.46160036455937364,1.5220000000000056,structurally vulnerable systems,capacity,186,186,7,0.03626943005181349,7,0.03626943005181349,SP.DYN.LE00.IN,https://api.worldbank.org/v2/country/all/indicator/SP.DYN.LE00.IN?format=json&date=2019:2022,True
LAO,Lao PDR,East Asia & Pacific,Lower middle income,0.4611983638971529,0.0563489181052585,0.6191769003881133,0.6275395245169573,0.5417281125782825,0.0885416666666666,0.0,life_expectancy::life_expectancy_loss_2019_2021,life_expectancy_loss_2019_2021,0.1039999999999992,1.1046129445118398,-1.0006129445118406,0.7361070492416965,0.1039999999999992,adaptive over-performers,capacity,186,186,7,0.03626943005181349,7,0.03626943005181349,SP.DYN.LE00.IN,https://api.worldbank.org/v2/country/all/indicator/SP.DYN.LE00.IN?format=json&date=2019:2022,True
NPL,Nepal,South Asia,Lower middle income,0.458358176994579,0.1190327163734313,0.7429265240918324,0.500478663921392,0.4709948035916604,0.08359375,0.0,life_expectancy::life_expectancy_loss_2019_2021,life_expectancy_loss_2019_2021,0.9140000000000015,0.9233397509897991,-0.009339750989797668,0.00687084509495961,0.9140000000000015,adaptive over-performers,capacity,186,186,7,0.03626943005181349,7,0.03626943005181349,SP.DYN.LE00.IN,https://api.worldbank.org/v2/country/all/indicator/SP.DYN.LE00.IN?format=json&date=2019:2022,True
ZAF,South Africa,Sub-Saharan Africa ,Upper middle income,0.4558240917095925,0.3119245659700085,0.3124315443592552,0.4791970942098676,0.7197431622992388,0.2294270833333333,0.0384615384615384,life_expectancy::life_expectancy_loss_2019_2021,life_expectancy_loss_2019_2021,4.061,1.1621089918118352,2.8988910081881647,-2.1325869486444815,4.061,uncertain / data-limited systems,capacity,186,186,7,0.03626943005181349,7,0.03626943005181349,SP.DYN.LE00.IN,https://api.worldbank.org/v2/country/all/indicator/SP.DYN.LE00.IN?format=json&date=2019:2022,True
BDI,Burundi,Sub-Saharan Africa ,Low income,0.4518265491961435,0.1805834456155578,0.8008280063142355,0.446328627443242,0.3795661174115387,0.08359375,0.0384615384615384,life_expectancy::life_expectancy_loss_2019_2021,life_expectancy_loss_2019_2021,0.07900000000000063,-0.1573750997027077,0.2363750997027083,-0.17389079174990954,0.07900000000000063,structurally vulnerable systems,capacity,186,186,7,0.03626943005181349,7,0.03626943005181349,SP.DYN.LE00.IN,https://api.worldbank.org/v2/country/all/indicator/SP.DYN.LE00.IN?format=json&date=2019:2022,True
GHA,Ghana,Sub-Saharan Africa ,Lower middle income,0.4426805862707159,0.073435482198883,0.7695431024679774,0.4472207892448177,0.4805229711711855,0.0520833333333333,0.0,life_expectancy::life_expectancy_loss_2019_2021,life_expectancy_loss_2019_2021,0.16899999999999693,0.7042250489030419,-0.535225048903045,0.3937415896817843,0.16899999999999693,adaptive over-performers,capacity,186,186,7,0.03626943005181349,7,0.03626943005181349,SP.DYN.LE00.IN,https://api.worldbank.org/v2/country/all/indicator/SP.DYN.LE00.IN?format=json&date=2019:2022,True
NAM,Namibia,Sub-Saharan Africa ,Lower middle income,0.4386367228883814,0.3412299256898816,0.3221436883899233,0.4837600851556433,0.6074131923180774,0.2,0.0384615384615384,life_expectancy::life_expectancy_loss_2019_2021,life_expectancy_loss_2019_2021,2.695999999999998,0.9903813109892573,1.7056186890107408,-1.2547488488785283,2.695999999999998,structurally vulnerable systems,preparedness,186,186,7,0.03626943005181349,7,0.03626943005181349,SP.DYN.LE00.IN,https://api.worldbank.org/v2/country/all/indicator/SP.DYN.LE00.IN?format=json&date=2019:2022,True
SEN,Senegal,Sub-Saharan Africa ,Lower middle income,0.4379660663743003,0.0493759678162195,0.7881863096898036,0.5250920714456888,0.3892099165454893,0.1200520833333333,0.0,life_expectancy::life_expectancy_loss_2019_2021,life_expectancy_loss_2019_2021,0.8000000000000114,0.6693277224781151,0.13067227752189625,-0.09612986235278186,0.8000000000000114,structurally vulnerable systems,capacity,186,186,7,0.03626943005181349,7,0.03626943005181349,SP.DYN.LE00.IN,https://api.worldbank.org/v2/country/all/indicator/SP.DYN.LE00.IN?format=json&date=2019:2022,True
MMR,Myanmar,East Asia & Pacific,Lower middle income,0.4366122918198714,0.0938008368757022,0.6423661279444203,0.5645265572023461,0.4457556452570169,0.0364583333333333,0.0,life_expectancy::life_expectancy_loss_2019_2021,life_expectancy_loss_2019_2021,0.9039999999999964,0.9483973027507923,-0.0443973027507959,0.0326611480507306,0.9039999999999964,adaptive over-performers,capacity,186,186,7,0.03626943005181349,7,0.03626943005181349,SP.DYN.LE00.IN,https://api.worldbank.org/v2/country/all/indicator/SP.DYN.LE00.IN?format=json&date=2019:2022,True
COM,Comoros,Sub-Saharan Africa ,Lower middle income,0.4359416716365727,0.1223795055113391,0.7148520425419502,0.5661156039532775,0.3404195345397242,0.05234375,0.0384615384615384,life_expectancy::life_expectancy_loss_2019_2021,life_expectancy_loss_2019_2021,0.46100000000001273,0.5384106657778921,-0.07741066577787936,0.056947631027689294,0.46100000000001273,adaptive over-performers,capacity,186,186,7,0.03626943005181349,7,0.03626943005181349,SP.DYN.LE00.IN,https://api.worldbank.org/v2/country/all/indicator/SP.DYN.LE00.IN?format=json&date=2019:2022,True
SDN,Sudan,Sub-Saharan Africa ,Low income,0.4271546428965881,0.0853304772640644,0.8625426301644593,0.5290659005837872,0.2316795635740416,0.0528645833333333,0.0,life_expectancy::life_expectancy_loss_2019_2021,life_expectancy_loss_2019_2021,1.3430000000000035,0.1780246343034867,1.1649753656965167,-0.8570212723966826,1.3430000000000035,structurally vulnerable systems,capacity,186,186,7,0.03626943005181349,7,0.03626943005181349,SP.DYN.LE00.IN,https://api.worldbank.org/v2/country/all/indicator/SP.DYN.LE00.IN?format=json&date=2019:2022,True
BFA,Burkina Faso,Sub-Saharan Africa ,Low income,0.4186920532561736,0.1459362569200346,0.8198837043593339,0.4098672330634541,0.2990810186818718,0.06796875,0.0384615384615384,life_expectancy::life_expectancy_loss_2019_2021,life_expectancy_loss_2019_2021,0.13799999999999812,0.023475577192761055,0.11452442280723707,-0.08425059399953228,0.13799999999999812,structurally vulnerable systems,capacity,186,186,7,0.03626943005181349,7,0.03626943005181349,SP.DYN.LE00.IN,https://api.worldbank.org/v2/country/all/indicator/SP.DYN.LE00.IN?format=json&date=2019:2022,True
GMB,"Gambia, The",Sub-Saharan Africa ,Low income,0.4185903875581021,0.0405466889217601,0.7521294546253522,0.4173143163055236,0.4643710903797722,0.1145833333333333,0.0,life_expectancy::life_expectancy_loss_2019_2021,life_expectancy_loss_2019_2021,0.5800000000000054,-0.02348553987163904,0.6034855398716444,-0.44395783849435444,0.5800000000000054,structurally vulnerable systems,capacity,186,186,7,0.03626943005181349,7,0.03626943005181349,SP.DYN.LE00.IN,https://api.worldbank.org/v2/country/all/indicator/SP.DYN.LE00.IN?format=json&date=2019:2022,True
SWZ,Eswatini,Sub-Saharan Africa ,Lower middle income,0.4185351454171091,0.2718263000810537,0.3701339448703906,0.445789384118412,0.5863909525985802,0.1981770833333333,0.0384615384615384,life_expectancy::life_expectancy_loss_2019_2021,life_expectancy_loss_2019_2021,1.6219999999999999,0.7861459163843041,0.8358540836156958,-0.6149011827816615,1.6219999999999999,structurally vulnerable systems,capacity,186,186,7,0.03626943005181349,7,0.03626943005181349,SP.DYN.LE00.IN,https://api.worldbank.org/v2/country/all/indicator/SP.DYN.LE00.IN?format=json&date=2019:2022,True
LSO,Lesotho,Sub-Saharan Africa ,Lower middle income,0.417122487057894,0.3964792657223703,0.3801455823293173,0.3960084758203452,0.4958566243595431,0.2658854166666666,0.0384615384615384,life_expectancy::life_expectancy_loss_2019_2021,life_expectancy_loss_2019_2021,1.0399999999999991,0.6039025973323193,0.4360974026676798,-0.3208177287935084,1.0399999999999991,uncertain / data-limited systems,preparedness,186,186,7,0.03626943005181349,7,0.03626943005181349,SP.DYN.LE00.IN,https://api.worldbank.org/v2/country/all/indicator/SP.DYN.LE00.IN?format=json&date=2019:2022,True
MRT,Mauritania,Sub-Saharan Africa ,Lower middle income,0.4126527430767665,0.0912867877777127,0.6511366777499508,0.5497902905279219,0.3583972162514807,0.07890625,0.0384615384615384,life_expectancy::life_expectancy_loss_2019_2021,life_expectancy_loss_2019_2021,0.8780000000000001,0.878009303016789,-9.303016788919649e-06,6.843821354896523e-06,0.8780000000000001,adaptive over-performers,capacity,186,186,7,0.03626943005181349,7,0.03626943005181349,SP.DYN.LE00.IN,https://api.worldbank.org/v2/country/all/indicator/SP.DYN.LE00.IN?format=json&date=2019:2022,True
MWI,Malawi,Sub-Saharan Africa ,Low income,0.4066911657211329,0.164402859561993,0.5248615690522201,0.5189145406682777,0.4185856936020408,0.1041666666666666,0.0384615384615384,life_expectancy::life_expectancy_loss_2019_2021,life_expectancy_loss_2019_2021,0.21300000000000807,-0.08476781802374111,0.2977678180237492,-0.21905472149526703,0.21300000000000807,structurally vulnerable systems,capacity,186,186,7,0.03626943005181349,7,0.03626943005181349,SP.DYN.LE00.IN,https://api.worldbank.org/v2/country/all/indicator/SP.DYN.LE00.IN?format=json&date=2019:2022,True
PAK,Pakistan,"Middle East, North Africa, Afghanistan & Pakistan",Lower middle income,0.4032708914623641,0.0413512665518383,0.5904980173483632,0.4609595267232465,0.5202747552260086,0.0833333333333333,0.0,life_expectancy::life_expectancy_loss_2019_2021,life_expectancy_loss_2019_2021,0.9560000000000031,1.3210508071199725,-0.3650508071199694,0.26855186506054696,0.9560000000000031,adaptive over-performers,capacity,186,186,7,0.03626943005181349,7,0.03626943005181349,SP.DYN.LE00.IN,https://api.worldbank.org/v2/country/all/indicator/SP.DYN.LE00.IN?format=json&date=2019:2022,True
DJI,Djibouti,"Middle East, North Africa, Afghanistan & Pakistan",Lower middle income,0.4031631981103328,0.1428921391522375,0.4447442175117582,0.4635678385906203,0.5614485971867154,0.1164062499999999,0.0769230769230769,life_expectancy::life_expectancy_loss_2019_2021,life_expectancy_loss_2019_2021,0.5510000000000019,1.4259567023563842,-0.8749567023563822,0.6436672640688393,0.5510000000000019,adaptive over-performers,capacity,186,186,7,0.03626943005181349,7,0.03626943005181349,SP.DYN.LE00.IN,https://api.worldbank.org/v2/country/all/indicator/SP.DYN.LE00.IN?format=json&date=2019:2022,True
ZMB,Zambia,Sub-Saharan Africa ,Lower middle income,0.398733403641898,0.148354756843235,0.4799273839424842,0.5115420343716984,0.4551094394101747,0.0677083333333333,0.0384615384615384,life_expectancy::life_expectancy_loss_2019_2021,life_expectancy_loss_2019_2021,0.5510000000000019,0.7465815865734305,-0.1955815865734286,0.1438807936357577,0.5510000000000019,adaptive over-performers,capacity,186,186,7,0.03626943005181349,7,0.03626943005181349,SP.DYN.LE00.IN,https://api.worldbank.org/v2/country/all/indicator/SP.DYN.LE00.IN?format=json&date=2019:2022,True
KEN,Kenya,Sub-Saharan Africa ,Lower middle income,0.3890903623993153,0.0972183112902353,0.5114875945465769,0.5283100932087896,0.4193454505516595,0.0635416666666666,0.0,life_expectancy::life_expectancy_loss_2019_2021,life_expectancy_loss_2019_2021,1.7139999999999986,0.6911618430570354,1.0228381569429632,-0.7524571630706003,1.7139999999999986,structurally vulnerable systems,capacity,186,186,7,0.03626943005181349,7,0.03626943005181349,SP.DYN.LE00.IN,https://api.worldbank.org/v2/country/all/indicator/SP.DYN.LE00.IN?format=json&date=2019:2022,True
ZWE,Zimbabwe,Sub-Saharan Africa ,Lower middle income,0.38806923138714,0.1516628575007665,0.5097254431143966,0.4358296936483875,0.4550589312850092,0.0783854166666667,0.0384615384615384,life_expectancy::life_expectancy_loss_2019_2021,life_expectancy_loss_2019_2021,0.9250000000000043,0.7137831493609943,0.21121685063900997,-0.15538297153437014,0.9250000000000043,structurally vulnerable systems,capacity,186,186,7,0.03626943005181349,7,0.03626943005181349,SP.DYN.LE00.IN,https://api.worldbank.org/v2/country/all/indicator/SP.DYN.LE00.IN?format=json&date=2019:2022,True
TZA,Tanzania,Sub-Saharan Africa ,Lower middle income,0.3792385926527514,0.0474646694482312,0.5417886370447174,0.5876322975302823,0.3400687665877747,0.0734374999999999,0.0,life_expectancy::life_expectancy_loss_2019_2021,life_expectancy_loss_2019_2021,-0.12399999999999523,0.6404205613154915,-0.7644205613154867,0.5623506740102597,-0.12399999999999523,adaptive over-performers,capacity,186,186,7,0.03626943005181349,7,0.03626943005181349,SP.DYN.LE00.IN,https://api.worldbank.org/v2/country/all/indicator/SP.DYN.LE00.IN?format=json&date=2019:2022,True
NER,Niger,Sub-Saharan Africa ,Low income,0.3718314017389253,0.0699257888213592,0.7265049772254087,0.471340186773199,0.2195546541357343,0.0627604166666667,0.0,life_expectancy::life_expectancy_loss_2019_2021,life_expectancy_loss_2019_2021,0.4889999999999972,0.025600364034685796,0.4633996359653114,-0.34090278415947983,0.4889999999999972,structurally vulnerable systems,capacity,186,186,7,0.03626943005181349,7,0.03626943005181349,SP.DYN.LE00.IN,https://api.worldbank.org/v2/country/all/indicator/SP.DYN.LE00.IN?format=json&date=2019:2022,True
GAB,Gabon,Sub-Saharan Africa ,Upper middle income,0.3651068735683225,0.138052807569856,0.2113504030946073,0.5261745164673685,0.5848497671414582,0.11484375,0.0384615384615384,life_expectancy::life_expectancy_loss_2019_2021,life_expectancy_loss_2019_2021,0.26500000000000057,1.2837285758379502,-1.0187285758379496,0.7494339245272428,0.26500000000000057,adaptive over-performers,capacity,186,186,7,0.03626943005181349,7,0.03626943005181349,SP.DYN.LE00.IN,https://api.worldbank.org/v2/country/all/indicator/SP.DYN.LE00.IN?format=json&date=2019:2022,True
MDG,Madagascar,Sub-Saharan Africa ,Low income,0.3592437746890344,0.1153231844898054,0.4538996775579914,0.5671666338727684,0.3005856028355726,0.05234375,0.0384615384615384,life_expectancy::life_expectancy_loss_2019_2021,life_expectancy_loss_2019_2021,0.9879999999999995,-0.030945763864209885,1.0189457638642094,-0.7495937002307426,0.9879999999999995,structurally vulnerable systems,capacity,186,186,7,0.03626943005181349,7,0.03626943005181349,SP.DYN.LE00.IN,https://api.worldbank.org/v2/country/all/indicator/SP.DYN.LE00.IN?format=json&date=2019:2022,True
MLI,Mali,Sub-Saharan Africa ,Low income,0.3538967819781152,0.0332697724922051,0.5993694215763046,0.4130624802531362,0.3698854535908151,0.0677083333333333,0.0,life_expectancy::life_expectancy_loss_2019_2021,life_expectancy_loss_2019_2021,0.10099999999999909,0.0932422135314217,0.007757786468577388,-0.0057070631929687045,0.10099999999999909,structurally vulnerable systems,capacity,186,186,7,0.03626943005181349,7,0.03626943005181349,SP.DYN.LE00.IN,https://api.worldbank.org/v2/country/all/indicator/SP.DYN.LE00.IN?format=json&date=2019:2022,True
UGA,Uganda,Sub-Saharan Africa ,Low income,0.3483614467043022,0.1061035619419715,0.5064313529574772,0.5197927914983296,0.2611180804194307,0.0627604166666667,0.0384615384615384,life_expectancy::life_expectancy_loss_2019_2021,life_expectancy_loss_2019_2021,-0.09600000000000364,-0.037678518971337005,-0.05832148102866663,0.042904555195777246,-0.09600000000000364,adaptive over-performers,capacity,186,186,7,0.03626943005181349,7,0.03626943005181349,SP.DYN.LE00.IN,https://api.worldbank.org/v2/country/all/indicator/SP.DYN.LE00.IN?format=json&date=2019:2022,True
LBR,Liberia,Sub-Saharan Africa ,Low income,0.3361796610294643,0.1877567007405658,0.4721357417605541,0.4099281004611766,0.2748981011555607,0.0783854166666667,0.0,life_expectancy::life_expectancy_loss_2019_2021,life_expectancy_loss_2019_2021,0.0660000000000025,-0.07267466711063841,0.13867466711064091,-0.10201686933121656,0.0660000000000025,structurally vulnerable systems,capacity,186,186,7,0.03626943005181349,7,0.03626943005181349,SP.DYN.LE00.IN,https://api.worldbank.org/v2/country/all/indicator/SP.DYN.LE00.IN?format=json&date=2019:2022,True
SLE,Sierra Leone,Sub-Saharan Africa ,Low income,0.3338856777659499,0.1633917159005928,0.5541396929007991,0.4001231932387364,0.2178881090236713,0.0520833333333333,0.0384615384615384,life_expectancy::life_expectancy_loss_2019_2021,life_expectancy_loss_2019_2021,-0.6669999999999945,-0.041372520989996664,-0.6256274790099978,0.4602466918147302,-0.6669999999999945,adaptive over-performers,capacity,186,186,7,0.03626943005181349,7,0.03626943005181349,SP.DYN.LE00.IN,https://api.worldbank.org/v2/country/all/indicator/SP.DYN.LE00.IN?format=json&date=2019:2022,True
CIV,Cote d'Ivoire,Sub-Saharan Africa ,Lower middle income,0.3329791863052103,0.0741535282821927,0.53792970700994,0.3596764405761871,0.360157069352521,0.0572916666666666,0.0384615384615384,life_expectancy::life_expectancy_loss_2019_2021,life_expectancy_loss_2019_2021,-0.015999999999998238,0.6584205062432854,-0.6744205062432836,0.4961415815393342,-0.015999999999998238,adaptive over-performers,capacity,186,186,7,0.03626943005181349,7,0.03626943005181349,SP.DYN.LE00.IN,https://api.worldbank.org/v2/country/all/indicator/SP.DYN.LE00.IN?format=json&date=2019:2022,True
AFG,Afghanistan,"Middle East, North Africa, Afghanistan & Pakistan",Low income,0.332396513672854,0.1807662521463091,0.4637854931996459,0.4285911568318846,0.2564431525135764,0.11484375,0.0,life_expectancy::life_expectancy_loss_2019_2021,life_expectancy_loss_2019_2021,2.524000000000001,0.7511641307803982,1.7728358692196027,-1.3041975797322267,2.524000000000001,structurally vulnerable systems,capacity,186,186,7,0.03626943005181349,7,0.03626943005181349,SP.DYN.LE00.IN,https://api.worldbank.org/v2/country/all/indicator/SP.DYN.LE00.IN?format=json&date=2019:2022,True
COG,"Congo, Rep.",Sub-Saharan Africa ,Lower middle income,0.3320672498962238,0.0686799822695373,0.3698733797352416,0.5035692837773829,0.3861463538027336,0.078125,0.0384615384615384,life_expectancy::life_expectancy_loss_2019_2021,life_expectancy_loss_2019_2021,-1.039999999999992,0.8036506249958126,-1.8436506249958047,1.3562928891154393,-1.039999999999992,adaptive over-performers,capacity,186,186,7,0.03626943005181349,7,0.03626943005181349,SP.DYN.LE00.IN,https://api.worldbank.org/v2/country/all/indicator/SP.DYN.LE00.IN?format=json&date=2019:2022,True
MOZ,Mozambique,Sub-Saharan Africa ,Low income,0.3257438703745057,0.1282612890222688,0.3748780585097737,0.4572386837406941,0.342597450225286,0.09375,0.0,life_expectancy::life_expectancy_loss_2019_2021,life_expectancy_loss_2019_2021,1.0379999999999967,-0.05681411617569054,1.0948141161756872,-0.8054067188980926,1.0379999999999967,structurally vulnerable systems,capacity,186,186,7,0.03626943005181349,7,0.03626943005181349,SP.DYN.LE00.IN,https://api.worldbank.org/v2/country/all/indicator/SP.DYN.LE00.IN?format=json&date=2019:2022,True
TGO,Togo,Sub-Saharan Africa ,Low income,0.3205897779711805,0.0813653588071903,0.6325742771675917,0.3859978558884651,0.1824216200214748,0.046875,0.0,life_expectancy::life_expectancy_loss_2019_2021,life_expectancy_loss_2019_2021,-0.27600000000000335,-0.08158473239282737,-0.19441526760717598,0.1430227839353718,-0.27600000000000335,adaptive over-performers,capacity,186,186,7,0.03626943005181349,7,0.03626943005181349,SP.DYN.LE00.IN,https://api.worldbank.org/v2/country/all/indicator/SP.DYN.LE00.IN?format=json&date=2019:2022,True
GNB,Guinea-Bissau,Sub-Saharan Africa ,Low income,0.3155606717144947,0.1548181604943501,0.5127264590088881,0.4021180881259933,0.1925799792287475,0.0364583333333333,0.0384615384615384,life_expectancy::life_expectancy_loss_2019_2021,life_expectancy_loss_2019_2021,0.5080000000000027,-0.04631162573384717,0.5543116257338498,-0.4077827469825254,0.5080000000000027,structurally vulnerable systems,capacity,186,186,7,0.03626943005181349,7,0.03626943005181349,SP.DYN.LE00.IN,https://api.worldbank.org/v2/country/all/indicator/SP.DYN.LE00.IN?format=json&date=2019:2022,True
ETH,Ethiopia,Sub-Saharan Africa ,Not classified,0.3126339450597165,0.0239316577780025,0.3825684395906421,0.6049296229032614,0.2391060599669598,0.0625,0.0,life_expectancy::life_expectancy_loss_2019_2021,life_expectancy_loss_2019_2021,0.41100000000000136,0.228424507594153,0.18257549240584836,-0.13431278069692043,0.41100000000000136,structurally vulnerable systems,capacity,186,186,7,0.03626943005181349,7,0.03626943005181349,SP.DYN.LE00.IN,https://api.worldbank.org/v2/country/all/indicator/SP.DYN.LE00.IN?format=json&date=2019:2022,True
PNG,Papua New Guinea,East Asia & Pacific,Lower middle income,0.3095099282313308,0.0206440936051811,0.1960784313725489,0.591727638610372,0.429589549337221,0.0885416666666666,0.0,life_expectancy::life_expectancy_loss_2019_2021,life_expectancy_loss_2019_2021,0.972999999999999,0.9721708984427786,0.0008291015572203797,-0.0006099336453266009,0.972999999999999,structurally vulnerable systems,capacity,186,186,7,0.03626943005181349,7,0.03626943005181349,SP.DYN.LE00.IN,https://api.worldbank.org/v2/country/all/indicator/SP.DYN.LE00.IN?format=json&date=2019:2022,True
HTI,Haiti,Latin America & Caribbean ,Lower middle income,0.3051267654564157,0.1540041635140614,0.3465821000861043,0.4212631876254252,0.2986576106000716,0.0888020833333333,0.0,life_expectancy::life_expectancy_loss_2019_2021,life_expectancy_loss_2019_2021,1.7150000000000034,1.727501581360374,-0.012501581360370606,0.009196864998110765,1.7150000000000034,adaptive over-performers,capacity,186,186,7,0.03626943005181349,7,0.03626943005181349,SP.DYN.LE00.IN,https://api.worldbank.org/v2/country/all/indicator/SP.DYN.LE00.IN?format=json&date=2019:2022,True
BEN,Benin,Sub-Saharan Africa ,Lower middle income,0.3006775454404479,0.0116356163820883,0.5702578590175916,0.3817788427817855,0.239037863580326,0.03125,0.0,life_expectancy::life_expectancy_loss_2019_2021,life_expectancy_loss_2019_2021,0.2779999999999987,0.5279612317154335,-0.24996123171543483,0.1838855130868152,0.2779999999999987,adaptive over-performers,capacity,186,186,7,0.03626943005181349,7,0.03626943005181349,SP.DYN.LE00.IN,https://api.worldbank.org/v2/country/all/indicator/SP.DYN.LE00.IN?format=json&date=2019:2022,True
SOM,"Somalia, Fed. Rep.",Sub-Saharan Africa ,Low income,0.2984658517600893,0.1120044287556544,0.4041786619317692,0.3950327498036119,0.2826475665493215,0.0473958333333333,0.0769230769230769,life_expectancy::life_expectancy_loss_2019_2021,life_expectancy_loss_2019_2021,1.5459999999999994,-0.057267995818509165,1.6032679958185085,-1.1794539337299619,1.5459999999999994,structurally vulnerable systems,capacity,186,186,7,0.03626943005181349,7,0.03626943005181349,SP.DYN.LE00.IN,https://api.worldbank.org/v2/country/all/indicator/SP.DYN.LE00.IN?format=json&date=2019:2022,True
GNQ,Equatorial Guinea,Sub-Saharan Africa ,Upper middle income,0.2927705859332707,0.0820787762600091,0.366065703462512,0.4402580538222786,0.282679810188283,0.0421874999999999,0.0769230769230769,life_expectancy::life_expectancy_loss_2019_2021,life_expectancy_loss_2019_2021,-0.15000000000000568,1.1613115583779514,-1.311311558377957,0.9646743900010643,-0.15000000000000568,adaptive over-performers,capacity,186,186,7,0.03626943005181349,7,0.03626943005181349,SP.DYN.LE00.IN,https://api.worldbank.org/v2/country/all/indicator/SP.DYN.LE00.IN?format=json&date=2019:2022,True
CMR,Cameroon,Sub-Saharan Africa ,Lower middle income,0.2865604943277909,0.0811858984779102,0.3723105828002901,0.4061616075451374,0.2865838884878259,0.0317708333333333,0.0,life_expectancy::life_expectancy_loss_2019_2021,life_expectancy_loss_2019_2021,0.5489999999999995,0.6302354766939787,-0.08123547669397924,0.05976137663511921,0.5489999999999995,adaptive over-performers,capacity,186,186,7,0.03626943005181349,7,0.03626943005181349,SP.DYN.LE00.IN,https://api.worldbank.org/v2/country/all/indicator/SP.DYN.LE00.IN?format=json&date=2019:2022,True
AGO,Angola,Sub-Saharan Africa ,Lower middle income,0.285234672855883,0.0249203806482133,0.2070013693468884,0.4993583796185231,0.4096585618099072,0.06796875,0.0,life_expectancy::life_expectancy_loss_2019_2021,life_expectancy_loss_2019_2021,0.09300000000000352,0.7911044216719274,-0.6981044216719239,0.5135647991743724,0.09300000000000352,adaptive over-performers,capacity,186,186,7,0.03626943005181349,7,0.03626943005181349,SP.DYN.LE00.IN,https://api.worldbank.org/v2/country/all/indicator/SP.DYN.LE00.IN?format=json&date=2019:2022,True
COD,"Congo, Dem. Rep.",Sub-Saharan Africa ,Low income,0.2753439223999352,0.0818089216160086,0.3462236769487815,0.4447416681983175,0.2286014228366332,0.02109375,0.0384615384615384,life_expectancy::life_expectancy_loss_2019_2021,life_expectancy_loss_2019_2021,0.1980000000000004,-0.11682030033206647,0.31482030033206687,-0.23159948468573904,0.1980000000000004,structurally vulnerable systems,capacity,186,186,7,0.03626943005181349,7,0.03626943005181349,SP.DYN.LE00.IN,https://api.worldbank.org/v2/country/all/indicator/SP.DYN.LE00.IN?format=json&date=2019:2022,True
GIN,Guinea,Sub-Saharan Africa ,Lower middle income,0.2646289650491303,0.0917987251446991,0.3326963463073173,0.4070738962817934,0.2269468924627113,0.0260416666666666,0.0384615384615384,life_expectancy::life_expectancy_loss_2019_2021,life_expectancy_loss_2019_2021,0.006000000000000227,0.5435681057468595,-0.5375681057468593,0.3954652738185582,0.006000000000000227,adaptive over-performers,capacity,186,186,7,0.03626943005181349,7,0.03626943005181349,SP.DYN.LE00.IN,https://api.worldbank.org/v2/country/all/indicator/SP.DYN.LE00.IN?format=json&date=2019:2022,True
NGA,Nigeria,Sub-Saharan Africa ,Lower middle income,0.2458062841838076,0.0917886867565593,0.3094133804118968,0.3074809229965886,0.274542146570186,0.0260416666666666,0.0384615384615384,life_expectancy::life_expectancy_loss_2019_2021,life_expectancy_loss_2019_2021,-0.44599999999999795,0.5886105908769498,-1.0346105908769476,0.7611176262927367,-0.44599999999999795,adaptive over-performers,capacity,186,186,7,0.03626943005181349,7,0.03626943005181349,SP.DYN.LE00.IN,https://api.worldbank.org/v2/country/all/indicator/SP.DYN.LE00.IN?format=json&date=2019:2022,True
TCD,Chad,Sub-Saharan Africa ,Low income,0.2354626317582355,0.0134573715352018,0.3646409329992405,0.3833856531406419,0.180366569357858,0.015625,0.0,life_expectancy::life_expectancy_loss_2019_2021,life_expectancy_loss_2019_2021,-0.14300000000000068,0.027467208627571127,-0.1704672086275718,0.1254052474771135,-0.14300000000000068,adaptive over-performers,capacity,186,186,7,0.03626943005181349,7,0.03626943005181349,SP.DYN.LE00.IN,https://api.worldbank.org/v2/country/all/indicator/SP.DYN.LE00.IN?format=json&date=2019:2022,True
CAF,Central African Republic,Sub-Saharan Africa ,Low income,0.1936446053898495,0.1395661306570862,0.0862745098039214,0.3607286368211666,0.1880091442772238,0.0104166666666666,0.0384615384615384,life_expectancy::life_expectancy_loss_2019_2021,life_expectancy_loss_2019_2021,-8.749000000000002,-0.10227842367942008,-8.646721576320582,6.361013756687948,-8.749000000000002,adaptive over-performers,preparedness,186,186,7,0.03626943005181349,7,0.03626943005181349,SP.DYN.LE00.IN,https://api.worldbank.org/v2/country/all/indicator/SP.DYN.LE00.IN?format=json&date=2019:2022,True
NOR,Norway,Europe & Central Asia,High income,0.8610700537740054,0.8893379752351854,0.962615262387194,0.811761696495954,0.7805652809776883,0.0104166666666666,0.0384615384615384,life_expectancy::life_expectancy_loss_2019_2022,life_expectancy_loss_2019_2022,0.4487804878049104,0.7560995341791364,-0.307319046374226,0.24602931975295267,0.4487804878049104,capacity under-realizers,equity_access,186,186,7,0.03626943005181349,7,0.03626943005181349,SP.DYN.LE00.IN,https://api.worldbank.org/v2/country/all/indicator/SP.DYN.LE00.IN?format=json&date=2019:2022,True
DEU,Germany,Europe & Central Asia,High income,0.8582878738042546,0.9836246709352092,0.938569393744255,0.7063349549289141,0.8046224756086403,0.0213541666666666,0.0384615384615384,life_expectancy::life_expectancy_loss_2019_2022,life_expectancy_loss_2019_2022,0.6846341463414944,0.49984686927871813,0.1847872770627763,-0.14793449547345766,0.6846341463414944,capacity under-realizers,vulnerability,186,186,7,0.03626943005181349,7,0.03626943005181349,SP.DYN.LE00.IN,https://api.worldbank.org/v2/country/all/indicator/SP.DYN.LE00.IN?format=json&date=2019:2022,True
SWE,Sweden,Europe & Central Asia,High income,0.8538659065665202,0.8642630286716789,0.9787664702575456,0.7824609132483888,0.7899732140884674,0.0520833333333333,0.0384615384615384,life_expectancy::life_expectancy_loss_2019_2022,life_expectancy_loss_2019_2022,0.05121951219510379,0.7533891023605096,-0.7021695901654058,0.5621334201630946,0.05121951219510379,capacity under-realizers,vulnerability,186,186,7,0.03626943005181349,7,0.03626943005181349,SP.DYN.LE00.IN,https://api.worldbank.org/v2/country/all/indicator/SP.DYN.LE00.IN?format=json&date=2019:2022,True
JPN,Japan,East Asia & Pacific,High income,0.8428422797911096,0.8801047100926818,0.959470696947852,0.7014535847653254,0.8303401273585788,0.0427083333333332,0.0769230769230769,life_expectancy::life_expectancy_loss_2019_2022,life_expectancy_loss_2019_2022,0.35999999999999943,0.596167712983476,-0.2361677129834766,0.1890679489555007,0.35999999999999943,capacity under-realizers,vulnerability,186,186,7,0.03626943005181349,7,0.03626943005181349,SP.DYN.LE00.IN,https://api.worldbank.org/v2/country/all/indicator/SP.DYN.LE00.IN?format=json&date=2019:2022,True
FRA,France,Europe & Central Asia,High income,0.8403236132618811,0.8816586691752235,0.9149891975859356,0.7485342291560318,0.8161123571303338,0.05234375,0.0384615384615384,life_expectancy::life_expectancy_loss_2019_2022,life_expectancy_loss_2019_2022,0.6975609756098038,0.5696924713471898,0.12786850426261398,-0.10236723526484581,0.6975609756098038,capacity under-realizers,vulnerability,186,186,7,0.03626943005181349,7,0.03626943005181349,SP.DYN.LE00.IN,https://api.worldbank.org/v2/country/all/indicator/SP.DYN.LE00.IN?format=json&date=2019:2022,True
AUS,Australia,East Asia & Pacific,High income,0.8368027626289708,0.8291484874562962,0.9423188888894608,0.806195960811031,0.7695477133590953,0.0627604166666666,0.0384615384615384,life_expectancy::life_expectancy_loss_2019_2022,life_expectancy_loss_2019_2022,-0.29999999999999716,0.7391234862980884,-1.0391234862980856,0.8318874065550781,-0.29999999999999716,effective converters,equity_access,186,186,7,0.03626943005181349,7,0.03626943005181349,SP.DYN.LE00.IN,https://api.worldbank.org/v2/country/all/indicator/SP.DYN.LE00.IN?format=json&date=2019:2022,True
DNK,Denmark,Europe & Central Asia,High income,0.8339455876296181,0.8524434355787608,0.95256787051843,0.728529526762817,0.8022415176584646,0.0833333333333333,0.0384615384615384,life_expectancy::life_expectancy_loss_2019_2022,life_expectancy_loss_2019_2022,0.14634146341460053,0.5250494214907592,-0.37870795807615865,0.30318088777696145,0.14634146341460053,capacity under-realizers,vulnerability,186,186,7,0.03626943005181349,7,0.03626943005181349,SP.DYN.LE00.IN,https://api.worldbank.org/v2/country/all/indicator/SP.DYN.LE00.IN?format=json&date=2019:2022,True
BEL,Belgium,Europe & Central Asia,High income,0.8308187258687971,0.9142151453801022,0.9679362773203304,0.6881062591222258,0.7530172216525302,0.1007812499999999,0.0384615384615384,life_expectancy::life_expectancy_loss_2019_2022,life_expectancy_loss_2019_2022,0.24634146341460905,0.3639088743385509,-0.11756741092394185,0.09412052547993045,0.24634146341460905,capacity under-realizers,vulnerability,186,186,7,0.03626943005181349,7,0.03626943005181349,SP.DYN.LE00.IN,https://api.worldbank.org/v2/country/all/indicator/SP.DYN.LE00.IN?format=json&date=2019:2022,True
AUT,Austria,Europe & Central Asia,High income,0.830528220154409,0.9136190221246516,0.8979830596659448,0.7733998042913311,0.737110994535708,0.0682291666666666,0.0769230769230769,life_expectancy::life_expectancy_loss_2019_2022,life_expectancy_loss_2019_2022,0.5999999999999943,0.6032869171320006,-0.0032869171320062396,0.0026313955988496647,0.5999999999999943,capacity under-realizers,equity_access,186,186,7,0.03626943005181349,7,0.03626943005181349,SP.DYN.LE00.IN,https://api.worldbank.org/v2/country/all/indicator/SP.DYN.LE00.IN?format=json&date=2019:2022,True
ISL,Iceland,Europe & Central Asia,High income,0.8197837824330648,0.7553247390699022,0.91199171686747,0.8111782215564786,0.800640452238409,0.0572916666666666,0.0384615384615384,life_expectancy::life_expectancy_loss_2019_2022,life_expectancy_loss_2019_2022,1.0439024390243077,0.7805508142543048,0.26335162477000285,-0.21083047686898135,1.0439024390243077,capacity under-realizers,capacity,186,186,7,0.03626943005181349,7,0.03626943005181349,SP.DYN.LE00.IN,https://api.worldbank.org/v2/country/all/indicator/SP.DYN.LE00.IN?format=json&date=2019:2022,True
FIN,Finland,Europe & Central Asia,High income,0.8177702742189719,0.7847361384939117,0.9205143361449236,0.7855510164736608,0.7802796057633915,0.0520833333333333,0.0769230769230769,life_expectancy::life_expectancy_loss_2019_2022,life_expectancy_loss_2019_2022,0.7951219512194996,0.8416466646074798,-0.046524713387980254,0.03724612490371781,0.7951219512194996,capacity under-realizers,equity_access,186,186,7,0.03626943005181349,7,0.03626943005181349,SP.DYN.LE00.IN,https://api.worldbank.org/v2/country/all/indicator/SP.DYN.LE00.IN?format=json&date=2019:2022,True
LUX,Luxembourg,Europe & Central Asia,High income,0.8161753266508913,0.6792069728068933,0.9896118582899992,0.7630458643046747,0.8328366112019977,0.0679687499999999,0.0384615384615384,life_expectancy::life_expectancy_loss_2019_2022,life_expectancy_loss_2019_2022,-0.30731707317079326,0.42747225779753306,-0.7347893309683263,0.5882476904465171,-0.30731707317079326,effective converters,capacity,186,186,7,0.03626943005181349,7,0.03626943005181349,SP.DYN.LE00.IN,https://api.worldbank.org/v2/country/all/indicator/SP.DYN.LE00.IN?format=json&date=2019:2022,True
CZE,Czechia,Europe & Central Asia,High income,0.8097716791500749,0.7306943708589259,0.9562019417740776,0.7031982734362339,0.8489921305310624,0.03671875,0.0769230769230769,life_expectancy::life_expectancy_loss_2019_2022,life_expectancy_loss_2019_2022,0.29999999999999716,0.4843779004268429,-0.18437790042684576,0.14760676227094696,0.29999999999999716,capacity under-realizers,vulnerability,186,186,7,0.03626943005181349,7,0.03626943005181349,SP.DYN.LE00.IN,https://api.worldbank.org/v2/country/all/indicator/SP.DYN.LE00.IN?format=json&date=2019:2022,True
USA,United States,North America,High income,0.8057357451635478,0.8550311559518963,0.9138985755857656,0.7324631956840566,0.721550053432473,0.1007812499999998,0.0769230769230769,life_expectancy::life_expectancy_loss_2019_2022,life_expectancy_loss_2019_2022,1.3536585365853995,0.5594368384976675,0.794221698087732,-0.6358272499505826,1.3536585365853995,capacity under-realizers,equity_access,186,186,7,0.03626943005181349,7,0.03626943005181349,SP.DYN.LE00.IN,https://api.worldbank.org/v2/country/all/indicator/SP.DYN.LE00.IN?format=json&date=2019:2022,True
SVN,Slovenia,Europe & Central Asia,High income,0.805722499678827,0.6779266272763665,0.9339615960818666,0.773573339196457,0.8374284361606179,0.0992187499999999,0.0384615384615384,life_expectancy::life_expectancy_loss_2019_2022,life_expectancy_loss_2019_2022,0.24634146341459484,0.6147682701161478,-0.3684268067015529,0.2949501428595403,0.24634146341459484,capacity under-realizers,capacity,186,186,7,0.03626943005181349,7,0.03626943005181349,SP.DYN.LE00.IN,https://api.worldbank.org/v2/country/all/indicator/SP.DYN.LE00.IN?format=json&date=2019:2022,True
NZL,New Zealand,East Asia & Pacific,High income,0.8030950622595759,0.6743030036937113,0.9187125225851258,0.793972891705199,0.8253918310542672,0.0583333333333333,0.0384615384615384,life_expectancy::life_expectancy_loss_2019_2022,life_expectancy_loss_2019_2022,0.09756097560979526,0.5937558289702728,-0.49619485336047753,0.3972369551366432,0.09756097560979526,capacity under-realizers,capacity,186,186,7,0.03626943005181349,7,0.03626943005181349,SP.DYN.LE00.IN,https://api.worldbank.org/v2/country/all/indicator/SP.DYN.LE00.IN?format=json&date=2019:2022,True
CHE,Switzerland,Europe & Central Asia,High income,0.803058382240651,0.8352090043731014,0.9483929944940565,0.7646785951566378,0.6639529349388084,0.1825520833333333,0.0384615384615384,life_expectancy::life_expectancy_loss_2019_2022,life_expectancy_loss_2019_2022,0.29999999999999716,0.5456159386280389,-0.24561593862804176,0.19663188147328597,0.29999999999999716,capacity under-realizers,equity_access,186,186,7,0.03626943005181349,7,0.03626943005181349,SP.DYN.LE00.IN,https://api.worldbank.org/v2/country/all/indicator/SP.DYN.LE00.IN?format=json&date=2019:2022,True
IRL,Ireland,Europe & Central Asia,High income,0.8006104333369206,0.694201995616675,0.9240148867420244,0.8315798802336001,0.7526449707553831,0.0523437499999999,0.0384615384615384,life_expectancy::life_expectancy_loss_2019_2022,life_expectancy_loss_2019_2022,0.1926829268293062,0.6032407323658266,-0.41055780553652044,0.32867880727579435,0.1926829268293062,capacity under-realizers,capacity,186,186,7,0.03626943005181349,7,0.03626943005181349,SP.DYN.LE00.IN,https://api.worldbank.org/v2/country/all/indicator/SP.DYN.LE00.IN?format=json&date=2019:2022,True
CAN,Canada,North America,High income,0.7994145925547239,0.751060450017869,0.8882866246726704,0.7919311320519059,0.7663801634764503,0.0520833333333333,0.0384615384615384,life_expectancy::life_expectancy_loss_2019_2022,life_expectancy_loss_2019_2022,1.0636585365853932,0.8653936155507178,0.1982649210346754,-0.15872424514045685,1.0636585365853932,capacity under-realizers,capacity,186,186,7,0.03626943005181349,7,0.03626943005181349,SP.DYN.LE00.IN,https://api.worldbank.org/v2/country/all/indicator/SP.DYN.LE00.IN?format=json&date=2019:2022,True
NLD,Netherlands,Europe & Central Asia,High income,0.7966718819180485,0.7946422085942241,0.9332033521228416,0.6649056239430973,0.7939363430120309,0.0765624999999998,0.0384615384615384,life_expectancy::life_expectancy_loss_2019_2022,life_expectancy_loss_2019_2022,0.4975609756097015,0.3224311776579748,0.17512979795172667,-0.14020304164964686,0.4975609756097015,capacity under-realizers,vulnerability,186,186,7,0.03626943005181349,7,0.03626943005181349,SP.DYN.LE00.IN,https://api.worldbank.org/v2/country/all/indicator/SP.DYN.LE00.IN?format=json&date=2019:2022,True
MDV,Maldives,South Asia,Upper middle income,0.7861726319518041,0.5428082750870333,0.9702682370087844,0.7980405859266773,0.8335734297847213,0.2039062499999999,0.0,life_expectancy::life_expectancy_loss_2019_2022,life_expectancy_loss_2019_2022,-1.0530000000000115,-0.4226266619999551,-0.6303733380000565,0.504655749027988,-1.0530000000000115,uncertain / data-limited systems,capacity,186,186,7,0.03626943005181349,7,0.03626943005181349,SP.DYN.LE00.IN,https://api.worldbank.org/v2/country/all/indicator/SP.DYN.LE00.IN?format=json&date=2019:2022,True
GBR,United Kingdom,Europe & Central Asia,High income,0.7855584803681768,0.7043249696725941,0.9193555687134758,0.7163281258832328,0.8022252572034044,0.0593749999999998,0.0384615384615384,life_expectancy::life_expectancy_loss_2019_2022,life_expectancy_loss_2019_2022,0.3579024390244001,0.44014252057119485,-0.08224008154679474,0.06583865060789862,0.3579024390244001,capacity under-realizers,capacity,186,186,7,0.03626943005181349,7,0.03626943005181349,SP.DYN.LE00.IN,https://api.worldbank.org/v2/country/all/indicator/SP.DYN.LE00.IN?format=json&date=2019:2022,True
ESP,Spain,Europe & Central Asia,High income,0.7786480255688792,0.6449209188532831,0.9550424082252345,0.7745812685503448,0.7400475066466544,0.09375,0.0384615384615384,life_expectancy::life_expectancy_loss_2019_2022,life_expectancy_loss_2019_2022,0.6975609756097896,0.6439542734158876,0.053606702193901956,-0.042915727582027705,0.6975609756097896,capacity under-realizers,capacity,186,186,7,0.03626943005181349,7,0.03626943005181349,SP.DYN.LE00.IN,https://api.worldbank.org/v2/country/all/indicator/SP.DYN.LE00.IN?format=json&date=2019:2022,True
SVK,Slovak Republic,Europe & Central Asia,High income,0.7754658787366955,0.5938029528903954,0.962316136506726,0.7173988313513748,0.8283455941982859,0.0942708333333333,0.0384615384615384,life_expectancy::life_expectancy_loss_2019_2022,life_expectancy_loss_2019_2022,0.7000000000000028,0.41265543396131604,0.2873445660386868,-0.23003842082445863,0.7000000000000028,capacity under-realizers,capacity,186,186,7,0.03626943005181349,7,0.03626943005181349,SP.DYN.LE00.IN,https://api.worldbank.org/v2/country/all/indicator/SP.DYN.LE00.IN?format=json&date=2019:2022,True
PRT,Portugal,Europe & Central Asia,High income,0.773482753376958,0.670886260568819,0.9601730266700844,0.7702644180338383,0.6926073082350904,0.0598958333333331,0.0384615384615384,life_expectancy::life_expectancy_loss_2019_2022,life_expectancy_loss_2019_2022,0.04390243902440716,0.6969757021494103,-0.6530732631250031,0.5228285476319927,0.04390243902440716,capacity under-realizers,capacity,186,186,7,0.03626943005181349,7,0.03626943005181349,SP.DYN.LE00.IN,https://api.worldbank.org/v2/country/all/indicator/SP.DYN.LE00.IN?format=json&date=2019:2022,True
HRV,Croatia,Europe & Central Asia,High income,0.7692249571651889,0.5929113746534783,0.9152107996414532,0.7116733195238027,0.8571043348420216,0.0682291666666666,0.0384615384615384,life_expectancy::life_expectancy_loss_2019_2022,life_expectancy_loss_2019_2022,0.6487804878047996,0.5953306808533019,0.0534498069514977,-0.04279012251388562,0.6487804878047996,capacity under-realizers,capacity,186,186,7,0.03626943005181349,7,0.03626943005181349,SP.DYN.LE00.IN,https://api.worldbank.org/v2/country/all/indicator/SP.DYN.LE00.IN?format=json&date=2019:2022,True
AND,Andorra,Europe & Central Asia,High income,0.7685882923202738,0.5645719971529731,0.9776348192598014,0.7390831156505907,0.79306323721773,0.0791666666666666,0.1538461538461538,life_expectancy::life_expectancy_loss_2019_2022,life_expectancy_loss_2019_2022,0.08199999999999363,0.38791680524908917,-0.30591680524909554,0.24490673254524226,0.08199999999999363,capacity under-realizers,capacity,186,186,7,0.03626943005181349,7,0.03626943005181349,SP.DYN.LE00.IN,https://api.worldbank.org/v2/country/all/indicator/SP.DYN.LE00.IN?format=json&date=2019:2022,True
ITA,Italy,Europe & Central Asia,High income,0.7638932900906541,0.6492379606677942,0.908578032959132,0.7573050759114517,0.7404520908242386,0.1109374999999999,0.0384615384615384,life_expectancy::life_expectancy_loss_2019_2022,life_expectancy_loss_2019_2022,0.7975609756097981,0.6789276150841029,0.11863336052569518,-0.09497388897465822,0.7975609756097981,capacity under-realizers,capacity,186,186,7,0.03626943005181349,7,0.03626943005181349,SP.DYN.LE00.IN,https://api.worldbank.org/v2/country/all/indicator/SP.DYN.LE00.IN?format=json&date=2019:2022,True
URY,Uruguay,Latin America & Caribbean ,High income,0.7597407882153921,0.6041402553582664,0.9193650921392078,0.6871293162808386,0.828328489083256,0.1197916666666666,0.0769230769230769,life_expectancy::life_expectancy_loss_2019_2022,life_expectancy_loss_2019_2022,1.0349999999999966,0.4386903041037496,0.596309695896247,-0.4773855397976006,1.0349999999999966,capacity under-realizers,capacity,186,186,7,0.03626943005181349,7,0.03626943005181349,SP.DYN.LE00.IN,https://api.worldbank.org/v2/country/all/indicator/SP.DYN.LE00.IN?format=json&date=2019:2022,True
SAU,Saudi Arabia,"Middle East, North Africa, Afghanistan & Pakistan",High income,0.7555719842796018,0.4502722868091502,0.9729502025039536,0.729829034851629,0.8692364129536747,0.140625,0.0,life_expectancy::life_expectancy_loss_2019_2022,life_expectancy_loss_2019_2022,1.0030000000000001,0.1795057227007424,0.8234942772992577,-0.6592618949418215,1.0030000000000001,capacity under-realizers,capacity,186,186,7,0.03626943005181349,7,0.03626943005181349,SP.DYN.LE00.IN,https://api.worldbank.org/v2/country/all/indicator/SP.DYN.LE00.IN?format=json&date=2019:2022,True
BLR,Belarus,Europe & Central Asia,Upper middle income,0.751985191892442,0.6506495746089037,0.9549718293872288,0.6122043999499703,0.7901149636236653,0.0885416666666666,0.0769230769230769,life_expectancy::life_expectancy_loss_2019_2022,life_expectancy_loss_2019_2022,0.12346341463420174,0.1798393408881263,-0.05637592625392457,0.04513267547305174,0.12346341463420174,capacity under-realizers,vulnerability,186,186,7,0.03626943005181349,7,0.03626943005181349,SP.DYN.LE00.IN,https://api.worldbank.org/v2/country/all/indicator/SP.DYN.LE00.IN?format=json&date=2019:2022,True
QAT,Qatar,"Middle East, North Africa, Afghanistan & Pakistan",High income,0.746674096402051,0.3429346613064137,0.9774170852937168,0.7087091624784967,0.9576354765295764,0.1893229166666666,0.0,life_expectancy::life_expectancy_loss_2019_2022,life_expectancy_loss_2019_2022,1.0879999999999939,-0.07397467523130312,1.161974675231297,-0.9302379474690771,1.0879999999999939,capacity under-realizers,capacity,186,186,7,0.03626943005181349,7,0.03626943005181349,SP.DYN.LE00.IN,https://api.worldbank.org/v2/country/all/indicator/SP.DYN.LE00.IN?format=json&date=2019:2022,True
ISR,Israel,"Middle East, North Africa, Afghanistan & Pakistan",High income,0.7458520258711318,0.5279205804875065,0.9666844126236896,0.7264596774701316,0.7623434329031993,0.0953124999999999,0.0769230769230769,life_expectancy::life_expectancy_loss_2019_2022,life_expectancy_loss_2019_2022,0.1048780487804919,0.19007587669132153,-0.08519782791082964,0.06820652313168342,0.1048780487804919,capacity under-realizers,capacity,186,186,7,0.03626943005181349,7,0.03626943005181349,SP.DYN.LE00.IN,https://api.worldbank.org/v2/country/all/indicator/SP.DYN.LE00.IN?format=json&date=2019:2022,True
MLT,Malta,"Middle East, North Africa, Afghanistan & Pakistan",High income,0.7422932540057879,0.6949066120095724,0.9452842452889392,0.64959822247046,0.6793839362541803,0.3864583333333333,0.0384615384615384,life_expectancy::life_expectancy_loss_2019_2022,life_expectancy_loss_2019_2022,0.3609756097560961,0.19794382148233963,0.16303178827375647,-0.13051778091962635,0.3609756097560961,uncertain / data-limited systems,vulnerability,186,186,7,0.03626943005181349,7,0.03626943005181349,SP.DYN.LE00.IN,https://api.worldbank.org/v2/country/all/indicator/SP.DYN.LE00.IN?format=json&date=2019:2022,True
HUN,Hungary,Europe & Central Asia,High income,0.7401533362116283,0.592121438040106,0.9848619247385212,0.6280352282588941,0.7555947538089919,0.140625,0.0769230769230769,life_expectancy::life_expectancy_loss_2019_2022,life_expectancy_loss_2019_2022,0.45121951219509526,0.4098961309840711,0.041323381211024135,-0.03308211283741924,0.45121951219509526,capacity under-realizers,capacity,186,186,7,0.03626943005181349,7,0.03626943005181349,SP.DYN.LE00.IN,https://api.worldbank.org/v2/country/all/indicator/SP.DYN.LE00.IN?format=json&date=2019:2022,True
ARG,Argentina,Latin America & Caribbean ,Upper middle income,0.7394775181902676,0.6546176521084986,0.8513215977301716,0.7004171361212989,0.7515536868011014,0.171875,0.0384615384615384,life_expectancy::life_expectancy_loss_2019_2022,life_expectancy_loss_2019_2022,1.0409999999999968,0.2450377271366312,0.7959622728633656,-0.6372206957297512,1.0409999999999968,capacity under-realizers,capacity,186,186,7,0.03626943005181349,7,0.03626943005181349,SP.DYN.LE00.IN,https://api.worldbank.org/v2/country/all/indicator/SP.DYN.LE00.IN?format=json&date=2019:2022,True
ARE,United Arab Emirates,"Middle East, North Africa, Afghanistan & Pakistan",High income,0.7371535222427504,0.3453668031427175,0.9974899598393574,0.7977547814356623,0.8080025445532645,0.1830729166666666,0.0384615384615384,life_expectancy::life_expectancy_loss_2019_2022,life_expectancy_loss_2019_2022,2.109000000000009,0.10824748108424258,2.000752518915766,-1.6017353529837572,2.109000000000009,capacity under-realizers,capacity,186,186,7,0.03626943005181349,7,0.03626943005181349,SP.DYN.LE00.IN,https://api.worldbank.org/v2/country/all/indicator/SP.DYN.LE00.IN?format=json&date=2019:2022,True
KWT,Kuwait,"Middle East, North Africa, Afghanistan & Pakistan",High income,0.7367604750619614,0.395799648377058,0.9581999257779844,0.7128524493659094,0.880189876726894,0.1429687499999999,0.0384615384615384,life_expectancy::life_expectancy_loss_2019_2022,life_expectancy_loss_2019_2022,1.381951219512203,-0.039312578645758975,1.4212637981579619,-1.1378161216356921,1.381951219512203,capacity under-realizers,capacity,186,186,7,0.03626943005181349,7,0.03626943005181349,SP.DYN.LE00.IN,https://api.worldbank.org/v2/country/all/indicator/SP.DYN.LE00.IN?format=json&date=2019:2022,True
POL,Poland,Europe & Central Asia,High income,0.7355818926450353,0.5407322335707355,0.9361927703656184,0.6856895491234622,0.7797130175203245,0.0520833333333333,0.0769230769230769,life_expectancy::life_expectancy_loss_2019_2022,life_expectancy_loss_2019_2022,0.7487804878049076,0.4186050843760002,0.3301754034289074,-0.2643273525125177,0.7487804878049076,capacity under-realizers,capacity,186,186,7,0.03626943005181349,7,0.03626943005181349,SP.DYN.LE00.IN,https://api.worldbank.org/v2/country/all/indicator/SP.DYN.LE00.IN?format=json&date=2019:2022,True
GRC,Greece,Europe & Central Asia,High income,0.7354897896001756,0.5648799319924448,0.9824356150333362,0.737662296654285,0.6569813147206365,0.2244791666666666,0.0384615384615384,life_expectancy::life_expectancy_loss_2019_2022,life_expectancy_loss_2019_2022,0.851219512195101,0.690666539870323,0.16055297232477794,-0.12853332402079384,0.851219512195101,uncertain / data-limited systems,capacity,186,186,7,0.03626943005181349,7,0.03626943005181349,SP.DYN.LE00.IN,https://api.worldbank.org/v2/country/all/indicator/SP.DYN.LE00.IN?format=json&date=2019:2022,True
OMN,Oman,"Middle East, North Africa, Afghanistan & Pakistan",High income,0.7351618152881761,0.2724264016816877,0.9963626333844748,0.7426942829021415,0.9291639431844008,0.3088541666666666,0.0,life_expectancy::life_expectancy_loss_2019_2022,life_expectancy_loss_2019_2022,2.0349999999999966,0.20214855162216516,1.8328514483778315,-1.4673193880196507,2.0349999999999966,uncertain / data-limited systems,capacity,186,186,7,0.03626943005181349,7,0.03626943005181349,SP.DYN.LE00.IN,https://api.worldbank.org/v2/country/all/indicator/SP.DYN.LE00.IN?format=json&date=2019:2022,True
CRI,Costa Rica,Latin America & Caribbean ,High income,0.732177745182939,0.3614080256350851,0.9230029923788804,0.785519586875447,0.8587803758423436,0.22421875,0.0,life_expectancy::life_expectancy_loss_2019_2022,life_expectancy_loss_2019_2022,0.980000000000004,0.30339834254626846,0.6766016574537355,-0.5416645908902042,0.980000000000004,uncertain / data-limited systems,capacity,186,186,7,0.03626943005181349,7,0.03626943005181349,SP.DYN.LE00.IN,https://api.worldbank.org/v2/country/all/indicator/SP.DYN.LE00.IN?format=json&date=2019:2022,True
BRN,Brunei Darussalam,East Asia & Pacific,High income,0.7283637268047207,0.300471754304953,0.9412811415580636,0.7571481108901569,0.9145539004657092,0.2921875,0.0769230769230769,life_expectancy::life_expectancy_loss_2019_2022,life_expectancy_loss_2019_2022,2.132000000000005,0.16562634975015106,1.9663736502498539,-1.5742127839417759,2.132000000000005,uncertain / data-limited systems,capacity,186,186,7,0.03626943005181349,7,0.03626943005181349,SP.DYN.LE00.IN,https://api.worldbank.org/v2/country/all/indicator/SP.DYN.LE00.IN?format=json&date=2019:2022,True
EST,Estonia,Europe & Central Asia,High income,0.7282265704440525,0.5583626360146948,0.8684809203627931,0.7127758379727243,0.7732868874259978,0.0885416666666666,0.0384615384615384,life_expectancy::life_expectancy_loss_2019_2022,life_expectancy_loss_2019_2022,0.8024390243902957,0.6735459224784334,0.12889310191186232,-0.10318749377351658,0.8024390243902957,capacity under-realizers,capacity,186,186,7,0.03626943005181349,7,0.03626943005181349,SP.DYN.LE00.IN,https://api.worldbank.org/v2/country/all/indicator/SP.DYN.LE00.IN?format=json&date=2019:2022,True
KOR,"Korea, Rep.",East Asia & Pacific,High income,0.7256044338064565,0.5926042318721941,0.937626831948221,0.6950238954767094,0.6771627759287008,0.2104166666666662,0.0769230769230769,life_expectancy::life_expectancy_loss_2019_2022,life_expectancy_loss_2019_2022,0.5463414634146062,0.18996602389165312,0.3563754395229531,-0.28530222254993004,0.5463414634146062,uncertain / data-limited systems,capacity,186,186,7,0.03626943005181349,7,0.03626943005181349,SP.DYN.LE00.IN,https://api.worldbank.org/v2/country/all/indicator/SP.DYN.LE00.IN?format=json&date=2019:2022,True
LTU,Lithuania,Europe & Central Asia,High income,0.7209567647541534,0.6577686111667523,0.8925885911044664,0.6432972568930223,0.690172599852372,0.2395833333333333,0.0384615384615384,life_expectancy::life_expectancy_loss_2019_2022,life_expectancy_loss_2019_2022,0.6390243902439039,0.5377132386589832,0.10131115158492066,-0.08110630955646732,0.6390243902439039,uncertain / data-limited systems,vulnerability,186,186,7,0.03626943005181349,7,0.03626943005181349,SP.DYN.LE00.IN,https://api.worldbank.org/v2/country/all/indicator/SP.DYN.LE00.IN?format=json&date=2019:2022,True
ATG,Antigua and Barbuda,Latin America & Caribbean ,High income,0.7115913123640994,0.3794933092931326,0.9106087451409915,0.768588140659134,0.7876750543631399,0.2627604166666665,0.0384615384615384,life_expectancy::life_expectancy_loss_2019_2022,life_expectancy_loss_2019_2022,-0.3149999999999977,0.21732155328090297,-0.5323215532809007,0.42615877925136947,-0.3149999999999977,uncertain / data-limited systems,capacity,186,186,7,0.03626943005181349,7,0.03626943005181349,SP.DYN.LE00.IN,https://api.worldbank.org/v2/country/all/indicator/SP.DYN.LE00.IN?format=json&date=2019:2022,True
COL,Colombia,Latin America & Caribbean ,Upper middle income,0.7101912345859036,0.354941997831947,0.8893699607554202,0.7619853913866848,0.8344675883695621,0.2158854166666666,0.0,life_expectancy::life_expectancy_loss_2019_2022,life_expectancy_loss_2019_2022,0.2850000000000108,0.1485798954701334,0.1364201045298774,-0.10921335958215217,0.2850000000000108,uncertain / data-limited systems,capacity,186,186,7,0.03626943005181349,7,0.03626943005181349,SP.DYN.LE00.IN,https://api.worldbank.org/v2/country/all/indicator/SP.DYN.LE00.IN?format=json&date=2019:2022,True
KAZ,Kazakhstan,Europe & Central Asia,Upper middle income,0.7090108830379578,0.4097274500671538,0.9305901961000154,0.6673311737790726,0.8283947122055891,0.1458333333333333,0.0,life_expectancy::life_expectancy_loss_2019_2022,life_expectancy_loss_2019_2022,0.15500000000000114,0.20386673914314407,-0.048866739143142934,0.03912107216190015,0.15500000000000114,capacity under-realizers,capacity,186,186,7,0.03626943005181349,7,0.03626943005181349,SP.DYN.LE00.IN,https://api.worldbank.org/v2/country/all/indicator/SP.DYN.LE00.IN?format=json&date=2019:2022,True
ROU,Romania,Europe & Central Asia,High income,0.7028341438153161,0.5402628949409131,0.814117375244629,0.6551166902891886,0.8018396147865335,0.0575520833333333,0.0384615384615384,life_expectancy::life_expectancy_loss_2019_2022,life_expectancy_loss_2019_2022,0.4536585365853085,0.46318983323410573,-0.009531296648797205,0.0076304363772223185,0.4536585365853085,capacity under-realizers,capacity,186,186,7,0.03626943005181349,7,0.03626943005181349,SP.DYN.LE00.IN,https://api.worldbank.org/v2/country/all/indicator/SP.DYN.LE00.IN?format=json&date=2019:2022,True
SMR,San Marino,Europe & Central Asia,High income,0.7024569819118412,0.5360174970735537,0.8344615091381571,0.6157987426654815,0.8235501787701727,0.3283854166666666,0.2307692307692307,life_expectancy::life_expectancy_loss_2019_2022,life_expectancy_loss_2019_2022,-0.4509999999999934,0.3099448035139822,-0.7609448035139756,0.6091868844019322,-0.4509999999999934,uncertain / data-limited systems,capacity,186,186,7,0.03626943005181349,7,0.03626943005181349,SP.DYN.LE00.IN,https://api.worldbank.org/v2/country/all/indicator/SP.DYN.LE00.IN?format=json&date=2019:2022,True
PLW,Palau,East Asia & Pacific,High income,0.7024333390699563,0.5362907085599046,0.8902700987864465,0.6075520147203979,0.7756205342130765,0.15625,0.1538461538461538,life_expectancy::life_expectancy_loss_2019_2022,life_expectancy_loss_2019_2022,0.060000000000002274,0.06267308800451357,-0.002673088004511298,0.0021399845897896205,0.060000000000002274,capacity under-realizers,capacity,186,186,7,0.03626943005181349,7,0.03626943005181349,SP.DYN.LE00.IN,https://api.worldbank.org/v2/country/all/indicator/SP.DYN.LE00.IN?format=json&date=2019:2022,True
SYC,Seychelles,Sub-Saharan Africa ,High income,0.7012259679387803,0.3418739572172526,0.9675630925312452,0.6947525826676225,0.8007142393390014,0.2296874999999999,0.0769230769230769,life_expectancy::life_expectancy_loss_2019_2022,life_expectancy_loss_2019_2022,-0.46341463414638895,-0.10939035504763343,-0.3540242790987555,0.28341996238213346,-0.46341463414638895,uncertain / data-limited systems,capacity,186,186,7,0.03626943005181349,7,0.03626943005181349,SP.DYN.LE00.IN,https://api.worldbank.org/v2/country/all/indicator/SP.DYN.LE00.IN?format=json&date=2019:2022,True
RUS,Russian Federation,Europe & Central Asia,High income,0.6989983909344943,0.5920132945094181,0.9396085264625544,0.5837960444941198,0.6805756982718847,0.2453125,0.0769230769230769,life_expectancy::life_expectancy_loss_2019_2022,life_expectancy_loss_2019_2022,0.5382926829267944,0.4173003125305486,0.12099237039624583,-0.09686243314590147,0.5382926829267944,uncertain / data-limited systems,vulnerability,186,186,7,0.03626943005181349,7,0.03626943005181349,SP.DYN.LE00.IN,https://api.worldbank.org/v2/country/all/indicator/SP.DYN.LE00.IN?format=json&date=2019:2022,True
CHL,Chile,Latin America & Caribbean ,High income,0.6982007888708822,0.4368623179100732,0.9197557906003184,0.7529887957924098,0.6831962511807274,0.21875,0.0384615384615384,life_expectancy::life_expectancy_loss_2019_2022,life_expectancy_loss_2019_2022,1.1479999999999961,0.46219068568940086,0.6858093143105952,-0.5490359321062422,1.1479999999999961,uncertain / data-limited systems,capacity,186,186,7,0.03626943005181349,7,0.03626943005181349,SP.DYN.LE00.IN,https://api.worldbank.org/v2/country/all/indicator/SP.DYN.LE00.IN?format=json&date=2019:2022,True
TON,Tonga,East Asia & Pacific,Upper middle income,0.6953209446132155,0.2563024879570035,0.975695576146483,0.7043985774546654,0.8448871368947101,0.40625,0.0769230769230769,life_expectancy::life_expectancy_loss_2019_2022,life_expectancy_loss_2019_2022,-0.3430000000000035,-0.12572389299977138,-0.21727610700023214,0.17394396290929043,-0.3430000000000035,uncertain / data-limited systems,capacity,186,186,7,0.03626943005181349,7,0.03626943005181349,SP.DYN.LE00.IN,https://api.worldbank.org/v2/country/all/indicator/SP.DYN.LE00.IN?format=json&date=2019:2022,True
TUR,Turkiye,Europe & Central Asia,Upper middle income,0.6933497826738224,0.2751721568793997,0.9576042105957356,0.7097883253054541,0.8308344379147002,0.23984375,0.0769230769230769,life_expectancy::life_expectancy_loss_2019_2022,life_expectancy_loss_2019_2022,0.1460000000000008,0.09397237558626119,0.05202762441373961,-0.041651570880144456,0.1460000000000008,uncertain / data-limited systems,capacity,186,186,7,0.03626943005181349,7,0.03626943005181349,SP.DYN.LE00.IN,https://api.worldbank.org/v2/country/all/indicator/SP.DYN.LE00.IN?format=json&date=2019:2022,True
BRA,Brazil,Latin America & Caribbean ,Upper middle income,0.6888440212001339,0.4951594678053926,0.8271090286894579,0.7033599026092245,0.7297476856964605,0.14609375,0.0384615384615384,life_expectancy::life_expectancy_loss_2019_2022,life_expectancy_loss_2019_2022,0.9369999999999976,0.1460779949810655,0.7909220050189321,-0.6331856263652945,0.9369999999999976,capacity under-realizers,capacity,186,186,7,0.03626943005181349,7,0.03626943005181349,SP.DYN.LE00.IN,https://api.worldbank.org/v2/country/all/indicator/SP.DYN.LE00.IN?format=json&date=2019:2022,True
SRB,Serbia,Europe & Central Asia,Upper middle income,0.6885828777950316,0.5668824894192857,0.8934190959424905,0.6337486862951238,0.6602812395232264,0.2299479166666666,0.0384615384615384,life_expectancy::life_expectancy_loss_2019_2022,life_expectancy_loss_2019_2022,0.7000000000000028,0.3589270517942604,0.34107294820574247,-0.27305156131133473,0.7000000000000028,uncertain / data-limited systems,capacity,186,186,7,0.03626943005181349,7,0.03626943005181349,SP.DYN.LE00.IN,https://api.worldbank.org/v2/country/all/indicator/SP.DYN.LE00.IN?format=json&date=2019:2022,True
TUV,Tuvalu,East Asia & Pacific,Upper middle income,0.6882539424419049,0.5312132856025258,0.8053901808714473,0.5212048692670842,0.8952074340265621,0.3125,0.1153846153846153,life_expectancy::life_expectancy_loss_2019_2022,life_expectancy_loss_2019_2022,-0.7430000000000092,-0.5161553570334428,-0.22684464296656637,0.18160421183496944,-0.7430000000000092,uncertain / data-limited systems,vulnerability,186,186,7,0.03626943005181349,7,0.03626943005181349,SP.DYN.LE00.IN,https://api.worldbank.org/v2/country/all/indicator/SP.DYN.LE00.IN?format=json&date=2019:2022,True
MKD,North Macedonia,Europe & Central Asia,Upper middle income,0.687622500803049,0.4742074380793902,0.8439322654987391,0.6819603288603566,0.7503899707737098,0.09453125,0.0,life_expectancy::life_expectancy_loss_2019_2022,life_expectancy_loss_2019_2022,2.1775609756098078,0.2718056390886885,1.9057553365211193,-1.5256837953639224,2.1775609756098078,capacity under-realizers,capacity,186,186,7,0.03626943005181349,7,0.03626943005181349,SP.DYN.LE00.IN,https://api.worldbank.org/v2/country/all/indicator/SP.DYN.LE00.IN?format=json&date=2019:2022,True
CHN,China,East Asia & Pacific,Upper middle income,0.6868193062806881,0.3203666621840635,0.9563534174379298,0.6890617319767195,0.7814954135240395,0.1416666666666666,0.0384615384615384,life_expectancy::life_expectancy_loss_2019_2022,life_expectancy_loss_2019_2022,-0.26200000000000045,0.04506589695185202,-0.3070658969518525,0.24582665681709748,-0.26200000000000045,effective converters,capacity,186,186,7,0.03626943005181349,7,0.03626943005181349,SP.DYN.LE00.IN,https://api.worldbank.org/v2/country/all/indicator/SP.DYN.LE00.IN?format=json&date=2019:2022,True
CYP,Cyprus,Europe & Central Asia,High income,0.6867041272209746,0.4030870152886168,0.9172025269884388,0.8157477202878922,0.6107792463189511,0.1627604166666666,0.0769230769230769,life_expectancy::life_expectancy_loss_2019_2022,life_expectancy_loss_2019_2022,1.019999999999996,0.5420869206699567,0.47791307933003935,-0.38260118009551936,1.019999999999996,capacity under-realizers,capacity,186,186,7,0.03626943005181349,7,0.03626943005181349,SP.DYN.LE00.IN,https://api.worldbank.org/v2/country/all/indicator/SP.DYN.LE00.IN?format=json&date=2019:2022,True
BGR,Bulgaria,Europe & Central Asia,High income,0.6854375852916174,0.6008706829887424,0.90834786272613,0.5947468983471923,0.637784897104405,0.3341145833333332,0.0384615384615384,life_expectancy::life_expectancy_loss_2019_2022,life_expectancy_loss_2019_2022,0.9512195121951095,0.4876601254293485,0.463559386765761,-0.37111009531181816,0.9512195121951095,uncertain / data-limited systems,vulnerability,186,186,7,0.03626943005181349,7,0.03626943005181349,SP.DYN.LE00.IN,https://api.worldbank.org/v2/country/all/indicator/SP.DYN.LE00.IN?format=json&date=2019:2022,True
SGP,Singapore,East Asia & Pacific,High income,0.6846585060982541,0.4108830413712889,0.9415056150331502,0.7115127888790815,0.6747325791094959,0.3541666666666667,0.0384615384615384,life_expectancy::life_expectancy_loss_2019_2022,life_expectancy_loss_2019_2022,0.7000000000000028,-0.06576518259152787,0.7657651825915307,-0.6130459181956207,0.7000000000000028,uncertain / data-limited systems,capacity,186,186,7,0.03626943005181349,7,0.03626943005181349,SP.DYN.LE00.IN,https://api.worldbank.org/v2/country/all/indicator/SP.DYN.LE00.IN?format=json&date=2019:2022,True
LVA,Latvia,Europe & Central Asia,High income,0.6788426652576671,0.5032232979013287,0.928011666331225,0.6212809763928517,0.6628547204052629,0.2815104166666666,0.0384615384615384,life_expectancy::life_expectancy_loss_2019_2022,life_expectancy_loss_2019_2022,1.1097560975610037,0.5688918814758672,0.5408642160851365,-0.432997748535576,1.1097560975610037,uncertain / data-limited systems,capacity,186,186,7,0.03626943005181349,7,0.03626943005181349,SP.DYN.LE00.IN,https://api.worldbank.org/v2/country/all/indicator/SP.DYN.LE00.IN?format=json&date=2019:2022,True
JOR,Jordan,"Middle East, North Africa, Afghanistan & Pakistan",Lower middle income,0.6757023078644859,0.3138518481233711,0.9418200451610784,0.7218043095294339,0.7253330286440602,0.2307291666666666,0.0384615384615384,life_expectancy::life_expectancy_loss_2019_2022,life_expectancy_loss_2019_2022,-0.22299999999999898,-0.44205128547058764,0.21905128547058866,-0.17536511124570067,-0.22299999999999898,uncertain / data-limited systems,capacity,186,186,7,0.03626943005181349,7,0.03626943005181349,SP.DYN.LE00.IN,https://api.worldbank.org/v2/country/all/indicator/SP.DYN.LE00.IN?format=json&date=2019:2022,True
NIC,Nicaragua,Latin America & Caribbean ,Lower middle income,0.6740976553258002,0.2706416633866143,0.9554654121422552,0.7426474199142016,0.7276361258601298,0.29921875,0.1538461538461538,life_expectancy::life_expectancy_loss_2019_2022,life_expectancy_loss_2019_2022,-0.6989999999999981,-0.3268435542001514,-0.3721564457998467,0.2979359668138417,-0.6989999999999981,uncertain / data-limited systems,capacity,186,186,7,0.03626943005181349,7,0.03626943005181349,SP.DYN.LE00.IN,https://api.worldbank.org/v2/country/all/indicator/SP.DYN.LE00.IN?format=json&date=2019:2022,True
TUN,Tunisia,"Middle East, North Africa, Afghanistan & Pakistan",Lower middle income,0.6736728995848067,0.25366575099988,0.9592596257996054,0.7339569865766812,0.7478092349630598,0.2041666666666667,0.0,life_expectancy::life_expectancy_loss_2019_2022,life_expectancy_loss_2019_2022,-0.4509999999999934,-0.2534510291019338,-0.19754897089805962,0.15815107947706306,-0.4509999999999934,uncertain / data-limited systems,capacity,186,186,7,0.03626943005181349,7,0.03626943005181349,SP.DYN.LE00.IN,https://api.worldbank.org/v2/country/all/indicator/SP.DYN.LE00.IN?format=json&date=2019:2022,True
IRN,"Iran, Islamic Rep.","Middle East, North Africa, Afghanistan & Pakistan",Upper middle income,0.6716950825288099,0.2899006188927754,0.979555809138539,0.7206501324705947,0.6966737696133306,0.1828124999999999,0.0769230769230769,life_expectancy::life_expectancy_loss_2019_2022,life_expectancy_loss_2019_2022,0.055999999999997385,0.06481376441813602,-0.008813764418138637,0.007056004142408018,0.055999999999997385,capacity under-realizers,capacity,186,186,7,0.03626943005181349,7,0.03626943005181349,SP.DYN.LE00.IN,https://api.worldbank.org/v2/country/all/indicator/SP.DYN.LE00.IN?format=json&date=2019:2022,True
NRU,Nauru,East Asia & Pacific,High income,0.670929668447223,0.5668279441592471,0.8864385214919197,0.389373482358202,0.8410787257795229,0.3385416666666667,0.1153846153846153,life_expectancy::life_expectancy_loss_2019_2022,life_expectancy_loss_2019_2022,-0.536999999999999,-0.7014839254187758,0.16448392541877677,-0.13168031320713802,-0.536999999999999,uncertain / data-limited systems,vulnerability,186,186,7,0.03626943005181349,7,0.03626943005181349,SP.DYN.LE00.IN,https://api.worldbank.org/v2/country/all/indicator/SP.DYN.LE00.IN?format=json&date=2019:2022,True
VCT,St. Vincent and the Grenadines,Latin America & Caribbean ,Upper middle income,0.6701417723839488,0.3606948551024671,0.9521916893872016,0.5932353937819079,0.7744451512642184,0.17734375,0.0769230769230769,life_expectancy::life_expectancy_loss_2019_2022,life_expectancy_loss_2019_2022,-0.19700000000000273,-0.16769647713016678,-0.029303522869835952,0.0234594174461016,-0.19700000000000273,capacity under-realizers,capacity,186,186,7,0.03626943005181349,7,0.03626943005181349,SP.DYN.LE00.IN,https://api.worldbank.org/v2/country/all/indicator/SP.DYN.LE00.IN?format=json&date=2019:2022,True
ALB,Albania,Europe & Central Asia,Upper middle income,0.6696856726155633,0.3345657943556133,0.9726193994126826,0.7797703899355044,0.5917871067584531,0.0942708333333333,0.0384615384615384,life_expectancy::life_expectancy_loss_2019_2022,life_expectancy_loss_2019_2022,0.6979999999999933,0.3685109522306682,0.3294890477693251,-0.2637778791947137,0.6979999999999933,capacity under-realizers,capacity,186,186,7,0.03626943005181349,7,0.03626943005181349,SP.DYN.LE00.IN,https://api.worldbank.org/v2/country/all/indicator/SP.DYN.LE00.IN?format=json&date=2019:2022,True
UZB,Uzbekistan,Europe & Central Asia,Lower middle income,0.6686025330658762,0.4119113055278265,0.9405649421131524,0.6146409081395038,0.7072929764830225,0.1669270833333333,0.0384615384615384,life_expectancy::life_expectancy_loss_2019_2022,life_expectancy_loss_2019_2022,-0.054000000000002046,-0.4866023528853051,0.4326023528853031,-0.34632693241633117,-0.054000000000002046,capacity under-realizers,capacity,186,186,7,0.03626943005181349,7,0.03626943005181349,SP.DYN.LE00.IN,https://api.worldbank.org/v2/country/all/indicator/SP.DYN.LE00.IN?format=json&date=2019:2022,True
KNA,St. Kitts and Nevis,Latin America & Caribbean ,High income,0.6647839475886296,0.4175374788716006,0.942039817022099,0.6969060044676371,0.6026524899931812,0.11015625,0.0769230769230769,life_expectancy::life_expectancy_loss_2019_2022,life_expectancy_loss_2019_2022,1.2270000000000039,0.12878727656752942,1.0982127234324746,-0.879192267703163,1.2270000000000039,capacity under-realizers,capacity,186,186,7,0.03626943005181349,7,0.03626943005181349,SP.DYN.LE00.IN,https://api.worldbank.org/v2/country/all/indicator/SP.DYN.LE00.IN?format=json&date=2019:2022,True
ECU,Ecuador,Latin America & Caribbean ,Upper middle income,0.664199875526843,0.3467191820439355,0.7721230764365231,0.7681359992125998,0.7698212444143137,0.1432291666666666,0.0,life_expectancy::life_expectancy_loss_2019_2022,life_expectancy_loss_2019_2022,0.7090000000000032,0.12333981630578737,0.5856601836942158,-0.4688598975581151,0.7090000000000032,capacity under-realizers,capacity,186,186,7,0.03626943005181349,7,0.03626943005181349,SP.DYN.LE00.IN,https://api.worldbank.org/v2/country/all/indicator/SP.DYN.LE00.IN?format=json&date=2019:2022,True
BIH,Bosnia and Herzegovina,Europe & Central Asia,Upper middle income,0.6623497621693846,0.4938099285027721,0.6856349836250097,0.6897881404976597,0.7801659960520969,0.125,0.0384615384615384,life_expectancy::life_expectancy_loss_2019_2022,life_expectancy_loss_2019_2022,0.6170000000000044,0.4193633877742143,0.19763661222579015,-0.15822124218418518,0.6170000000000044,capacity under-realizers,capacity,186,186,7,0.03626943005181349,7,0.03626943005181349,SP.DYN.LE00.IN,https://api.worldbank.org/v2/country/all/indicator/SP.DYN.LE00.IN?format=json&date=2019:2022,True
LBY,Libya,"Middle East, North Africa, Afghanistan & Pakistan",Upper middle income,0.6597821993652432,0.3839160252030721,0.8404155544724616,0.6255679164991333,0.7892293012863056,0.12578125,0.0,life_expectancy::life_expectancy_loss_2019_2022,life_expectancy_loss_2019_2022,-1.5210000000000008,0.05111810208894768,-1.5721181020889485,1.258585017074574,-1.5210000000000008,effective converters,capacity,186,186,7,0.03626943005181349,7,0.03626943005181349,SP.DYN.LE00.IN,https://api.worldbank.org/v2/country/all/indicator/SP.DYN.LE00.IN?format=json&date=2019:2022,True
PSE,West Bank and Gaza,"Middle East, North Africa, Afghanistan & Pakistan",Lower middle income,0.6587017614512714,0.3176807706933734,0.9877450980392156,0.6045379500737209,0.7248432269987758,0.15625,0.0384615384615384,life_expectancy::life_expectancy_loss_2019_2022,life_expectancy_loss_2019_2022,-0.8509999999999991,-0.7867469632310445,-0.06425303676895455,0.05143882591994507,-0.8509999999999991,effective converters,capacity,186,186,7,0.03626943005181349,7,0.03626943005181349,SP.DYN.LE00.IN,https://api.worldbank.org/v2/country/all/indicator/SP.DYN.LE00.IN?format=json&date=2019:2022,True
BRB,Barbados,Latin America & Caribbean ,High income,0.6579409859020005,0.4376839484267321,0.8694472408349976,0.5981394797313992,0.7264932746148729,0.2169270833333332,0.0,life_expectancy::life_expectancy_loss_2019_2022,life_expectancy_loss_2019_2022,0.8190000000000026,0.027794265111197106,0.7912057348888055,-0.6334127709816212,0.8190000000000026,uncertain / data-limited systems,capacity,186,186,7,0.03626943005181349,7,0.03626943005181349,SP.DYN.LE00.IN,https://api.worldbank.org/v2/country/all/indicator/SP.DYN.LE00.IN?format=json&date=2019:2022,True
THA,Thailand,East Asia & Pacific,Upper middle income,0.6577800277292037,0.1805741643377892,0.8457201250794135,0.6959196213257433,0.9089062001738688,0.3406249999999999,0.0,life_expectancy::life_expectancy_loss_2019_2022,life_expectancy_loss_2019_2022,1.906000000000006,0.09434804922252786,1.811651950777478,-1.4503477813611811,1.906000000000006,uncertain / data-limited systems,capacity,186,186,7,0.03626943005181349,7,0.03626943005181349,SP.DYN.LE00.IN,https://api.worldbank.org/v2/country/all/indicator/SP.DYN.LE00.IN?format=json&date=2019:2022,True
LCA,St. Lucia,Latin America & Caribbean ,Upper middle income,0.656083207299029,0.3119948676060742,0.9066315423963224,0.7046030667039356,0.7011033524897836,0.2447916666666666,0.0,life_expectancy::life_expectancy_loss_2019_2022,life_expectancy_loss_2019_2022,-0.4210000000000065,-0.030495298986860778,-0.3905047010131457,0.31262496445990534,-0.4210000000000065,uncertain / data-limited systems,capacity,186,186,7,0.03626943005181349,7,0.03626943005181349,SP.DYN.LE00.IN,https://api.worldbank.org/v2/country/all/indicator/SP.DYN.LE00.IN?format=json&date=2019:2022,True
MDA,Moldova,Europe & Central Asia,Upper middle income,0.6559742104121051,0.5279581493319597,0.8066741913681217,0.6028075479993572,0.6864569529489815,0.2244791666666666,0.0,life_expectancy::life_expectancy_loss_2019_2022,life_expectancy_loss_2019_2022,-1.365000000000009,0.07569475497953947,-1.4406947549795486,1.153371893870982,-1.365000000000009,uncertain / data-limited systems,capacity,186,186,7,0.03626943005181349,7,0.03626943005181349,SP.DYN.LE00.IN,https://api.worldbank.org/v2/country/all/indicator/SP.DYN.LE00.IN?format=json&date=2019:2022,True
PAN,Panama,Latin America & Caribbean ,High income,0.6543250217256888,0.3766516033544161,0.8106900404600847,0.7907396443352344,0.6392187987530201,0.1044270833333333,0.0384615384615384,life_expectancy::life_expectancy_loss_2019_2022,life_expectancy_loss_2019_2022,-0.8100000000000023,0.3600270294533,-1.1700270294533022,0.9366843921493633,-0.8100000000000023,effective converters,capacity,186,186,7,0.03626943005181349,7,0.03626943005181349,SP.DYN.LE00.IN,https://api.worldbank.org/v2/country/all/indicator/SP.DYN.LE00.IN?format=json&date=2019:2022,True
GEO,Georgia,Europe & Central Asia,Upper middle income,0.6532030764803352,0.509239642509025,0.887079208498833,0.6353008413217734,0.5811926135917094,0.3041666666666665,0.0,life_expectancy::life_expectancy_loss_2019_2022,life_expectancy_loss_2019_2022,0.02400000000000091,0.21827555056108905,-0.19427555056108814,0.1555304889595789,0.02400000000000091,uncertain / data-limited systems,capacity,186,186,7,0.03626943005181349,7,0.03626943005181349,SP.DYN.LE00.IN,https://api.worldbank.org/v2/country/all/indicator/SP.DYN.LE00.IN?format=json&date=2019:2022,True
BHR,Bahrain,"Middle East, North Africa, Afghanistan & Pakistan",High income,0.6523110582727074,0.2242510935493122,0.989839380449274,0.6157753186314454,0.7793784404607978,0.2033854166666666,0.0,life_expectancy::life_expectancy_loss_2019_2022,life_expectancy_loss_2019_2022,-0.5210000000000008,-0.3154192187503923,-0.2055807812496085,0.1645810774237898,-0.5210000000000008,effective converters,capacity,186,186,7,0.03626943005181349,7,0.03626943005181349,SP.DYN.LE00.IN,https://api.worldbank.org/v2/country/all/indicator/SP.DYN.LE00.IN?format=json&date=2019:2022,True
TTO,Trinidad and Tobago,Latin America & Caribbean ,High income,0.6512626453966167,0.4104531585570775,0.9077504764921543,0.6217329960273007,0.6651139505099344,0.1833333333333332,0.0384615384615384,life_expectancy::life_expectancy_loss_2019_2022,life_expectancy_loss_2019_2022,-0.49500000000000455,0.016627986082783028,-0.5116279860827876,0.40959220350189857,-0.49500000000000455,effective converters,capacity,186,186,7,0.03626943005181349,7,0.03626943005181349,SP.DYN.LE00.IN,https://api.worldbank.org/v2/country/all/indicator/SP.DYN.LE00.IN?format=json&date=2019:2022,True
KGZ,Kyrgyz Republic,Europe & Central Asia,Lower middle income,0.6501454007497245,0.3317152029949079,0.8719689879667554,0.6767504291276911,0.7201469829095438,0.21484375,0.0,life_expectancy::life_expectancy_loss_2019_2022,life_expectancy_loss_2019_2022,-0.4487804878049104,-0.3244180355680118,-0.12436245223689862,0.0995604076207992,-0.4487804878049104,uncertain / data-limited systems,capacity,186,186,7,0.03626943005181349,7,0.03626943005181349,SP.DYN.LE00.IN,https://api.worldbank.org/v2/country/all/indicator/SP.DYN.LE00.IN?format=json&date=2019:2022,True
DZA,Algeria,"Middle East, North Africa, Afghanistan & Pakistan",Upper middle income,0.6490773240471281,0.2542673301460795,0.8443272353045255,0.7553194495008495,0.7423952812370581,0.1796875,0.0,life_expectancy::life_expectancy_loss_2019_2022,life_expectancy_loss_2019_2022,-0.44700000000000273,0.18548663293554268,-0.6324866329355454,0.506347582064534,-0.44700000000000273,effective converters,capacity,186,186,7,0.03626943005181349,7,0.03626943005181349,SP.DYN.LE00.IN,https://api.worldbank.org/v2/country/all/indicator/SP.DYN.LE00.IN?format=json&date=2019:2022,True
DMA,Dominica,Latin America & Caribbean ,Upper middle income,0.6483251716035098,0.3440806211298222,0.9032418160110532,0.6047602982406856,0.7412179510324783,0.0625,0.0769230769230769,life_expectancy::life_expectancy_loss_2019_2022,life_expectancy_loss_2019_2022,0.22400000000000375,-0.011444824598513315,0.23544482459851707,-0.18848922876322105,0.22400000000000375,capacity under-realizers,capacity,186,186,7,0.03626943005181349,7,0.03626943005181349,SP.DYN.LE00.IN,https://api.worldbank.org/v2/country/all/indicator/SP.DYN.LE00.IN?format=json&date=2019:2022,True
SLV,El Salvador,Latin America & Caribbean ,Upper middle income,0.6480007768591318,0.3694577590601324,0.8834736436967887,0.5989970298532373,0.740074674826369,0.0578124999999999,0.0,life_expectancy::life_expectancy_loss_2019_2022,life_expectancy_loss_2019_2022,-0.24399999999999977,-0.25285990539019115,0.00885990539019138,-0.007092943056871092,-0.24399999999999977,capacity under-realizers,capacity,186,186,7,0.03626943005181349,7,0.03626943005181349,SP.DYN.LE00.IN,https://api.worldbank.org/v2/country/all/indicator/SP.DYN.LE00.IN?format=json&date=2019:2022,True
MNE,Montenegro,Europe & Central Asia,Upper middle income,0.6477545124955246,0.5126032821767527,0.6703444256780262,0.6929378044056801,0.7151325377216396,0.2916666666666667,0.0,life_expectancy::life_expectancy_loss_2019_2022,life_expectancy_loss_2019_2022,0.4951219512195024,0.37915925358760433,0.11596269763189809,-0.09283584584715796,0.4951219512195024,uncertain / data-limited systems,capacity,186,186,7,0.03626943005181349,7,0.03626943005181349,SP.DYN.LE00.IN,https://api.worldbank.org/v2/country/all/indicator/SP.DYN.LE00.IN?format=json&date=2019:2022,True
LKA,Sri Lanka,South Asia,Lower middle income,0.6477008450464888,0.1899266334096221,0.9682850936923582,0.7529169738176473,0.6796746792663276,0.3653645833333332,0.0,life_expectancy::life_expectancy_loss_2019_2022,life_expectancy_loss_2019_2022,-0.6020000000000039,-0.4543663553132192,-0.1476336446867847,0.11819054368243996,-0.6020000000000039,uncertain / data-limited systems,capacity,186,186,7,0.03626943005181349,7,0.03626943005181349,SP.DYN.LE00.IN,https://api.worldbank.org/v2/country/all/indicator/SP.DYN.LE00.IN?format=json&date=2019:2022,True
BLZ,Belize,Latin America & Caribbean ,Upper middle income,0.6459885184203296,0.1845481518563255,0.8652466029814967,0.7259879734102914,0.8081713454332043,0.3708333333333333,0.0,life_expectancy::life_expectancy_loss_2019_2022,life_expectancy_loss_2019_2022,0.38700000000000045,0.08452947291486539,0.30247052708513505,-0.24214775784984982,0.38700000000000045,uncertain / data-limited systems,capacity,186,186,7,0.03626943005181349,7,0.03626943005181349,SP.DYN.LE00.IN,https://api.worldbank.org/v2/country/all/indicator/SP.DYN.LE00.IN?format=json&date=2019:2022,True
MYS,Malaysia,East Asia & Pacific,Upper middle income,0.6456944397265684,0.2291338827416733,0.9145985435053348,0.7111663135976891,0.7278790190615761,0.1822916666666666,0.0384615384615384,life_expectancy::life_expectancy_loss_2019_2022,life_expectancy_loss_2019_2022,0.45600000000000307,0.005032348122498684,0.45096765187750437,-0.3610295747400639,0.45600000000000307,structurally vulnerable systems,capacity,186,186,7,0.03626943005181349,7,0.03626943005181349,SP.DYN.LE00.IN,https://api.worldbank.org/v2/country/all/indicator/SP.DYN.LE00.IN?format=json&date=2019:2022,True
TJK,Tajikistan,Europe & Central Asia,Lower middle income,0.6357559129066745,0.3499546768118913,0.9214354407742822,0.6826989523373221,0.5889345817032028,0.2218749999999999,0.0,life_expectancy::life_expectancy_loss_2019_2022,life_expectancy_loss_2019_2022,-0.5999999999999943,-0.44684329483624735,-0.15315670516374696,0.12261212063360223,-0.5999999999999943,uncertain / data-limited systems,capacity,186,186,7,0.03626943005181349,7,0.03626943005181349,SP.DYN.LE00.IN,https://api.worldbank.org/v2/country/all/indicator/SP.DYN.LE00.IN?format=json&date=2019:2022,True
MUS,Mauritius,Sub-Saharan Africa ,Upper middle income,0.6346337579052626,0.3330310308730893,0.9426166152682652,0.6202816841723293,0.6426057013073662,0.2302083333333332,0.0769230769230769,life_expectancy::life_expectancy_loss_2019_2022,life_expectancy_loss_2019_2022,0.7212195121950913,-0.32785752228055765,1.049077034475649,-0.8398558833421372,0.7212195121950913,uncertain / data-limited systems,capacity,186,186,7,0.03626943005181349,7,0.03626943005181349,SP.DYN.LE00.IN,https://api.worldbank.org/v2/country/all/indicator/SP.DYN.LE00.IN?format=json&date=2019:2022,True
ARM,Armenia,Europe & Central Asia,Upper middle income,0.6346016951006593,0.4732849256029421,0.9163214042247854,0.6415149075582738,0.5072855430166362,0.2875,0.0,life_expectancy::life_expectancy_loss_2019_2022,life_expectancy_loss_2019_2022,1.456097560975607,0.10389767406653479,1.3521998869090723,-1.082525870984089,1.456097560975607,uncertain / data-limited systems,capacity,186,186,7,0.03626943005181349,7,0.03626943005181349,SP.DYN.LE00.IN,https://api.worldbank.org/v2/country/all/indicator/SP.DYN.LE00.IN?format=json&date=2019:2022,True
MEX,Mexico,Latin America & Caribbean ,Upper middle income,0.6295156707444782,0.2638600782104646,0.834289803866633,0.6905645268805292,0.729348274020286,0.09375,0.0,life_expectancy::life_expectancy_loss_2019_2022,life_expectancy_loss_2019_2022,0.5570000000000022,0.04390168283563377,0.5130983171643684,-0.4107693012447194,0.5570000000000022,structurally vulnerable systems,capacity,186,186,7,0.03626943005181349,7,0.03626943005181349,SP.DYN.LE00.IN,https://api.worldbank.org/v2/country/all/indicator/SP.DYN.LE00.IN?format=json&date=2019:2022,True
BHS,"Bahamas, The",Latin America & Caribbean ,High income,0.6272271607997593,0.3548022405378866,0.8258192258773593,0.6158999980284617,0.7123871787553294,0.1721354166666666,0.0384615384615384,life_expectancy::life_expectancy_loss_2019_2022,life_expectancy_loss_2019_2022,-3.0829999999999984,0.22146878558394334,-3.304468785583942,2.645446863947664,-3.0829999999999984,adaptive over-performers,capacity,186,186,7,0.03626943005181349,7,0.03626943005181349,SP.DYN.LE00.IN,https://api.worldbank.org/v2/country/all/indicator/SP.DYN.LE00.IN?format=json&date=2019:2022,True
BTN,Bhutan,South Asia,Lower middle income,0.6260503846584147,0.1205530925308737,0.8514114305809429,0.7092362861309001,0.8230007293909417,0.3460937499999999,0.0,life_expectancy::life_expectancy_loss_2019_2022,life_expectancy_loss_2019_2022,-0.7490000000000094,-0.40712973317470064,-0.3418702668253088,0.27368986785273725,-0.7490000000000094,uncertain / data-limited systems,capacity,186,186,7,0.03626943005181349,7,0.03626943005181349,SP.DYN.LE00.IN,https://api.worldbank.org/v2/country/all/indicator/SP.DYN.LE00.IN?format=json&date=2019:2022,True
JAM,Jamaica,Latin America & Caribbean ,Upper middle income,0.6236573755955415,0.2282760912104227,0.8809742637247908,0.6509635969585903,0.7344155504883616,0.1984374999999999,0.0,life_expectancy::life_expectancy_loss_2019_2022,life_expectancy_loss_2019_2022,0.05100000000000193,-0.1663762322160463,0.21737623221604824,-0.17402411979845167,0.05100000000000193,structurally vulnerable systems,capacity,186,186,7,0.03626943005181349,7,0.03626943005181349,SP.DYN.LE00.IN,https://api.worldbank.org/v2/country/all/indicator/SP.DYN.LE00.IN?format=json&date=2019:2022,True
TKM,Turkmenistan,Europe & Central Asia,Upper middle income,0.6230590832895327,0.2990039826459934,0.9642564590376924,0.6336296311541779,0.5953462603202672,0.0833333333333333,0.0384615384615384,life_expectancy::life_expectancy_loss_2019_2022,life_expectancy_loss_2019_2022,-0.5079999999999956,0.010909085847960007,-0.5189090858479556,0.4154212077351614,-0.5079999999999956,adaptive over-performers,capacity,186,186,7,0.03626943005181349,7,0.03626943005181349,SP.DYN.LE00.IN,https://api.worldbank.org/v2/country/all/indicator/SP.DYN.LE00.IN?format=json&date=2019:2022,True
GRD,Grenada,Latin America & Caribbean ,Upper middle income,0.6224522850556857,0.2911663844123551,0.9151535956660868,0.6419917381565539,0.6414974219877472,0.1354166666666666,0.0769230769230769,life_expectancy::life_expectancy_loss_2019_2022,life_expectancy_loss_2019_2022,-0.1799999999999926,-0.06663000198442244,-0.11336999801557017,0.090760217504383,-0.1799999999999926,adaptive over-performers,capacity,186,186,7,0.03626943005181349,7,0.03626943005181349,SP.DYN.LE00.IN,https://api.worldbank.org/v2/country/all/indicator/SP.DYN.LE00.IN?format=json&date=2019:2022,True
LBN,Lebanon,"Middle East, North Africa, Afghanistan & Pakistan",Lower middle income,0.6207577583141333,0.3822786569165964,0.7926950458636233,0.6585748480252485,0.6494824824510651,0.1984374999999999,0.0384615384615384,life_expectancy::life_expectancy_loss_2019_2022,life_expectancy_loss_2019_2022,0.2049999999999983,-0.4861532184061134,0.6911532184061118,-0.5533140824680781,0.2049999999999983,structurally vulnerable systems,capacity,186,186,7,0.03626943005181349,7,0.03626943005181349,SP.DYN.LE00.IN,https://api.worldbank.org/v2/country/all/indicator/SP.DYN.LE00.IN?format=json&date=2019:2022,True
PRY,Paraguay,Latin America & Caribbean ,Upper middle income,0.6200103143941642,0.2308564778967678,0.8269696833764881,0.7383300460921496,0.683885050211251,0.1216145833333333,0.0,life_expectancy::life_expectancy_loss_2019_2022,life_expectancy_loss_2019_2022,1.3490000000000038,0.18047318838381876,1.1685268116161849,-0.9354833680725875,1.3490000000000038,structurally vulnerable systems,capacity,186,186,7,0.03626943005181349,7,0.03626943005181349,SP.DYN.LE00.IN,https://api.worldbank.org/v2/country/all/indicator/SP.DYN.LE00.IN?format=json&date=2019:2022,True
FJI,Fiji,East Asia & Pacific,Upper middle income,0.6178667108182544,0.1718859030867164,0.9193966862730744,0.553064783244404,0.8271194706688227,0.17734375,0.0,life_expectancy::life_expectancy_loss_2019_2022,life_expectancy_loss_2019_2022,-0.1389999999999958,-0.2256306744439528,0.086630674443957,-0.06935361200240198,-0.1389999999999958,structurally vulnerable systems,capacity,186,186,7,0.03626943005181349,7,0.03626943005181349,SP.DYN.LE00.IN,https://api.worldbank.org/v2/country/all/indicator/SP.DYN.LE00.IN?format=json&date=2019:2022,True
GUY,Guyana,Latin America & Caribbean ,High income,0.6118947006333888,0.2028261617228233,0.867480051953228,0.6105846381499948,0.766687950707509,0.28125,0.0,life_expectancy::life_expectancy_loss_2019_2022,life_expectancy_loss_2019_2022,-0.8210000000000122,0.19777943677363274,-1.018779436773645,0.8156006429308555,-0.8210000000000122,uncertain / data-limited systems,capacity,186,186,7,0.03626943005181349,7,0.03626943005181349,SP.DYN.LE00.IN,https://api.worldbank.org/v2/country/all/indicator/SP.DYN.LE00.IN?format=json&date=2019:2022,True
PER,Peru,Latin America & Caribbean ,Upper middle income,0.6056794177274751,0.219058315884222,0.7904545559187894,0.7070732519612428,0.7061315471456461,0.0992187499999999,0.0384615384615384,life_expectancy::life_expectancy_loss_2019_2022,life_expectancy_loss_2019_2022,-0.5589999999999975,0.18884703330785607,-0.7478470333078535,0.5987012489292491,-0.5589999999999975,adaptive over-performers,capacity,186,186,7,0.03626943005181349,7,0.03626943005181349,SP.DYN.LE00.IN,https://api.worldbank.org/v2/country/all/indicator/SP.DYN.LE00.IN?format=json&date=2019:2022,True
CPV,Cabo Verde,Sub-Saharan Africa ,Upper middle income,0.6056459361798809,0.1748414442188375,0.8907404525592983,0.6685434249570065,0.6884584229843812,0.1200520833333333,0.0,life_expectancy::life_expectancy_loss_2019_2022,life_expectancy_loss_2019_2022,-0.4579999999999984,-0.28723405936992685,-0.17076594063007156,0.1367094838600708,-0.4579999999999984,adaptive over-performers,capacity,186,186,7,0.03626943005181349,7,0.03626943005181349,SP.DYN.LE00.IN,https://api.worldbank.org/v2/country/all/indicator/SP.DYN.LE00.IN?format=json&date=2019:2022,True
MNG,Mongolia,East Asia & Pacific,Upper middle income,0.6032546228987976,0.4314765764284001,0.7677104522967445,0.5775556570056546,0.6362758058643913,0.2138020833333333,0.0,life_expectancy::life_expectancy_loss_2019_2022,life_expectancy_loss_2019_2022,-0.8475609756098095,0.008092717581743611,-0.855653693191553,0.6850076445430323,-0.8475609756098095,uncertain / data-limited systems,capacity,186,186,7,0.03626943005181349,7,0.03626943005181349,SP.DYN.LE00.IN,https://api.worldbank.org/v2/country/all/indicator/SP.DYN.LE00.IN?format=json&date=2019:2022,True
HND,Honduras,Latin America & Caribbean ,Lower middle income,0.600295509808412,0.1662024963072592,0.9044145349804646,0.6889332074130756,0.6416318005328481,0.1283854166666666,0.0,life_expectancy::life_expectancy_loss_2019_2022,life_expectancy_loss_2019_2022,-0.5910000000000082,-0.4506321064654361,-0.14036789353457207,0.1123738270338521,-0.5910000000000082,adaptive over-performers,capacity,186,186,7,0.03626943005181349,7,0.03626943005181349,SP.DYN.LE00.IN,https://api.worldbank.org/v2/country/all/indicator/SP.DYN.LE00.IN?format=json&date=2019:2022,True
VNM,Viet Nam,East Asia & Pacific,Lower middle income,0.5964542720852765,0.1832401747811078,0.8161335993963043,0.6903622627948471,0.6960810513688466,0.2348958333333333,0.0,life_expectancy::life_expectancy_loss_2019_2022,life_expectancy_loss_2019_2022,-0.2909999999999968,-0.43746428391057385,0.14646428391057703,-0.11725439267029016,-0.2909999999999968,uncertain / data-limited systems,capacity,186,186,7,0.03626943005181349,7,0.03626943005181349,SP.DYN.LE00.IN,https://api.worldbank.org/v2/country/all/indicator/SP.DYN.LE00.IN?format=json&date=2019:2022,True
MAR,Morocco,"Middle East, North Africa, Afghanistan & Pakistan",Lower middle income,0.5918387866998884,0.1294196547620839,0.9488915513110034,0.6876315193950658,0.6014124213314006,0.1096354166666667,0.0384615384615384,life_expectancy::life_expectancy_loss_2019_2022,life_expectancy_loss_2019_2022,-0.9159999999999968,-0.33531942182571145,-0.5806805781742854,0.464873392415786,-0.9159999999999968,adaptive over-performers,capacity,186,186,7,0.03626943005181349,7,0.03626943005181349,SP.DYN.LE00.IN,https://api.worldbank.org/v2/country/all/indicator/SP.DYN.LE00.IN?format=json&date=2019:2022,True
WSM,Samoa,East Asia & Pacific,Upper middle income,0.5872633582580222,0.2456591993164952,0.6134292279437159,0.6798764898784216,0.810088515893456,0.2765625,0.0769230769230769,life_expectancy::life_expectancy_loss_2019_2022,life_expectancy_loss_2019_2022,-1.2809999999999917,-0.07796788445034637,-1.2030321155496453,0.9631071569485968,-1.2809999999999917,uncertain / data-limited systems,capacity,186,186,7,0.03626943005181349,7,0.03626943005181349,SP.DYN.LE00.IN,https://api.worldbank.org/v2/country/all/indicator/SP.DYN.LE00.IN?format=json&date=2019:2022,True
SUR,Suriname,Latin America & Caribbean ,Upper middle income,0.5820331620334881,0.3039261044589958,0.6108436046278103,0.6270112389349571,0.7863517001121891,0.078125,0.0,life_expectancy::life_expectancy_loss_2019_2022,life_expectancy_loss_2019_2022,-1.4810000000000088,0.16772518499632083,-1.6487251849963296,1.3199140779262404,-1.4810000000000088,adaptive over-performers,capacity,186,186,7,0.03626943005181349,7,0.03626943005181349,SP.DYN.LE00.IN,https://api.worldbank.org/v2/country/all/indicator/SP.DYN.LE00.IN?format=json&date=2019:2022,True
EGY,"Egypt, Arab Rep.","Middle East, North Africa, Afghanistan & Pakistan",Lower middle income,0.5749914738003827,0.1425905407592108,0.9368700462464432,0.5748929504998724,0.6456123576960046,0.0677083333333333,0.0,life_expectancy::life_expectancy_loss_2019_2022,life_expectancy_loss_2019_2022,0.20299999999998875,-0.5614374429703106,0.7644374429702994,-0.6119829743928379,0.20299999999998875,structurally vulnerable systems,capacity,186,186,7,0.03626943005181349,7,0.03626943005181349,SP.DYN.LE00.IN,https://api.worldbank.org/v2/country/all/indicator/SP.DYN.LE00.IN?format=json&date=2019:2022,True
AZE,Azerbaijan,Europe & Central Asia,Upper middle income,0.5727858513007176,0.3472579615421797,0.7015549952002419,0.681467035750128,0.5608634127103203,0.1528645833333333,0.0,life_expectancy::life_expectancy_loss_2019_2022,life_expectancy_loss_2019_2022,-0.8349999999999937,0.041768562112319704,-0.8767685621123135,0.7019115003194217,-0.8349999999999937,adaptive over-performers,capacity,186,186,7,0.03626943005181349,7,0.03626943005181349,SP.DYN.LE00.IN,https://api.worldbank.org/v2/country/all/indicator/SP.DYN.LE00.IN?format=json&date=2019:2022,True
UKR,Ukraine,Europe & Central Asia,Upper middle income,0.5714051748848457,0.4441733441292559,0.5402916603346692,0.5866085877199805,0.7145471073554772,0.2919270833333333,0.1153846153846153,life_expectancy::life_expectancy_loss_2019_2022,life_expectancy_loss_2019_2022,1.2620000000000005,0.22494642090483358,1.037053579095167,-0.8302303082818208,1.2620000000000005,uncertain / data-limited systems,capacity,186,186,7,0.03626943005181349,7,0.03626943005181349,SP.DYN.LE00.IN,https://api.worldbank.org/v2/country/all/indicator/SP.DYN.LE00.IN?format=json&date=2019:2022,True
DOM,Dominican Republic,Latin America & Caribbean ,Upper middle income,0.5691724008936305,0.1833018379392382,0.7568322344837783,0.6245700681687736,0.7119854629827318,0.0833333333333333,0.0,life_expectancy::life_expectancy_loss_2019_2022,life_expectancy_loss_2019_2022,-1.0990000000000038,-0.15245091000093508,-0.9465490899990687,0.757775450212962,-1.0990000000000038,adaptive over-performers,capacity,186,186,7,0.03626943005181349,7,0.03626943005181349,SP.DYN.LE00.IN,https://api.worldbank.org/v2/country/all/indicator/SP.DYN.LE00.IN?format=json&date=2019:2022,True
MHL,Marshall Islands,East Asia & Pacific,Upper middle income,0.5672960384510873,0.4722536138840991,0.5022291706934692,0.5302010852570538,0.7645002839697274,0.3492187499999999,0.1538461538461538,life_expectancy::life_expectancy_loss_2019_2022,life_expectancy_loss_2019_2022,-0.6779999999999973,-0.46692885782978016,-0.2110711421702171,0.16897647620701609,-0.6779999999999973,uncertain / data-limited systems,capacity,186,186,7,0.03626943005181349,7,0.03626943005181349,SP.DYN.LE00.IN,https://api.worldbank.org/v2/country/all/indicator/SP.DYN.LE00.IN?format=json&date=2019:2022,True
BOL,Bolivia,Latin America & Caribbean ,Lower middle income,0.566427958565157,0.2527398762657427,0.7729294989041062,0.619314310713776,0.6207281483770031,0.0520833333333333,0.0,life_expectancy::life_expectancy_loss_2019_2022,life_expectancy_loss_2019_2022,0.3859999999999957,-0.28912254428999107,0.6751225442899867,-0.5404804625069878,0.3859999999999957,structurally vulnerable systems,capacity,186,186,7,0.03626943005181349,7,0.03626943005181349,SP.DYN.LE00.IN,https://api.worldbank.org/v2/country/all/indicator/SP.DYN.LE00.IN?format=json&date=2019:2022,True
KIR,Kiribati,East Asia & Pacific,Lower middle income,0.5517726113500948,0.4386351161119455,0.5847467409745934,0.5255845965845357,0.6581239917293048,0.2354166666666667,0.0769230769230769,life_expectancy::life_expectancy_loss_2019_2022,life_expectancy_loss_2019_2022,-0.4030000000000058,-0.7587359695684082,0.35573596956840237,-0.2847902843548304,-0.4030000000000058,uncertain / data-limited systems,capacity,186,186,7,0.03626943005181349,7,0.03626943005181349,SP.DYN.LE00.IN,https://api.worldbank.org/v2/country/all/indicator/SP.DYN.LE00.IN?format=json&date=2019:2022,True
STP,Sao Tome and Principe,Sub-Saharan Africa ,Lower middle income,0.5432597176279896,0.2281945139463848,0.8569850950422522,0.5472049288752009,0.5406543326481204,0.046875,0.0384615384615384,life_expectancy::life_expectancy_loss_2019_2022,life_expectancy_loss_2019_2022,-1.1939999999999884,-0.8855523676943033,-0.30844763230568506,0.24693282779215667,-1.1939999999999884,adaptive over-performers,capacity,186,186,7,0.03626943005181349,7,0.03626943005181349,SP.DYN.LE00.IN,https://api.worldbank.org/v2/country/all/indicator/SP.DYN.LE00.IN?format=json&date=2019:2022,True
GTM,Guatemala,Latin America & Caribbean ,Upper middle income,0.5425743618946528,0.1381242055350285,0.8197473484421942,0.6661923964367509,0.5462334971646373,0.0625,0.0,life_expectancy::life_expectancy_loss_2019_2022,life_expectancy_loss_2019_2022,0.4329999999999927,-0.12320689373584602,0.5562068937358388,-0.445280581604746,0.4329999999999927,structurally vulnerable systems,capacity,186,186,7,0.03626943005181349,7,0.03626943005181349,SP.DYN.LE00.IN,https://api.worldbank.org/v2/country/all/indicator/SP.DYN.LE00.IN?format=json&date=2019:2022,True
VUT,Vanuatu,East Asia & Pacific,Lower middle income,0.5401828820320265,0.1091645110423711,0.7539178804659304,0.6888072958568461,0.6088418407629584,0.1979166666666666,0.0384615384615384,life_expectancy::life_expectancy_loss_2019_2022,life_expectancy_loss_2019_2022,-0.5190000000000055,-0.33691887224642875,-0.1820811277535767,0.14576804311214983,-0.5190000000000055,adaptive over-performers,capacity,186,186,7,0.03626943005181349,7,0.03626943005181349,SP.DYN.LE00.IN,https://api.worldbank.org/v2/country/all/indicator/SP.DYN.LE00.IN?format=json&date=2019:2022,True
SLB,Solomon Islands,East Asia & Pacific,Lower middle income,0.5398396985066892,0.1643797317525542,0.7713716073919891,0.6719613155185465,0.551646139363667,0.1208333333333334,0.0384615384615384,life_expectancy::life_expectancy_loss_2019_2022,life_expectancy_loss_2019_2022,-0.4280000000000115,-0.38577911780147855,-0.04222088219853293,0.03380062202205823,-0.4280000000000115,adaptive over-performers,capacity,186,186,7,0.03626943005181349,7,0.03626943005181349,SP.DYN.LE00.IN,https://api.worldbank.org/v2/country/all/indicator/SP.DYN.LE00.IN?format=json&date=2019:2022,True
IRQ,Iraq,"Middle East, North Africa, Afghanistan & Pakistan",Upper middle income,0.5395766173515494,0.1230682021831125,0.7447388813460643,0.5954737713571951,0.6950256145198255,0.078125,0.0,life_expectancy::life_expectancy_loss_2019_2022,life_expectancy_loss_2019_2022,-0.7920000000000016,-0.2027969015670369,-0.5892030984329647,0.4716962362536858,-0.7920000000000016,adaptive over-performers,capacity,186,186,7,0.03626943005181349,7,0.03626943005181349,SP.DYN.LE00.IN,https://api.worldbank.org/v2/country/all/indicator/SP.DYN.LE00.IN?format=json&date=2019:2022,True
FSM,"Micronesia, Fed. Sts.",East Asia & Pacific,Lower middle income,0.5300177062349254,0.3052058387651767,0.5598279910743895,0.5624547285242376,0.6925822665758978,0.1822916666666666,0.1153846153846153,life_expectancy::life_expectancy_loss_2019_2022,life_expectancy_loss_2019_2022,-0.7650000000000006,-0.6629011253039054,-0.10209887469609513,0.08173693425572506,-0.7650000000000006,adaptive over-performers,capacity,186,186,7,0.03626943005181349,7,0.03626943005181349,SP.DYN.LE00.IN,https://api.worldbank.org/v2/country/all/indicator/SP.DYN.LE00.IN?format=json&date=2019:2022,True
BWA,Botswana,Sub-Saharan Africa ,Upper middle income,0.5208874245115966,0.2831414738377958,0.5146708482962801,0.538222136240808,0.7475152396715028,0.1002604166666666,0.0384615384615384,life_expectancy::life_expectancy_loss_2019_2022,life_expectancy_loss_2019_2022,-1.5819999999999936,-0.20606878115219063,-1.375931218847803,1.1015243792854836,-1.5819999999999936,adaptive over-performers,capacity,186,186,7,0.03626943005181349,7,0.03626943005181349,SP.DYN.LE00.IN,https://api.worldbank.org/v2/country/all/indicator/SP.DYN.LE00.IN?format=json&date=2019:2022,True
IDN,Indonesia,East Asia & Pacific,Upper middle income,0.5044533640762929,0.0796636381467361,0.6623559046159495,0.6187233532347418,0.6570705603077445,0.078125,0.0,life_expectancy::life_expectancy_loss_2019_2022,life_expectancy_loss_2019_2022,-0.5759999999999934,-0.11489982670646386,-0.46110017329352954,0.36914133149831974,-0.5759999999999934,adaptive over-performers,capacity,186,186,7,0.03626943005181349,7,0.03626943005181349,SP.DYN.LE00.IN,https://api.worldbank.org/v2/country/all/indicator/SP.DYN.LE00.IN?format=json&date=2019:2022,True
SYR,Syrian Arab Republic,"Middle East, North Africa, Afghanistan & Pakistan",Low income,0.5021758668129401,0.1437721937857306,0.5865949872379461,0.537497402384935,0.7408388838431488,0.0625,0.0,life_expectancy::life_expectancy_loss_2019_2022,life_expectancy_loss_2019_2022,-1.8200000000000074,0.02729806246660578,-1.847298062466613,1.4788848626588902,-1.8200000000000074,adaptive over-performers,capacity,186,186,7,0.03626943005181349,7,0.03626943005181349,SP.DYN.LE00.IN,https://api.worldbank.org/v2/country/all/indicator/SP.DYN.LE00.IN?format=json&date=2019:2022,True
IND,India,South Asia,Lower middle income,0.4769684618841638,0.0957956293385185,0.7598478206784196,0.4991762873010434,0.5530541102186738,0.0419270833333333,0.0384615384615384,life_expectancy::life_expectancy_loss_2019_2022,life_expectancy_loss_2019_2022,-0.9519999999999982,-0.919334356027044,-0.03266564397295413,0.026151018821565796,-0.9519999999999982,adaptive over-performers,capacity,186,186,7,0.03626943005181349,7,0.03626943005181349,SP.DYN.LE00.IN,https://api.worldbank.org/v2/country/all/indicator/SP.DYN.LE00.IN?format=json&date=2019:2022,True
PHL,Philippines,East Asia & Pacific,Lower middle income,0.4762555295733501,0.1486166930851677,0.5385221702317291,0.575070341487582,0.6428129134889219,0.0625,0.0,life_expectancy::life_expectancy_loss_2019_2022,life_expectancy_loss_2019_2022,0.20800000000001262,-0.6516821655821606,0.8596821655821733,-0.688232704407044,0.20800000000001262,structurally vulnerable systems,capacity,186,186,7,0.03626943005181349,7,0.03626943005181349,SP.DYN.LE00.IN,https://api.worldbank.org/v2/country/all/indicator/SP.DYN.LE00.IN?format=json&date=2019:2022,True
RWA,Rwanda,Sub-Saharan Africa ,Low income,0.4737129322126504,0.0993679443748664,0.8041887962443444,0.5257346829238777,0.465560305307513,0.1197916666666666,0.0,life_expectancy::life_expectancy_loss_2019_2022,life_expectancy_loss_2019_2022,-0.8370000000000033,-0.34624269765010485,-0.49075730234989845,0.39288383419591993,-0.8370000000000033,adaptive over-performers,capacity,186,186,7,0.03626943005181349,7,0.03626943005181349,SP.DYN.LE00.IN,https://api.worldbank.org/v2/country/all/indicator/SP.DYN.LE00.IN?format=json&date=2019:2022,True
TLS,Timor-Leste,East Asia & Pacific,Lower middle income,0.4709222041686162,0.191850044061503,0.524835899074898,0.6180879989865786,0.5489148745514851,0.0729166666666666,0.0,life_expectancy::life_expectancy_loss_2019_2022,life_expectancy_loss_2019_2022,-0.8719999999999999,-0.44846191595377266,-0.4235380840462272,0.3390703828374933,-0.8719999999999999,adaptive over-performers,capacity,186,186,7,0.03626943005181349,7,0.03626943005181349,SP.DYN.LE00.IN,https://api.worldbank.org/v2/country/all/indicator/SP.DYN.LE00.IN?format=json&date=2019:2022,True
KHM,Cambodia,East Asia & Pacific,Lower middle income,0.4667317995496761,0.0715686876585644,0.6658634126967647,0.6623869270601,0.4671081707832752,0.0627604166666667,0.0,life_expectancy::life_expectancy_loss_2019_2022,life_expectancy_loss_2019_2022,-0.40100000000001046,-0.3901464538573182,-0.010853546142692239,0.008688984968221604,-0.40100000000001046,adaptive over-performers,capacity,186,186,7,0.03626943005181349,7,0.03626943005181349,SP.DYN.LE00.IN,https://api.worldbank.org/v2/country/all/indicator/SP.DYN.LE00.IN?format=json&date=2019:2022,True
BGD,Bangladesh,South Asia,Lower middle income,0.465299501876273,0.0277365541864058,0.8647335436985515,0.5390275147402761,0.4297003948798584,0.11484375,0.0,life_expectancy::life_expectancy_loss_2019_2022,life_expectancy_loss_2019_2022,-1.6400000000000006,-0.9551591023735476,-0.684840897626453,0.5482606501936894,-1.6400000000000006,adaptive over-performers,capacity,186,186,7,0.03626943005181349,7,0.03626943005181349,SP.DYN.LE00.IN,https://api.worldbank.org/v2/country/all/indicator/SP.DYN.LE00.IN?format=json&date=2019:2022,True
LAO,Lao PDR,East Asia & Pacific,Lower middle income,0.4611983638971529,0.0563489181052585,0.6191769003881133,0.6275395245169573,0.5417281125782825,0.0885416666666666,0.0,life_expectancy::life_expectancy_loss_2019_2022,life_expectancy_loss_2019_2022,-0.804000000000002,-0.3692737106259391,-0.43472628937406294,0.3480272847234632,-0.804000000000002,adaptive over-performers,capacity,186,186,7,0.03626943005181349,7,0.03626943005181349,SP.DYN.LE00.IN,https://api.worldbank.org/v2/country/all/indicator/SP.DYN.LE00.IN?format=json&date=2019:2022,True
NPL,Nepal,South Asia,Lower middle income,0.458358176994579,0.1190327163734313,0.7429265240918324,0.500478663921392,0.4709948035916604,0.08359375,0.0,life_expectancy::life_expectancy_loss_2019_2022,life_expectancy_loss_2019_2022,-0.7879999999999967,-0.8626099764336824,0.07460997643368572,-0.05973024440018249,-0.7879999999999967,structurally vulnerable systems,capacity,186,186,7,0.03626943005181349,7,0.03626943005181349,SP.DYN.LE00.IN,https://api.worldbank.org/v2/country/all/indicator/SP.DYN.LE00.IN?format=json&date=2019:2022,True
ZAF,South Africa,Sub-Saharan Africa ,Upper middle income,0.4558240917095925,0.3119245659700085,0.3124315443592552,0.4791970942098676,0.7197431622992388,0.2294270833333333,0.0384615384615384,life_expectancy::life_expectancy_loss_2019_2022,life_expectancy_loss_2019_2022,0.6170000000000044,-0.38896138748136966,1.0059613874813742,-0.8053389426387851,0.6170000000000044,uncertain / data-limited systems,capacity,186,186,7,0.03626943005181349,7,0.03626943005181349,SP.DYN.LE00.IN,https://api.worldbank.org/v2/country/all/indicator/SP.DYN.LE00.IN?format=json&date=2019:2022,True
BDI,Burundi,Sub-Saharan Africa ,Low income,0.4518265491961435,0.1805834456155578,0.8008280063142355,0.446328627443242,0.3795661174115387,0.08359375,0.0384615384615384,life_expectancy::life_expectancy_loss_2019_2022,life_expectancy_loss_2019_2022,-0.7019999999999982,-0.510452729549562,-0.19154727045043618,0.15334631942098859,-0.7019999999999982,adaptive over-performers,capacity,186,186,7,0.03626943005181349,7,0.03626943005181349,SP.DYN.LE00.IN,https://api.worldbank.org/v2/country/all/indicator/SP.DYN.LE00.IN?format=json&date=2019:2022,True
GHA,Ghana,Sub-Saharan Africa ,Lower middle income,0.4426805862707159,0.073435482198883,0.7695431024679774,0.4472207892448177,0.4805229711711855,0.0520833333333333,0.0,life_expectancy::life_expectancy_loss_2019_2022,life_expectancy_loss_2019_2022,-0.7909999999999968,-0.9482406109413778,0.15724061094138098,-0.12588155860778802,-0.7909999999999968,structurally vulnerable systems,capacity,186,186,7,0.03626943005181349,7,0.03626943005181349,SP.DYN.LE00.IN,https://api.worldbank.org/v2/country/all/indicator/SP.DYN.LE00.IN?format=json&date=2019:2022,True
NAM,Namibia,Sub-Saharan Africa ,Lower middle income,0.4386367228883814,0.3412299256898816,0.3221436883899233,0.4837600851556433,0.6074131923180774,0.2,0.0384615384615384,life_expectancy::life_expectancy_loss_2019_2022,life_expectancy_loss_2019_2022,-0.6439999999999984,-0.5770429685535757,-0.06695703144642262,0.05360355335536402,-0.6439999999999984,adaptive over-performers,preparedness,186,186,7,0.03626943005181349,7,0.03626943005181349,SP.DYN.LE00.IN,https://api.worldbank.org/v2/country/all/indicator/SP.DYN.LE00.IN?format=json&date=2019:2022,True
SEN,Senegal,Sub-Saharan Africa ,Lower middle income,0.4379660663743003,0.0493759678162195,0.7881863096898036,0.5250920714456888,0.3892099165454893,0.1200520833333333,0.0,life_expectancy::life_expectancy_loss_2019_2022,life_expectancy_loss_2019_2022,-0.11999999999999034,-0.7976821012446821,0.6776821012446917,-0.5425295579466118,-0.11999999999999034,structurally vulnerable systems,capacity,186,186,7,0.03626943005181349,7,0.03626943005181349,SP.DYN.LE00.IN,https://api.worldbank.org/v2/country/all/indicator/SP.DYN.LE00.IN?format=json&date=2019:2022,True
MMR,Myanmar,East Asia & Pacific,Lower middle income,0.4366122918198714,0.0938008368757022,0.6423661279444203,0.5645265572023461,0.4457556452570169,0.0364583333333333,0.0,life_expectancy::life_expectancy_loss_2019_2022,life_expectancy_loss_2019_2022,-0.049000000000006594,-0.4805418358456595,0.4315418358456529,-0.34547791804859224,-0.049000000000006594,structurally vulnerable systems,capacity,186,186,7,0.03626943005181349,7,0.03626943005181349,SP.DYN.LE00.IN,https://api.worldbank.org/v2/country/all/indicator/SP.DYN.LE00.IN?format=json&date=2019:2022,True
COM,Comoros,Sub-Saharan Africa ,Lower middle income,0.4359416716365727,0.1223795055113391,0.7148520425419502,0.5661156039532775,0.3404195345397242,0.05234375,0.0384615384615384,life_expectancy::life_expectancy_loss_2019_2022,life_expectancy_loss_2019_2022,-0.8189999999999884,-0.8388935456353156,0.019893545635327192,-0.01592610532239487,-0.8189999999999884,structurally vulnerable systems,capacity,186,186,7,0.03626943005181349,7,0.03626943005181349,SP.DYN.LE00.IN,https://api.worldbank.org/v2/country/all/indicator/SP.DYN.LE00.IN?format=json&date=2019:2022,True
SDN,Sudan,Sub-Saharan Africa ,Low income,0.4271546428965881,0.0853304772640644,0.8625426301644593,0.5290659005837872,0.2316795635740416,0.0528645833333333,0.0,life_expectancy::life_expectancy_loss_2019_2022,life_expectancy_loss_2019_2022,0.10800000000000409,-0.060821688142641564,0.16882168814264564,-0.13515298053704902,0.10800000000000409,structurally vulnerable systems,capacity,186,186,7,0.03626943005181349,7,0.03626943005181349,SP.DYN.LE00.IN,https://api.worldbank.org/v2/country/all/indicator/SP.DYN.LE00.IN?format=json&date=2019:2022,True
BFA,Burkina Faso,Sub-Saharan Africa ,Low income,0.4186920532561736,0.1459362569200346,0.8198837043593339,0.4098672330634541,0.2990810186818718,0.06796875,0.0384615384615384,life_expectancy::life_expectancy_loss_2019_2022,life_expectancy_loss_2019_2022,-0.5160000000000053,-0.362954347703864,-0.15304565229614137,0.12252321543297776,-0.5160000000000053,adaptive over-performers,capacity,186,186,7,0.03626943005181349,7,0.03626943005181349,SP.DYN.LE00.IN,https://api.worldbank.org/v2/country/all/indicator/SP.DYN.LE00.IN?format=json&date=2019:2022,True
GMB,"Gambia, The",Sub-Saharan Africa ,Low income,0.4185903875581021,0.0405466889217601,0.7521294546253522,0.4173143163055236,0.4643710903797722,0.1145833333333333,0.0,life_expectancy::life_expectancy_loss_2019_2022,life_expectancy_loss_2019_2022,-0.43199999999998795,-0.4352998912040376,0.0032998912040496653,-0.002641782205722696,-0.43199999999998795,structurally vulnerable systems,capacity,186,186,7,0.03626943005181349,7,0.03626943005181349,SP.DYN.LE00.IN,https://api.worldbank.org/v2/country/all/indicator/SP.DYN.LE00.IN?format=json&date=2019:2022,True
SWZ,Eswatini,Sub-Saharan Africa ,Lower middle income,0.4185351454171091,0.2718263000810537,0.3701339448703906,0.445789384118412,0.5863909525985802,0.1981770833333333,0.0384615384615384,life_expectancy::life_expectancy_loss_2019_2022,life_expectancy_loss_2019_2022,-3.1779999999999973,-0.8579424067219535,-2.320057593278044,1.857360284682119,-3.1779999999999973,adaptive over-performers,capacity,186,186,7,0.03626943005181349,7,0.03626943005181349,SP.DYN.LE00.IN,https://api.worldbank.org/v2/country/all/indicator/SP.DYN.LE00.IN?format=json&date=2019:2022,True
LSO,Lesotho,Sub-Saharan Africa ,Lower middle income,0.417122487057894,0.3964792657223703,0.3801455823293173,0.3960084758203452,0.4958566243595431,0.2658854166666666,0.0384615384615384,life_expectancy::life_expectancy_loss_2019_2022,life_expectancy_loss_2019_2022,-1.5629999999999953,-0.9792785450792757,-0.5837214549207196,0.46730781633517676,-1.5629999999999953,uncertain / data-limited systems,preparedness,186,186,7,0.03626943005181349,7,0.03626943005181349,SP.DYN.LE00.IN,https://api.worldbank.org/v2/country/all/indicator/SP.DYN.LE00.IN?format=json&date=2019:2022,True
MRT,Mauritania,Sub-Saharan Africa ,Lower middle income,0.4126527430767665,0.0912867877777127,0.6511366777499508,0.5497902905279219,0.3583972162514807,0.07890625,0.0384615384615384,life_expectancy::life_expectancy_loss_2019_2022,life_expectancy_loss_2019_2022,-0.6410000000000053,-0.5062523626234567,-0.1347476373765486,0.10787443848078446,-0.6410000000000053,adaptive over-performers,capacity,186,186,7,0.03626943005181349,7,0.03626943005181349,SP.DYN.LE00.IN,https://api.worldbank.org/v2/country/all/indicator/SP.DYN.LE00.IN?format=json&date=2019:2022,True
MWI,Malawi,Sub-Saharan Africa ,Low income,0.4066911657211329,0.164402859561993,0.5248615690522201,0.5189145406682777,0.4185856936020408,0.1041666666666666,0.0384615384615384,life_expectancy::life_expectancy_loss_2019_2022,life_expectancy_loss_2019_2022,-1.0420000000000016,-0.2636952854551092,-0.7783047145448925,0.6230846468488043,-1.0420000000000016,adaptive over-performers,capacity,186,186,7,0.03626943005181349,7,0.03626943005181349,SP.DYN.LE00.IN,https://api.worldbank.org/v2/country/all/indicator/SP.DYN.LE00.IN?format=json&date=2019:2022,True
PAK,Pakistan,"Middle East, North Africa, Afghanistan & Pakistan",Lower middle income,0.4032708914623641,0.0413512665518383,0.5904980173483632,0.4609595267232465,0.5202747552260086,0.0833333333333333,0.0,life_expectancy::life_expectancy_loss_2019_2022,life_expectancy_loss_2019_2022,-0.6880000000000024,-0.7748464458020111,0.08684644580200873,-0.06952635131377871,-0.6880000000000024,structurally vulnerable systems,capacity,186,186,7,0.03626943005181349,7,0.03626943005181349,SP.DYN.LE00.IN,https://api.worldbank.org/v2/country/all/indicator/SP.DYN.LE00.IN?format=json&date=2019:2022,True
DJI,Djibouti,"Middle East, North Africa, Afghanistan & Pakistan",Lower middle income,0.4031631981103328,0.1428921391522375,0.4447442175117582,0.4635678385906203,0.5614485971867154,0.1164062499999999,0.0769230769230769,life_expectancy::life_expectancy_loss_2019_2022,life_expectancy_loss_2019_2022,-1.159000000000006,-0.608747062558051,-0.550252937441955,0.44051404391661564,-1.159000000000006,adaptive over-performers,capacity,186,186,7,0.03626943005181349,7,0.03626943005181349,SP.DYN.LE00.IN,https://api.worldbank.org/v2/country/all/indicator/SP.DYN.LE00.IN?format=json&date=2019:2022,True
ZMB,Zambia,Sub-Saharan Africa ,Lower middle income,0.398733403641898,0.148354756843235,0.4799273839424842,0.5115420343716984,0.4551094394101747,0.0677083333333333,0.0384615384615384,life_expectancy::life_expectancy_loss_2019_2022,life_expectancy_loss_2019_2022,-2.364999999999995,-0.7561001089088127,-1.6088998910911823,1.2880312835337528,-2.364999999999995,adaptive over-performers,capacity,186,186,7,0.03626943005181349,7,0.03626943005181349,SP.DYN.LE00.IN,https://api.worldbank.org/v2/country/all/indicator/SP.DYN.LE00.IN?format=json&date=2019:2022,True
KEN,Kenya,Sub-Saharan Africa ,Lower middle income,0.3890903623993153,0.0972183112902353,0.5114875945465769,0.5283100932087896,0.4193454505516595,0.0635416666666666,0.0,life_expectancy::life_expectancy_loss_2019_2022,life_expectancy_loss_2019_2022,-0.6099999999999994,-0.7876858299948902,0.1776858299948908,-0.14224931516333159,-0.6099999999999994,structurally vulnerable systems,capacity,186,186,7,0.03626943005181349,7,0.03626943005181349,SP.DYN.LE00.IN,https://api.worldbank.org/v2/country/all/indicator/SP.DYN.LE00.IN?format=json&date=2019:2022,True
ZWE,Zimbabwe,Sub-Saharan Africa ,Lower middle income,0.38806923138714,0.1516628575007665,0.5097254431143966,0.4358296936483875,0.4550589312850092,0.0783854166666667,0.0384615384615384,life_expectancy::life_expectancy_loss_2019_2022,life_expectancy_loss_2019_2022,-1.2999999999999972,-0.8415465391244453,-0.45845346087555183,0.3670224623183607,-1.2999999999999972,adaptive over-performers,capacity,186,186,7,0.03626943005181349,7,0.03626943005181349,SP.DYN.LE00.IN,https://api.worldbank.org/v2/country/all/indicator/SP.DYN.LE00.IN?format=json&date=2019:2022,True
TZA,Tanzania,Sub-Saharan Africa ,Lower middle income,0.3792385926527514,0.0474646694482312,0.5417886370447174,0.5876322975302823,0.3400687665877747,0.0734374999999999,0.0,life_expectancy::life_expectancy_loss_2019_2022,life_expectancy_loss_2019_2022,-0.8719999999999999,-0.6672622389979751,-0.2047377610020248,0.16390618369202148,-0.8719999999999999,adaptive over-performers,capacity,186,186,7,0.03626943005181349,7,0.03626943005181349,SP.DYN.LE00.IN,https://api.worldbank.org/v2/country/all/indicator/SP.DYN.LE00.IN?format=json&date=2019:2022,True
NER,Niger,Sub-Saharan Africa ,Low income,0.3718314017389253,0.0699257888213592,0.7265049772254087,0.471340186773199,0.2195546541357343,0.0627604166666667,0.0,life_expectancy::life_expectancy_loss_2019_2022,life_expectancy_loss_2019_2022,-0.36700000000000443,-0.14239720088640967,-0.22460279911359476,0.17980946684715862,-0.36700000000000443,adaptive over-performers,capacity,186,186,7,0.03626943005181349,7,0.03626943005181349,SP.DYN.LE00.IN,https://api.worldbank.org/v2/country/all/indicator/SP.DYN.LE00.IN?format=json&date=2019:2022,True
GAB,Gabon,Sub-Saharan Africa ,Upper middle income,0.3651068735683225,0.138052807569856,0.2113504030946073,0.5261745164673685,0.5848497671414582,0.11484375,0.0384615384615384,life_expectancy::life_expectancy_loss_2019_2022,life_expectancy_loss_2019_2022,-0.37599999999999056,-0.16694167066065468,-0.20905832933933588,0.1673650857728264,-0.37599999999999056,adaptive over-performers,capacity,186,186,7,0.03626943005181349,7,0.03626943005181349,SP.DYN.LE00.IN,https://api.worldbank.org/v2/country/all/indicator/SP.DYN.LE00.IN?format=json&date=2019:2022,True
MDG,Madagascar,Sub-Saharan Africa ,Low income,0.3592437746890344,0.1153231844898054,0.4538996775579914,0.5671666338727684,0.3005856028355726,0.05234375,0.0384615384615384,life_expectancy::life_expectancy_loss_2019_2022,life_expectancy_loss_2019_2022,0.43599999999999994,-0.04401615861935372,0.48001615861935365,-0.38428483482841364,0.43599999999999994,structurally vulnerable systems,capacity,186,186,7,0.03626943005181349,7,0.03626943005181349,SP.DYN.LE00.IN,https://api.worldbank.org/v2/country/all/indicator/SP.DYN.LE00.IN?format=json&date=2019:2022,True
MLI,Mali,Sub-Saharan Africa ,Low income,0.3538967819781152,0.0332697724922051,0.5993694215763046,0.4130624802531362,0.3698854535908151,0.0677083333333333,0.0,life_expectancy::life_expectancy_loss_2019_2022,life_expectancy_loss_2019_2022,-0.8179999999999978,-0.1928621016614554,-0.6251378983385425,0.500464431653661,-0.8179999999999978,adaptive over-performers,capacity,186,186,7,0.03626943005181349,7,0.03626943005181349,SP.DYN.LE00.IN,https://api.worldbank.org/v2/country/all/indicator/SP.DYN.LE00.IN?format=json&date=2019:2022,True
UGA,Uganda,Sub-Saharan Africa ,Low income,0.3483614467043022,0.1061035619419715,0.5064313529574772,0.5197927914983296,0.2611180804194307,0.0627604166666667,0.0384615384615384,life_expectancy::life_expectancy_loss_2019_2022,life_expectancy_loss_2019_2022,-1.320999999999998,-0.24131785169599268,-1.0796821483040053,0.8643573108487914,-1.320999999999998,adaptive over-performers,capacity,186,186,7,0.03626943005181349,7,0.03626943005181349,SP.DYN.LE00.IN,https://api.worldbank.org/v2/country/all/indicator/SP.DYN.LE00.IN?format=json&date=2019:2022,True
LBR,Liberia,Sub-Saharan Africa ,Low income,0.3361796610294643,0.1877567007405658,0.4721357417605541,0.4099281004611766,0.2748981011555607,0.0783854166666667,0.0,life_expectancy::life_expectancy_loss_2019_2022,life_expectancy_loss_2019_2022,-0.7019999999999982,-0.2766081906593456,-0.42539180934065257,0.34055441312646195,-0.7019999999999982,adaptive over-performers,capacity,186,186,7,0.03626943005181349,7,0.03626943005181349,SP.DYN.LE00.IN,https://api.worldbank.org/v2/country/all/indicator/SP.DYN.LE00.IN?format=json&date=2019:2022,True
SLE,Sierra Leone,Sub-Saharan Africa ,Low income,0.3338856777659499,0.1633917159005928,0.5541396929007991,0.4001231932387364,0.2178881090236713,0.0520833333333333,0.0384615384615384,life_expectancy::life_expectancy_loss_2019_2022,life_expectancy_loss_2019_2022,-1.681999999999995,-0.3282470090587905,-1.3537529909412045,1.083769233974568,-1.681999999999995,adaptive over-performers,capacity,186,186,7,0.03626943005181349,7,0.03626943005181349,SP.DYN.LE00.IN,https://api.worldbank.org/v2/country/all/indicator/SP.DYN.LE00.IN?format=json&date=2019:2022,True
CIV,Cote d'Ivoire,Sub-Saharan Africa ,Lower middle income,0.3329791863052103,0.0741535282821927,0.53792970700994,0.3596764405761871,0.360157069352521,0.0572916666666666,0.0384615384615384,life_expectancy::life_expectancy_loss_2019_2022,life_expectancy_loss_2019_2022,-1.2879999999999967,-1.015139135738654,-0.2728608642613426,0.21844325502583306,-1.2879999999999967,adaptive over-performers,capacity,186,186,7,0.03626943005181349,7,0.03626943005181349,SP.DYN.LE00.IN,https://api.worldbank.org/v2/country/all/indicator/SP.DYN.LE00.IN?format=json&date=2019:2022,True
AFG,Afghanistan,"Middle East, North Africa, Afghanistan & Pakistan",Low income,0.332396513672854,0.1807662521463091,0.4637854931996459,0.4285911568318846,0.2564431525135764,0.11484375,0.0,life_expectancy::life_expectancy_loss_2019_2022,life_expectancy_loss_2019_2022,-2.676000000000002,-0.07239586876607047,-2.6036041312339315,2.0843581316253355,-2.676000000000002,adaptive over-performers,capacity,186,186,7,0.03626943005181349,7,0.03626943005181349,SP.DYN.LE00.IN,https://api.worldbank.org/v2/country/all/indicator/SP.DYN.LE00.IN?format=json&date=2019:2022,True
COG,"Congo, Rep.",Sub-Saharan Africa ,Lower middle income,0.3320672498962238,0.0686799822695373,0.3698733797352416,0.5035692837773829,0.3861463538027336,0.078125,0.0384615384615384,life_expectancy::life_expectancy_loss_2019_2022,life_expectancy_loss_2019_2022,-1.847999999999999,-0.6384636169813331,-1.2095363830186658,0.9683142553037888,-1.847999999999999,adaptive over-performers,capacity,186,186,7,0.03626943005181349,7,0.03626943005181349,SP.DYN.LE00.IN,https://api.worldbank.org/v2/country/all/indicator/SP.DYN.LE00.IN?format=json&date=2019:2022,True
MOZ,Mozambique,Sub-Saharan Africa ,Low income,0.3257438703745057,0.1282612890222688,0.3748780585097737,0.4572386837406941,0.342597450225286,0.09375,0.0,life_expectancy::life_expectancy_loss_2019_2022,life_expectancy_loss_2019_2022,-1.7050000000000054,-0.18534435004608452,-1.5196556499539209,1.2165853377067182,-1.7050000000000054,adaptive over-performers,capacity,186,186,7,0.03626943005181349,7,0.03626943005181349,SP.DYN.LE00.IN,https://api.worldbank.org/v2/country/all/indicator/SP.DYN.LE00.IN?format=json&date=2019:2022,True
TGO,Togo,Sub-Saharan Africa ,Low income,0.3205897779711805,0.0813653588071903,0.6325742771675917,0.3859978558884651,0.1824216200214748,0.046875,0.0,life_expectancy::life_expectancy_loss_2019_2022,life_expectancy_loss_2019_2022,-1.2310000000000016,-0.3829449509919156,-0.848055049008086,0.6789244249002556,-1.2310000000000016,adaptive over-performers,capacity,186,186,7,0.03626943005181349,7,0.03626943005181349,SP.DYN.LE00.IN,https://api.worldbank.org/v2/country/all/indicator/SP.DYN.LE00.IN?format=json&date=2019:2022,True
GNB,Guinea-Bissau,Sub-Saharan Africa ,Low income,0.3155606717144947,0.1548181604943501,0.5127264590088881,0.4021180881259933,0.1925799792287475,0.0364583333333333,0.0384615384615384,life_expectancy::life_expectancy_loss_2019_2022,life_expectancy_loss_2019_2022,-1.4439999999999955,-0.29420890004938743,-1.149791099950608,0.9204841857877504,-1.4439999999999955,adaptive over-performers,capacity,186,186,7,0.03626943005181349,7,0.03626943005181349,SP.DYN.LE00.IN,https://api.worldbank.org/v2/country/all/indicator/SP.DYN.LE00.IN?format=json&date=2019:2022,True
ETH,Ethiopia,Sub-Saharan Africa ,Not classified,0.3126339450597165,0.0239316577780025,0.3825684395906421,0.6049296229032614,0.2391060599669598,0.0625,0.0,life_expectancy::life_expectancy_loss_2019_2022,life_expectancy_loss_2019_2022,-1.156000000000006,-0.2791901734938887,-0.8768098265061173,0.7019445352089196,-1.156000000000006,adaptive over-performers,capacity,186,186,7,0.03626943005181349,7,0.03626943005181349,SP.DYN.LE00.IN,https://api.worldbank.org/v2/country/all/indicator/SP.DYN.LE00.IN?format=json&date=2019:2022,True
PNG,Papua New Guinea,East Asia & Pacific,Lower middle income,0.3095099282313308,0.0206440936051811,0.1960784313725489,0.591727638610372,0.429589549337221,0.0885416666666666,0.0,life_expectancy::life_expectancy_loss_2019_2022,life_expectancy_loss_2019_2022,0.05700000000000216,-0.3616996587603583,0.41869965876036047,-0.3351969018547764,0.05700000000000216,structurally vulnerable systems,capacity,186,186,7,0.03626943005181349,7,0.03626943005181349,SP.DYN.LE00.IN,https://api.worldbank.org/v2/country/all/indicator/SP.DYN.LE00.IN?format=json&date=2019:2022,True
HTI,Haiti,Latin America & Caribbean ,Lower middle income,0.3051267654564157,0.1540041635140614,0.3465821000861043,0.4212631876254252,0.2986576106000716,0.0888020833333333,0.0,life_expectancy::life_expectancy_loss_2019_2022,life_expectancy_loss_2019_2022,0.38000000000000256,-0.8184484150148527,1.1984484150148553,-0.9594376000570517,0.38000000000000256,structurally vulnerable systems,capacity,186,186,7,0.03626943005181349,7,0.03626943005181349,SP.DYN.LE00.IN,https://api.worldbank.org/v2/country/all/indicator/SP.DYN.LE00.IN?format=json&date=2019:2022,True
BEN,Benin,Sub-Saharan Africa ,Lower middle income,0.3006775454404479,0.0116356163820883,0.5702578590175916,0.3817788427817855,0.239037863580326,0.03125,0.0,life_expectancy::life_expectancy_loss_2019_2022,life_expectancy_loss_2019_2022,-0.5870000000000033,-0.9862186927163284,0.39921869271632515,-0.3196010939135139,-0.5870000000000033,structurally vulnerable systems,capacity,186,186,7,0.03626943005181349,7,0.03626943005181349,SP.DYN.LE00.IN,https://api.worldbank.org/v2/country/all/indicator/SP.DYN.LE00.IN?format=json&date=2019:2022,True
SOM,"Somalia, Fed. Rep.",Sub-Saharan Africa ,Low income,0.2984658517600893,0.1120044287556544,0.4041786619317692,0.3950327498036119,0.2826475665493215,0.0473958333333333,0.0769230769230769,life_expectancy::life_expectancy_loss_2019_2022,life_expectancy_loss_2019_2022,3.318000000000005,-0.24672764235442063,3.5647276423544256,-2.853801374500686,3.318000000000005,structurally vulnerable systems,capacity,186,186,7,0.03626943005181349,7,0.03626943005181349,SP.DYN.LE00.IN,https://api.worldbank.org/v2/country/all/indicator/SP.DYN.LE00.IN?format=json&date=2019:2022,True
GNQ,Equatorial Guinea,Sub-Saharan Africa ,Upper middle income,0.2927705859332707,0.0820787762600091,0.366065703462512,0.4402580538222786,0.282679810188283,0.0421874999999999,0.0769230769230769,life_expectancy::life_expectancy_loss_2019_2022,life_expectancy_loss_2019_2022,-1.0579999999999998,-0.41777688114260597,-0.6402231188573939,0.512541153179267,-1.0579999999999998,adaptive over-performers,capacity,186,186,7,0.03626943005181349,7,0.03626943005181349,SP.DYN.LE00.IN,https://api.worldbank.org/v2/country/all/indicator/SP.DYN.LE00.IN?format=json&date=2019:2022,True
CMR,Cameroon,Sub-Saharan Africa ,Lower middle income,0.2865604943277909,0.0811858984779102,0.3723105828002901,0.4061616075451374,0.2865838884878259,0.0317708333333333,0.0,life_expectancy::life_expectancy_loss_2019_2022,life_expectancy_loss_2019_2022,-0.7479999999999976,-0.8702212606692002,0.12222126066920269,-0.09784624147627885,-0.7479999999999976,structurally vulnerable systems,capacity,186,186,7,0.03626943005181349,7,0.03626943005181349,SP.DYN.LE00.IN,https://api.worldbank.org/v2/country/all/indicator/SP.DYN.LE00.IN?format=json&date=2019:2022,True
AGO,Angola,Sub-Saharan Africa ,Lower middle income,0.285234672855883,0.0249203806482133,0.2070013693468884,0.4993583796185231,0.4096585618099072,0.06796875,0.0,life_expectancy::life_expectancy_loss_2019_2022,life_expectancy_loss_2019_2022,-1.1949999999999932,-0.6377050452641614,-0.5572949547358318,0.446151646743195,-1.1949999999999932,adaptive over-performers,capacity,186,186,7,0.03626943005181349,7,0.03626943005181349,SP.DYN.LE00.IN,https://api.worldbank.org/v2/country/all/indicator/SP.DYN.LE00.IN?format=json&date=2019:2022,True
COD,"Congo, Dem. Rep.",Sub-Saharan Africa ,Low income,0.2753439223999352,0.0818089216160086,0.3462236769487815,0.4447416681983175,0.2286014228366332,0.02109375,0.0384615384615384,life_expectancy::life_expectancy_loss_2019_2022,life_expectancy_loss_2019_2022,-0.7370000000000019,-0.17277142329324907,-0.5642285767067527,0.45170247191025137,-0.7370000000000019,adaptive over-performers,capacity,186,186,7,0.03626943005181349,7,0.03626943005181349,SP.DYN.LE00.IN,https://api.worldbank.org/v2/country/all/indicator/SP.DYN.LE00.IN?format=json&date=2019:2022,True
GIN,Guinea,Sub-Saharan Africa ,Lower middle income,0.2646289650491303,0.0917987251446991,0.3326963463073173,0.4070738962817934,0.2269468924627113,0.0260416666666666,0.0384615384615384,life_expectancy::life_expectancy_loss_2019_2022,life_expectancy_loss_2019_2022,-1.0530000000000044,-0.8488824961907496,-0.20411750380925475,0.16340962658952657,-1.0530000000000044,adaptive over-performers,capacity,186,186,7,0.03626943005181349,7,0.03626943005181349,SP.DYN.LE00.IN,https://api.worldbank.org/v2/country/all/indicator/SP.DYN.LE00.IN?format=json&date=2019:2022,True
NGA,Nigeria,Sub-Saharan Africa ,Lower middle income,0.2458062841838076,0.0917886867565593,0.3094133804118968,0.3074809229965886,0.274542146570186,0.0260416666666666,0.0384615384615384,life_expectancy::life_expectancy_loss_2019_2022,life_expectancy_loss_2019_2022,-1.0700000000000003,-1.0890454753693641,0.01904547536936385,-0.015247168715310679,-1.0700000000000003,structurally vulnerable systems,capacity,186,186,7,0.03626943005181349,7,0.03626943005181349,SP.DYN.LE00.IN,https://api.worldbank.org/v2/country/all/indicator/SP.DYN.LE00.IN?format=json&date=2019:2022,True
TCD,Chad,Sub-Saharan Africa ,Low income,0.2354626317582355,0.0134573715352018,0.3646409329992405,0.3833856531406419,0.180366569357858,0.015625,0.0,life_expectancy::life_expectancy_loss_2019_2022,life_expectancy_loss_2019_2022,-1.5349999999999966,-0.16703866678700446,-1.367961333212992,1.0951439561897616,-1.5349999999999966,adaptive over-performers,capacity,186,186,7,0.03626943005181349,7,0.03626943005181349,SP.DYN.LE00.IN,https://api.worldbank.org/v2/country/all/indicator/SP.DYN.LE00.IN?format=json&date=2019:2022,True
CAF,Central African Republic,Sub-Saharan Africa ,Low income,0.1936446053898495,0.1395661306570862,0.0862745098039214,0.3607286368211666,0.1880091442772238,0.0104166666666666,0.0384615384615384,life_expectancy::life_expectancy_loss_2019_2022,life_expectancy_loss_2019_2022,12.712,-0.17577855892831012,12.88777855892831,-10.317523203943356,12.712,structurally vulnerable systems,preparedness,186,186,7,0.03626943005181349,7,0.03626943005181349,SP.DYN.LE00.IN,https://api.worldbank.org/v2/country/all/indicator/SP.DYN.LE00.IN?format=json&date=2019:2022,True
NOR,Norway,Europe & Central Asia,High income,0.8610700537740054,0.8893379752351854,0.962615262387194,0.811761696495954,0.7805652809776883,0.0104166666666666,0.0384615384615384,life_expectancy::max_life_expectancy_drop_2020_2022,max_life_expectancy_drop_2020_2022,0.4487804878049104,1.8649157481311307,-1.4161352603262203,0.9863309150549854,0.4487804878049104,effective converters,equity_access,186,186,7,0.03626943005181349,7,0.03626943005181349,SP.DYN.LE00.IN,https://api.worldbank.org/v2/country/all/indicator/SP.DYN.LE00.IN?format=json&date=2019:2022,True
DEU,Germany,Europe & Central Asia,High income,0.8582878738042546,0.9836246709352092,0.938569393744255,0.7063349549289141,0.8046224756086403,0.0213541666666666,0.0384615384615384,life_expectancy::max_life_expectancy_drop_2020_2022,max_life_expectancy_drop_2020_2022,0.6846341463414944,1.2665937451378022,-0.5819595987963078,0.4053318631961518,0.6846341463414944,effective converters,vulnerability,186,186,7,0.03626943005181349,7,0.03626943005181349,SP.DYN.LE00.IN,https://api.worldbank.org/v2/country/all/indicator/SP.DYN.LE00.IN?format=json&date=2019:2022,True
SWE,Sweden,Europe & Central Asia,High income,0.8538659065665202,0.8642630286716789,0.9787664702575456,0.7824609132483888,0.7899732140884674,0.0520833333333333,0.0384615384615384,life_expectancy::max_life_expectancy_drop_2020_2022,max_life_expectancy_drop_2020_2022,0.7536585365854052,1.6978172555929216,-0.9441587190075165,0.6576016849275425,0.7536585365854052,effective converters,vulnerability,186,186,7,0.03626943005181349,7,0.03626943005181349,SP.DYN.LE00.IN,https://api.worldbank.org/v2/country/all/indicator/SP.DYN.LE00.IN?format=json&date=2019:2022,True
JPN,Japan,East Asia & Pacific,High income,0.8428422797911096,0.8801047100926818,0.959470696947852,0.7014535847653254,0.8303401273585788,0.0427083333333332,0.0769230769230769,life_expectancy::max_life_expectancy_drop_2020_2022,max_life_expectancy_drop_2020_2022,0.35999999999999943,0.6108197066594684,-0.25081970665946896,0.17469463384893613,0.35999999999999943,effective converters,vulnerability,186,186,7,0.03626943005181349,7,0.03626943005181349,SP.DYN.LE00.IN,https://api.worldbank.org/v2/country/all/indicator/SP.DYN.LE00.IN?format=json&date=2019:2022,True
FRA,France,Europe & Central Asia,High income,0.8403236132618811,0.8816586691752235,0.9149891975859356,0.7485342291560318,0.8161123571303338,0.05234375,0.0384615384615384,life_expectancy::max_life_expectancy_drop_2020_2022,max_life_expectancy_drop_2020_2022,0.6975609756098038,1.4158357160588708,-0.718274740449067,0.5002746572702459,0.6975609756098038,effective converters,vulnerability,186,186,7,0.03626943005181349,7,0.03626943005181349,SP.DYN.LE00.IN,https://api.worldbank.org/v2/country/all/indicator/SP.DYN.LE00.IN?format=json&date=2019:2022,True
AUS,Australia,East Asia & Pacific,High income,0.8368027626289708,0.8291484874562962,0.9423188888894608,0.806195960811031,0.7695477133590953,0.0627604166666666,0.0384615384615384,life_expectancy::max_life_expectancy_drop_2020_2022,max_life_expectancy_drop_2020_2022,-0.29999999999999716,1.6234279066189188,-1.923427906618916,1.339657630402273,-0.29999999999999716,effective converters,equity_access,186,186,7,0.03626943005181349,7,0.03626943005181349,SP.DYN.LE00.IN,https://api.worldbank.org/v2/country/all/indicator/SP.DYN.LE00.IN?format=json&date=2019:2022,True
DNK,Denmark,Europe & Central Asia,High income,0.8339455876296181,0.8524434355787608,0.95256787051843,0.728529526762817,0.8022415176584646,0.0833333333333333,0.0384615384615384,life_expectancy::max_life_expectancy_drop_2020_2022,max_life_expectancy_drop_2020_2022,0.14634146341460053,1.4207979354810751,-1.2744564720664746,0.8876523687444263,0.14634146341460053,effective converters,vulnerability,186,186,7,0.03626943005181349,7,0.03626943005181349,SP.DYN.LE00.IN,https://api.worldbank.org/v2/country/all/indicator/SP.DYN.LE00.IN?format=json&date=2019:2022,True
BEL,Belgium,Europe & Central Asia,High income,0.8308187258687971,0.9142151453801022,0.9679362773203304,0.6881062591222258,0.7530172216525302,0.1007812499999999,0.0384615384615384,life_expectancy::max_life_expectancy_drop_2020_2022,max_life_expectancy_drop_2020_2022,1.2999999999999972,1.2481499207498732,0.05185007925012397,-0.03611331314543181,1.2999999999999972,capacity under-realizers,vulnerability,186,186,7,0.03626943005181349,7,0.03626943005181349,SP.DYN.LE00.IN,https://api.worldbank.org/v2/country/all/indicator/SP.DYN.LE00.IN?format=json&date=2019:2022,True
AUT,Austria,Europe & Central Asia,High income,0.830528220154409,0.9136190221246516,0.8979830596659448,0.7733998042913311,0.737110994535708,0.0682291666666666,0.0769230769230769,life_expectancy::max_life_expectancy_drop_2020_2022,max_life_expectancy_drop_2020_2022,0.7048780487805004,1.4916878754065457,-0.7868098266260453,0.5480089918046034,0.7048780487805004,effective converters,equity_access,186,186,7,0.03626943005181349,7,0.03626943005181349,SP.DYN.LE00.IN,https://api.worldbank.org/v2/country/all/indicator/SP.DYN.LE00.IN?format=json&date=2019:2022,True
ISL,Iceland,Europe & Central Asia,High income,0.8197837824330648,0.7553247390699022,0.91199171686747,0.8111782215564786,0.800640452238409,0.0572916666666666,0.0384615384615384,life_expectancy::max_life_expectancy_drop_2020_2022,max_life_expectancy_drop_2020_2022,1.0439024390243077,2.1395159894503157,-1.095613550426008,0.7630891949469507,1.0439024390243077,effective converters,capacity,186,186,7,0.03626943005181349,7,0.03626943005181349,SP.DYN.LE00.IN,https://api.worldbank.org/v2/country/all/indicator/SP.DYN.LE00.IN?format=json&date=2019:2022,True
FIN,Finland,Europe & Central Asia,High income,0.8177702742189719,0.7847361384939117,0.9205143361449236,0.7855510164736608,0.7802796057633915,0.0520833333333333,0.0769230769230769,life_expectancy::max_life_expectancy_drop_2020_2022,max_life_expectancy_drop_2020_2022,0.7951219512194996,1.76020199674348,-0.9650800455239805,0.6721732810915942,0.7951219512194996,effective converters,equity_access,186,186,7,0.03626943005181349,7,0.03626943005181349,SP.DYN.LE00.IN,https://api.worldbank.org/v2/country/all/indicator/SP.DYN.LE00.IN?format=json&date=2019:2022,True
LUX,Luxembourg,Europe & Central Asia,High income,0.8161753266508913,0.6792069728068933,0.9896118582899992,0.7630458643046747,0.8328366112019977,0.0679687499999999,0.0384615384615384,life_expectancy::max_life_expectancy_drop_2020_2022,max_life_expectancy_drop_2020_2022,0.4951219512195024,1.5058335046560145,-1.010711553436512,0.7039553913289583,0.4951219512195024,effective converters,capacity,186,186,7,0.03626943005181349,7,0.03626943005181349,SP.DYN.LE00.IN,https://api.worldbank.org/v2/country/all/indicator/SP.DYN.LE00.IN?format=json&date=2019:2022,True
CZE,Czechia,Europe & Central Asia,High income,0.8097716791500749,0.7306943708589259,0.9562019417740776,0.7031982734362339,0.8489921305310624,0.03671875,0.0769230769230769,life_expectancy::max_life_expectancy_drop_2020_2022,max_life_expectancy_drop_2020_2022,2.0073170731706966,1.415858856827738,0.5914582163429587,-0.4119476013950492,2.0073170731706966,capacity under-realizers,vulnerability,186,186,7,0.03626943005181349,7,0.03626943005181349,SP.DYN.LE00.IN,https://api.worldbank.org/v2/country/all/indicator/SP.DYN.LE00.IN?format=json&date=2019:2022,True
USA,United States,North America,High income,0.8057357451635478,0.8550311559518963,0.9138985755857656,0.7324631956840566,0.721550053432473,0.1007812499999998,0.0769230769230769,life_expectancy::max_life_expectancy_drop_2020_2022,max_life_expectancy_drop_2020_2022,2.4585365853659056,1.3353498398346237,1.1231867455312818,-0.7822937833228586,2.4585365853659056,capacity under-realizers,equity_access,186,186,7,0.03626943005181349,7,0.03626943005181349,SP.DYN.LE00.IN,https://api.worldbank.org/v2/country/all/indicator/SP.DYN.LE00.IN?format=json&date=2019:2022,True
SVN,Slovenia,Europe & Central Asia,High income,0.805722499678827,0.6779266272763665,0.9339615960818666,0.773573339196457,0.8374284361606179,0.0992187499999999,0.0384615384615384,life_expectancy::max_life_expectancy_drop_2020_2022,max_life_expectancy_drop_2020_2022,0.9975609756097015,1.480225486340387,-0.4826645107306855,0.3361733457748218,0.9975609756097015,effective converters,capacity,186,186,7,0.03626943005181349,7,0.03626943005181349,SP.DYN.LE00.IN,https://api.worldbank.org/v2/country/all/indicator/SP.DYN.LE00.IN?format=json&date=2019:2022,True
NZL,New Zealand,East Asia & Pacific,High income,0.8030950622595759,0.6743030036937113,0.9187125225851258,0.793972891705199,0.8253918310542672,0.0583333333333333,0.0384615384615384,life_expectancy::max_life_expectancy_drop_2020_2022,max_life_expectancy_drop_2020_2022,0.09756097560979526,1.3783857755058158,-1.2808247998960205,0.8920878762778234,0.09756097560979526,effective converters,capacity,186,186,7,0.03626943005181349,7,0.03626943005181349,SP.DYN.LE00.IN,https://api.worldbank.org/v2/country/all/indicator/SP.DYN.LE00.IN?format=json&date=2019:2022,True
CHE,Switzerland,Europe & Central Asia,High income,0.803058382240651,0.8352090043731014,0.9483929944940565,0.7646785951566378,0.6639529349388084,0.1825520833333333,0.0384615384615384,life_expectancy::max_life_expectancy_drop_2020_2022,max_life_expectancy_drop_2020_2022,0.9048780487805033,1.4256667021037166,-0.5207886533232133,0.3627266147332633,0.9048780487805033,effective converters,equity_access,186,186,7,0.03626943005181349,7,0.03626943005181349,SP.DYN.LE00.IN,https://api.worldbank.org/v2/country/all/indicator/SP.DYN.LE00.IN?format=json&date=2019:2022,True
IRL,Ireland,Europe & Central Asia,High income,0.8006104333369206,0.694201995616675,0.9240148867420244,0.8315798802336001,0.7526449707553831,0.0523437499999999,0.0384615384615384,life_expectancy::max_life_expectancy_drop_2020_2022,max_life_expectancy_drop_2020_2022,0.4487804878048962,1.7153860493512796,-1.2666055615463834,0.8821842500030622,0.4487804878048962,effective converters,capacity,186,186,7,0.03626943005181349,7,0.03626943005181349,SP.DYN.LE00.IN,https://api.worldbank.org/v2/country/all/indicator/SP.DYN.LE00.IN?format=json&date=2019:2022,True
CAN,Canada,North America,High income,0.7994145925547239,0.751060450017869,0.8882866246726704,0.7919311320519059,0.7663801634764503,0.0520833333333333,0.0384615384615384,life_expectancy::max_life_expectancy_drop_2020_2022,max_life_expectancy_drop_2020_2022,1.0636585365853932,1.6585713443456516,-0.5949128077602583,0.41435370652442866,1.0636585365853932,effective converters,capacity,186,186,7,0.03626943005181349,7,0.03626943005181349,SP.DYN.LE00.IN,https://api.worldbank.org/v2/country/all/indicator/SP.DYN.LE00.IN?format=json&date=2019:2022,True
NLD,Netherlands,Europe & Central Asia,High income,0.7966718819180485,0.7946422085942241,0.9332033521228416,0.6649056239430973,0.7939363430120309,0.0765624999999998,0.0384615384615384,life_expectancy::max_life_expectancy_drop_2020_2022,max_life_expectancy_drop_2020_2022,0.8024390243901962,1.2388881166324972,-0.436449092242301,0.30398454482879017,0.8024390243901962,effective converters,vulnerability,186,186,7,0.03626943005181349,7,0.03626943005181349,SP.DYN.LE00.IN,https://api.worldbank.org/v2/country/all/indicator/SP.DYN.LE00.IN?format=json&date=2019:2022,True
MDV,Maldives,South Asia,Upper middle income,0.7861726319518041,0.5428082750870333,0.9702682370087844,0.7980405859266773,0.8335734297847213,0.2039062499999999,0.0,life_expectancy::max_life_expectancy_drop_2020_2022,max_life_expectancy_drop_2020_2022,1.654999999999987,1.2587167300708484,0.39628326992913854,-0.27600925646053703,1.654999999999987,uncertain / data-limited systems,capacity,186,186,7,0.03626943005181349,7,0.03626943005181349,SP.DYN.LE00.IN,https://api.worldbank.org/v2/country/all/indicator/SP.DYN.LE00.IN?format=json&date=2019:2022,True
GBR,United Kingdom,Europe & Central Asia,High income,0.7855584803681768,0.7043249696725941,0.9193555687134758,0.7163281258832328,0.8022252572034044,0.0593749999999998,0.0384615384615384,life_expectancy::max_life_expectancy_drop_2020_2022,max_life_expectancy_drop_2020_2022,1.0373658536584998,1.3527057823332882,-0.31533992867478844,0.21963263617313586,1.0373658536584998,effective converters,capacity,186,186,7,0.03626943005181349,7,0.03626943005181349,SP.DYN.LE00.IN,https://api.worldbank.org/v2/country/all/indicator/SP.DYN.LE00.IN?format=json&date=2019:2022,True
ESP,Spain,Europe & Central Asia,High income,0.7786480255688792,0.6449209188532831,0.9550424082252345,0.7745812685503448,0.7400475066466544,0.09375,0.0384615384615384,life_expectancy::max_life_expectancy_drop_2020_2022,max_life_expectancy_drop_2020_2022,1.5999999999999943,1.533986918572709,0.06601308142728524,-0.04597777121570628,1.5999999999999943,capacity under-realizers,capacity,186,186,7,0.03626943005181349,7,0.03626943005181349,SP.DYN.LE00.IN,https://api.worldbank.org/v2/country/all/indicator/SP.DYN.LE00.IN?format=json&date=2019:2022,True
SVK,Slovak Republic,Europe & Central Asia,High income,0.7754658787366955,0.5938029528903954,0.962316136506726,0.7173988313513748,0.8283455941982859,0.0942708333333333,0.0384615384615384,life_expectancy::max_life_expectancy_drop_2020_2022,max_life_expectancy_drop_2020_2022,3.051219512195104,1.5238400062848323,1.5273795059102715,-1.0638119591441233,3.051219512195104,capacity under-realizers,capacity,186,186,7,0.03626943005181349,7,0.03626943005181349,SP.DYN.LE00.IN,https://api.worldbank.org/v2/country/all/indicator/SP.DYN.LE00.IN?format=json&date=2019:2022,True
PRT,Portugal,Europe & Central Asia,High income,0.773482753376958,0.670886260568819,0.9601730266700844,0.7702644180338383,0.6926073082350904,0.0598958333333331,0.0384615384615384,life_expectancy::max_life_expectancy_drop_2020_2022,max_life_expectancy_drop_2020_2022,0.34634146341470284,1.4522475055659403,-1.1059060421512374,0.7702578624224027,0.34634146341470284,effective converters,capacity,186,186,7,0.03626943005181349,7,0.03626943005181349,SP.DYN.LE00.IN,https://api.worldbank.org/v2/country/all/indicator/SP.DYN.LE00.IN?format=json&date=2019:2022,True
HRV,Croatia,Europe & Central Asia,High income,0.7692249571651889,0.5929113746534783,0.9152107996414532,0.7116733195238027,0.8571043348420216,0.0682291666666666,0.0384615384615384,life_expectancy::max_life_expectancy_drop_2020_2022,max_life_expectancy_drop_2020_2022,1.799999999999912,1.5239082634049894,0.2760917365949225,-0.1922964725361467,1.799999999999912,capacity under-realizers,capacity,186,186,7,0.03626943005181349,7,0.03626943005181349,SP.DYN.LE00.IN,https://api.worldbank.org/v2/country/all/indicator/SP.DYN.LE00.IN?format=json&date=2019:2022,True
AND,Andorra,Europe & Central Asia,High income,0.7685882923202738,0.5645719971529731,0.9776348192598014,0.7390831156505907,0.79306323721773,0.0791666666666666,0.1538461538461538,life_expectancy::max_life_expectancy_drop_2020_2022,max_life_expectancy_drop_2020_2022,4.679999999999993,1.5631206854085349,3.1168793145914577,-2.1708903892194304,4.679999999999993,capacity under-realizers,capacity,186,186,7,0.03626943005181349,7,0.03626943005181349,SP.DYN.LE00.IN,https://api.worldbank.org/v2/country/all/indicator/SP.DYN.LE00.IN?format=json&date=2019:2022,True
ITA,Italy,Europe & Central Asia,High income,0.7638932900906541,0.6492379606677942,0.908578032959132,0.7573050759114517,0.7404520908242386,0.1109374999999999,0.0384615384615384,life_expectancy::max_life_expectancy_drop_2020_2022,max_life_expectancy_drop_2020_2022,1.3024390243902957,1.3647719950331612,-0.06233297064286547,0.043414593008658096,1.3024390243902957,capacity under-realizers,capacity,186,186,7,0.03626943005181349,7,0.03626943005181349,SP.DYN.LE00.IN,https://api.worldbank.org/v2/country/all/indicator/SP.DYN.LE00.IN?format=json&date=2019:2022,True
URY,Uruguay,Latin America & Caribbean ,High income,0.7597407882153921,0.6041402553582664,0.9193650921392078,0.6871293162808386,0.828328489083256,0.1197916666666666,0.0769230769230769,life_expectancy::max_life_expectancy_drop_2020_2022,max_life_expectancy_drop_2020_2022,2.0690000000000026,2.2197653161000748,-0.15076531610007216,0.10500726615145695,2.0690000000000026,capacity under-realizers,capacity,186,186,7,0.03626943005181349,7,0.03626943005181349,SP.DYN.LE00.IN,https://api.worldbank.org/v2/country/all/indicator/SP.DYN.LE00.IN?format=json&date=2019:2022,True
SAU,Saudi Arabia,"Middle East, North Africa, Afghanistan & Pakistan",High income,0.7555719842796018,0.4502722868091502,0.9729502025039536,0.729829034851629,0.8692364129536747,0.140625,0.0,life_expectancy::max_life_expectancy_drop_2020_2022,max_life_expectancy_drop_2020_2022,1.2240000000000038,2.151766873892414,-0.9277668738924101,0.646184849230578,1.2240000000000038,capacity under-realizers,capacity,186,186,7,0.03626943005181349,7,0.03626943005181349,SP.DYN.LE00.IN,https://api.worldbank.org/v2/country/all/indicator/SP.DYN.LE00.IN?format=json&date=2019:2022,True
BLR,Belarus,Europe & Central Asia,Upper middle income,0.751985191892442,0.6506495746089037,0.9549718293872288,0.6122043999499703,0.7901149636236653,0.0885416666666666,0.0769230769230769,life_expectancy::max_life_expectancy_drop_2020_2022,max_life_expectancy_drop_2020_2022,2.155365853658509,2.0895958535441745,0.06577000011433443,-0.04580846633321906,2.155365853658509,capacity under-realizers,vulnerability,186,186,7,0.03626943005181349,7,0.03626943005181349,SP.DYN.LE00.IN,https://api.worldbank.org/v2/country/all/indicator/SP.DYN.LE00.IN?format=json&date=2019:2022,True
QAT,Qatar,"Middle East, North Africa, Afghanistan & Pakistan",High income,0.746674096402051,0.3429346613064137,0.9774170852937168,0.7087091624784967,0.9576354765295764,0.1893229166666666,0.0,life_expectancy::max_life_expectancy_drop_2020_2022,max_life_expectancy_drop_2020_2022,2.535999999999987,1.7715767858373108,0.7644232141626763,-0.5324168315254437,2.535999999999987,capacity under-realizers,capacity,186,186,7,0.03626943005181349,7,0.03626943005181349,SP.DYN.LE00.IN,https://api.worldbank.org/v2/country/all/indicator/SP.DYN.LE00.IN?format=json&date=2019:2022,True
ISR,Israel,"Middle East, North Africa, Afghanistan & Pakistan",High income,0.7458520258711318,0.5279205804875065,0.9666844126236896,0.7264596774701316,0.7623434329031993,0.0953124999999999,0.0769230769230769,life_expectancy::max_life_expectancy_drop_2020_2022,max_life_expectancy_drop_2020_2022,0.30487804878049474,1.4201116180407696,-1.1152335692602748,0.7767544370126983,0.30487804878049474,effective converters,capacity,186,186,7,0.03626943005181349,7,0.03626943005181349,SP.DYN.LE00.IN,https://api.worldbank.org/v2/country/all/indicator/SP.DYN.LE00.IN?format=json&date=2019:2022,True
MLT,Malta,"Middle East, North Africa, Afghanistan & Pakistan",High income,0.7422932540057879,0.6949066120095724,0.9452842452889392,0.64959822247046,0.6793839362541803,0.3864583333333333,0.0384615384615384,life_expectancy::max_life_expectancy_drop_2020_2022,max_life_expectancy_drop_2020_2022,0.560975609756099,1.0891588275057211,-0.5281832177496222,0.36787689077077457,0.560975609756099,uncertain / data-limited systems,vulnerability,186,186,7,0.03626943005181349,7,0.03626943005181349,SP.DYN.LE00.IN,https://api.worldbank.org/v2/country/all/indicator/SP.DYN.LE00.IN?format=json&date=2019:2022,True
HUN,Hungary,Europe & Central Asia,High income,0.7401533362116283,0.592121438040106,0.9848619247385212,0.6280352282588941,0.7555947538089919,0.140625,0.0769230769230769,life_expectancy::max_life_expectancy_drop_2020_2022,max_life_expectancy_drop_2020_2022,2.2536585365853057,1.4948294505539017,0.758829086031404,-0.5285205500944019,2.2536585365853057,capacity under-realizers,capacity,186,186,7,0.03626943005181349,7,0.03626943005181349,SP.DYN.LE00.IN,https://api.worldbank.org/v2/country/all/indicator/SP.DYN.LE00.IN?format=json&date=2019:2022,True
ARG,Argentina,Latin America & Caribbean ,Upper middle income,0.7394775181902676,0.6546176521084986,0.8513215977301716,0.7004171361212989,0.7515536868011014,0.171875,0.0384615384615384,life_expectancy::max_life_expectancy_drop_2020_2022,max_life_expectancy_drop_2020_2022,2.899000000000001,2.756431326496223,0.1425686735037779,-0.09929834679970023,2.899000000000001,capacity under-realizers,capacity,186,186,7,0.03626943005181349,7,0.03626943005181349,SP.DYN.LE00.IN,https://api.worldbank.org/v2/country/all/indicator/SP.DYN.LE00.IN?format=json&date=2019:2022,True
ARE,United Arab Emirates,"Middle East, North Africa, Afghanistan & Pakistan",High income,0.7371535222427504,0.3453668031427175,0.9974899598393574,0.7977547814356623,0.8080025445532645,0.1830729166666666,0.0384615384615384,life_expectancy::max_life_expectancy_drop_2020_2022,max_life_expectancy_drop_2020_2022,3.5130000000000052,1.8454597205369139,1.6675402794630914,-1.1614332160297978,3.5130000000000052,capacity under-realizers,capacity,186,186,7,0.03626943005181349,7,0.03626943005181349,SP.DYN.LE00.IN,https://api.worldbank.org/v2/country/all/indicator/SP.DYN.LE00.IN?format=json&date=2019:2022,True
KWT,Kuwait,"Middle East, North Africa, Afghanistan & Pakistan",High income,0.7367604750619614,0.395799648377058,0.9581999257779844,0.7128524493659094,0.880189876726894,0.1429687499999999,0.0384615384615384,life_expectancy::max_life_expectancy_drop_2020_2022,max_life_expectancy_drop_2020_2022,3.233170731707304,1.670887681649592,1.562283050057712,-1.0881220978731574,3.233170731707304,capacity under-realizers,capacity,186,186,7,0.03626943005181349,7,0.03626943005181349,SP.DYN.LE00.IN,https://api.worldbank.org/v2/country/all/indicator/SP.DYN.LE00.IN?format=json&date=2019:2022,True
POL,Poland,Europe & Central Asia,High income,0.7355818926450353,0.5407322335707355,0.9361927703656184,0.6856895491234622,0.7797130175203245,0.0520833333333333,0.0769230769230769,life_expectancy::max_life_expectancy_drop_2020_2022,max_life_expectancy_drop_2020_2022,2.5536585365854023,1.5229033226664597,1.0307552139189426,-0.7179156976206985,2.5536585365854023,capacity under-realizers,capacity,186,186,7,0.03626943005181349,7,0.03626943005181349,SP.DYN.LE00.IN,https://api.worldbank.org/v2/country/all/indicator/SP.DYN.LE00.IN?format=json&date=2019:2022,True
GRC,Greece,Europe & Central Asia,High income,0.7354897896001756,0.5648799319924448,0.9824356150333362,0.737662296654285,0.6569813147206365,0.2244791666666666,0.0384615384615384,life_expectancy::max_life_expectancy_drop_2020_2022,max_life_expectancy_drop_2020_2022,1.5560975609756014,1.5192765450947607,0.036821015880840635,-0.025645647915466536,1.5560975609756014,uncertain / data-limited systems,capacity,186,186,7,0.03626943005181349,7,0.03626943005181349,SP.DYN.LE00.IN,https://api.worldbank.org/v2/country/all/indicator/SP.DYN.LE00.IN?format=json&date=2019:2022,True
OMN,Oman,"Middle East, North Africa, Afghanistan & Pakistan",High income,0.7351618152881761,0.2724264016816877,0.9963626333844748,0.7426942829021415,0.9291639431844008,0.3088541666666666,0.0,life_expectancy::max_life_expectancy_drop_2020_2022,max_life_expectancy_drop_2020_2022,3.977000000000004,2.129314645746429,1.8476853542535747,-1.2869033327895594,3.977000000000004,uncertain / data-limited systems,capacity,186,186,7,0.03626943005181349,7,0.03626943005181349,SP.DYN.LE00.IN,https://api.worldbank.org/v2/country/all/indicator/SP.DYN.LE00.IN?format=json&date=2019:2022,True
CRI,Costa Rica,Latin America & Caribbean ,High income,0.732177745182939,0.3614080256350851,0.9230029923788804,0.785519586875447,0.8587803758423436,0.22421875,0.0,life_expectancy::max_life_expectancy_drop_2020_2022,max_life_expectancy_drop_2020_2022,2.2460000000000093,2.0531835318846854,0.19281646811532394,-0.13429567694688146,2.2460000000000093,uncertain / data-limited systems,capacity,186,186,7,0.03626943005181349,7,0.03626943005181349,SP.DYN.LE00.IN,https://api.worldbank.org/v2/country/all/indicator/SP.DYN.LE00.IN?format=json&date=2019:2022,True
BRN,Brunei Darussalam,East Asia & Pacific,High income,0.7283637268047207,0.300471754304953,0.9412811415580636,0.7571481108901569,0.9145539004657092,0.2921875,0.0769230769230769,life_expectancy::max_life_expectancy_drop_2020_2022,max_life_expectancy_drop_2020_2022,2.132000000000005,1.3984440904620767,0.7335559095379283,-0.5109179128354343,2.132000000000005,uncertain / data-limited systems,capacity,186,186,7,0.03626943005181349,7,0.03626943005181349,SP.DYN.LE00.IN,https://api.worldbank.org/v2/country/all/indicator/SP.DYN.LE00.IN?format=json&date=2019:2022,True
EST,Estonia,Europe & Central Asia,High income,0.7282265704440525,0.5583626360146948,0.8684809203627931,0.7127758379727243,0.7732868874259978,0.0885416666666666,0.0384615384615384,life_expectancy::max_life_expectancy_drop_2020_2022,max_life_expectancy_drop_2020_2022,1.7024390243903014,1.7446536193248625,-0.042214594934561145,0.029402247946915417,1.7024390243903014,capacity under-realizers,capacity,186,186,7,0.03626943005181349,7,0.03626943005181349,SP.DYN.LE00.IN,https://api.worldbank.org/v2/country/all/indicator/SP.DYN.LE00.IN?format=json&date=2019:2022,True
KOR,"Korea, Rep.",East Asia & Pacific,High income,0.7256044338064565,0.5926042318721941,0.937626831948221,0.6950238954767094,0.6771627759287008,0.2104166666666662,0.0769230769230769,life_expectancy::max_life_expectancy_drop_2020_2022,max_life_expectancy_drop_2020_2022,0.5463414634146062,0.8770747366666146,-0.3307332732520084,0.23035402138820954,0.5463414634146062,uncertain / data-limited systems,capacity,186,186,7,0.03626943005181349,7,0.03626943005181349,SP.DYN.LE00.IN,https://api.worldbank.org/v2/country/all/indicator/SP.DYN.LE00.IN?format=json&date=2019:2022,True
LTU,Lithuania,Europe & Central Asia,High income,0.7209567647541534,0.6577686111667523,0.8925885911044664,0.6432972568930223,0.690172599852372,0.2395833333333333,0.0384615384615384,life_expectancy::max_life_expectancy_drop_2020_2022,max_life_expectancy_drop_2020_2022,2.246341463414609,1.6683669071620413,0.5779745562525678,-0.40255630158927924,2.246341463414609,uncertain / data-limited systems,vulnerability,186,186,7,0.03626943005181349,7,0.03626943005181349,SP.DYN.LE00.IN,https://api.worldbank.org/v2/country/all/indicator/SP.DYN.LE00.IN?format=json&date=2019:2022,True
ATG,Antigua and Barbuda,Latin America & Caribbean ,High income,0.7115913123640994,0.3794933092931326,0.9106087451409915,0.768588140659134,0.7876750543631399,0.2627604166666665,0.0384615384615384,life_expectancy::max_life_expectancy_drop_2020_2022,max_life_expectancy_drop_2020_2022,0.007000000000005002,1.9689052046062538,-1.9619052046062488,1.3664568702742799,0.007000000000005002,uncertain / data-limited systems,capacity,186,186,7,0.03626943005181349,7,0.03626943005181349,SP.DYN.LE00.IN,https://api.worldbank.org/v2/country/all/indicator/SP.DYN.LE00.IN?format=json&date=2019:2022,True
COL,Colombia,Latin America & Caribbean ,Upper middle income,0.7101912345859036,0.354941997831947,0.8893699607554202,0.7619853913866848,0.8344675883695621,0.2158854166666666,0.0,life_expectancy::max_life_expectancy_drop_2020_2022,max_life_expectancy_drop_2020_2022,4.095000000000013,2.6436434997595706,1.4513565002404425,-1.0108623272493003,4.095000000000013,uncertain / data-limited systems,capacity,186,186,7,0.03626943005181349,7,0.03626943005181349,SP.DYN.LE00.IN,https://api.worldbank.org/v2/country/all/indicator/SP.DYN.LE00.IN?format=json&date=2019:2022,True
KAZ,Kazakhstan,Europe & Central Asia,Upper middle income,0.7090108830379578,0.4097274500671538,0.9305901961000154,0.6673311737790726,0.8283947122055891,0.1458333333333333,0.0,life_expectancy::max_life_expectancy_drop_2020_2022,max_life_expectancy_drop_2020_2022,3.527000000000001,2.5960183732611055,0.9309816267388955,-0.648423908030667,3.527000000000001,capacity under-realizers,capacity,186,186,7,0.03626943005181349,7,0.03626943005181349,SP.DYN.LE00.IN,https://api.worldbank.org/v2/country/all/indicator/SP.DYN.LE00.IN?format=json&date=2019:2022,True
ROU,Romania,Europe & Central Asia,High income,0.7028341438153161,0.5402628949409131,0.814117375244629,0.6551166902891886,0.8018396147865335,0.0575520833333333,0.0384615384615384,life_expectancy::max_life_expectancy_drop_2020_2022,max_life_expectancy_drop_2020_2022,2.7975609756096986,1.5888802573355107,1.2086807182741879,-0.8418398950041477,2.7975609756096986,capacity under-realizers,capacity,186,186,7,0.03626943005181349,7,0.03626943005181349,SP.DYN.LE00.IN,https://api.worldbank.org/v2/country/all/indicator/SP.DYN.LE00.IN?format=json&date=2019:2022,True
SMR,San Marino,Europe & Central Asia,High income,0.7024569819118412,0.5360174970735537,0.8344615091381571,0.6157987426654815,0.8235501787701727,0.3283854166666666,0.2307692307692307,life_expectancy::max_life_expectancy_drop_2020_2022,max_life_expectancy_drop_2020_2022,2.6069999999999993,1.2929596339163831,1.3140403660836162,-0.9152223470517054,2.6069999999999993,uncertain / data-limited systems,capacity,186,186,7,0.03626943005181349,7,0.03626943005181349,SP.DYN.LE00.IN,https://api.worldbank.org/v2/country/all/indicator/SP.DYN.LE00.IN?format=json&date=2019:2022,True
PLW,Palau,East Asia & Pacific,High income,0.7024333390699563,0.5362907085599046,0.8902700987864465,0.6075520147203979,0.7756205342130765,0.15625,0.1538461538461538,life_expectancy::max_life_expectancy_drop_2020_2022,max_life_expectancy_drop_2020_2022,0.41899999999999693,1.3354307158739447,-0.9164307158739478,0.6382892735572612,0.41899999999999693,effective converters,capacity,186,186,7,0.03626943005181349,7,0.03626943005181349,SP.DYN.LE00.IN,https://api.worldbank.org/v2/country/all/indicator/SP.DYN.LE00.IN?format=json&date=2019:2022,True
SYC,Seychelles,Sub-Saharan Africa ,High income,0.7012259679387803,0.3418739572172526,0.9675630925312452,0.6947525826676225,0.8007142393390014,0.2296874999999999,0.0769230769230769,life_expectancy::max_life_expectancy_drop_2020_2022,max_life_expectancy_drop_2020_2022,0.6487804878049133,0.6928091784138612,-0.044028690608947985,0.030665756240680436,0.6487804878049133,uncertain / data-limited systems,capacity,186,186,7,0.03626943005181349,7,0.03626943005181349,SP.DYN.LE00.IN,https://api.worldbank.org/v2/country/all/indicator/SP.DYN.LE00.IN?format=json&date=2019:2022,True
RUS,Russian Federation,Europe & Central Asia,High income,0.6989983909344943,0.5920132945094181,0.9396085264625544,0.5837960444941198,0.6805756982718847,0.2453125,0.0769230769230769,life_expectancy::max_life_expectancy_drop_2020_2022,max_life_expectancy_drop_2020_2022,3.1836585365853978,2.0183383833021677,1.16532015328323,-0.8116394848152364,3.1836585365853978,uncertain / data-limited systems,vulnerability,186,186,7,0.03626943005181349,7,0.03626943005181349,SP.DYN.LE00.IN,https://api.worldbank.org/v2/country/all/indicator/SP.DYN.LE00.IN?format=json&date=2019:2022,True
CHL,Chile,Latin America & Caribbean ,High income,0.6982007888708822,0.4368623179100732,0.9197557906003184,0.7529887957924098,0.6831962511807274,0.21875,0.0384615384615384,life_expectancy::max_life_expectancy_drop_2020_2022,max_life_expectancy_drop_2020_2022,1.4479999999999933,2.2979703457033773,-0.849970345703384,0.5919999680356087,1.4479999999999933,uncertain / data-limited systems,capacity,186,186,7,0.03626943005181349,7,0.03626943005181349,SP.DYN.LE00.IN,https://api.worldbank.org/v2/country/all/indicator/SP.DYN.LE00.IN?format=json&date=2019:2022,True
TON,Tonga,East Asia & Pacific,Upper middle income,0.6953209446132155,0.2563024879570035,0.975695576146483,0.7043985774546654,0.8448871368947101,0.40625,0.0769230769230769,life_expectancy::max_life_expectancy_drop_2020_2022,max_life_expectancy_drop_2020_2022,0.16200000000000614,1.4998483930923332,-1.337848393092327,0.9318045152407427,0.16200000000000614,uncertain / data-limited systems,capacity,186,186,7,0.03626943005181349,7,0.03626943005181349,SP.DYN.LE00.IN,https://api.worldbank.org/v2/country/all/indicator/SP.DYN.LE00.IN?format=json&date=2019:2022,True
TUR,Turkiye,Europe & Central Asia,Upper middle income,0.6933497826738224,0.2751721568793997,0.9576042105957356,0.7097883253054541,0.8308344379147002,0.23984375,0.0769230769230769,life_expectancy::max_life_expectancy_drop_2020_2022,max_life_expectancy_drop_2020_2022,2.0150000000000006,2.1437778916498886,-0.12877789164988807,0.08969313826747455,2.0150000000000006,uncertain / data-limited systems,capacity,186,186,7,0.03626943005181349,7,0.03626943005181349,SP.DYN.LE00.IN,https://api.worldbank.org/v2/country/all/indicator/SP.DYN.LE00.IN?format=json&date=2019:2022,True
BRA,Brazil,Latin America & Caribbean ,Upper middle income,0.6888440212001339,0.4951594678053926,0.8271090286894579,0.7033599026092245,0.7297476856964605,0.14609375,0.0384615384615384,life_expectancy::max_life_expectancy_drop_2020_2022,max_life_expectancy_drop_2020_2022,2.771000000000001,2.7411652878402,0.029834712159800603,-0.02077972335651014,2.771000000000001,capacity under-realizers,capacity,186,186,7,0.03626943005181349,7,0.03626943005181349,SP.DYN.LE00.IN,https://api.worldbank.org/v2/country/all/indicator/SP.DYN.LE00.IN?format=json&date=2019:2022,True
SRB,Serbia,Europe & Central Asia,Upper middle income,0.6885828777950316,0.5668824894192857,0.8934190959424905,0.6337486862951238,0.6602812395232264,0.2299479166666666,0.0384615384615384,life_expectancy::max_life_expectancy_drop_2020_2022,max_life_expectancy_drop_2020_2022,3.156097560975695,1.9666934247337502,1.189404136241945,-0.8284138549021487,3.156097560975695,uncertain / data-limited systems,capacity,186,186,7,0.03626943005181349,7,0.03626943005181349,SP.DYN.LE00.IN,https://api.worldbank.org/v2/country/all/indicator/SP.DYN.LE00.IN?format=json&date=2019:2022,True
TUV,Tuvalu,East Asia & Pacific,Upper middle income,0.6882539424419049,0.5312132856025258,0.8053901808714473,0.5212048692670842,0.8952074340265621,0.3125,0.1153846153846153,life_expectancy::max_life_expectancy_drop_2020_2022,max_life_expectancy_drop_2020_2022,0.2849999999999966,1.281815578439106,-0.9968155784391095,0.6942769163140702,0.2849999999999966,uncertain / data-limited systems,vulnerability,186,186,7,0.03626943005181349,7,0.03626943005181349,SP.DYN.LE00.IN,https://api.worldbank.org/v2/country/all/indicator/SP.DYN.LE00.IN?format=json&date=2019:2022,True
MKD,North Macedonia,Europe & Central Asia,Upper middle income,0.687622500803049,0.4742074380793902,0.8439322654987391,0.6819603288603566,0.7503899707737098,0.09453125,0.0,life_expectancy::max_life_expectancy_drop_2020_2022,max_life_expectancy_drop_2020_2022,3.356097560975712,2.0738366564264954,1.2822609045492168,-0.8930881157721606,3.356097560975712,capacity under-realizers,capacity,186,186,7,0.03626943005181349,7,0.03626943005181349,SP.DYN.LE00.IN,https://api.worldbank.org/v2/country/all/indicator/SP.DYN.LE00.IN?format=json&date=2019:2022,True
CHN,China,East Asia & Pacific,Upper middle income,0.6868193062806881,0.3203666621840635,0.9563534174379298,0.6890617319767195,0.7814954135240395,0.1416666666666666,0.0384615384615384,life_expectancy::max_life_expectancy_drop_2020_2022,max_life_expectancy_drop_2020_2022,-0.07900000000000773,1.5178722306889754,-1.596872230688983,1.1122132840322991,-0.07900000000000773,effective converters,capacity,186,186,7,0.03626943005181349,7,0.03626943005181349,SP.DYN.LE00.IN,https://api.worldbank.org/v2/country/all/indicator/SP.DYN.LE00.IN?format=json&date=2019:2022,True
CYP,Cyprus,Europe & Central Asia,High income,0.6867041272209746,0.4030870152886168,0.9172025269884388,0.8157477202878922,0.6107792463189511,0.1627604166666666,0.0769230769230769,life_expectancy::max_life_expectancy_drop_2020_2022,max_life_expectancy_drop_2020_2022,1.019999999999996,1.658875701048037,-0.638875701048041,0.4449736352698047,1.019999999999996,effective converters,capacity,186,186,7,0.03626943005181349,7,0.03626943005181349,SP.DYN.LE00.IN,https://api.worldbank.org/v2/country/all/indicator/SP.DYN.LE00.IN?format=json&date=2019:2022,True
BGR,Bulgaria,Europe & Central Asia,High income,0.6854375852916174,0.6008706829887424,0.90834786272613,0.5947468983471923,0.637784897104405,0.3341145833333332,0.0384615384615384,life_expectancy::max_life_expectancy_drop_2020_2022,max_life_expectancy_drop_2020_2022,3.9000000000000057,1.5834080584653902,2.3165919415346155,-1.613494355741476,3.9000000000000057,uncertain / data-limited systems,vulnerability,186,186,7,0.03626943005181349,7,0.03626943005181349,SP.DYN.LE00.IN,https://api.worldbank.org/v2/country/all/indicator/SP.DYN.LE00.IN?format=json&date=2019:2022,True
SGP,Singapore,East Asia & Pacific,High income,0.6846585060982541,0.4108830413712889,0.9415056150331502,0.7115127888790815,0.6747325791094959,0.3541666666666667,0.0384615384615384,life_expectancy::max_life_expectancy_drop_2020_2022,max_life_expectancy_drop_2020_2022,0.7000000000000028,0.5964689648192809,0.10353103518072193,-0.07210883276987827,0.7000000000000028,uncertain / data-limited systems,capacity,186,186,7,0.03626943005181349,7,0.03626943005181349,SP.DYN.LE00.IN,https://api.worldbank.org/v2/country/all/indicator/SP.DYN.LE00.IN?format=json&date=2019:2022,True
LVA,Latvia,Europe & Central Asia,High income,0.6788426652576671,0.5032232979013287,0.928011666331225,0.6212809763928517,0.6628547204052629,0.2815104166666666,0.0384615384615384,life_expectancy::max_life_expectancy_drop_2020_2022,max_life_expectancy_drop_2020_2022,2.4073170731707023,1.7486149586669404,0.6587021145037619,-0.458782630126366,2.4073170731707023,uncertain / data-limited systems,capacity,186,186,7,0.03626943005181349,7,0.03626943005181349,SP.DYN.LE00.IN,https://api.worldbank.org/v2/country/all/indicator/SP.DYN.LE00.IN?format=json&date=2019:2022,True
JOR,Jordan,"Middle East, North Africa, Afghanistan & Pakistan",Lower middle income,0.6757023078644859,0.3138518481233711,0.9418200451610784,0.7218043095294339,0.7253330286440602,0.2307291666666666,0.0384615384615384,life_expectancy::max_life_expectancy_drop_2020_2022,max_life_expectancy_drop_2020_2022,2.6610000000000014,1.5269106105933097,1.1340893894066917,-0.789887418628341,2.6610000000000014,uncertain / data-limited systems,capacity,186,186,7,0.03626943005181349,7,0.03626943005181349,SP.DYN.LE00.IN,https://api.worldbank.org/v2/country/all/indicator/SP.DYN.LE00.IN?format=json&date=2019:2022,True
NIC,Nicaragua,Latin America & Caribbean ,Lower middle income,0.6740976553258002,0.2706416633866143,0.9554654121422552,0.7426474199142016,0.7276361258601298,0.29921875,0.1538461538461538,life_expectancy::max_life_expectancy_drop_2020_2022,max_life_expectancy_drop_2020_2022,3.2860000000000014,2.008112832253699,1.2778871677463024,-0.890041830615731,3.2860000000000014,uncertain / data-limited systems,capacity,186,186,7,0.03626943005181349,7,0.03626943005181349,SP.DYN.LE00.IN,https://api.worldbank.org/v2/country/all/indicator/SP.DYN.LE00.IN?format=json&date=2019:2022,True
TUN,Tunisia,"Middle East, North Africa, Afghanistan & Pakistan",Lower middle income,0.6736728995848067,0.25366575099988,0.9592596257996054,0.7339569865766812,0.7478092349630598,0.2041666666666667,0.0,life_expectancy::max_life_expectancy_drop_2020_2022,max_life_expectancy_drop_2020_2022,2.706000000000003,1.578809053986997,1.127190946013006,-0.7850826883348649,2.706000000000003,uncertain / data-limited systems,capacity,186,186,7,0.03626943005181349,7,0.03626943005181349,SP.DYN.LE00.IN,https://api.worldbank.org/v2/country/all/indicator/SP.DYN.LE00.IN?format=json&date=2019:2022,True
IRN,"Iran, Islamic Rep.","Middle East, North Africa, Afghanistan & Pakistan",Upper middle income,0.6716950825288099,0.2899006188927754,0.979555809138539,0.7206501324705947,0.6966737696133306,0.1828124999999999,0.0769230769230769,life_expectancy::max_life_expectancy_drop_2020_2022,max_life_expectancy_drop_2020_2022,3.1030000000000086,2.264271887840847,0.8387281121591617,-0.584169810274845,3.1030000000000086,capacity under-realizers,capacity,186,186,7,0.03626943005181349,7,0.03626943005181349,SP.DYN.LE00.IN,https://api.worldbank.org/v2/country/all/indicator/SP.DYN.LE00.IN?format=json&date=2019:2022,True
NRU,Nauru,East Asia & Pacific,High income,0.670929668447223,0.5668279441592471,0.8864385214919197,0.389373482358202,0.8410787257795229,0.3385416666666667,0.1153846153846153,life_expectancy::max_life_expectancy_drop_2020_2022,max_life_expectancy_drop_2020_2022,0.06199999999999761,0.895378748790856,-0.8333787487908584,0.5804440062405574,0.06199999999999761,uncertain / data-limited systems,vulnerability,186,186,7,0.03626943005181349,7,0.03626943005181349,SP.DYN.LE00.IN,https://api.worldbank.org/v2/country/all/indicator/SP.DYN.LE00.IN?format=json&date=2019:2022,True
VCT,St. Vincent and the Grenadines,Latin America & Caribbean ,Upper middle income,0.6701417723839488,0.3606948551024671,0.9521916893872016,0.5932353937819079,0.7744451512642184,0.17734375,0.0769230769230769,life_expectancy::max_life_expectancy_drop_2020_2022,max_life_expectancy_drop_2020_2022,1.8619999999999948,2.2882319921449215,-0.4262319921449267,0.29686838723383685,1.8619999999999948,capacity under-realizers,capacity,186,186,7,0.03626943005181349,7,0.03626943005181349,SP.DYN.LE00.IN,https://api.worldbank.org/v2/country/all/indicator/SP.DYN.LE00.IN?format=json&date=2019:2022,True
ALB,Albania,Europe & Central Asia,Upper middle income,0.6696856726155633,0.3345657943556133,0.9726193994126826,0.7797703899355044,0.5917871067584531,0.0942708333333333,0.0384615384615384,life_expectancy::max_life_expectancy_drop_2020_2022,max_life_expectancy_drop_2020_2022,2.6230000000000047,2.0626693190489895,0.5603306809510151,-0.3902674333159989,2.6230000000000047,capacity under-realizers,capacity,186,186,7,0.03626943005181349,7,0.03626943005181349,SP.DYN.LE00.IN,https://api.worldbank.org/v2/country/all/indicator/SP.DYN.LE00.IN?format=json&date=2019:2022,True
UZB,Uzbekistan,Europe & Central Asia,Lower middle income,0.6686025330658762,0.4119113055278265,0.9405649421131524,0.6146409081395038,0.7072929764830225,0.1669270833333333,0.0384615384615384,life_expectancy::max_life_expectancy_drop_2020_2022,max_life_expectancy_drop_2020_2022,0.632000000000005,1.5458940115996687,-0.9138940115996637,0.6365224720954417,0.632000000000005,effective converters,capacity,186,186,7,0.03626943005181349,7,0.03626943005181349,SP.DYN.LE00.IN,https://api.worldbank.org/v2/country/all/indicator/SP.DYN.LE00.IN?format=json&date=2019:2022,True
KNA,St. Kitts and Nevis,Latin America & Caribbean ,High income,0.6647839475886296,0.4175374788716006,0.942039817022099,0.6969060044676371,0.6026524899931812,0.11015625,0.0769230769230769,life_expectancy::max_life_expectancy_drop_2020_2022,max_life_expectancy_drop_2020_2022,2.2690000000000055,2.0416317399218005,0.227368260078205,-0.1583608220910589,2.2690000000000055,capacity under-realizers,capacity,186,186,7,0.03626943005181349,7,0.03626943005181349,SP.DYN.LE00.IN,https://api.worldbank.org/v2/country/all/indicator/SP.DYN.LE00.IN?format=json&date=2019:2022,True
ECU,Ecuador,Latin America & Caribbean ,Upper middle income,0.664199875526843,0.3467191820439355,0.7721230764365231,0.7681359992125998,0.7698212444143137,0.1432291666666666,0.0,life_expectancy::max_life_expectancy_drop_2020_2022,max_life_expectancy_drop_2020_2022,5.2819999999999965,2.6090215656592495,2.672978434340747,-1.8617157124229937,5.2819999999999965,capacity under-realizers,capacity,186,186,7,0.03626943005181349,7,0.03626943005181349,SP.DYN.LE00.IN,https://api.worldbank.org/v2/country/all/indicator/SP.DYN.LE00.IN?format=json&date=2019:2022,True
BIH,Bosnia and Herzegovina,Europe & Central Asia,Upper middle income,0.6623497621693846,0.4938099285027721,0.6856349836250097,0.6897881404976597,0.7801659960520969,0.125,0.0384615384615384,life_expectancy::max_life_expectancy_drop_2020_2022,max_life_expectancy_drop_2020_2022,2.8270000000000124,2.0394905543469557,0.7875094456530567,-0.5484962728535502,2.8270000000000124,capacity under-realizers,capacity,186,186,7,0.03626943005181349,7,0.03626943005181349,SP.DYN.LE00.IN,https://api.worldbank.org/v2/country/all/indicator/SP.DYN.LE00.IN?format=json&date=2019:2022,True
LBY,Libya,"Middle East, North Africa, Afghanistan & Pakistan",Upper middle income,0.6597821993652432,0.3839160252030721,0.8404155544724616,0.6255679164991333,0.7892293012863056,0.12578125,0.0,life_expectancy::max_life_expectancy_drop_2020_2022,max_life_expectancy_drop_2020_2022,0.8790000000000049,2.6943000705898266,-1.8153000705898217,1.2643471495171885,0.8790000000000049,effective converters,capacity,186,186,7,0.03626943005181349,7,0.03626943005181349,SP.DYN.LE00.IN,https://api.worldbank.org/v2/country/all/indicator/SP.DYN.LE00.IN?format=json&date=2019:2022,True
PSE,West Bank and Gaza,"Middle East, North Africa, Afghanistan & Pakistan",Lower middle income,0.6587017614512714,0.3176807706933734,0.9877450980392156,0.6045379500737209,0.7248432269987758,0.15625,0.0384615384615384,life_expectancy::max_life_expectancy_drop_2020_2022,max_life_expectancy_drop_2020_2022,1.9210000000000065,1.1584817356946349,0.7625182643053716,-0.5310900437612182,1.9210000000000065,capacity under-realizers,capacity,186,186,7,0.03626943005181349,7,0.03626943005181349,SP.DYN.LE00.IN,https://api.worldbank.org/v2/country/all/indicator/SP.DYN.LE00.IN?format=json&date=2019:2022,True
BRB,Barbados,Latin America & Caribbean ,High income,0.6579409859020005,0.4376839484267321,0.8694472408349976,0.5981394797313992,0.7264932746148729,0.2169270833333332,0.0,life_expectancy::max_life_expectancy_drop_2020_2022,max_life_expectancy_drop_2020_2022,0.8190000000000026,1.6884214035327894,-0.8694214035327867,0.6055475296316972,0.8190000000000026,uncertain / data-limited systems,capacity,186,186,7,0.03626943005181349,7,0.03626943005181349,SP.DYN.LE00.IN,https://api.worldbank.org/v2/country/all/indicator/SP.DYN.LE00.IN?format=json&date=2019:2022,True
THA,Thailand,East Asia & Pacific,Upper middle income,0.6577800277292037,0.1805741643377892,0.8457201250794135,0.6959196213257433,0.9089062001738688,0.3406249999999999,0.0,life_expectancy::max_life_expectancy_drop_2020_2022,max_life_expectancy_drop_2020_2022,1.906000000000006,1.5748469383699746,0.33115306163003133,-0.2306464018313952,1.906000000000006,uncertain / data-limited systems,capacity,186,186,7,0.03626943005181349,7,0.03626943005181349,SP.DYN.LE00.IN,https://api.worldbank.org/v2/country/all/indicator/SP.DYN.LE00.IN?format=json&date=2019:2022,True
LCA,St. Lucia,Latin America & Caribbean ,Upper middle income,0.656083207299029,0.3119948676060742,0.9066315423963224,0.7046030667039356,0.7011033524897836,0.2447916666666666,0.0,life_expectancy::max_life_expectancy_drop_2020_2022,max_life_expectancy_drop_2020_2022,3.1299999999999955,2.3777175442890623,0.7522824557109331,-0.5239608557944172,3.1299999999999955,uncertain / data-limited systems,capacity,186,186,7,0.03626943005181349,7,0.03626943005181349,SP.DYN.LE00.IN,https://api.worldbank.org/v2/country/all/indicator/SP.DYN.LE00.IN?format=json&date=2019:2022,True
MDA,Moldova,Europe & Central Asia,Upper middle income,0.6559742104121051,0.5279581493319597,0.8066741913681217,0.6028075479993572,0.6864569529489815,0.2244791666666666,0.0,life_expectancy::max_life_expectancy_drop_2020_2022,max_life_expectancy_drop_2020_2022,1.1899999999999977,2.0318330337250505,-0.8418330337250528,0.5863323721536826,1.1899999999999977,uncertain / data-limited systems,capacity,186,186,7,0.03626943005181349,7,0.03626943005181349,SP.DYN.LE00.IN,https://api.worldbank.org/v2/country/all/indicator/SP.DYN.LE00.IN?format=json&date=2019:2022,True
PAN,Panama,Latin America & Caribbean ,High income,0.6543250217256888,0.3766516033544161,0.8106900404600847,0.7907396443352344,0.6392187987530201,0.1044270833333333,0.0384615384615384,life_expectancy::max_life_expectancy_drop_2020_2022,max_life_expectancy_drop_2020_2022,2.1839999999999975,2.292996039640423,-0.10899603964042548,0.07591518022871992,2.1839999999999975,capacity under-realizers,capacity,186,186,7,0.03626943005181349,7,0.03626943005181349,SP.DYN.LE00.IN,https://api.worldbank.org/v2/country/all/indicator/SP.DYN.LE00.IN?format=json&date=2019:2022,True
GEO,Georgia,Europe & Central Asia,Upper middle income,0.6532030764803352,0.509239642509025,0.887079208498833,0.6353008413217734,0.5811926135917094,0.3041666666666665,0.0,life_expectancy::max_life_expectancy_drop_2020_2022,max_life_expectancy_drop_2020_2022,2.530000000000001,2.1059343899686844,0.4240656100313167,-0.29535951324959386,2.530000000000001,uncertain / data-limited systems,capacity,186,186,7,0.03626943005181349,7,0.03626943005181349,SP.DYN.LE00.IN,https://api.worldbank.org/v2/country/all/indicator/SP.DYN.LE00.IN?format=json&date=2019:2022,True
BHR,Bahrain,"Middle East, North Africa, Afghanistan & Pakistan",High income,0.6523110582727074,0.2242510935493122,0.989839380449274,0.6157753186314454,0.7793784404607978,0.2033854166666666,0.0,life_expectancy::max_life_expectancy_drop_2020_2022,max_life_expectancy_drop_2020_2022,2.3880000000000052,1.38135838996585,1.0066416100341553,-0.7011206967113384,2.3880000000000052,capacity under-realizers,capacity,186,186,7,0.03626943005181349,7,0.03626943005181349,SP.DYN.LE00.IN,https://api.worldbank.org/v2/country/all/indicator/SP.DYN.LE00.IN?format=json&date=2019:2022,True
TTO,Trinidad and Tobago,Latin America & Caribbean ,High income,0.6512626453966167,0.4104531585570775,0.9077504764921543,0.6217329960273007,0.6651139505099344,0.1833333333333332,0.0384615384615384,life_expectancy::max_life_expectancy_drop_2020_2022,max_life_expectancy_drop_2020_2022,1.7249999999999943,1.977617989168365,-0.25261798916837064,0.17594712835438597,1.7249999999999943,capacity under-realizers,capacity,186,186,7,0.03626943005181349,7,0.03626943005181349,SP.DYN.LE00.IN,https://api.worldbank.org/v2/country/all/indicator/SP.DYN.LE00.IN?format=json&date=2019:2022,True
KGZ,Kyrgyz Republic,Europe & Central Asia,Lower middle income,0.6501454007497245,0.3317152029949079,0.8719689879667554,0.6767504291276911,0.7201469829095438,0.21484375,0.0,life_expectancy::max_life_expectancy_drop_2020_2022,max_life_expectancy_drop_2020_2022,-0.20000000000000284,1.681030071427183,-1.881030071427186,1.310127756560013,-0.20000000000000284,uncertain / data-limited systems,capacity,186,186,7,0.03626943005181349,7,0.03626943005181349,SP.DYN.LE00.IN,https://api.worldbank.org/v2/country/all/indicator/SP.DYN.LE00.IN?format=json&date=2019:2022,True
DZA,Algeria,"Middle East, North Africa, Afghanistan & Pakistan",Upper middle income,0.6490773240471281,0.2542673301460795,0.8443272353045255,0.7553194495008495,0.7423952812370581,0.1796875,0.0,life_expectancy::max_life_expectancy_drop_2020_2022,max_life_expectancy_drop_2020_2022,2.424999999999997,2.4959593209587148,-0.0709593209587176,0.049422801573890264,2.424999999999997,capacity under-realizers,capacity,186,186,7,0.03626943005181349,7,0.03626943005181349,SP.DYN.LE00.IN,https://api.worldbank.org/v2/country/all/indicator/SP.DYN.LE00.IN?format=json&date=2019:2022,True
DMA,Dominica,Latin America & Caribbean ,Upper middle income,0.6483251716035098,0.3440806211298222,0.9032418160110532,0.6047602982406856,0.7412179510324783,0.0625,0.0769230769230769,life_expectancy::max_life_expectancy_drop_2020_2022,max_life_expectancy_drop_2020_2022,1.4730000000000132,2.4936765572112582,-1.020676557211245,0.7108959651336065,1.4730000000000132,capacity under-realizers,capacity,186,186,7,0.03626943005181349,7,0.03626943005181349,SP.DYN.LE00.IN,https://api.worldbank.org/v2/country/all/indicator/SP.DYN.LE00.IN?format=json&date=2019:2022,True
SLV,El Salvador,Latin America & Caribbean ,Upper middle income,0.6480007768591318,0.3694577590601324,0.8834736436967887,0.5989970298532373,0.740074674826369,0.0578124999999999,0.0,life_expectancy::max_life_expectancy_drop_2020_2022,max_life_expectancy_drop_2020_2022,1.7839999999999918,2.293482769290451,-0.5094827692904591,0.35485212473506694,1.7839999999999918,capacity under-realizers,capacity,186,186,7,0.03626943005181349,7,0.03626943005181349,SP.DYN.LE00.IN,https://api.worldbank.org/v2/country/all/indicator/SP.DYN.LE00.IN?format=json&date=2019:2022,True
MNE,Montenegro,Europe & Central Asia,Upper middle income,0.6477545124955246,0.5126032821767527,0.6703444256780262,0.6929378044056801,0.7151325377216396,0.2916666666666667,0.0,life_expectancy::max_life_expectancy_drop_2020_2022,max_life_expectancy_drop_2020_2022,2.858536585365897,2.2007618331793446,0.6577747521865525,-0.45813672704878144,2.858536585365897,uncertain / data-limited systems,capacity,186,186,7,0.03626943005181349,7,0.03626943005181349,SP.DYN.LE00.IN,https://api.worldbank.org/v2/country/all/indicator/SP.DYN.LE00.IN?format=json&date=2019:2022,True
LKA,Sri Lanka,South Asia,Lower middle income,0.6477008450464888,0.1899266334096221,0.9682850936923582,0.7529169738176473,0.6796746792663276,0.3653645833333332,0.0,life_expectancy::max_life_expectancy_drop_2020_2022,max_life_expectancy_drop_2020_2022,0.4199999999999875,0.9411418755516874,-0.5211418755516999,0.3629726321961437,0.4199999999999875,uncertain / data-limited systems,capacity,186,186,7,0.03626943005181349,7,0.03626943005181349,SP.DYN.LE00.IN,https://api.worldbank.org/v2/country/all/indicator/SP.DYN.LE00.IN?format=json&date=2019:2022,True
BLZ,Belize,Latin America & Caribbean ,Upper middle income,0.6459885184203296,0.1845481518563255,0.8652466029814967,0.7259879734102914,0.8081713454332043,0.3708333333333333,0.0,life_expectancy::max_life_expectancy_drop_2020_2022,max_life_expectancy_drop_2020_2022,1.6599999999999966,2.88563733015226,-1.2256373301522636,0.853650087842706,1.6599999999999966,uncertain / data-limited systems,capacity,186,186,7,0.03626943005181349,7,0.03626943005181349,SP.DYN.LE00.IN,https://api.worldbank.org/v2/country/all/indicator/SP.DYN.LE00.IN?format=json&date=2019:2022,True
MYS,Malaysia,East Asia & Pacific,Upper middle income,0.6456944397265684,0.2291338827416733,0.9145985435053348,0.7111663135976891,0.7278790190615761,0.1822916666666666,0.0384615384615384,life_expectancy::max_life_expectancy_drop_2020_2022,max_life_expectancy_drop_2020_2022,1.983000000000004,1.7655852663262783,0.21741473367372577,-0.1514282422156786,1.983000000000004,structurally vulnerable systems,capacity,186,186,7,0.03626943005181349,7,0.03626943005181349,SP.DYN.LE00.IN,https://api.worldbank.org/v2/country/all/indicator/SP.DYN.LE00.IN?format=json&date=2019:2022,True
TJK,Tajikistan,Europe & Central Asia,Lower middle income,0.6357559129066745,0.3499546768118913,0.9214354407742822,0.6826989523373221,0.5889345817032028,0.2218749999999999,0.0,life_expectancy::max_life_expectancy_drop_2020_2022,max_life_expectancy_drop_2020_2022,2.3569999999999993,1.5570602060324117,0.7999397939675876,-0.5571539464324844,2.3569999999999993,uncertain / data-limited systems,capacity,186,186,7,0.03626943005181349,7,0.03626943005181349,SP.DYN.LE00.IN,https://api.worldbank.org/v2/country/all/indicator/SP.DYN.LE00.IN?format=json&date=2019:2022,True
MUS,Mauritius,Sub-Saharan Africa ,Upper middle income,0.6346337579052626,0.3330310308730893,0.9426166152682652,0.6202816841723293,0.6426057013073662,0.2302083333333332,0.0769230769230769,life_expectancy::max_life_expectancy_drop_2020_2022,max_life_expectancy_drop_2020_2022,0.7212195121950913,0.9252492728117883,-0.20402976061669698,0.1421056774203606,0.7212195121950913,uncertain / data-limited systems,capacity,186,186,7,0.03626943005181349,7,0.03626943005181349,SP.DYN.LE00.IN,https://api.worldbank.org/v2/country/all/indicator/SP.DYN.LE00.IN?format=json&date=2019:2022,True
ARM,Armenia,Europe & Central Asia,Upper middle income,0.6346016951006593,0.4732849256029421,0.9163214042247854,0.6415149075582738,0.5072855430166362,0.2875,0.0,life_expectancy::max_life_expectancy_drop_2020_2022,max_life_expectancy_drop_2020_2022,3.943902439024413,2.0767372174921355,1.8671652215322774,-1.300470960018703,3.943902439024413,uncertain / data-limited systems,capacity,186,186,7,0.03626943005181349,7,0.03626943005181349,SP.DYN.LE00.IN,https://api.worldbank.org/v2/country/all/indicator/SP.DYN.LE00.IN?format=json&date=2019:2022,True
MEX,Mexico,Latin America & Caribbean ,Upper middle income,0.6295156707444782,0.2638600782104646,0.834289803866633,0.6905645268805292,0.729348274020286,0.09375,0.0,life_expectancy::max_life_expectancy_drop_2020_2022,max_life_expectancy_drop_2020_2022,4.780000000000001,2.682083657669539,2.0979163423304623,-1.4611879271779051,4.780000000000001,structurally vulnerable systems,capacity,186,186,7,0.03626943005181349,7,0.03626943005181349,SP.DYN.LE00.IN,https://api.worldbank.org/v2/country/all/indicator/SP.DYN.LE00.IN?format=json&date=2019:2022,True
BHS,"Bahamas, The",Latin America & Caribbean ,High income,0.6272271607997593,0.3548022405378866,0.8258192258773593,0.6158999980284617,0.7123871787553294,0.1721354166666666,0.0384615384615384,life_expectancy::max_life_expectancy_drop_2020_2022,max_life_expectancy_drop_2020_2022,0.6560000000000059,2.3023007520462597,-1.6463007520462538,1.1466399945775199,0.6560000000000059,adaptive over-performers,capacity,186,186,7,0.03626943005181349,7,0.03626943005181349,SP.DYN.LE00.IN,https://api.worldbank.org/v2/country/all/indicator/SP.DYN.LE00.IN?format=json&date=2019:2022,True
BTN,Bhutan,South Asia,Lower middle income,0.6260503846584147,0.1205530925308737,0.8514114305809429,0.7092362861309001,0.8230007293909417,0.3460937499999999,0.0,life_expectancy::max_life_expectancy_drop_2020_2022,max_life_expectancy_drop_2020_2022,-0.24800000000000466,1.499267224132075,-1.7472672241320797,1.2169626223605083,-0.24800000000000466,uncertain / data-limited systems,capacity,186,186,7,0.03626943005181349,7,0.03626943005181349,SP.DYN.LE00.IN,https://api.worldbank.org/v2/country/all/indicator/SP.DYN.LE00.IN?format=json&date=2019:2022,True
JAM,Jamaica,Latin America & Caribbean ,Upper middle income,0.6236573755955415,0.2282760912104227,0.8809742637247908,0.6509635969585903,0.7344155504883616,0.1984374999999999,0.0,life_expectancy::max_life_expectancy_drop_2020_2022,max_life_expectancy_drop_2020_2022,2.4470000000000027,2.3697642349526653,0.07723576504733742,-0.05379431255497691,2.4470000000000027,structurally vulnerable systems,capacity,186,186,7,0.03626943005181349,7,0.03626943005181349,SP.DYN.LE00.IN,https://api.worldbank.org/v2/country/all/indicator/SP.DYN.LE00.IN?format=json&date=2019:2022,True
TKM,Turkmenistan,Europe & Central Asia,Upper middle income,0.6230590832895327,0.2990039826459934,0.9642564590376924,0.6336296311541779,0.5953462603202672,0.0833333333333333,0.0384615384615384,life_expectancy::max_life_expectancy_drop_2020_2022,max_life_expectancy_drop_2020_2022,0.5589999999999975,2.5448758272576493,-1.9858758272576518,1.3831522854910083,0.5589999999999975,adaptive over-performers,capacity,186,186,7,0.03626943005181349,7,0.03626943005181349,SP.DYN.LE00.IN,https://api.worldbank.org/v2/country/all/indicator/SP.DYN.LE00.IN?format=json&date=2019:2022,True
GRD,Grenada,Latin America & Caribbean ,Upper middle income,0.6224522850556857,0.2911663844123551,0.9151535956660868,0.6419917381565539,0.6414974219877472,0.1354166666666666,0.0769230769230769,life_expectancy::max_life_expectancy_drop_2020_2022,max_life_expectancy_drop_2020_2022,0.44899999999999807,2.3094439277197454,-1.8604439277197473,1.2957896134960982,0.44899999999999807,adaptive over-performers,capacity,186,186,7,0.03626943005181349,7,0.03626943005181349,SP.DYN.LE00.IN,https://api.worldbank.org/v2/country/all/indicator/SP.DYN.LE00.IN?format=json&date=2019:2022,True
LBN,Lebanon,"Middle East, North Africa, Afghanistan & Pakistan",Lower middle income,0.6207577583141333,0.3822786569165964,0.7926950458636233,0.6585748480252485,0.6494824824510651,0.1984374999999999,0.0384615384615384,life_expectancy::max_life_expectancy_drop_2020_2022,max_life_expectancy_drop_2020_2022,4.557999999999993,1.269057578609366,3.288942421390627,-2.290731456899176,4.557999999999993,structurally vulnerable systems,capacity,186,186,7,0.03626943005181349,7,0.03626943005181349,SP.DYN.LE00.IN,https://api.worldbank.org/v2/country/all/indicator/SP.DYN.LE00.IN?format=json&date=2019:2022,True
PRY,Paraguay,Latin America & Caribbean ,Upper middle income,0.6200103143941642,0.2308564778967678,0.8269696833764881,0.7383300460921496,0.683885050211251,0.1216145833333333,0.0,life_expectancy::max_life_expectancy_drop_2020_2022,max_life_expectancy_drop_2020_2022,5.560000000000002,2.9195865902744274,2.640413409725575,-1.83903434050371,5.560000000000002,structurally vulnerable systems,capacity,186,186,7,0.03626943005181349,7,0.03626943005181349,SP.DYN.LE00.IN,https://api.worldbank.org/v2/country/all/indicator/SP.DYN.LE00.IN?format=json&date=2019:2022,True
FJI,Fiji,East Asia & Pacific,Upper middle income,0.6178667108182544,0.1718859030867164,0.9193966862730744,0.553064783244404,0.8271194706688227,0.17734375,0.0,life_expectancy::max_life_expectancy_drop_2020_2022,max_life_expectancy_drop_2020_2022,2.105000000000004,1.8016685308783518,0.3033314691216522,-0.21126880594358777,2.105000000000004,structurally vulnerable systems,capacity,186,186,7,0.03626943005181349,7,0.03626943005181349,SP.DYN.LE00.IN,https://api.worldbank.org/v2/country/all/indicator/SP.DYN.LE00.IN?format=json&date=2019:2022,True
GUY,Guyana,Latin America & Caribbean ,High income,0.6118947006333888,0.2028261617228233,0.867480051953228,0.6105846381499948,0.766687950707509,0.28125,0.0,life_expectancy::max_life_expectancy_drop_2020_2022,max_life_expectancy_drop_2020_2022,4.744,2.6649963240408154,2.0790036759591843,-1.4480153524594315,4.744,uncertain / data-limited systems,capacity,186,186,7,0.03626943005181349,7,0.03626943005181349,SP.DYN.LE00.IN,https://api.worldbank.org/v2/country/all/indicator/SP.DYN.LE00.IN?format=json&date=2019:2022,True
PER,Peru,Latin America & Caribbean ,Upper middle income,0.6056794177274751,0.219058315884222,0.7904545559187894,0.7070732519612428,0.7061315471456461,0.0992187499999999,0.0384615384615384,life_expectancy::max_life_expectancy_drop_2020_2022,max_life_expectancy_drop_2020_2022,4.679000000000002,2.8172375853585923,1.8617624146414098,-1.2967079328462088,4.679000000000002,structurally vulnerable systems,capacity,186,186,7,0.03626943005181349,7,0.03626943005181349,SP.DYN.LE00.IN,https://api.worldbank.org/v2/country/all/indicator/SP.DYN.LE00.IN?format=json&date=2019:2022,True
CPV,Cabo Verde,Sub-Saharan Africa ,Upper middle income,0.6056459361798809,0.1748414442188375,0.8907404525592983,0.6685434249570065,0.6884584229843812,0.1200520833333333,0.0,life_expectancy::max_life_expectancy_drop_2020_2022,max_life_expectancy_drop_2020_2022,1.6310000000000002,1.2089446319623995,0.4220553680376007,-0.2939593900546618,1.6310000000000002,structurally vulnerable systems,capacity,186,186,7,0.03626943005181349,7,0.03626943005181349,SP.DYN.LE00.IN,https://api.worldbank.org/v2/country/all/indicator/SP.DYN.LE00.IN?format=json&date=2019:2022,True
MNG,Mongolia,East Asia & Pacific,Upper middle income,0.6032546228987976,0.4314765764284001,0.7677104522967445,0.5775556570056546,0.6362758058643913,0.2138020833333333,0.0,life_expectancy::max_life_expectancy_drop_2020_2022,max_life_expectancy_drop_2020_2022,-0.2958536585366005,2.3552061654703182,-2.6510598240069188,1.8464495132166283,-0.2958536585366005,uncertain / data-limited systems,capacity,186,186,7,0.03626943005181349,7,0.03626943005181349,SP.DYN.LE00.IN,https://api.worldbank.org/v2/country/all/indicator/SP.DYN.LE00.IN?format=json&date=2019:2022,True
HND,Honduras,Latin America & Caribbean ,Lower middle income,0.600295509808412,0.1662024963072592,0.9044145349804646,0.6889332074130756,0.6416318005328481,0.1283854166666666,0.0,life_expectancy::max_life_expectancy_drop_2020_2022,max_life_expectancy_drop_2020_2022,2.631999999999991,1.9946834464119525,0.6373165535880383,-0.4438876970942552,2.631999999999991,structurally vulnerable systems,capacity,186,186,7,0.03626943005181349,7,0.03626943005181349,SP.DYN.LE00.IN,https://api.worldbank.org/v2/country/all/indicator/SP.DYN.LE00.IN?format=json&date=2019:2022,True
VNM,Viet Nam,East Asia & Pacific,Lower middle income,0.5964542720852765,0.1832401747811078,0.8161335993963043,0.6903622627948471,0.6960810513688466,0.2348958333333333,0.0,life_expectancy::max_life_expectancy_drop_2020_2022,max_life_expectancy_drop_2020_2022,0.0660000000000025,0.9130577814248007,-0.8470577814247982,0.5899713820166488,0.0660000000000025,uncertain / data-limited systems,capacity,186,186,7,0.03626943005181349,7,0.03626943005181349,SP.DYN.LE00.IN,https://api.worldbank.org/v2/country/all/indicator/SP.DYN.LE00.IN?format=json&date=2019:2022,True
MAR,Morocco,"Middle East, North Africa, Afghanistan & Pakistan",Lower middle income,0.5918387866998884,0.1294196547620839,0.9488915513110034,0.6876315193950658,0.6014124213314006,0.1096354166666667,0.0384615384615384,life_expectancy::max_life_expectancy_drop_2020_2022,max_life_expectancy_drop_2020_2022,1.112000000000009,1.622267931201574,-0.510267931201565,0.35539898596219927,1.112000000000009,adaptive over-performers,capacity,186,186,7,0.03626943005181349,7,0.03626943005181349,SP.DYN.LE00.IN,https://api.worldbank.org/v2/country/all/indicator/SP.DYN.LE00.IN?format=json&date=2019:2022,True
WSM,Samoa,East Asia & Pacific,Upper middle income,0.5872633582580222,0.2456591993164952,0.6134292279437159,0.6798764898784216,0.810088515893456,0.2765625,0.0769230769230769,life_expectancy::max_life_expectancy_drop_2020_2022,max_life_expectancy_drop_2020_2022,-0.4579999999999984,1.7480617974580337,-2.206061797458032,1.536510679674331,-0.4579999999999984,uncertain / data-limited systems,capacity,186,186,7,0.03626943005181349,7,0.03626943005181349,SP.DYN.LE00.IN,https://api.worldbank.org/v2/country/all/indicator/SP.DYN.LE00.IN?format=json&date=2019:2022,True
SUR,Suriname,Latin America & Caribbean ,Upper middle income,0.5820331620334881,0.3039261044589958,0.6108436046278103,0.6270112389349571,0.7863517001121891,0.078125,0.0,life_expectancy::max_life_expectancy_drop_2020_2022,max_life_expectancy_drop_2020_2022,2.8299999999999983,3.188137476959877,-0.35813747695987885,0.24944090812621122,2.8299999999999983,adaptive over-performers,capacity,186,186,7,0.03626943005181349,7,0.03626943005181349,SP.DYN.LE00.IN,https://api.worldbank.org/v2/country/all/indicator/SP.DYN.LE00.IN?format=json&date=2019:2022,True
EGY,"Egypt, Arab Rep.","Middle East, North Africa, Afghanistan & Pakistan",Lower middle income,0.5749914738003827,0.1425905407592108,0.9368700462464432,0.5748929504998724,0.6456123576960046,0.0677083333333333,0.0,life_expectancy::max_life_expectancy_drop_2020_2022,max_life_expectancy_drop_2020_2022,2.2369999999999948,1.6446829129432798,0.5923170870567149,-0.41254580042359257,2.2369999999999948,structurally vulnerable systems,capacity,186,186,7,0.03626943005181349,7,0.03626943005181349,SP.DYN.LE00.IN,https://api.worldbank.org/v2/country/all/indicator/SP.DYN.LE00.IN?format=json&date=2019:2022,True
AZE,Azerbaijan,Europe & Central Asia,Upper middle income,0.5727858513007176,0.3472579615421797,0.7015549952002419,0.681467035750128,0.5608634127103203,0.1528645833333333,0.0,life_expectancy::max_life_expectancy_drop_2020_2022,max_life_expectancy_drop_2020_2022,2.9780000000000086,2.2400913837868983,0.7379086162131103,-0.5139495506162134,2.9780000000000086,structurally vulnerable systems,capacity,186,186,7,0.03626943005181349,7,0.03626943005181349,SP.DYN.LE00.IN,https://api.worldbank.org/v2/country/all/indicator/SP.DYN.LE00.IN?format=json&date=2019:2022,True
UKR,Ukraine,Europe & Central Asia,Upper middle income,0.5714051748848457,0.4441733441292559,0.5402916603346692,0.5866085877199805,0.7145471073554772,0.2919270833333333,0.1153846153846153,life_expectancy::max_life_expectancy_drop_2020_2022,max_life_expectancy_drop_2020_2022,2.2890000000000015,2.1279181814654637,0.16108181853453774,-0.11219265696222569,2.2890000000000015,uncertain / data-limited systems,capacity,186,186,7,0.03626943005181349,7,0.03626943005181349,SP.DYN.LE00.IN,https://api.worldbank.org/v2/country/all/indicator/SP.DYN.LE00.IN?format=json&date=2019:2022,True
DOM,Dominican Republic,Latin America & Caribbean ,Upper middle income,0.5691724008936305,0.1833018379392382,0.7568322344837783,0.6245700681687736,0.7119854629827318,0.0833333333333333,0.0,life_expectancy::max_life_expectancy_drop_2020_2022,max_life_expectancy_drop_2020_2022,1.3549999999999898,2.5190935978597278,-1.164093597859738,0.8107851952801111,1.3549999999999898,adaptive over-performers,capacity,186,186,7,0.03626943005181349,7,0.03626943005181349,SP.DYN.LE00.IN,https://api.worldbank.org/v2/country/all/indicator/SP.DYN.LE00.IN?format=json&date=2019:2022,True
MHL,Marshall Islands,East Asia & Pacific,Upper middle income,0.5672960384510873,0.4722536138840991,0.5022291706934692,0.5302010852570538,0.7645002839697274,0.3492187499999999,0.1538461538461538,life_expectancy::max_life_expectancy_drop_2020_2022,max_life_expectancy_drop_2020_2022,0.6599999999999966,1.5212181917351315,-0.8612181917351349,0.5998340348650293,0.6599999999999966,uncertain / data-limited systems,capacity,186,186,7,0.03626943005181349,7,0.03626943005181349,SP.DYN.LE00.IN,https://api.worldbank.org/v2/country/all/indicator/SP.DYN.LE00.IN?format=json&date=2019:2022,True
BOL,Bolivia,Latin America & Caribbean ,Lower middle income,0.566427958565157,0.2527398762657427,0.7729294989041062,0.619314310713776,0.6207281483770031,0.0520833333333333,0.0,life_expectancy::max_life_expectancy_drop_2020_2022,max_life_expectancy_drop_2020_2022,6.392999999999994,2.4010302573983475,3.991969742601646,-2.7803863652014975,6.392999999999994,structurally vulnerable systems,capacity,186,186,7,0.03626943005181349,7,0.03626943005181349,SP.DYN.LE00.IN,https://api.worldbank.org/v2/country/all/indicator/SP.DYN.LE00.IN?format=json&date=2019:2022,True
KIR,Kiribati,East Asia & Pacific,Lower middle income,0.5517726113500948,0.4386351161119455,0.5847467409745934,0.5255845965845357,0.6581239917293048,0.2354166666666667,0.0769230769230769,life_expectancy::max_life_expectancy_drop_2020_2022,max_life_expectancy_drop_2020_2022,1.7180000000000035,0.9674214083313672,0.7505785916686363,-0.5227741232646582,1.7180000000000035,uncertain / data-limited systems,capacity,186,186,7,0.03626943005181349,7,0.03626943005181349,SP.DYN.LE00.IN,https://api.worldbank.org/v2/country/all/indicator/SP.DYN.LE00.IN?format=json&date=2019:2022,True
STP,Sao Tome and Principe,Sub-Saharan Africa ,Lower middle income,0.5432597176279896,0.2281945139463848,0.8569850950422522,0.5472049288752009,0.5406543326481204,0.046875,0.0384615384615384,life_expectancy::max_life_expectancy_drop_2020_2022,max_life_expectancy_drop_2020_2022,0.06400000000000716,0.5499892202962722,-0.485989220296265,0.33848898886343093,0.06400000000000716,adaptive over-performers,capacity,186,186,7,0.03626943005181349,7,0.03626943005181349,SP.DYN.LE00.IN,https://api.worldbank.org/v2/country/all/indicator/SP.DYN.LE00.IN?format=json&date=2019:2022,True
GTM,Guatemala,Latin America & Caribbean ,Upper middle income,0.5425743618946528,0.1381242055350285,0.8197473484421942,0.6661923964367509,0.5462334971646373,0.0625,0.0,life_expectancy::max_life_expectancy_drop_2020_2022,max_life_expectancy_drop_2020_2022,3.7809999999999917,2.5916424455595397,1.189357554440452,-0.828381410917327,3.7809999999999917,structurally vulnerable systems,capacity,186,186,7,0.03626943005181349,7,0.03626943005181349,SP.DYN.LE00.IN,https://api.worldbank.org/v2/country/all/indicator/SP.DYN.LE00.IN?format=json&date=2019:2022,True
VUT,Vanuatu,East Asia & Pacific,Lower middle income,0.5401828820320265,0.1091645110423711,0.7539178804659304,0.6888072958568461,0.6088418407629584,0.1979166666666666,0.0384615384615384,life_expectancy::max_life_expectancy_drop_2020_2022,max_life_expectancy_drop_2020_2022,0.8310000000000031,1.3559716369453012,-0.5249716369452981,0.36564004128171357,0.8310000000000031,adaptive over-performers,capacity,186,186,7,0.03626943005181349,7,0.03626943005181349,SP.DYN.LE00.IN,https://api.worldbank.org/v2/country/all/indicator/SP.DYN.LE00.IN?format=json&date=2019:2022,True
SLB,Solomon Islands,East Asia & Pacific,Lower middle income,0.5398396985066892,0.1643797317525542,0.7713716073919891,0.6719613155185465,0.551646139363667,0.1208333333333334,0.0384615384615384,life_expectancy::max_life_expectancy_drop_2020_2022,max_life_expectancy_drop_2020_2022,1.090999999999994,1.3210396726328701,-0.23003967263287617,0.1602214471763569,1.090999999999994,adaptive over-performers,capacity,186,186,7,0.03626943005181349,7,0.03626943005181349,SP.DYN.LE00.IN,https://api.worldbank.org/v2/country/all/indicator/SP.DYN.LE00.IN?format=json&date=2019:2022,True
IRQ,Iraq,"Middle East, North Africa, Afghanistan & Pakistan",Upper middle income,0.5395766173515494,0.1230682021831125,0.7447388813460643,0.5954737713571951,0.6950256145198255,0.078125,0.0,life_expectancy::max_life_expectancy_drop_2020_2022,max_life_expectancy_drop_2020_2022,1.5940000000000083,2.32599261338785,-0.7319926133878418,0.5098290851186089,1.5940000000000083,adaptive over-performers,capacity,186,186,7,0.03626943005181349,7,0.03626943005181349,SP.DYN.LE00.IN,https://api.worldbank.org/v2/country/all/indicator/SP.DYN.LE00.IN?format=json&date=2019:2022,True
FSM,"Micronesia, Fed. Sts.",East Asia & Pacific,Lower middle income,0.5300177062349254,0.3052058387651767,0.5598279910743895,0.5624547285242376,0.6925822665758978,0.1822916666666666,0.1153846153846153,life_expectancy::max_life_expectancy_drop_2020_2022,max_life_expectancy_drop_2020_2022,0.31799999999999784,1.011447819182758,-0.6934478191827602,0.48298283447857726,0.31799999999999784,adaptive over-performers,capacity,186,186,7,0.03626943005181349,7,0.03626943005181349,SP.DYN.LE00.IN,https://api.worldbank.org/v2/country/all/indicator/SP.DYN.LE00.IN?format=json&date=2019:2022,True
BWA,Botswana,Sub-Saharan Africa ,Upper middle income,0.5208874245115966,0.2831414738377958,0.5146708482962801,0.538222136240808,0.7475152396715028,0.1002604166666666,0.0384615384615384,life_expectancy::max_life_expectancy_drop_2020_2022,max_life_expectancy_drop_2020_2022,3.8640000000000043,1.9331359602063687,1.9308640397936356,-1.3448368588588842,3.8640000000000043,structurally vulnerable systems,capacity,186,186,7,0.03626943005181349,7,0.03626943005181349,SP.DYN.LE00.IN,https://api.worldbank.org/v2/country/all/indicator/SP.DYN.LE00.IN?format=json&date=2019:2022,True
IDN,Indonesia,East Asia & Pacific,Upper middle income,0.5044533640762929,0.0796636381467361,0.6623559046159495,0.6187233532347418,0.6570705603077445,0.078125,0.0,life_expectancy::max_life_expectancy_drop_2020_2022,max_life_expectancy_drop_2020_2022,2.8970000000000056,1.7418044408192186,1.155195559180787,-0.8045877571693033,2.8970000000000056,structurally vulnerable systems,capacity,186,186,7,0.03626943005181349,7,0.03626943005181349,SP.DYN.LE00.IN,https://api.worldbank.org/v2/country/all/indicator/SP.DYN.LE00.IN?format=json&date=2019:2022,True
SYR,Syrian Arab Republic,"Middle East, North Africa, Afghanistan & Pakistan",Low income,0.5021758668129401,0.1437721937857306,0.5865949872379461,0.537497402384935,0.7408388838431488,0.0625,0.0,life_expectancy::max_life_expectancy_drop_2020_2022,max_life_expectancy_drop_2020_2022,-0.9740000000000038,1.7736438580162794,-2.747643858016283,1.9137197954509773,-0.9740000000000038,adaptive over-performers,capacity,186,186,7,0.03626943005181349,7,0.03626943005181349,SP.DYN.LE00.IN,https://api.worldbank.org/v2/country/all/indicator/SP.DYN.LE00.IN?format=json&date=2019:2022,True
IND,India,South Asia,Lower middle income,0.4769684618841638,0.0957956293385185,0.7598478206784196,0.4991762873010434,0.5530541102186738,0.0419270833333333,0.0384615384615384,life_expectancy::max_life_expectancy_drop_2020_2022,max_life_expectancy_drop_2020_2022,3.4639999999999986,1.0110525621704283,2.4529474378295704,-1.7084652566160141,3.4639999999999986,structurally vulnerable systems,capacity,186,186,7,0.03626943005181349,7,0.03626943005181349,SP.DYN.LE00.IN,https://api.worldbank.org/v2/country/all/indicator/SP.DYN.LE00.IN?format=json&date=2019:2022,True
PHL,Philippines,East Asia & Pacific,Lower middle income,0.4762555295733501,0.1486166930851677,0.5385221702317291,0.575070341487582,0.6428129134889219,0.0625,0.0,life_expectancy::max_life_expectancy_drop_2020_2022,max_life_expectancy_drop_2020_2022,3.0050000000000097,1.006280608632701,1.9987193913673087,-1.3920977617429924,3.0050000000000097,structurally vulnerable systems,capacity,186,186,7,0.03626943005181349,7,0.03626943005181349,SP.DYN.LE00.IN,https://api.worldbank.org/v2/country/all/indicator/SP.DYN.LE00.IN?format=json&date=2019:2022,True
RWA,Rwanda,Sub-Saharan Africa ,Low income,0.4737129322126504,0.0993679443748664,0.8041887962443444,0.5257346829238777,0.465560305307513,0.1197916666666666,0.0,life_expectancy::max_life_expectancy_drop_2020_2022,max_life_expectancy_drop_2020_2022,-0.15899999999999181,0.5663187387696417,-0.7253187387696335,0.5051807658206181,-0.15899999999999181,adaptive over-performers,capacity,186,186,7,0.03626943005181349,7,0.03626943005181349,SP.DYN.LE00.IN,https://api.worldbank.org/v2/country/all/indicator/SP.DYN.LE00.IN?format=json&date=2019:2022,True
TLS,Timor-Leste,East Asia & Pacific,Lower middle income,0.4709222041686162,0.191850044061503,0.524835899074898,0.6180879989865786,0.5489148745514851,0.0729166666666666,0.0,life_expectancy::max_life_expectancy_drop_2020_2022,max_life_expectancy_drop_2020_2022,0.29699999999999704,1.1941754643893017,-0.8971754643893046,0.6248780900718031,0.29699999999999704,adaptive over-performers,capacity,186,186,7,0.03626943005181349,7,0.03626943005181349,SP.DYN.LE00.IN,https://api.worldbank.org/v2/country/all/indicator/SP.DYN.LE00.IN?format=json&date=2019:2022,True
KHM,Cambodia,East Asia & Pacific,Lower middle income,0.4667317995496761,0.0715686876585644,0.6658634126967647,0.6623869270601,0.4671081707832752,0.0627604166666667,0.0,life_expectancy::max_life_expectancy_drop_2020_2022,max_life_expectancy_drop_2020_2022,0.8259999999999934,1.2253400605992688,-0.3993400605992754,0.2781382954183784,0.8259999999999934,adaptive over-performers,capacity,186,186,7,0.03626943005181349,7,0.03626943005181349,SP.DYN.LE00.IN,https://api.worldbank.org/v2/country/all/indicator/SP.DYN.LE00.IN?format=json&date=2019:2022,True
BGD,Bangladesh,South Asia,Lower middle income,0.465299501876273,0.0277365541864058,0.8647335436985515,0.5390275147402761,0.4297003948798584,0.11484375,0.0,life_expectancy::max_life_expectancy_drop_2020_2022,max_life_expectancy_drop_2020_2022,1.5220000000000056,0.848637610625997,0.6733623893740086,-0.4689934360661863,1.5220000000000056,structurally vulnerable systems,capacity,186,186,7,0.03626943005181349,7,0.03626943005181349,SP.DYN.LE00.IN,https://api.worldbank.org/v2/country/all/indicator/SP.DYN.LE00.IN?format=json&date=2019:2022,True
LAO,Lao PDR,East Asia & Pacific,Lower middle income,0.4611983638971529,0.0563489181052585,0.6191769003881133,0.6275395245169573,0.5417281125782825,0.0885416666666666,0.0,life_expectancy::max_life_expectancy_drop_2020_2022,max_life_expectancy_drop_2020_2022,0.1039999999999992,1.448116278633926,-1.3441162786339267,0.9361700652379101,0.1039999999999992,adaptive over-performers,capacity,186,186,7,0.03626943005181349,7,0.03626943005181349,SP.DYN.LE00.IN,https://api.worldbank.org/v2/country/all/indicator/SP.DYN.LE00.IN?format=json&date=2019:2022,True
NPL,Nepal,South Asia,Lower middle income,0.458358176994579,0.1190327163734313,0.7429265240918324,0.500478663921392,0.4709948035916604,0.08359375,0.0,life_expectancy::max_life_expectancy_drop_2020_2022,max_life_expectancy_drop_2020_2022,0.9140000000000015,1.1251214572578596,-0.21112145725785814,0.14704500760535827,0.9140000000000015,adaptive over-performers,capacity,186,186,7,0.03626943005181349,7,0.03626943005181349,SP.DYN.LE00.IN,https://api.worldbank.org/v2/country/all/indicator/SP.DYN.LE00.IN?format=json&date=2019:2022,True
ZAF,South Africa,Sub-Saharan Africa ,Upper middle income,0.4558240917095925,0.3119245659700085,0.3124315443592552,0.4791970942098676,0.7197431622992388,0.2294270833333333,0.0384615384615384,life_expectancy::max_life_expectancy_drop_2020_2022,max_life_expectancy_drop_2020_2022,4.061,1.546340602111244,2.5146593978887557,-1.7514473189516355,4.061,uncertain / data-limited systems,capacity,186,186,7,0.03626943005181349,7,0.03626943005181349,SP.DYN.LE00.IN,https://api.worldbank.org/v2/country/all/indicator/SP.DYN.LE00.IN?format=json&date=2019:2022,True
BDI,Burundi,Sub-Saharan Africa ,Low income,0.4518265491961435,0.1805834456155578,0.8008280063142355,0.446328627443242,0.3795661174115387,0.08359375,0.0384615384615384,life_expectancy::max_life_expectancy_drop_2020_2022,max_life_expectancy_drop_2020_2022,0.07900000000000063,0.5185948629447106,-0.43959486294470995,0.30617555792082024,0.07900000000000063,adaptive over-performers,capacity,186,186,7,0.03626943005181349,7,0.03626943005181349,SP.DYN.LE00.IN,https://api.worldbank.org/v2/country/all/indicator/SP.DYN.LE00.IN?format=json&date=2019:2022,True
GHA,Ghana,Sub-Saharan Africa ,Lower middle income,0.4426805862707159,0.073435482198883,0.7695431024679774,0.4472207892448177,0.4805229711711855,0.0520833333333333,0.0,life_expectancy::max_life_expectancy_drop_2020_2022,max_life_expectancy_drop_2020_2022,0.16899999999999693,0.7329588576631323,-0.5639588576631354,0.39279443970917505,0.16899999999999693,adaptive over-performers,capacity,186,186,7,0.03626943005181349,7,0.03626943005181349,SP.DYN.LE00.IN,https://api.worldbank.org/v2/country/all/indicator/SP.DYN.LE00.IN?format=json&date=2019:2022,True
NAM,Namibia,Sub-Saharan Africa ,Lower middle income,0.4386367228883814,0.3412299256898816,0.3221436883899233,0.4837600851556433,0.6074131923180774,0.2,0.0384615384615384,life_expectancy::max_life_expectancy_drop_2020_2022,max_life_expectancy_drop_2020_2022,2.695999999999998,1.414813216575022,1.281186783424976,-0.8923399959413555,2.695999999999998,structurally vulnerable systems,preparedness,186,186,7,0.03626943005181349,7,0.03626943005181349,SP.DYN.LE00.IN,https://api.worldbank.org/v2/country/all/indicator/SP.DYN.LE00.IN?format=json&date=2019:2022,True
SEN,Senegal,Sub-Saharan Africa ,Lower middle income,0.4379660663743003,0.0493759678162195,0.7881863096898036,0.5250920714456888,0.3892099165454893,0.1200520833333333,0.0,life_expectancy::max_life_expectancy_drop_2020_2022,max_life_expectancy_drop_2020_2022,0.8000000000000114,0.7971966327282667,0.0028033672717446834,-0.0019525308661111085,0.8000000000000114,structurally vulnerable systems,capacity,186,186,7,0.03626943005181349,7,0.03626943005181349,SP.DYN.LE00.IN,https://api.worldbank.org/v2/country/all/indicator/SP.DYN.LE00.IN?format=json&date=2019:2022,True
MMR,Myanmar,East Asia & Pacific,Lower middle income,0.4366122918198714,0.0938008368757022,0.6423661279444203,0.5645265572023461,0.4457556452570169,0.0364583333333333,0.0,life_expectancy::max_life_expectancy_drop_2020_2022,max_life_expectancy_drop_2020_2022,0.9039999999999964,1.2467926724723377,-0.34279267247234135,0.2387533308335971,0.9039999999999964,adaptive over-performers,capacity,186,186,7,0.03626943005181349,7,0.03626943005181349,SP.DYN.LE00.IN,https://api.worldbank.org/v2/country/all/indicator/SP.DYN.LE00.IN?format=json&date=2019:2022,True
COM,Comoros,Sub-Saharan Africa ,Lower middle income,0.4359416716365727,0.1223795055113391,0.7148520425419502,0.5661156039532775,0.3404195345397242,0.05234375,0.0384615384615384,life_expectancy::max_life_expectancy_drop_2020_2022,max_life_expectancy_drop_2020_2022,0.46100000000001273,0.502138874575605,-0.04113887457559229,0.028653014257359086,0.46100000000001273,adaptive over-performers,capacity,186,186,7,0.03626943005181349,7,0.03626943005181349,SP.DYN.LE00.IN,https://api.worldbank.org/v2/country/all/indicator/SP.DYN.LE00.IN?format=json&date=2019:2022,True
SDN,Sudan,Sub-Saharan Africa ,Low income,0.4271546428965881,0.0853304772640644,0.8625426301644593,0.5290659005837872,0.2316795635740416,0.0528645833333333,0.0,life_expectancy::max_life_expectancy_drop_2020_2022,max_life_expectancy_drop_2020_2022,1.3430000000000035,1.1994332555865808,0.14356674441342276,-0.09999349804773358,1.3430000000000035,structurally vulnerable systems,capacity,186,186,7,0.03626943005181349,7,0.03626943005181349,SP.DYN.LE00.IN,https://api.worldbank.org/v2/country/all/indicator/SP.DYN.LE00.IN?format=json&date=2019:2022,True
BFA,Burkina Faso,Sub-Saharan Africa ,Low income,0.4186920532561736,0.1459362569200346,0.8198837043593339,0.4098672330634541,0.2990810186818718,0.06796875,0.0384615384615384,life_expectancy::max_life_expectancy_drop_2020_2022,max_life_expectancy_drop_2020_2022,0.13799999999999812,0.9332983568561236,-0.7952983568561255,0.5539212093899336,0.13799999999999812,adaptive over-performers,capacity,186,186,7,0.03626943005181349,7,0.03626943005181349,SP.DYN.LE00.IN,https://api.worldbank.org/v2/country/all/indicator/SP.DYN.LE00.IN?format=json&date=2019:2022,True
GMB,"Gambia, The",Sub-Saharan Africa ,Low income,0.4185903875581021,0.0405466889217601,0.7521294546253522,0.4173143163055236,0.4643710903797722,0.1145833333333333,0.0,life_expectancy::max_life_expectancy_drop_2020_2022,max_life_expectancy_drop_2020_2022,0.5800000000000054,0.7467923699496256,-0.1667923699496202,0.11617002661080653,0.5800000000000054,adaptive over-performers,capacity,186,186,7,0.03626943005181349,7,0.03626943005181349,SP.DYN.LE00.IN,https://api.worldbank.org/v2/country/all/indicator/SP.DYN.LE00.IN?format=json&date=2019:2022,True
SWZ,Eswatini,Sub-Saharan Africa ,Lower middle income,0.4185351454171091,0.2718263000810537,0.3701339448703906,0.445789384118412,0.5863909525985802,0.1981770833333333,0.0384615384615384,life_expectancy::max_life_expectancy_drop_2020_2022,max_life_expectancy_drop_2020_2022,1.6219999999999999,0.916091309222824,0.7059086907771759,-0.49166176736474215,1.6219999999999999,structurally vulnerable systems,capacity,186,186,7,0.03626943005181349,7,0.03626943005181349,SP.DYN.LE00.IN,https://api.worldbank.org/v2/country/all/indicator/SP.DYN.LE00.IN?format=json&date=2019:2022,True
LSO,Lesotho,Sub-Saharan Africa ,Lower middle income,0.417122487057894,0.3964792657223703,0.3801455823293173,0.3960084758203452,0.4958566243595431,0.2658854166666666,0.0384615384615384,life_expectancy::max_life_expectancy_drop_2020_2022,max_life_expectancy_drop_2020_2022,1.0399999999999991,0.7801666153522901,0.259833384647709,-0.18097261414306706,1.0399999999999991,uncertain / data-limited systems,preparedness,186,186,7,0.03626943005181349,7,0.03626943005181349,SP.DYN.LE00.IN,https://api.worldbank.org/v2/country/all/indicator/SP.DYN.LE00.IN?format=json&date=2019:2022,True
MRT,Mauritania,Sub-Saharan Africa ,Lower middle income,0.4126527430767665,0.0912867877777127,0.6511366777499508,0.5497902905279219,0.3583972162514807,0.07890625,0.0384615384615384,life_expectancy::max_life_expectancy_drop_2020_2022,max_life_expectancy_drop_2020_2022,0.8780000000000001,1.3586802169317376,-0.48068021693173746,0.33479129536390023,0.8780000000000001,adaptive over-performers,capacity,186,186,7,0.03626943005181349,7,0.03626943005181349,SP.DYN.LE00.IN,https://api.worldbank.org/v2/country/all/indicator/SP.DYN.LE00.IN?format=json&date=2019:2022,True
MWI,Malawi,Sub-Saharan Africa ,Low income,0.4066911657211329,0.164402859561993,0.5248615690522201,0.5189145406682777,0.4185856936020408,0.1041666666666666,0.0384615384615384,life_expectancy::max_life_expectancy_drop_2020_2022,max_life_expectancy_drop_2020_2022,0.21300000000000807,0.7677431823546054,-0.5547431823545973,0.3863757693218378,0.21300000000000807,adaptive over-performers,capacity,186,186,7,0.03626943005181349,7,0.03626943005181349,SP.DYN.LE00.IN,https://api.worldbank.org/v2/country/all/indicator/SP.DYN.LE00.IN?format=json&date=2019:2022,True
PAK,Pakistan,"Middle East, North Africa, Afghanistan & Pakistan",Lower middle income,0.4032708914623641,0.0413512665518383,0.5904980173483632,0.4609595267232465,0.5202747552260086,0.0833333333333333,0.0,life_expectancy::max_life_expectancy_drop_2020_2022,max_life_expectancy_drop_2020_2022,1.0280000000000058,1.5331240658115628,-0.505124065811557,0.35181631021138327,1.0280000000000058,adaptive over-performers,capacity,186,186,7,0.03626943005181349,7,0.03626943005181349,SP.DYN.LE00.IN,https://api.worldbank.org/v2/country/all/indicator/SP.DYN.LE00.IN?format=json&date=2019:2022,True
DJI,Djibouti,"Middle East, North Africa, Afghanistan & Pakistan",Lower middle income,0.4031631981103328,0.1428921391522375,0.4447442175117582,0.4635678385906203,0.5614485971867154,0.1164062499999999,0.0769230769230769,life_expectancy::max_life_expectancy_drop_2020_2022,max_life_expectancy_drop_2020_2022,0.5510000000000019,1.8556099222523403,-1.3046099222523384,0.9086540914944388,0.5510000000000019,adaptive over-performers,capacity,186,186,7,0.03626943005181349,7,0.03626943005181349,SP.DYN.LE00.IN,https://api.worldbank.org/v2/country/all/indicator/SP.DYN.LE00.IN?format=json&date=2019:2022,True
ZMB,Zambia,Sub-Saharan Africa ,Lower middle income,0.398733403641898,0.148354756843235,0.4799273839424842,0.5115420343716984,0.4551094394101747,0.0677083333333333,0.0384615384615384,life_expectancy::max_life_expectancy_drop_2020_2022,max_life_expectancy_drop_2020_2022,0.5510000000000019,1.065790261231501,-0.514790261231499,0.35854876553592296,0.5510000000000019,adaptive over-performers,capacity,186,186,7,0.03626943005181349,7,0.03626943005181349,SP.DYN.LE00.IN,https://api.worldbank.org/v2/country/all/indicator/SP.DYN.LE00.IN?format=json&date=2019:2022,True
KEN,Kenya,Sub-Saharan Africa ,Lower middle income,0.3890903623993153,0.0972183112902353,0.5114875945465769,0.5283100932087896,0.4193454505516595,0.0635416666666666,0.0,life_expectancy::max_life_expectancy_drop_2020_2022,max_life_expectancy_drop_2020_2022,1.7139999999999986,0.8765474609164265,0.8374525390835721,-0.5832813801974979,1.7139999999999986,structurally vulnerable systems,capacity,186,186,7,0.03626943005181349,7,0.03626943005181349,SP.DYN.LE00.IN,https://api.worldbank.org/v2/country/all/indicator/SP.DYN.LE00.IN?format=json&date=2019:2022,True
ZWE,Zimbabwe,Sub-Saharan Africa ,Lower middle income,0.38806923138714,0.1516628575007665,0.5097254431143966,0.4358296936483875,0.4550589312850092,0.0783854166666667,0.0384615384615384,life_expectancy::max_life_expectancy_drop_2020_2022,max_life_expectancy_drop_2020_2022,0.9250000000000043,0.9871807504803312,-0.062180750480326896,0.043308572449455365,0.9250000000000043,adaptive over-performers,capacity,186,186,7,0.03626943005181349,7,0.03626943005181349,SP.DYN.LE00.IN,https://api.worldbank.org/v2/country/all/indicator/SP.DYN.LE00.IN?format=json&date=2019:2022,True
TZA,Tanzania,Sub-Saharan Africa ,Lower middle income,0.3792385926527514,0.0474646694482312,0.5417886370447174,0.5876322975302823,0.3400687665877747,0.0734374999999999,0.0,life_expectancy::max_life_expectancy_drop_2020_2022,max_life_expectancy_drop_2020_2022,-0.12399999999999523,0.9103479732988706,-1.0343479732988659,0.7204180360244155,-0.12399999999999523,adaptive over-performers,capacity,186,186,7,0.03626943005181349,7,0.03626943005181349,SP.DYN.LE00.IN,https://api.worldbank.org/v2/country/all/indicator/SP.DYN.LE00.IN?format=json&date=2019:2022,True
NER,Niger,Sub-Saharan Africa ,Low income,0.3718314017389253,0.0699257888213592,0.7265049772254087,0.471340186773199,0.2195546541357343,0.0627604166666667,0.0,life_expectancy::max_life_expectancy_drop_2020_2022,max_life_expectancy_drop_2020_2022,0.4889999999999972,1.2096686708204474,-0.7206686708204502,0.5019420174440475,0.4889999999999972,adaptive over-performers,capacity,186,186,7,0.03626943005181349,7,0.03626943005181349,SP.DYN.LE00.IN,https://api.worldbank.org/v2/country/all/indicator/SP.DYN.LE00.IN?format=json&date=2019:2022,True
GAB,Gabon,Sub-Saharan Africa ,Upper middle income,0.3651068735683225,0.138052807569856,0.2113504030946073,0.5261745164673685,0.5848497671414582,0.11484375,0.0384615384615384,life_expectancy::max_life_expectancy_drop_2020_2022,max_life_expectancy_drop_2020_2022,0.26500000000000057,1.9960301763543433,-1.7310301763543428,1.2056536022117428,0.26500000000000057,adaptive over-performers,capacity,186,186,7,0.03626943005181349,7,0.03626943005181349,SP.DYN.LE00.IN,https://api.worldbank.org/v2/country/all/indicator/SP.DYN.LE00.IN?format=json&date=2019:2022,True
MDG,Madagascar,Sub-Saharan Africa ,Low income,0.3592437746890344,0.1153231844898054,0.4538996775579914,0.5671666338727684,0.3005856028355726,0.05234375,0.0384615384615384,life_expectancy::max_life_expectancy_drop_2020_2022,max_life_expectancy_drop_2020_2022,0.9879999999999995,1.0773137316976766,-0.08931373169767709,0.062206554119732985,0.9879999999999995,adaptive over-performers,capacity,186,186,7,0.03626943005181349,7,0.03626943005181349,SP.DYN.LE00.IN,https://api.worldbank.org/v2/country/all/indicator/SP.DYN.LE00.IN?format=json&date=2019:2022,True
MLI,Mali,Sub-Saharan Africa ,Low income,0.3538967819781152,0.0332697724922051,0.5993694215763046,0.4130624802531362,0.3698854535908151,0.0677083333333333,0.0,life_expectancy::max_life_expectancy_drop_2020_2022,max_life_expectancy_drop_2020_2022,0.35900000000000176,1.2784322065353728,-0.919432206535371,0.6403797963438548,0.35900000000000176,adaptive over-performers,capacity,186,186,7,0.03626943005181349,7,0.03626943005181349,SP.DYN.LE00.IN,https://api.worldbank.org/v2/country/all/indicator/SP.DYN.LE00.IN?format=json&date=2019:2022,True
UGA,Uganda,Sub-Saharan Africa ,Low income,0.3483614467043022,0.1061035619419715,0.5064313529574772,0.5197927914983296,0.2611180804194307,0.0627604166666667,0.0384615384615384,life_expectancy::max_life_expectancy_drop_2020_2022,max_life_expectancy_drop_2020_2022,-0.055999999999997385,0.8803302234341541,-0.9363302234341515,0.6521491780811256,-0.055999999999997385,adaptive over-performers,capacity,186,186,7,0.03626943005181349,7,0.03626943005181349,SP.DYN.LE00.IN,https://api.worldbank.org/v2/country/all/indicator/SP.DYN.LE00.IN?format=json&date=2019:2022,True
LBR,Liberia,Sub-Saharan Africa ,Low income,0.3361796610294643,0.1877567007405658,0.4721357417605541,0.4099281004611766,0.2748981011555607,0.0783854166666667,0.0,life_expectancy::max_life_expectancy_drop_2020_2022,max_life_expectancy_drop_2020_2022,0.0660000000000025,1.0462072325194374,-0.9802072325194349,0.6827092889218048,0.0660000000000025,adaptive over-performers,capacity,186,186,7,0.03626943005181349,7,0.03626943005181349,SP.DYN.LE00.IN,https://api.worldbank.org/v2/country/all/indicator/SP.DYN.LE00.IN?format=json&date=2019:2022,True
SLE,Sierra Leone,Sub-Saharan Africa ,Low income,0.3338856777659499,0.1633917159005928,0.5541396929007991,0.4001231932387364,0.2178881090236713,0.0520833333333333,0.0384615384615384,life_expectancy::max_life_expectancy_drop_2020_2022,max_life_expectancy_drop_2020_2022,-0.10099999999999909,0.9738856317946595,-1.0748856317946585,0.7486523063787395,-0.10099999999999909,adaptive over-performers,capacity,186,186,7,0.03626943005181349,7,0.03626943005181349,SP.DYN.LE00.IN,https://api.worldbank.org/v2/country/all/indicator/SP.DYN.LE00.IN?format=json&date=2019:2022,True
CIV,Cote d'Ivoire,Sub-Saharan Africa ,Lower middle income,0.3329791863052103,0.0741535282821927,0.53792970700994,0.3596764405761871,0.360157069352521,0.0572916666666666,0.0384615384615384,life_expectancy::max_life_expectancy_drop_2020_2022,max_life_expectancy_drop_2020_2022,0.13400000000000034,0.9135366550095655,-0.7795366550095651,0.5429432652339774,0.13400000000000034,adaptive over-performers,capacity,186,186,7,0.03626943005181349,7,0.03626943005181349,SP.DYN.LE00.IN,https://api.worldbank.org/v2/country/all/indicator/SP.DYN.LE00.IN?format=json&date=2019:2022,True
AFG,Afghanistan,"Middle East, North Africa, Afghanistan & Pakistan",Low income,0.332396513672854,0.1807662521463091,0.4637854931996459,0.4285911568318846,0.2564431525135764,0.11484375,0.0,life_expectancy::max_life_expectancy_drop_2020_2022,max_life_expectancy_drop_2020_2022,2.524000000000001,2.023887024317606,0.500112975682395,-0.3483261117458917,2.524000000000001,structurally vulnerable systems,capacity,186,186,7,0.03626943005181349,7,0.03626943005181349,SP.DYN.LE00.IN,https://api.worldbank.org/v2/country/all/indicator/SP.DYN.LE00.IN?format=json&date=2019:2022,True
COG,"Congo, Rep.",Sub-Saharan Africa ,Lower middle income,0.3320672498962238,0.0686799822695373,0.3698733797352416,0.5035692837773829,0.3861463538027336,0.078125,0.0384615384615384,life_expectancy::max_life_expectancy_drop_2020_2022,max_life_expectancy_drop_2020_2022,-1.039999999999992,1.2604916976610503,-2.3004916976610423,1.6022806188073562,-1.039999999999992,adaptive over-performers,capacity,186,186,7,0.03626943005181349,7,0.03626943005181349,SP.DYN.LE00.IN,https://api.worldbank.org/v2/country/all/indicator/SP.DYN.LE00.IN?format=json&date=2019:2022,True
MOZ,Mozambique,Sub-Saharan Africa ,Low income,0.3257438703745057,0.1282612890222688,0.3748780585097737,0.4572386837406941,0.342597450225286,0.09375,0.0,life_expectancy::max_life_expectancy_drop_2020_2022,max_life_expectancy_drop_2020_2022,1.0379999999999967,1.1251463028845625,-0.08714630288456582,0.06069695111467815,1.0379999999999967,adaptive over-performers,capacity,186,186,7,0.03626943005181349,7,0.03626943005181349,SP.DYN.LE00.IN,https://api.worldbank.org/v2/country/all/indicator/SP.DYN.LE00.IN?format=json&date=2019:2022,True
TGO,Togo,Sub-Saharan Africa ,Low income,0.3205897779711805,0.0813653588071903,0.6325742771675917,0.3859978558884651,0.1824216200214748,0.046875,0.0,life_expectancy::max_life_expectancy_drop_2020_2022,max_life_expectancy_drop_2020_2022,-0.07900000000000063,0.9139440691502616,-0.9929440691502622,0.6915804300344807,-0.07900000000000063,adaptive over-performers,capacity,186,186,7,0.03626943005181349,7,0.03626943005181349,SP.DYN.LE00.IN,https://api.worldbank.org/v2/country/all/indicator/SP.DYN.LE00.IN?format=json&date=2019:2022,True
GNB,Guinea-Bissau,Sub-Saharan Africa ,Low income,0.3155606717144947,0.1548181604943501,0.5127264590088881,0.4021180881259933,0.1925799792287475,0.0364583333333333,0.0384615384615384,life_expectancy::max_life_expectancy_drop_2020_2022,max_life_expectancy_drop_2020_2022,0.8179999999999978,1.0557502759716209,-0.23775027597162302,0.16559184268856258,0.8179999999999978,adaptive over-performers,capacity,186,186,7,0.03626943005181349,7,0.03626943005181349,SP.DYN.LE00.IN,https://api.worldbank.org/v2/country/all/indicator/SP.DYN.LE00.IN?format=json&date=2019:2022,True
ETH,Ethiopia,Sub-Saharan Africa ,Not classified,0.3126339450597165,0.0239316577780025,0.3825684395906421,0.6049296229032614,0.2391060599669598,0.0625,0.0,life_expectancy::max_life_expectancy_drop_2020_2022,max_life_expectancy_drop_2020_2022,0.41100000000000136,0.9737296850767573,-0.5627296850767559,0.3919383273335783,0.41100000000000136,adaptive over-performers,capacity,186,186,7,0.03626943005181349,7,0.03626943005181349,SP.DYN.LE00.IN,https://api.worldbank.org/v2/country/all/indicator/SP.DYN.LE00.IN?format=json&date=2019:2022,True
PNG,Papua New Guinea,East Asia & Pacific,Lower middle income,0.3095099282313308,0.0206440936051811,0.1960784313725489,0.591727638610372,0.429589549337221,0.0885416666666666,0.0,life_expectancy::max_life_expectancy_drop_2020_2022,max_life_expectancy_drop_2020_2022,0.972999999999999,1.6352234459332007,-0.6622234459332017,0.46123521933045863,0.972999999999999,adaptive over-performers,capacity,186,186,7,0.03626943005181349,7,0.03626943005181349,SP.DYN.LE00.IN,https://api.worldbank.org/v2/country/all/indicator/SP.DYN.LE00.IN?format=json&date=2019:2022,True
HTI,Haiti,Latin America & Caribbean ,Lower middle income,0.3051267654564157,0.1540041635140614,0.3465821000861043,0.4212631876254252,0.2986576106000716,0.0888020833333333,0.0,life_expectancy::max_life_expectancy_drop_2020_2022,max_life_expectancy_drop_2020_2022,1.7150000000000034,1.9230987817009213,-0.2080987817009179,0.14493972964814927,1.7150000000000034,adaptive over-performers,capacity,186,186,7,0.03626943005181349,7,0.03626943005181349,SP.DYN.LE00.IN,https://api.worldbank.org/v2/country/all/indicator/SP.DYN.LE00.IN?format=json&date=2019:2022,True
BEN,Benin,Sub-Saharan Africa ,Lower middle income,0.3006775454404479,0.0116356163820883,0.5702578590175916,0.3817788427817855,0.239037863580326,0.03125,0.0,life_expectancy::max_life_expectancy_drop_2020_2022,max_life_expectancy_drop_2020_2022,0.2779999999999987,0.8481975359087436,-0.5701975359087449,0.39713964697511667,0.2779999999999987,adaptive over-performers,capacity,186,186,7,0.03626943005181349,7,0.03626943005181349,SP.DYN.LE00.IN,https://api.worldbank.org/v2/country/all/indicator/SP.DYN.LE00.IN?format=json&date=2019:2022,True
SOM,"Somalia, Fed. Rep.",Sub-Saharan Africa ,Low income,0.2984658517600893,0.1120044287556544,0.4041786619317692,0.3950327498036119,0.2826475665493215,0.0473958333333333,0.0769230769230769,life_expectancy::max_life_expectancy_drop_2020_2022,max_life_expectancy_drop_2020_2022,3.318000000000005,1.2091524627235732,2.1088475372764317,-1.4688014481569807,3.318000000000005,structurally vulnerable systems,capacity,186,186,7,0.03626943005181349,7,0.03626943005181349,SP.DYN.LE00.IN,https://api.worldbank.org/v2/country/all/indicator/SP.DYN.LE00.IN?format=json&date=2019:2022,True
GNQ,Equatorial Guinea,Sub-Saharan Africa ,Upper middle income,0.2927705859332707,0.0820787762600091,0.366065703462512,0.4402580538222786,0.282679810188283,0.0421874999999999,0.0769230769230769,life_expectancy::max_life_expectancy_drop_2020_2022,max_life_expectancy_drop_2020_2022,0.1559999999999988,1.762435470074032,-1.606435470074033,1.1188740310088086,0.1559999999999988,adaptive over-performers,capacity,186,186,7,0.03626943005181349,7,0.03626943005181349,SP.DYN.LE00.IN,https://api.worldbank.org/v2/country/all/indicator/SP.DYN.LE00.IN?format=json&date=2019:2022,True
CMR,Cameroon,Sub-Saharan Africa ,Lower middle income,0.2865604943277909,0.0811858984779102,0.3723105828002901,0.4061616075451374,0.2865838884878259,0.0317708333333333,0.0,life_expectancy::max_life_expectancy_drop_2020_2022,max_life_expectancy_drop_2020_2022,0.5489999999999995,1.0417369277756419,-0.4927369277756424,0.34318873236895203,0.5489999999999995,adaptive over-performers,capacity,186,186,7,0.03626943005181349,7,0.03626943005181349,SP.DYN.LE00.IN,https://api.worldbank.org/v2/country/all/indicator/SP.DYN.LE00.IN?format=json&date=2019:2022,True
AGO,Angola,Sub-Saharan Africa ,Lower middle income,0.285234672855883,0.0249203806482133,0.2070013693468884,0.4993583796185231,0.4096585618099072,0.06796875,0.0,life_expectancy::max_life_expectancy_drop_2020_2022,max_life_expectancy_drop_2020_2022,0.09300000000000352,1.2667485423340332,-1.1737485423340297,0.8175098143789531,0.09300000000000352,adaptive over-performers,capacity,186,186,7,0.03626943005181349,7,0.03626943005181349,SP.DYN.LE00.IN,https://api.worldbank.org/v2/country/all/indicator/SP.DYN.LE00.IN?format=json&date=2019:2022,True
COD,"Congo, Dem. Rep.",Sub-Saharan Africa ,Low income,0.2753439223999352,0.0818089216160086,0.3462236769487815,0.4447416681983175,0.2286014228366332,0.02109375,0.0384615384615384,life_expectancy::max_life_expectancy_drop_2020_2022,max_life_expectancy_drop_2020_2022,0.1980000000000004,1.1518617822387316,-0.9538617822387312,0.6643598184927471,0.1980000000000004,adaptive over-performers,capacity,186,186,7,0.03626943005181349,7,0.03626943005181349,SP.DYN.LE00.IN,https://api.worldbank.org/v2/country/all/indicator/SP.DYN.LE00.IN?format=json&date=2019:2022,True
GIN,Guinea,Sub-Saharan Africa ,Lower middle income,0.2646289650491303,0.0917987251446991,0.3326963463073173,0.4070738962817934,0.2269468924627113,0.0260416666666666,0.0384615384615384,life_expectancy::max_life_expectancy_drop_2020_2022,max_life_expectancy_drop_2020_2022,0.028999999999996362,1.0206763062908748,-0.9916763062908784,0.6906974397324945,0.028999999999996362,adaptive over-performers,capacity,186,186,7,0.03626943005181349,7,0.03626943005181349,SP.DYN.LE00.IN,https://api.worldbank.org/v2/country/all/indicator/SP.DYN.LE00.IN?format=json&date=2019:2022,True
NGA,Nigeria,Sub-Saharan Africa ,Lower middle income,0.2458062841838076,0.0917886867565593,0.3094133804118968,0.3074809229965886,0.274542146570186,0.0260416666666666,0.0384615384615384,life_expectancy::max_life_expectancy_drop_2020_2022,max_life_expectancy_drop_2020_2022,-0.06300000000000239,0.8628367064209042,-0.9258367064209065,0.6448404975279455,-0.06300000000000239,adaptive over-performers,capacity,186,186,7,0.03626943005181349,7,0.03626943005181349,SP.DYN.LE00.IN,https://api.worldbank.org/v2/country/all/indicator/SP.DYN.LE00.IN?format=json&date=2019:2022,True
TCD,Chad,Sub-Saharan Africa ,Low income,0.2354626317582355,0.0134573715352018,0.3646409329992405,0.3833856531406419,0.180366569357858,0.015625,0.0,life_expectancy::max_life_expectancy_drop_2020_2022,max_life_expectancy_drop_2020_2022,-0.08899999999999864,1.4434745776207754,-1.532474577620774,1.067360650348474,-0.08899999999999864,adaptive over-performers,capacity,186,186,7,0.03626943005181349,7,0.03626943005181349,SP.DYN.LE00.IN,https://api.worldbank.org/v2/country/all/indicator/SP.DYN.LE00.IN?format=json&date=2019:2022,True
CAF,Central African Republic,Sub-Saharan Africa ,Low income,0.1936446053898495,0.1395661306570862,0.0862745098039214,0.3607286368211666,0.1880091442772238,0.0104166666666666,0.0384615384615384,life_expectancy::max_life_expectancy_drop_2020_2022,max_life_expectancy_drop_2020_2022,12.712,1.4754835153010795,11.236516484698921,-7.82617585825132,12.712,structurally vulnerable systems,preparedness,186,186,7,0.03626943005181349,7,0.03626943005181349,SP.DYN.LE00.IN,https://api.worldbank.org/v2/country/all/indicator/SP.DYN.LE00.IN?format=json&date=2019:2022,True
