country,iso3,indicator_code,indicator_name,year,value,unit,obs_status,decimal
Africa Eastern and Southern,AFE,NY.GDP.PCAP.PP.KD,"GDP per capita, PPP (constant 2021 international $)",2019,4195.86541780344,,,0
Africa Eastern and Southern,AFE,NY.GDP.PCAP.PP.KD,"GDP per capita, PPP (constant 2021 international $)",2018,4220.91250168849,,,0
Africa Eastern and Southern,AFE,NY.GDP.PCAP.PP.KD,"GDP per capita, PPP (constant 2021 international $)",2017,4214.39708524398,,,0
Africa Eastern and Southern,AFE,NY.GDP.PCAP.PP.KD,"GDP per capita, PPP (constant 2021 international $)",2016,4202.23641584707,,,0
Africa Eastern and Southern,AFE,NY.GDP.PCAP.PP.KD,"GDP per capita, PPP (constant 2021 international $)",2015,4206.25295270438,,,0
Africa Western and Central,AFW,NY.GDP.PCAP.PP.KD,"GDP per capita, PPP (constant 2021 international $)",2019,6059.60602380843,,,0
Africa Western and Central,AFW,NY.GDP.PCAP.PP.KD,"GDP per capita, PPP (constant 2021 international $)",2018,6016.31221720046,,,0
Africa Western and Central,AFW,NY.GDP.PCAP.PP.KD,"GDP per capita, PPP (constant 2021 international $)",2017,5999.74477975389,,,0
Africa Western and Central,AFW,NY.GDP.PCAP.PP.KD,"GDP per capita, PPP (constant 2021 international $)",2016,6026.16020343528,,,0
Africa Western and Central,AFW,NY.GDP.PCAP.PP.KD,"GDP per capita, PPP (constant 2021 international $)",2015,6185.24923306943,,,0
Arab World,ARB,NY.GDP.PCAP.PP.KD,"GDP per capita, PPP (constant 2021 international $)",2019,16782.382332277,,,0
Arab World,ARB,NY.GDP.PCAP.PP.KD,"GDP per capita, PPP (constant 2021 international $)",2018,16723.8193619802,,,0
Arab World,ARB,NY.GDP.PCAP.PP.KD,"GDP per capita, PPP (constant 2021 international $)",2017,16542.576023411,,,0
Arab World,ARB,NY.GDP.PCAP.PP.KD,"GDP per capita, PPP (constant 2021 international $)",2016,16606.2469902024,,,0
Arab World,ARB,NY.GDP.PCAP.PP.KD,"GDP per capita, PPP (constant 2021 international $)",2015,16371.0585517114,,,0
Caribbean small states,CSS,NY.GDP.PCAP.PP.KD,"GDP per capita, PPP (constant 2021 international $)",2019,24160.9840718485,,,0
Caribbean small states,CSS,NY.GDP.PCAP.PP.KD,"GDP per capita, PPP (constant 2021 international $)",2018,24087.8015339711,,,0
Caribbean small states,CSS,NY.GDP.PCAP.PP.KD,"GDP per capita, PPP (constant 2021 international $)",2017,23997.9154256351,,,0
Caribbean small states,CSS,NY.GDP.PCAP.PP.KD,"GDP per capita, PPP (constant 2021 international $)",2016,24416.1391025428,,,0
Caribbean small states,CSS,NY.GDP.PCAP.PP.KD,"GDP per capita, PPP (constant 2021 international $)",2015,25478.6360975466,,,0
Central Europe and the Baltics,CEB,NY.GDP.PCAP.PP.KD,"GDP per capita, PPP (constant 2021 international $)",2019,38302.2924608286,,,0
Central Europe and the Baltics,CEB,NY.GDP.PCAP.PP.KD,"GDP per capita, PPP (constant 2021 international $)",2018,36731.3989449303,,,0
Central Europe and the Baltics,CEB,NY.GDP.PCAP.PP.KD,"GDP per capita, PPP (constant 2021 international $)",2017,34898.8933468064,,,0
Central Europe and the Baltics,CEB,NY.GDP.PCAP.PP.KD,"GDP per capita, PPP (constant 2021 international $)",2016,33063.4235806357,,,0
Central Europe and the Baltics,CEB,NY.GDP.PCAP.PP.KD,"GDP per capita, PPP (constant 2021 international $)",2015,32054.2619067409,,,0
Early-demographic dividend,EAR,NY.GDP.PCAP.PP.KD,"GDP per capita, PPP (constant 2021 international $)",2019,10736.257704342,,,0
Early-demographic dividend,EAR,NY.GDP.PCAP.PP.KD,"GDP per capita, PPP (constant 2021 international $)",2018,10561.4040343593,,,0
Early-demographic dividend,EAR,NY.GDP.PCAP.PP.KD,"GDP per capita, PPP (constant 2021 international $)",2017,10252.1107558915,,,0
Early-demographic dividend,EAR,NY.GDP.PCAP.PP.KD,"GDP per capita, PPP (constant 2021 international $)",2016,9888.49532136733,,,0
Early-demographic dividend,EAR,NY.GDP.PCAP.PP.KD,"GDP per capita, PPP (constant 2021 international $)",2015,9536.09869046762,,,0
East Asia & Pacific,EAS,NY.GDP.PCAP.PP.KD,"GDP per capita, PPP (constant 2021 international $)",2019,20360.1789601769,,,0
East Asia & Pacific,EAS,NY.GDP.PCAP.PP.KD,"GDP per capita, PPP (constant 2021 international $)",2018,19592.7875603847,,,0
East Asia & Pacific,EAS,NY.GDP.PCAP.PP.KD,"GDP per capita, PPP (constant 2021 international $)",2017,18741.9275790888,,,0
East Asia & Pacific,EAS,NY.GDP.PCAP.PP.KD,"GDP per capita, PPP (constant 2021 international $)",2016,17906.8923162744,,,0
East Asia & Pacific,EAS,NY.GDP.PCAP.PP.KD,"GDP per capita, PPP (constant 2021 international $)",2015,17172.6129371519,,,0
East Asia & Pacific (excluding high income),EAP,NY.GDP.PCAP.PP.KD,"GDP per capita, PPP (constant 2021 international $)",2019,16753.9447628439,,,0
East Asia & Pacific (excluding high income),EAP,NY.GDP.PCAP.PP.KD,"GDP per capita, PPP (constant 2021 international $)",2018,15924.7426633518,,,0
East Asia & Pacific (excluding high income),EAP,NY.GDP.PCAP.PP.KD,"GDP per capita, PPP (constant 2021 international $)",2017,15060.0306649328,,,0
East Asia & Pacific (excluding high income),EAP,NY.GDP.PCAP.PP.KD,"GDP per capita, PPP (constant 2021 international $)",2016,14243.6077151602,,,0
East Asia & Pacific (excluding high income),EAP,NY.GDP.PCAP.PP.KD,"GDP per capita, PPP (constant 2021 international $)",2015,13493.1686234666,,,0
East Asia & Pacific (IDA & IBRD countries),TEA,NY.GDP.PCAP.PP.KD,"GDP per capita, PPP (constant 2021 international $)",2019,16941.7449353979,,,0
East Asia & Pacific (IDA & IBRD countries),TEA,NY.GDP.PCAP.PP.KD,"GDP per capita, PPP (constant 2021 international $)",2018,16103.5382710721,,,0
East Asia & Pacific (IDA & IBRD countries),TEA,NY.GDP.PCAP.PP.KD,"GDP per capita, PPP (constant 2021 international $)",2017,15229.5232265583,,,0
East Asia & Pacific (IDA & IBRD countries),TEA,NY.GDP.PCAP.PP.KD,"GDP per capita, PPP (constant 2021 international $)",2016,14404.4664735946,,,0
East Asia & Pacific (IDA & IBRD countries),TEA,NY.GDP.PCAP.PP.KD,"GDP per capita, PPP (constant 2021 international $)",2015,13646.0224576994,,,0
Euro area,EMU,NY.GDP.PCAP.PP.KD,"GDP per capita, PPP (constant 2021 international $)",2019,54379.98512666,,,0
Euro area,EMU,NY.GDP.PCAP.PP.KD,"GDP per capita, PPP (constant 2021 international $)",2018,53607.8350702203,,,0
Euro area,EMU,NY.GDP.PCAP.PP.KD,"GDP per capita, PPP (constant 2021 international $)",2017,52822.4107675307,,,0
Euro area,EMU,NY.GDP.PCAP.PP.KD,"GDP per capita, PPP (constant 2021 international $)",2016,51578.7517913514,,,0
Euro area,EMU,NY.GDP.PCAP.PP.KD,"GDP per capita, PPP (constant 2021 international $)",2015,50796.8784465401,,,0
Europe & Central Asia,ECS,NY.GDP.PCAP.PP.KD,"GDP per capita, PPP (constant 2021 international $)",2019,41747.7228403984,,,0
Europe & Central Asia,ECS,NY.GDP.PCAP.PP.KD,"GDP per capita, PPP (constant 2021 international $)",2018,41055.44504333,,,0
Europe & Central Asia,ECS,NY.GDP.PCAP.PP.KD,"GDP per capita, PPP (constant 2021 international $)",2017,40232.2658442438,,,0
Europe & Central Asia,ECS,NY.GDP.PCAP.PP.KD,"GDP per capita, PPP (constant 2021 international $)",2016,39180.4967897882,,,0
Europe & Central Asia,ECS,NY.GDP.PCAP.PP.KD,"GDP per capita, PPP (constant 2021 international $)",2015,38658.8920830402,,,0
Europe & Central Asia (excluding high income),ECA,NY.GDP.PCAP.PP.KD,"GDP per capita, PPP (constant 2021 international $)",2019,20780.2139282424,,,0
Europe & Central Asia (excluding high income),ECA,NY.GDP.PCAP.PP.KD,"GDP per capita, PPP (constant 2021 international $)",2018,20399.7570509537,,,0
Europe & Central Asia (excluding high income),ECA,NY.GDP.PCAP.PP.KD,"GDP per capita, PPP (constant 2021 international $)",2017,19833.9869165449,,,0
Europe & Central Asia (excluding high income),ECA,NY.GDP.PCAP.PP.KD,"GDP per capita, PPP (constant 2021 international $)",2016,18992.2222480179,,,0
Europe & Central Asia (excluding high income),ECA,NY.GDP.PCAP.PP.KD,"GDP per capita, PPP (constant 2021 international $)",2015,18691.5218428477,,,0
Europe & Central Asia (IDA & IBRD countries),TEC,NY.GDP.PCAP.PP.KD,"GDP per capita, PPP (constant 2021 international $)",2019,28513.4293915676,,,0
Europe & Central Asia (IDA & IBRD countries),TEC,NY.GDP.PCAP.PP.KD,"GDP per capita, PPP (constant 2021 international $)",2018,27855.4925748848,,,0
Europe & Central Asia (IDA & IBRD countries),TEC,NY.GDP.PCAP.PP.KD,"GDP per capita, PPP (constant 2021 international $)",2017,26985.0683124814,,,0
Europe & Central Asia (IDA & IBRD countries),TEC,NY.GDP.PCAP.PP.KD,"GDP per capita, PPP (constant 2021 international $)",2016,26097.7936953215,,,0
Europe & Central Asia (IDA & IBRD countries),TEC,NY.GDP.PCAP.PP.KD,"GDP per capita, PPP (constant 2021 international $)",2015,25818.835598776,,,0
European Union,EUU,NY.GDP.PCAP.PP.KD,"GDP per capita, PPP (constant 2021 international $)",2019,51662.3607067392,,,0
European Union,EUU,NY.GDP.PCAP.PP.KD,"GDP per capita, PPP (constant 2021 international $)",2018,50706.3680766011,,,0
European Union,EUU,NY.GDP.PCAP.PP.KD,"GDP per capita, PPP (constant 2021 international $)",2017,49704.0306433211,,,0
European Union,EUU,NY.GDP.PCAP.PP.KD,"GDP per capita, PPP (constant 2021 international $)",2016,48336.2770925391,,,0
European Union,EUU,NY.GDP.PCAP.PP.KD,"GDP per capita, PPP (constant 2021 international $)",2015,47490.6745941101,,,0
Fragile and conflict affected situations,FCS,NY.GDP.PCAP.PP.KD,"GDP per capita, PPP (constant 2021 international $)",2019,6437.16415647199,,,0
Fragile and conflict affected situations,FCS,NY.GDP.PCAP.PP.KD,"GDP per capita, PPP (constant 2021 international $)",2018,6406.3832224966,,,0
Fragile and conflict affected situations,FCS,NY.GDP.PCAP.PP.KD,"GDP per capita, PPP (constant 2021 international $)",2017,6361.74018504626,,,0
Fragile and conflict affected situations,FCS,NY.GDP.PCAP.PP.KD,"GDP per capita, PPP (constant 2021 international $)",2016,6353.04340447186,,,0
Fragile and conflict affected situations,FCS,NY.GDP.PCAP.PP.KD,"GDP per capita, PPP (constant 2021 international $)",2015,6340.05087419389,,,0
Heavily indebted poor countries (HIPC),HPC,NY.GDP.PCAP.PP.KD,"GDP per capita, PPP (constant 2021 international $)",2019,3090.51002329999,,,0
Heavily indebted poor countries (HIPC),HPC,NY.GDP.PCAP.PP.KD,"GDP per capita, PPP (constant 2021 international $)",2018,3049.71446182911,,,0
Heavily indebted poor countries (HIPC),HPC,NY.GDP.PCAP.PP.KD,"GDP per capita, PPP (constant 2021 international $)",2017,3012.68215863629,,,0
Heavily indebted poor countries (HIPC),HPC,NY.GDP.PCAP.PP.KD,"GDP per capita, PPP (constant 2021 international $)",2016,2953.65942785158,,,0
Heavily indebted poor countries (HIPC),HPC,NY.GDP.PCAP.PP.KD,"GDP per capita, PPP (constant 2021 international $)",2015,2910.69027383449,,,0
High income,,NY.GDP.PCAP.PP.KD,"GDP per capita, PPP (constant 2021 international $)",2019,54610.2148969437,,,0
High income,,NY.GDP.PCAP.PP.KD,"GDP per capita, PPP (constant 2021 international $)",2018,53756.5134637637,,,0
High income,,NY.GDP.PCAP.PP.KD,"GDP per capita, PPP (constant 2021 international $)",2017,52651.3288295953,,,0
High income,,NY.GDP.PCAP.PP.KD,"GDP per capita, PPP (constant 2021 international $)",2016,51585.492279655,,,0
High income,,NY.GDP.PCAP.PP.KD,"GDP per capita, PPP (constant 2021 international $)",2015,50977.3755991058,,,0
IBRD only,IBD,NY.GDP.PCAP.PP.KD,"GDP per capita, PPP (constant 2021 international $)",2019,15818.6727887525,,,0
IBRD only,IBD,NY.GDP.PCAP.PP.KD,"GDP per capita, PPP (constant 2021 international $)",2018,15352.2585831081,,,0
IBRD only,IBD,NY.GDP.PCAP.PP.KD,"GDP per capita, PPP (constant 2021 international $)",2017,14778.5254595762,,,0
IBRD only,IBD,NY.GDP.PCAP.PP.KD,"GDP per capita, PPP (constant 2021 international $)",2016,14202.1569184183,,,0
IBRD only,IBD,NY.GDP.PCAP.PP.KD,"GDP per capita, PPP (constant 2021 international $)",2015,13721.6723998914,,,0
IDA & IBRD total,IBT,NY.GDP.PCAP.PP.KD,"GDP per capita, PPP (constant 2021 international $)",2019,12925.5782973803,,,0
IDA & IBRD total,IBT,NY.GDP.PCAP.PP.KD,"GDP per capita, PPP (constant 2021 international $)",2018,12588.8584634301,,,0
IDA & IBRD total,IBT,NY.GDP.PCAP.PP.KD,"GDP per capita, PPP (constant 2021 international $)",2017,12162.7615968645,,,0
IDA & IBRD total,IBT,NY.GDP.PCAP.PP.KD,"GDP per capita, PPP (constant 2021 international $)",2016,11734.3731319995,,,0
IDA & IBRD total,IBT,NY.GDP.PCAP.PP.KD,"GDP per capita, PPP (constant 2021 international $)",2015,11381.8495832918,,,0
IDA blend,IDB,NY.GDP.PCAP.PP.KD,"GDP per capita, PPP (constant 2021 international $)",2019,6575.14345610382,,,0
IDA blend,IDB,NY.GDP.PCAP.PP.KD,"GDP per capita, PPP (constant 2021 international $)",2018,6518.91623903896,,,0
IDA blend,IDB,NY.GDP.PCAP.PP.KD,"GDP per capita, PPP (constant 2021 international $)",2017,6404.39766656804,,,0
IDA blend,IDB,NY.GDP.PCAP.PP.KD,"GDP per capita, PPP (constant 2021 international $)",2016,6361.78259683756,,,0
IDA blend,IDB,NY.GDP.PCAP.PP.KD,"GDP per capita, PPP (constant 2021 international $)",2015,6355.24608221981,,,0
IDA only,IDX,NY.GDP.PCAP.PP.KD,"GDP per capita, PPP (constant 2021 international $)",2019,4051.22177775691,,,0
IDA only,IDX,NY.GDP.PCAP.PP.KD,"GDP per capita, PPP (constant 2021 international $)",2018,3943.11112463091,,,0
IDA only,IDX,NY.GDP.PCAP.PP.KD,"GDP per capita, PPP (constant 2021 international $)",2017,3833.41633420438,,,0
IDA only,IDX,NY.GDP.PCAP.PP.KD,"GDP per capita, PPP (constant 2021 international $)",2016,3707.16703021306,,,0
IDA only,IDX,NY.GDP.PCAP.PP.KD,"GDP per capita, PPP (constant 2021 international $)",2015,3608.63949208975,,,0
IDA total,IDA,NY.GDP.PCAP.PP.KD,"GDP per capita, PPP (constant 2021 international $)",2019,4928.16444808896,,,0
IDA total,IDA,NY.GDP.PCAP.PP.KD,"GDP per capita, PPP (constant 2021 international $)",2018,4841.57291525317,,,0
IDA total,IDA,NY.GDP.PCAP.PP.KD,"GDP per capita, PPP (constant 2021 international $)",2017,4732.64618405375,,,0
IDA total,IDA,NY.GDP.PCAP.PP.KD,"GDP per capita, PPP (constant 2021 international $)",2016,4639.18294276708,,,0
IDA total,IDA,NY.GDP.PCAP.PP.KD,"GDP per capita, PPP (constant 2021 international $)",2015,4576.23918423755,,,0
Late-demographic dividend,LTE,NY.GDP.PCAP.PP.KD,"GDP per capita, PPP (constant 2021 international $)",2019,20852.6820662767,,,0
Late-demographic dividend,LTE,NY.GDP.PCAP.PP.KD,"GDP per capita, PPP (constant 2021 international $)",2018,20046.3548203081,,,0
Late-demographic dividend,LTE,NY.GDP.PCAP.PP.KD,"GDP per capita, PPP (constant 2021 international $)",2017,19161.7250464442,,,0
Late-demographic dividend,LTE,NY.GDP.PCAP.PP.KD,"GDP per capita, PPP (constant 2021 international $)",2016,18377.1004447058,,,0
Late-demographic dividend,LTE,NY.GDP.PCAP.PP.KD,"GDP per capita, PPP (constant 2021 international $)",2015,17783.9583560237,,,0
Latin America & Caribbean,LCN,NY.GDP.PCAP.PP.KD,"GDP per capita, PPP (constant 2021 international $)",2019,18882.9520259096,,,0
Latin America & Caribbean,LCN,NY.GDP.PCAP.PP.KD,"GDP per capita, PPP (constant 2021 international $)",2018,18894.209543149,,,0
Latin America & Caribbean,LCN,NY.GDP.PCAP.PP.KD,"GDP per capita, PPP (constant 2021 international $)",2017,18745.5824358526,,,0
Latin America & Caribbean,LCN,NY.GDP.PCAP.PP.KD,"GDP per capita, PPP (constant 2021 international $)",2016,18551.8182749603,,,0
Latin America & Caribbean,LCN,NY.GDP.PCAP.PP.KD,"GDP per capita, PPP (constant 2021 international $)",2015,18763.833651436,,,0
Latin America & Caribbean (excluding high income),LAC,NY.GDP.PCAP.PP.KD,"GDP per capita, PPP (constant 2021 international $)",2019,18111.5788705619,,,0
Latin America & Caribbean (excluding high income),LAC,NY.GDP.PCAP.PP.KD,"GDP per capita, PPP (constant 2021 international $)",2018,18164.4680971784,,,0
Latin America & Caribbean (excluding high income),LAC,NY.GDP.PCAP.PP.KD,"GDP per capita, PPP (constant 2021 international $)",2017,18061.8087308859,,,0
Latin America & Caribbean (excluding high income),LAC,NY.GDP.PCAP.PP.KD,"GDP per capita, PPP (constant 2021 international $)",2016,17878.5427855339,,,0
Latin America & Caribbean (excluding high income),LAC,NY.GDP.PCAP.PP.KD,"GDP per capita, PPP (constant 2021 international $)",2015,18119.0360664056,,,0
Latin America & the Caribbean (IDA & IBRD countries),TLA,NY.GDP.PCAP.PP.KD,"GDP per capita, PPP (constant 2021 international $)",2019,18790.9528914649,,,0
Latin America & the Caribbean (IDA & IBRD countries),TLA,NY.GDP.PCAP.PP.KD,"GDP per capita, PPP (constant 2021 international $)",2018,18808.4937492869,,,0
Latin America & the Caribbean (IDA & IBRD countries),TLA,NY.GDP.PCAP.PP.KD,"GDP per capita, PPP (constant 2021 international $)",2017,18654.3301005222,,,0
Latin America & the Caribbean (IDA & IBRD countries),TLA,NY.GDP.PCAP.PP.KD,"GDP per capita, PPP (constant 2021 international $)",2016,18456.8539063598,,,0
Latin America & the Caribbean (IDA & IBRD countries),TLA,NY.GDP.PCAP.PP.KD,"GDP per capita, PPP (constant 2021 international $)",2015,18671.6756767233,,,0
Least developed countries: UN classification,LDC,NY.GDP.PCAP.PP.KD,"GDP per capita, PPP (constant 2021 international $)",2019,3825.14512737437,,,0
Least developed countries: UN classification,LDC,NY.GDP.PCAP.PP.KD,"GDP per capita, PPP (constant 2021 international $)",2018,3718.46631552159,,,0
Least developed countries: UN classification,LDC,NY.GDP.PCAP.PP.KD,"GDP per capita, PPP (constant 2021 international $)",2017,3620.75951852676,,,0
Least developed countries: UN classification,LDC,NY.GDP.PCAP.PP.KD,"GDP per capita, PPP (constant 2021 international $)",2016,3522.91896139406,,,0
Least developed countries: UN classification,LDC,NY.GDP.PCAP.PP.KD,"GDP per capita, PPP (constant 2021 international $)",2015,3441.66399456899,,,0
Low & middle income,LMY,NY.GDP.PCAP.PP.KD,"GDP per capita, PPP (constant 2021 international $)",2019,12091.285538115,,,0
Low & middle income,LMY,NY.GDP.PCAP.PP.KD,"GDP per capita, PPP (constant 2021 international $)",2018,11765.0267871468,,,0
Low & middle income,LMY,NY.GDP.PCAP.PP.KD,"GDP per capita, PPP (constant 2021 international $)",2017,11355.2499906619,,,0
Low & middle income,LMY,NY.GDP.PCAP.PP.KD,"GDP per capita, PPP (constant 2021 international $)",2016,10932.0296919606,,,0
Low & middle income,LMY,NY.GDP.PCAP.PP.KD,"GDP per capita, PPP (constant 2021 international $)",2015,10563.4388345335,,,0
Low income,,NY.GDP.PCAP.PP.KD,"GDP per capita, PPP (constant 2021 international $)",2019,2434.3191547106,,,0
Low income,,NY.GDP.PCAP.PP.KD,"GDP per capita, PPP (constant 2021 international $)",2018,2432.99149398422,,,0
Low income,,NY.GDP.PCAP.PP.KD,"GDP per capita, PPP (constant 2021 international $)",2017,2425.21162568311,,,0
Low income,,NY.GDP.PCAP.PP.KD,"GDP per capita, PPP (constant 2021 international $)",2016,2422.19204116876,,,0
Low income,,NY.GDP.PCAP.PP.KD,"GDP per capita, PPP (constant 2021 international $)",2015,2431.47117269995,,,0
Lower middle income,,NY.GDP.PCAP.PP.KD,"GDP per capita, PPP (constant 2021 international $)",2019,7843.63655442009,,,0
Lower middle income,,NY.GDP.PCAP.PP.KD,"GDP per capita, PPP (constant 2021 international $)",2018,7635.97899988466,,,0
Lower middle income,,NY.GDP.PCAP.PP.KD,"GDP per capita, PPP (constant 2021 international $)",2017,7334.51120461161,,,0
Lower middle income,,NY.GDP.PCAP.PP.KD,"GDP per capita, PPP (constant 2021 international $)",2016,7049.04160112153,,,0
Lower middle income,,NY.GDP.PCAP.PP.KD,"GDP per capita, PPP (constant 2021 international $)",2015,6755.22608255852,,,0
"Middle East, North Africa, Afghanistan & Pakistan",MEA,NY.GDP.PCAP.PP.KD,"GDP per capita, PPP (constant 2021 international $)",2019,13860.9343986019,,,0
"Middle East, North Africa, Afghanistan & Pakistan",MEA,NY.GDP.PCAP.PP.KD,"GDP per capita, PPP (constant 2021 international $)",2018,13842.6400835174,,,0
"Middle East, North Africa, Afghanistan & Pakistan",MEA,NY.GDP.PCAP.PP.KD,"GDP per capita, PPP (constant 2021 international $)",2017,13723.8357090461,,,0
"Middle East, North Africa, Afghanistan & Pakistan",MEA,NY.GDP.PCAP.PP.KD,"GDP per capita, PPP (constant 2021 international $)",2016,13645.8359003348,,,0
"Middle East, North Africa, Afghanistan & Pakistan",MEA,NY.GDP.PCAP.PP.KD,"GDP per capita, PPP (constant 2021 international $)",2015,13259.9310242112,,,0
"Middle East, North Africa, Afghanistan & Pakistan (excluding high income)",MNA,NY.GDP.PCAP.PP.KD,"GDP per capita, PPP (constant 2021 international $)",2019,9605.52420146062,,,0
"Middle East, North Africa, Afghanistan & Pakistan (excluding high income)",MNA,NY.GDP.PCAP.PP.KD,"GDP per capita, PPP (constant 2021 international $)",2018,9593.49548105505,,,0
"Middle East, North Africa, Afghanistan & Pakistan (excluding high income)",MNA,NY.GDP.PCAP.PP.KD,"GDP per capita, PPP (constant 2021 international $)",2017,9541.20621317531,,,0
"Middle East, North Africa, Afghanistan & Pakistan (excluding high income)",MNA,NY.GDP.PCAP.PP.KD,"GDP per capita, PPP (constant 2021 international $)",2016,9395.45474768035,,,0
"Middle East, North Africa, Afghanistan & Pakistan (excluding high income)",MNA,NY.GDP.PCAP.PP.KD,"GDP per capita, PPP (constant 2021 international $)",2015,9021.46155425322,,,0
"Middle East, North Africa, Afghanistan & Pakistan (IDA & IBRD)",TMN,NY.GDP.PCAP.PP.KD,"GDP per capita, PPP (constant 2021 international $)",2019,9629.48608824149,,,0
"Middle East, North Africa, Afghanistan & Pakistan (IDA & IBRD)",TMN,NY.GDP.PCAP.PP.KD,"GDP per capita, PPP (constant 2021 international $)",2018,9616.69771490976,,,0
"Middle East, North Africa, Afghanistan & Pakistan (IDA & IBRD)",TMN,NY.GDP.PCAP.PP.KD,"GDP per capita, PPP (constant 2021 international $)",2017,9563.29227886463,,,0
"Middle East, North Africa, Afghanistan & Pakistan (IDA & IBRD)",TMN,NY.GDP.PCAP.PP.KD,"GDP per capita, PPP (constant 2021 international $)",2016,9416.20056639579,,,0
"Middle East, North Africa, Afghanistan & Pakistan (IDA & IBRD)",TMN,NY.GDP.PCAP.PP.KD,"GDP per capita, PPP (constant 2021 international $)",2015,9042.19421356406,,,0
Middle income,MIC,NY.GDP.PCAP.PP.KD,"GDP per capita, PPP (constant 2021 international $)",2019,13026.1921227651,,,0
Middle income,MIC,NY.GDP.PCAP.PP.KD,"GDP per capita, PPP (constant 2021 international $)",2018,12652.622763287,,,0
Middle income,MIC,NY.GDP.PCAP.PP.KD,"GDP per capita, PPP (constant 2021 international $)",2017,12191.1259244473,,,0
Middle income,MIC,NY.GDP.PCAP.PP.KD,"GDP per capita, PPP (constant 2021 international $)",2016,11717.3629616092,,,0
Middle income,MIC,NY.GDP.PCAP.PP.KD,"GDP per capita, PPP (constant 2021 international $)",2015,11304.3987479773,,,0
North America,NAC,NY.GDP.PCAP.PP.KD,"GDP per capita, PPP (constant 2021 international $)",2019,67938.3944189517,,,0
North America,NAC,NY.GDP.PCAP.PP.KD,"GDP per capita, PPP (constant 2021 international $)",2018,66672.0445786912,,,0
North America,NAC,NY.GDP.PCAP.PP.KD,"GDP per capita, PPP (constant 2021 international $)",2017,65200.6650984045,,,0
North America,NAC,NY.GDP.PCAP.PP.KD,"GDP per capita, PPP (constant 2021 international $)",2016,64079.9609801917,,,0
North America,NAC,NY.GDP.PCAP.PP.KD,"GDP per capita, PPP (constant 2021 international $)",2015,63496.1568234086,,,0
Not classified,,NY.GDP.PCAP.PP.KD,"GDP per capita, PPP (constant 2021 international $)",2019,,,,0
Not classified,,NY.GDP.PCAP.PP.KD,"GDP per capita, PPP (constant 2021 international $)",2018,,,,0
Not classified,,NY.GDP.PCAP.PP.KD,"GDP per capita, PPP (constant 2021 international $)",2017,,,,0
Not classified,,NY.GDP.PCAP.PP.KD,"GDP per capita, PPP (constant 2021 international $)",2016,,,,0
Not classified,,NY.GDP.PCAP.PP.KD,"GDP per capita, PPP (constant 2021 international $)",2015,,,,0
OECD members,OED,NY.GDP.PCAP.PP.KD,"GDP per capita, PPP (constant 2021 international $)",2019,50306.6814679338,,,0
OECD members,OED,NY.GDP.PCAP.PP.KD,"GDP per capita, PPP (constant 2021 international $)",2018,49687.0078076748,,,0
OECD members,OED,NY.GDP.PCAP.PP.KD,"GDP per capita, PPP (constant 2021 international $)",2017,48824.2005087167,,,0
OECD members,OED,NY.GDP.PCAP.PP.KD,"GDP per capita, PPP (constant 2021 international $)",2016,47815.3606829439,,,0
OECD members,OED,NY.GDP.PCAP.PP.KD,"GDP per capita, PPP (constant 2021 international $)",2015,47222.4264143199,,,0
Other small states,OSS,NY.GDP.PCAP.PP.KD,"GDP per capita, PPP (constant 2021 international $)",2019,23747.6947327908,,,0
Other small states,OSS,NY.GDP.PCAP.PP.KD,"GDP per capita, PPP (constant 2021 international $)",2018,22985.9819466315,,,0
Other small states,OSS,NY.GDP.PCAP.PP.KD,"GDP per capita, PPP (constant 2021 international $)",2017,22368.3596347617,,,0
Other small states,OSS,NY.GDP.PCAP.PP.KD,"GDP per capita, PPP (constant 2021 international $)",2016,21602.2090125289,,,0
Other small states,OSS,NY.GDP.PCAP.PP.KD,"GDP per capita, PPP (constant 2021 international $)",2015,21060.1163265695,,,0
Pacific island small states,PSS,NY.GDP.PCAP.PP.KD,"GDP per capita, PPP (constant 2021 international $)",2019,7288.31019104527,,,0
Pacific island small states,PSS,NY.GDP.PCAP.PP.KD,"GDP per capita, PPP (constant 2021 international $)",2018,7314.62180323215,,,0
Pacific island small states,PSS,NY.GDP.PCAP.PP.KD,"GDP per capita, PPP (constant 2021 international $)",2017,7194.50395381984,,,0
Pacific island small states,PSS,NY.GDP.PCAP.PP.KD,"GDP per capita, PPP (constant 2021 international $)",2016,6990.1887390315,,,0
Pacific island small states,PSS,NY.GDP.PCAP.PP.KD,"GDP per capita, PPP (constant 2021 international $)",2015,6844.56953866979,,,0
Post-demographic dividend,PST,NY.GDP.PCAP.PP.KD,"GDP per capita, PPP (constant 2021 international $)",2019,55715.5565264182,,,0
Post-demographic dividend,PST,NY.GDP.PCAP.PP.KD,"GDP per capita, PPP (constant 2021 international $)",2018,54895.8897182902,,,0
Post-demographic dividend,PST,NY.GDP.PCAP.PP.KD,"GDP per capita, PPP (constant 2021 international $)",2017,53887.9630625978,,,0
Post-demographic dividend,PST,NY.GDP.PCAP.PP.KD,"GDP per capita, PPP (constant 2021 international $)",2016,52761.7427484299,,,0
Post-demographic dividend,PST,NY.GDP.PCAP.PP.KD,"GDP per capita, PPP (constant 2021 international $)",2015,52055.5180828139,,,0
Pre-demographic dividend,PRE,NY.GDP.PCAP.PP.KD,"GDP per capita, PPP (constant 2021 international $)",2019,4888.59916995327,,,0
Pre-demographic dividend,PRE,NY.GDP.PCAP.PP.KD,"GDP per capita, PPP (constant 2021 international $)",2018,4868.45975712931,,,0
Pre-demographic dividend,PRE,NY.GDP.PCAP.PP.KD,"GDP per capita, PPP (constant 2021 international $)",2017,4874.71149447624,,,0
Pre-demographic dividend,PRE,NY.GDP.PCAP.PP.KD,"GDP per capita, PPP (constant 2021 international $)",2016,4929.40810283355,,,0
Pre-demographic dividend,PRE,NY.GDP.PCAP.PP.KD,"GDP per capita, PPP (constant 2021 international $)",2015,4951.55666271614,,,0
Small states,SST,NY.GDP.PCAP.PP.KD,"GDP per capita, PPP (constant 2021 international $)",2019,21651.5595573883,,,0
Small states,SST,NY.GDP.PCAP.PP.KD,"GDP per capita, PPP (constant 2021 international $)",2018,21153.1071455937,,,0
Small states,SST,NY.GDP.PCAP.PP.KD,"GDP per capita, PPP (constant 2021 international $)",2017,20726.6600236013,,,0
Small states,SST,NY.GDP.PCAP.PP.KD,"GDP per capita, PPP (constant 2021 international $)",2016,20317.3656305928,,,0
Small states,SST,NY.GDP.PCAP.PP.KD,"GDP per capita, PPP (constant 2021 international $)",2015,20210.1952363993,,,0
South Asia,SAS,NY.GDP.PCAP.PP.KD,"GDP per capita, PPP (constant 2021 international $)",2019,7857.61469233314,,,0
South Asia,SAS,NY.GDP.PCAP.PP.KD,"GDP per capita, PPP (constant 2021 international $)",2018,7622.25084211992,,,0
South Asia,SAS,NY.GDP.PCAP.PP.KD,"GDP per capita, PPP (constant 2021 international $)",2017,7237.9013460911,,,0
South Asia,SAS,NY.GDP.PCAP.PP.KD,"GDP per capita, PPP (constant 2021 international $)",2016,6853.83622045557,,,0
South Asia,SAS,NY.GDP.PCAP.PP.KD,"GDP per capita, PPP (constant 2021 international $)",2015,6420.39753408396,,,0
South Asia (IDA & IBRD),TSA,NY.GDP.PCAP.PP.KD,"GDP per capita, PPP (constant 2021 international $)",2019,7857.61469233314,,,0
South Asia (IDA & IBRD),TSA,NY.GDP.PCAP.PP.KD,"GDP per capita, PPP (constant 2021 international $)",2018,7622.25084211992,,,0
South Asia (IDA & IBRD),TSA,NY.GDP.PCAP.PP.KD,"GDP per capita, PPP (constant 2021 international $)",2017,7237.9013460911,,,0
South Asia (IDA & IBRD),TSA,NY.GDP.PCAP.PP.KD,"GDP per capita, PPP (constant 2021 international $)",2016,6853.83622045557,,,0
South Asia (IDA & IBRD),TSA,NY.GDP.PCAP.PP.KD,"GDP per capita, PPP (constant 2021 international $)",2015,6420.39753408396,,,0
Sub-Saharan Africa,SSF,NY.GDP.PCAP.PP.KD,"GDP per capita, PPP (constant 2021 international $)",2019,4956.28204569314,,,0
Sub-Saharan Africa,SSF,NY.GDP.PCAP.PP.KD,"GDP per capita, PPP (constant 2021 international $)",2018,4954.56228767375,,,0
Sub-Saharan Africa,SSF,NY.GDP.PCAP.PP.KD,"GDP per capita, PPP (constant 2021 international $)",2017,4944.82716564733,,,0
Sub-Saharan Africa,SSF,NY.GDP.PCAP.PP.KD,"GDP per capita, PPP (constant 2021 international $)",2016,4948.61002148455,,,0
Sub-Saharan Africa,SSF,NY.GDP.PCAP.PP.KD,"GDP per capita, PPP (constant 2021 international $)",2015,5016.22753000527,,,0
Sub-Saharan Africa (excluding high income),SSA,NY.GDP.PCAP.PP.KD,"GDP per capita, PPP (constant 2021 international $)",2019,5237.57859289934,,,0
Sub-Saharan Africa (excluding high income),SSA,NY.GDP.PCAP.PP.KD,"GDP per capita, PPP (constant 2021 international $)",2018,5249.943568027,,,0
Sub-Saharan Africa (excluding high income),SSA,NY.GDP.PCAP.PP.KD,"GDP per capita, PPP (constant 2021 international $)",2017,5249.09498328977,,,0
Sub-Saharan Africa (excluding high income),SSA,NY.GDP.PCAP.PP.KD,"GDP per capita, PPP (constant 2021 international $)",2016,5268.83150135542,,,0
Sub-Saharan Africa (excluding high income),SSA,NY.GDP.PCAP.PP.KD,"GDP per capita, PPP (constant 2021 international $)",2015,5358.65561857327,,,0
Sub-Saharan Africa (IDA & IBRD countries),TSS,NY.GDP.PCAP.PP.KD,"GDP per capita, PPP (constant 2021 international $)",2019,4956.28204569314,,,0
Sub-Saharan Africa (IDA & IBRD countries),TSS,NY.GDP.PCAP.PP.KD,"GDP per capita, PPP (constant 2021 international $)",2018,4954.56228767375,,,0
Sub-Saharan Africa (IDA & IBRD countries),TSS,NY.GDP.PCAP.PP.KD,"GDP per capita, PPP (constant 2021 international $)",2017,4944.82716564733,,,0
Sub-Saharan Africa (IDA & IBRD countries),TSS,NY.GDP.PCAP.PP.KD,"GDP per capita, PPP (constant 2021 international $)",2016,4948.61002148455,,,0
Sub-Saharan Africa (IDA & IBRD countries),TSS,NY.GDP.PCAP.PP.KD,"GDP per capita, PPP (constant 2021 international $)",2015,5016.22753000526,,,0
Upper middle income,,NY.GDP.PCAP.PP.KD,"GDP per capita, PPP (constant 2021 international $)",2019,18493.5973842627,,,0
Upper middle income,,NY.GDP.PCAP.PP.KD,"GDP per capita, PPP (constant 2021 international $)",2018,17907.4583841786,,,0
Upper middle income,,NY.GDP.PCAP.PP.KD,"GDP per capita, PPP (constant 2021 international $)",2017,17244.5036832036,,,0
Upper middle income,,NY.GDP.PCAP.PP.KD,"GDP per capita, PPP (constant 2021 international $)",2016,16542.8508541019,,,0
Upper middle income,,NY.GDP.PCAP.PP.KD,"GDP per capita, PPP (constant 2021 international $)",2015,15974.4208451024,,,0
World,WLD,NY.GDP.PCAP.PP.KD,"GDP per capita, PPP (constant 2021 international $)",2019,19552.0835148296,,,0
World,WLD,NY.GDP.PCAP.PP.KD,"GDP per capita, PPP (constant 2021 international $)",2018,19189.0202232249,,,0
World,WLD,NY.GDP.PCAP.PP.KD,"GDP per capita, PPP (constant 2021 international $)",2017,18714.9389431259,,,0
World,WLD,NY.GDP.PCAP.PP.KD,"GDP per capita, PPP (constant 2021 international $)",2016,18232.7269157079,,,0
World,WLD,NY.GDP.PCAP.PP.KD,"GDP per capita, PPP (constant 2021 international $)",2015,17868.0908568708,,,0
Afghanistan,AFG,NY.GDP.PCAP.PP.KD,"GDP per capita, PPP (constant 2021 international $)",2019,2927.2451435353,,,0
Afghanistan,AFG,NY.GDP.PCAP.PP.KD,"GDP per capita, PPP (constant 2021 international $)",2018,2902.39211285546,,,0
Afghanistan,AFG,NY.GDP.PCAP.PP.KD,"GDP per capita, PPP (constant 2021 international $)",2017,2952.99891598909,,,0
Afghanistan,AFG,NY.GDP.PCAP.PP.KD,"GDP per capita, PPP (constant 2021 international $)",2016,2958.7853992308,,,0
Afghanistan,AFG,NY.GDP.PCAP.PP.KD,"GDP per capita, PPP (constant 2021 international $)",2015,2967.692067153,,,0
Albania,ALB,NY.GDP.PCAP.PP.KD,"GDP per capita, PPP (constant 2021 international $)",2019,16761.1925261726,,,0
Albania,ALB,NY.GDP.PCAP.PP.KD,"GDP per capita, PPP (constant 2021 international $)",2018,16170.990493278,,,0
Albania,ALB,NY.GDP.PCAP.PP.KD,"GDP per capita, PPP (constant 2021 international $)",2017,15359.4611530571,,,0
Albania,ALB,NY.GDP.PCAP.PP.KD,"GDP per capita, PPP (constant 2021 international $)",2016,14643.4892877063,,,0
Albania,ALB,NY.GDP.PCAP.PP.KD,"GDP per capita, PPP (constant 2021 international $)",2015,13876.81917653,,,0
Algeria,DZA,NY.GDP.PCAP.PP.KD,"GDP per capita, PPP (constant 2021 international $)",2019,15199.1989965639,,,0
Algeria,DZA,NY.GDP.PCAP.PP.KD,"GDP per capita, PPP (constant 2021 international $)",2018,15343.4261222434,,,0
Algeria,DZA,NY.GDP.PCAP.PP.KD,"GDP per capita, PPP (constant 2021 international $)",2017,15427.6641894713,,,0
Algeria,DZA,NY.GDP.PCAP.PP.KD,"GDP per capita, PPP (constant 2021 international $)",2016,15511.6858768094,,,0
Algeria,DZA,NY.GDP.PCAP.PP.KD,"GDP per capita, PPP (constant 2021 international $)",2015,15239.5171456469,,,0
American Samoa,ASM,NY.GDP.PCAP.PP.KD,"GDP per capita, PPP (constant 2021 international $)",2019,,,,0
American Samoa,ASM,NY.GDP.PCAP.PP.KD,"GDP per capita, PPP (constant 2021 international $)",2018,,,,0
American Samoa,ASM,NY.GDP.PCAP.PP.KD,"GDP per capita, PPP (constant 2021 international $)",2017,,,,0
American Samoa,ASM,NY.GDP.PCAP.PP.KD,"GDP per capita, PPP (constant 2021 international $)",2016,,,,0
American Samoa,ASM,NY.GDP.PCAP.PP.KD,"GDP per capita, PPP (constant 2021 international $)",2015,,,,0
Andorra,AND,NY.GDP.PCAP.PP.KD,"GDP per capita, PPP (constant 2021 international $)",2019,63215.899791913,,,0
Andorra,AND,NY.GDP.PCAP.PP.KD,"GDP per capita, PPP (constant 2021 international $)",2018,63048.5985572834,,,0
Andorra,AND,NY.GDP.PCAP.PP.KD,"GDP per capita, PPP (constant 2021 international $)",2017,63239.6577711911,,,0
Andorra,AND,NY.GDP.PCAP.PP.KD,"GDP per capita, PPP (constant 2021 international $)",2016,64402.8092369468,,,0
Andorra,AND,NY.GDP.PCAP.PP.KD,"GDP per capita, PPP (constant 2021 international $)",2015,62105.1542389675,,,0
Angola,AGO,NY.GDP.PCAP.PP.KD,"GDP per capita, PPP (constant 2021 international $)",2019,9648.01103767178,,,0
Angola,AGO,NY.GDP.PCAP.PP.KD,"GDP per capita, PPP (constant 2021 international $)",2018,10000.9443772509,,,0
Angola,AGO,NY.GDP.PCAP.PP.KD,"GDP per capita, PPP (constant 2021 international $)",2017,10414.2358842987,,,0
Angola,AGO,NY.GDP.PCAP.PP.KD,"GDP per capita, PPP (constant 2021 international $)",2016,10805.7122533667,,,0
Angola,AGO,NY.GDP.PCAP.PP.KD,"GDP per capita, PPP (constant 2021 international $)",2015,11392.9059344932,,,0
Antigua and Barbuda,ATG,NY.GDP.PCAP.PP.KD,"GDP per capita, PPP (constant 2021 international $)",2019,29651.8641526705,,,0
Antigua and Barbuda,ATG,NY.GDP.PCAP.PP.KD,"GDP per capita, PPP (constant 2021 international $)",2018,28878.6067675471,,,0
Antigua and Barbuda,ATG,NY.GDP.PCAP.PP.KD,"GDP per capita, PPP (constant 2021 international $)",2017,27199.1952402262,,,0
Antigua and Barbuda,ATG,NY.GDP.PCAP.PP.KD,"GDP per capita, PPP (constant 2021 international $)",2016,26627.71453894,,,0
Antigua and Barbuda,ATG,NY.GDP.PCAP.PP.KD,"GDP per capita, PPP (constant 2021 international $)",2015,25734.1516444171,,,0
Argentina,ARG,NY.GDP.PCAP.PP.KD,"GDP per capita, PPP (constant 2021 international $)",2019,26629.5529419501,,,0
Argentina,ARG,NY.GDP.PCAP.PP.KD,"GDP per capita, PPP (constant 2021 international $)",2018,27367.115094108,,,0
Argentina,ARG,NY.GDP.PCAP.PP.KD,"GDP per capita, PPP (constant 2021 international $)",2017,28334.904184742,,,0
Argentina,ARG,NY.GDP.PCAP.PP.KD,"GDP per capita, PPP (constant 2021 international $)",2016,27802.1057201498,,,0
Argentina,ARG,NY.GDP.PCAP.PP.KD,"GDP per capita, PPP (constant 2021 international $)",2015,28669.2061336796,,,0
Armenia,ARM,NY.GDP.PCAP.PP.KD,"GDP per capita, PPP (constant 2021 international $)",2019,16215.3607965094,,,0
Armenia,ARM,NY.GDP.PCAP.PP.KD,"GDP per capita, PPP (constant 2021 international $)",2018,15037.0452420712,,,0
Armenia,ARM,NY.GDP.PCAP.PP.KD,"GDP per capita, PPP (constant 2021 international $)",2017,14243.8749003795,,,0
Armenia,ARM,NY.GDP.PCAP.PP.KD,"GDP per capita, PPP (constant 2021 international $)",2016,13192.9940731731,,,0
Armenia,ARM,NY.GDP.PCAP.PP.KD,"GDP per capita, PPP (constant 2021 international $)",2015,13112.7600902915,,,0
Aruba,ABW,NY.GDP.PCAP.PP.KD,"GDP per capita, PPP (constant 2021 international $)",2019,39652.6320700939,,,0
Aruba,ABW,NY.GDP.PCAP.PP.KD,"GDP per capita, PPP (constant 2021 international $)",2018,39278.8297271438,,,0
Aruba,ABW,NY.GDP.PCAP.PP.KD,"GDP per capita, PPP (constant 2021 international $)",2017,38116.8310992499,,,0
Aruba,ABW,NY.GDP.PCAP.PP.KD,"GDP per capita, PPP (constant 2021 international $)",2016,36832.9040242979,,,0
Aruba,ABW,NY.GDP.PCAP.PP.KD,"GDP per capita, PPP (constant 2021 international $)",2015,36660.6310808381,,,0
Australia,AUS,NY.GDP.PCAP.PP.KD,"GDP per capita, PPP (constant 2021 international $)",2019,58048.6188420831,,,0
Australia,AUS,NY.GDP.PCAP.PP.KD,"GDP per capita, PPP (constant 2021 international $)",2018,57647.8455068105,,,0
Australia,AUS,NY.GDP.PCAP.PP.KD,"GDP per capita, PPP (constant 2021 international $)",2017,56881.8569859104,,,0
Australia,AUS,NY.GDP.PCAP.PP.KD,"GDP per capita, PPP (constant 2021 international $)",2016,56529.951824687,,,0
Australia,AUS,NY.GDP.PCAP.PP.KD,"GDP per capita, PPP (constant 2021 international $)",2015,55879.9958817103,,,0
Austria,AUT,NY.GDP.PCAP.PP.KD,"GDP per capita, PPP (constant 2021 international $)",2019,64609.374295614,,,0
Austria,AUT,NY.GDP.PCAP.PP.KD,"GDP per capita, PPP (constant 2021 international $)",2018,63778.0257051746,,,0
Austria,AUT,NY.GDP.PCAP.PP.KD,"GDP per capita, PPP (constant 2021 international $)",2017,62535.8983176843,,,0
Austria,AUT,NY.GDP.PCAP.PP.KD,"GDP per capita, PPP (constant 2021 international $)",2016,61572.7121353063,,,0
Austria,AUT,NY.GDP.PCAP.PP.KD,"GDP per capita, PPP (constant 2021 international $)",2015,60951.6892510507,,,0
Azerbaijan,AZE,NY.GDP.PCAP.PP.KD,"GDP per capita, PPP (constant 2021 international $)",2019,20101.491875147,,,0
Azerbaijan,AZE,NY.GDP.PCAP.PP.KD,"GDP per capita, PPP (constant 2021 international $)",2018,19781.8509058437,,,0
Azerbaijan,AZE,NY.GDP.PCAP.PP.KD,"GDP per capita, PPP (constant 2021 international $)",2017,19659.0048562768,,,0
Azerbaijan,AZE,NY.GDP.PCAP.PP.KD,"GDP per capita, PPP (constant 2021 international $)",2016,19822.4105943941,,,0
Azerbaijan,AZE,NY.GDP.PCAP.PP.KD,"GDP per capita, PPP (constant 2021 international $)",2015,20678.7539572375,,,0
"Bahamas, The",BHS,NY.GDP.PCAP.PP.KD,"GDP per capita, PPP (constant 2021 international $)",2019,33202.4902105068,,,0
"Bahamas, The",BHS,NY.GDP.PCAP.PP.KD,"GDP per capita, PPP (constant 2021 international $)",2018,33650.2164350935,,,0
"Bahamas, The",BHS,NY.GDP.PCAP.PP.KD,"GDP per capita, PPP (constant 2021 international $)",2017,33050.0350128611,,,0
"Bahamas, The",BHS,NY.GDP.PCAP.PP.KD,"GDP per capita, PPP (constant 2021 international $)",2016,32172.3365152976,,,0
"Bahamas, The",BHS,NY.GDP.PCAP.PP.KD,"GDP per capita, PPP (constant 2021 international $)",2015,32777.5849410742,,,0
Bahrain,BHR,NY.GDP.PCAP.PP.KD,"GDP per capita, PPP (constant 2021 international $)",2019,56749.9628370612,,,0
Bahrain,BHR,NY.GDP.PCAP.PP.KD,"GDP per capita, PPP (constant 2021 international $)",2018,54893.0724411368,,,0
Bahrain,BHR,NY.GDP.PCAP.PP.KD,"GDP per capita, PPP (constant 2021 international $)",2017,53859.7749589601,,,0
Bahrain,BHR,NY.GDP.PCAP.PP.KD,"GDP per capita, PPP (constant 2021 international $)",2016,54107.0752236423,,,0
Bahrain,BHR,NY.GDP.PCAP.PP.KD,"GDP per capita, PPP (constant 2021 international $)",2015,54149.9131524721,,,0
Bangladesh,BGD,NY.GDP.PCAP.PP.KD,"GDP per capita, PPP (constant 2021 international $)",2019,6838.32611608243,,,0
Bangladesh,BGD,NY.GDP.PCAP.PP.KD,"GDP per capita, PPP (constant 2021 international $)",2018,6392.59334024091,,,0
Bangladesh,BGD,NY.GDP.PCAP.PP.KD,"GDP per capita, PPP (constant 2021 international $)",2017,6005.70718781048,,,0
Bangladesh,BGD,NY.GDP.PCAP.PP.KD,"GDP per capita, PPP (constant 2021 international $)",2016,5682.53553494306,,,0
Bangladesh,BGD,NY.GDP.PCAP.PP.KD,"GDP per capita, PPP (constant 2021 international $)",2015,5352.71133299566,,,0
Barbados,BRB,NY.GDP.PCAP.PP.KD,"GDP per capita, PPP (constant 2021 international $)",2019,20737.9776890352,,,0
Barbados,BRB,NY.GDP.PCAP.PP.KD,"GDP per capita, PPP (constant 2021 international $)",2018,20727.4216338412,,,0
Barbados,BRB,NY.GDP.PCAP.PP.KD,"GDP per capita, PPP (constant 2021 international $)",2017,21035.7933581451,,,0
Barbados,BRB,NY.GDP.PCAP.PP.KD,"GDP per capita, PPP (constant 2021 international $)",2016,20930.633669268,,,0
Barbados,BRB,NY.GDP.PCAP.PP.KD,"GDP per capita, PPP (constant 2021 international $)",2015,20666.9651609374,,,0
Belarus,BLR,NY.GDP.PCAP.PP.KD,"GDP per capita, PPP (constant 2021 international $)",2019,26798.8206398076,,,0
Belarus,BLR,NY.GDP.PCAP.PP.KD,"GDP per capita, PPP (constant 2021 international $)",2018,26363.4629778536,,,0
Belarus,BLR,NY.GDP.PCAP.PP.KD,"GDP per capita, PPP (constant 2021 international $)",2017,25503.9809845207,,,0
Belarus,BLR,NY.GDP.PCAP.PP.KD,"GDP per capita, PPP (constant 2021 international $)",2016,24846.8301529359,,,0
Belarus,BLR,NY.GDP.PCAP.PP.KD,"GDP per capita, PPP (constant 2021 international $)",2015,25513.2132958317,,,0
Belgium,BEL,NY.GDP.PCAP.PP.KD,"GDP per capita, PPP (constant 2021 international $)",2019,60479.9769955466,,,0
Belgium,BEL,NY.GDP.PCAP.PP.KD,"GDP per capita, PPP (constant 2021 international $)",2018,59357.6896884394,,,0
Belgium,BEL,NY.GDP.PCAP.PP.KD,"GDP per capita, PPP (constant 2021 international $)",2017,58529.3302957534,,,0
Belgium,BEL,NY.GDP.PCAP.PP.KD,"GDP per capita, PPP (constant 2021 international $)",2016,57901.4976903148,,,0
Belgium,BEL,NY.GDP.PCAP.PP.KD,"GDP per capita, PPP (constant 2021 international $)",2015,57509.0245728702,,,0
Belize,BLZ,NY.GDP.PCAP.PP.KD,"GDP per capita, PPP (constant 2021 international $)",2019,11765.9748661176,,,0
Belize,BLZ,NY.GDP.PCAP.PP.KD,"GDP per capita, PPP (constant 2021 international $)",2018,11451.8979413877,,,0
Belize,BLZ,NY.GDP.PCAP.PP.KD,"GDP per capita, PPP (constant 2021 international $)",2017,11572.3007931461,,,0
Belize,BLZ,NY.GDP.PCAP.PP.KD,"GDP per capita, PPP (constant 2021 international $)",2016,12063.0600374093,,,0
Belize,BLZ,NY.GDP.PCAP.PP.KD,"GDP per capita, PPP (constant 2021 international $)",2015,12348.7944978311,,,0
Benin,BEN,NY.GDP.PCAP.PP.KD,"GDP per capita, PPP (constant 2021 international $)",2019,3281.10470051465,,,0
Benin,BEN,NY.GDP.PCAP.PP.KD,"GDP per capita, PPP (constant 2021 international $)",2018,3155.4510650627,,,0
Benin,BEN,NY.GDP.PCAP.PP.KD,"GDP per capita, PPP (constant 2021 international $)",2017,3041.77929984989,,,0
Benin,BEN,NY.GDP.PCAP.PP.KD,"GDP per capita, PPP (constant 2021 international $)",2016,2962.66381572265,,,0
Benin,BEN,NY.GDP.PCAP.PP.KD,"GDP per capita, PPP (constant 2021 international $)",2015,2952.00218338705,,,0
Bermuda,BMU,NY.GDP.PCAP.PP.KD,"GDP per capita, PPP (constant 2021 international $)",2019,95519.9206861686,,,0
Bermuda,BMU,NY.GDP.PCAP.PP.KD,"GDP per capita, PPP (constant 2021 international $)",2018,95639.2267310584,,,0
Bermuda,BMU,NY.GDP.PCAP.PP.KD,"GDP per capita, PPP (constant 2021 international $)",2017,96437.191438851,,,0
Bermuda,BMU,NY.GDP.PCAP.PP.KD,"GDP per capita, PPP (constant 2021 international $)",2016,93265.0675364638,,,0
Bermuda,BMU,NY.GDP.PCAP.PP.KD,"GDP per capita, PPP (constant 2021 international $)",2015,93859.8769494621,,,0
Bhutan,BTN,NY.GDP.PCAP.PP.KD,"GDP per capita, PPP (constant 2021 international $)",2019,14555.1884045845,,,0
Bhutan,BTN,NY.GDP.PCAP.PP.KD,"GDP per capita, PPP (constant 2021 international $)",2018,13854.8543977158,,,0
Bhutan,BTN,NY.GDP.PCAP.PP.KD,"GDP per capita, PPP (constant 2021 international $)",2017,13482.3425280358,,,0
Bhutan,BTN,NY.GDP.PCAP.PP.KD,"GDP per capita, PPP (constant 2021 international $)",2016,13320.9759036882,,,0
Bhutan,BTN,NY.GDP.PCAP.PP.KD,"GDP per capita, PPP (constant 2021 international $)",2015,12400.2983237391,,,0
Bolivia,BOL,NY.GDP.PCAP.PP.KD,"GDP per capita, PPP (constant 2021 international $)",2019,11930.9159145918,,,0
Bolivia,BOL,NY.GDP.PCAP.PP.KD,"GDP per capita, PPP (constant 2021 international $)",2018,11920.3135079645,,,0
Bolivia,BOL,NY.GDP.PCAP.PP.KD,"GDP per capita, PPP (constant 2021 international $)",2017,11755.2556195885,,,0
Bolivia,BOL,NY.GDP.PCAP.PP.KD,"GDP per capita, PPP (constant 2021 international $)",2016,11448.0218032246,,,0
Bolivia,BOL,NY.GDP.PCAP.PP.KD,"GDP per capita, PPP (constant 2021 international $)",2015,11144.6415727207,,,0
Bosnia and Herzegovina,BIH,NY.GDP.PCAP.PP.KD,"GDP per capita, PPP (constant 2021 international $)",2019,17029.3678184559,,,0
Bosnia and Herzegovina,BIH,NY.GDP.PCAP.PP.KD,"GDP per capita, PPP (constant 2021 international $)",2018,16349.0675137661,,,0
Bosnia and Herzegovina,BIH,NY.GDP.PCAP.PP.KD,"GDP per capita, PPP (constant 2021 international $)",2017,15554.7232481788,,,0
Bosnia and Herzegovina,BIH,NY.GDP.PCAP.PP.KD,"GDP per capita, PPP (constant 2021 international $)",2016,14873.7027917131,,,0
Bosnia and Herzegovina,BIH,NY.GDP.PCAP.PP.KD,"GDP per capita, PPP (constant 2021 international $)",2015,14220.1489744552,,,0
Botswana,BWA,NY.GDP.PCAP.PP.KD,"GDP per capita, PPP (constant 2021 international $)",2019,18106.0105471124,,,0
Botswana,BWA,NY.GDP.PCAP.PP.KD,"GDP per capita, PPP (constant 2021 international $)",2018,17825.018569213,,,0
Botswana,BWA,NY.GDP.PCAP.PP.KD,"GDP per capita, PPP (constant 2021 international $)",2017,17352.8958451454,,,0
Botswana,BWA,NY.GDP.PCAP.PP.KD,"GDP per capita, PPP (constant 2021 international $)",2016,16905.588740873,,,0
Botswana,BWA,NY.GDP.PCAP.PP.KD,"GDP per capita, PPP (constant 2021 international $)",2015,15994.9643042101,,,0
Brazil,BRA,NY.GDP.PCAP.PP.KD,"GDP per capita, PPP (constant 2021 international $)",2019,18018.62091495,,,0
Brazil,BRA,NY.GDP.PCAP.PP.KD,"GDP per capita, PPP (constant 2021 international $)",2018,17917.7492122925,,,0
Brazil,BRA,NY.GDP.PCAP.PP.KD,"GDP per capita, PPP (constant 2021 international $)",2017,17724.4799577815,,,0
Brazil,BRA,NY.GDP.PCAP.PP.KD,"GDP per capita, PPP (constant 2021 international $)",2016,17620.9272434403,,,0
Brazil,BRA,NY.GDP.PCAP.PP.KD,"GDP per capita, PPP (constant 2021 international $)",2015,18357.0690615421,,,0
British Virgin Islands,VGB,NY.GDP.PCAP.PP.KD,"GDP per capita, PPP (constant 2021 international $)",2019,,,,0
British Virgin Islands,VGB,NY.GDP.PCAP.PP.KD,"GDP per capita, PPP (constant 2021 international $)",2018,,,,0
British Virgin Islands,VGB,NY.GDP.PCAP.PP.KD,"GDP per capita, PPP (constant 2021 international $)",2017,,,,0
British Virgin Islands,VGB,NY.GDP.PCAP.PP.KD,"GDP per capita, PPP (constant 2021 international $)",2016,,,,0
British Virgin Islands,VGB,NY.GDP.PCAP.PP.KD,"GDP per capita, PPP (constant 2021 international $)",2015,,,,0
Brunei Darussalam,BRN,NY.GDP.PCAP.PP.KD,"GDP per capita, PPP (constant 2021 international $)",2019,80228.1598170527,,,0
Brunei Darussalam,BRN,NY.GDP.PCAP.PP.KD,"GDP per capita, PPP (constant 2021 international $)",2018,78099.0507802561,,,0
Brunei Darussalam,BRN,NY.GDP.PCAP.PP.KD,"GDP per capita, PPP (constant 2021 international $)",2017,78966.8643142346,,,0
Brunei Darussalam,BRN,NY.GDP.PCAP.PP.KD,"GDP per capita, PPP (constant 2021 international $)",2016,78880.6228501768,,,0
Brunei Darussalam,BRN,NY.GDP.PCAP.PP.KD,"GDP per capita, PPP (constant 2021 international $)",2015,81910.1882959493,,,0
Bulgaria,BGR,NY.GDP.PCAP.PP.KD,"GDP per capita, PPP (constant 2021 international $)",2019,29150.0422926763,,,0
Bulgaria,BGR,NY.GDP.PCAP.PP.KD,"GDP per capita, PPP (constant 2021 international $)",2018,27691.0089237623,,,0
Bulgaria,BGR,NY.GDP.PCAP.PP.KD,"GDP per capita, PPP (constant 2021 international $)",2017,26691.8686963123,,,0
Bulgaria,BGR,NY.GDP.PCAP.PP.KD,"GDP per capita, PPP (constant 2021 international $)",2016,25636.8508634132,,,0
Bulgaria,BGR,NY.GDP.PCAP.PP.KD,"GDP per capita, PPP (constant 2021 international $)",2015,24562.750842738,,,0
Burkina Faso,BFA,NY.GDP.PCAP.PP.KD,"GDP per capita, PPP (constant 2021 international $)",2019,2391.53626844484,,,0
Burkina Faso,BFA,NY.GDP.PCAP.PP.KD,"GDP per capita, PPP (constant 2021 international $)",2018,2316.39432079045,,,0
Burkina Faso,BFA,NY.GDP.PCAP.PP.KD,"GDP per capita, PPP (constant 2021 international $)",2017,2232.28781490944,,,0
Burkina Faso,BFA,NY.GDP.PCAP.PP.KD,"GDP per capita, PPP (constant 2021 international $)",2016,2162.72578977814,,,0
Burkina Faso,BFA,NY.GDP.PCAP.PP.KD,"GDP per capita, PPP (constant 2021 international $)",2015,2101.70266192027,,,0
Burundi,BDI,NY.GDP.PCAP.PP.KD,"GDP per capita, PPP (constant 2021 international $)",2019,1057.95005999167,,,0
Burundi,BDI,NY.GDP.PCAP.PP.KD,"GDP per capita, PPP (constant 2021 international $)",2018,1046.59511246023,,,0
Burundi,BDI,NY.GDP.PCAP.PP.KD,"GDP per capita, PPP (constant 2021 international $)",2017,1023.97040626757,,,0
Burundi,BDI,NY.GDP.PCAP.PP.KD,"GDP per capita, PPP (constant 2021 international $)",2016,1009.63596796379,,,0
Burundi,BDI,NY.GDP.PCAP.PP.KD,"GDP per capita, PPP (constant 2021 international $)",2015,995.319068450023,,,0
Cabo Verde,CPV,NY.GDP.PCAP.PP.KD,"GDP per capita, PPP (constant 2021 international $)",2019,9111.62993173269,,,0
Cabo Verde,CPV,NY.GDP.PCAP.PP.KD,"GDP per capita, PPP (constant 2021 international $)",2018,8531.12961646549,,,0
Cabo Verde,CPV,NY.GDP.PCAP.PP.KD,"GDP per capita, PPP (constant 2021 international $)",2017,8234.56000312459,,,0
Cabo Verde,CPV,NY.GDP.PCAP.PP.KD,"GDP per capita, PPP (constant 2021 international $)",2016,7881.30336227784,,,0
Cabo Verde,CPV,NY.GDP.PCAP.PP.KD,"GDP per capita, PPP (constant 2021 international $)",2015,7560.13649202469,,,0
Cambodia,KHM,NY.GDP.PCAP.PP.KD,"GDP per capita, PPP (constant 2021 international $)",2019,6448.88455952805,,,0
Cambodia,KHM,NY.GDP.PCAP.PP.KD,"GDP per capita, PPP (constant 2021 international $)",2018,6050.59088262205,,,0
Cambodia,KHM,NY.GDP.PCAP.PP.KD,"GDP per capita, PPP (constant 2021 international $)",2017,5632.03125629342,,,0
Cambodia,KHM,NY.GDP.PCAP.PP.KD,"GDP per capita, PPP (constant 2021 international $)",2016,5283.72964943779,,,0
Cambodia,KHM,NY.GDP.PCAP.PP.KD,"GDP per capita, PPP (constant 2021 international $)",2015,4968.57276699143,,,0
Cameroon,CMR,NY.GDP.PCAP.PP.KD,"GDP per capita, PPP (constant 2021 international $)",2019,4882.35560028896,,,0
Cameroon,CMR,NY.GDP.PCAP.PP.KD,"GDP per capita, PPP (constant 2021 international $)",2018,4851.48003949961,,,0
Cameroon,CMR,NY.GDP.PCAP.PP.KD,"GDP per capita, PPP (constant 2021 international $)",2017,4797.97544185544,,,0
Cameroon,CMR,NY.GDP.PCAP.PP.KD,"GDP per capita, PPP (constant 2021 international $)",2016,4767.13186148953,,,0
Cameroon,CMR,NY.GDP.PCAP.PP.KD,"GDP per capita, PPP (constant 2021 international $)",2015,4698.66677843587,,,0
Canada,CAN,NY.GDP.PCAP.PP.KD,"GDP per capita, PPP (constant 2021 international $)",2019,57583.845798092,,,0
Canada,CAN,NY.GDP.PCAP.PP.KD,"GDP per capita, PPP (constant 2021 international $)",2018,57337.4909099991,,,0
Canada,CAN,NY.GDP.PCAP.PP.KD,"GDP per capita, PPP (constant 2021 international $)",2017,56612.3285367448,,,0
Canada,CAN,NY.GDP.PCAP.PP.KD,"GDP per capita, PPP (constant 2021 international $)",2016,55606.1549191947,,,0
Canada,CAN,NY.GDP.PCAP.PP.KD,"GDP per capita, PPP (constant 2021 international $)",2015,55660.8675272614,,,0
Cayman Islands,CYM,NY.GDP.PCAP.PP.KD,"GDP per capita, PPP (constant 2021 international $)",2019,77476.8412822407,,,0
Cayman Islands,CYM,NY.GDP.PCAP.PP.KD,"GDP per capita, PPP (constant 2021 international $)",2018,76124.5501254035,,,0
Cayman Islands,CYM,NY.GDP.PCAP.PP.KD,"GDP per capita, PPP (constant 2021 international $)",2017,74599.6807673263,,,0
Cayman Islands,CYM,NY.GDP.PCAP.PP.KD,"GDP per capita, PPP (constant 2021 international $)",2016,73941.8590538337,,,0
Cayman Islands,CYM,NY.GDP.PCAP.PP.KD,"GDP per capita, PPP (constant 2021 international $)",2015,73315.3848584988,,,0
Central African Republic,CAF,NY.GDP.PCAP.PP.KD,"GDP per capita, PPP (constant 2021 international $)",2019,1145.09563657752,,,0
Central African Republic,CAF,NY.GDP.PCAP.PP.KD,"GDP per capita, PPP (constant 2021 international $)",2018,1125.70091748228,,,0
Central African Republic,CAF,NY.GDP.PCAP.PP.KD,"GDP per capita, PPP (constant 2021 international $)",2017,1103.86609318724,,,0
Central African Republic,CAF,NY.GDP.PCAP.PP.KD,"GDP per capita, PPP (constant 2021 international $)",2016,1073.94477703739,,,0
Central African Republic,CAF,NY.GDP.PCAP.PP.KD,"GDP per capita, PPP (constant 2021 international $)",2015,1043.92171697157,,,0
Chad,TCD,NY.GDP.PCAP.PP.KD,"GDP per capita, PPP (constant 2021 international $)",2019,2604.53153663392,,,0
Chad,TCD,NY.GDP.PCAP.PP.KD,"GDP per capita, PPP (constant 2021 international $)",2018,2552.37036388576,,,0
Chad,TCD,NY.GDP.PCAP.PP.KD,"GDP per capita, PPP (constant 2021 international $)",2017,2496.26213644007,,,0
Chad,TCD,NY.GDP.PCAP.PP.KD,"GDP per capita, PPP (constant 2021 international $)",2016,2622.59780843796,,,0
Chad,TCD,NY.GDP.PCAP.PP.KD,"GDP per capita, PPP (constant 2021 international $)",2015,2822.57929900236,,,0
Channel Islands,CHI,NY.GDP.PCAP.PP.KD,"GDP per capita, PPP (constant 2021 international $)",2019,,,,0
Channel Islands,CHI,NY.GDP.PCAP.PP.KD,"GDP per capita, PPP (constant 2021 international $)",2018,,,,0
Channel Islands,CHI,NY.GDP.PCAP.PP.KD,"GDP per capita, PPP (constant 2021 international $)",2017,,,,0
Channel Islands,CHI,NY.GDP.PCAP.PP.KD,"GDP per capita, PPP (constant 2021 international $)",2016,,,,0
Channel Islands,CHI,NY.GDP.PCAP.PP.KD,"GDP per capita, PPP (constant 2021 international $)",2015,,,,0
Chile,CHL,NY.GDP.PCAP.PP.KD,"GDP per capita, PPP (constant 2021 international $)",2019,28218.5343879081,,,0
Chile,CHL,NY.GDP.PCAP.PP.KD,"GDP per capita, PPP (constant 2021 international $)",2018,28492.6611456515,,,0
Chile,CHL,NY.GDP.PCAP.PP.KD,"GDP per capita, PPP (constant 2021 international $)",2017,27892.9946862827,,,0
Chile,CHL,NY.GDP.PCAP.PP.KD,"GDP per capita, PPP (constant 2021 international $)",2016,27958.7284996682,,,0
Chile,CHL,NY.GDP.PCAP.PP.KD,"GDP per capita, PPP (constant 2021 international $)",2015,27811.3745158617,,,0
China,CHN,NY.GDP.PCAP.PP.KD,"GDP per capita, PPP (constant 2021 international $)",2019,18820.5131033646,,,0
China,CHN,NY.GDP.PCAP.PP.KD,"GDP per capita, PPP (constant 2021 international $)",2018,17806.7902349725,,,0
China,CHN,NY.GDP.PCAP.PP.KD,"GDP per capita, PPP (constant 2021 international $)",2017,16757.9736318662,,,0
China,CHN,NY.GDP.PCAP.PP.KD,"GDP per capita, PPP (constant 2021 international $)",2016,15772.7647598696,,,0
China,CHN,NY.GDP.PCAP.PP.KD,"GDP per capita, PPP (constant 2021 international $)",2015,14856.7807604461,,,0
Colombia,COL,NY.GDP.PCAP.PP.KD,"GDP per capita, PPP (constant 2021 international $)",2019,17336.7716030551,,,0
Colombia,COL,NY.GDP.PCAP.PP.KD,"GDP per capita, PPP (constant 2021 international $)",2018,17104.1313545678,,,0
Colombia,COL,NY.GDP.PCAP.PP.KD,"GDP per capita, PPP (constant 2021 international $)",2017,16986.0334182842,,,0
Colombia,COL,NY.GDP.PCAP.PP.KD,"GDP per capita, PPP (constant 2021 international $)",2016,17003.244366485,,,0
Colombia,COL,NY.GDP.PCAP.PP.KD,"GDP per capita, PPP (constant 2021 international $)",2015,16821.3801400631,,,0
Comoros,COM,NY.GDP.PCAP.PP.KD,"GDP per capita, PPP (constant 2021 international $)",2019,3451.42139338772,,,0
Comoros,COM,NY.GDP.PCAP.PP.KD,"GDP per capita, PPP (constant 2021 international $)",2018,3457.58685798732,,,0
Comoros,COM,NY.GDP.PCAP.PP.KD,"GDP per capita, PPP (constant 2021 international $)",2017,3401.85239322573,,,0
Comoros,COM,NY.GDP.PCAP.PP.KD,"GDP per capita, PPP (constant 2021 international $)",2016,3342.76677092883,,,0
Comoros,COM,NY.GDP.PCAP.PP.KD,"GDP per capita, PPP (constant 2021 international $)",2015,3302.38635129322,,,0
"Congo, Dem. Rep.",COD,NY.GDP.PCAP.PP.KD,"GDP per capita, PPP (constant 2021 international $)",2019,1394.76461472893,,,0
"Congo, Dem. Rep.",COD,NY.GDP.PCAP.PP.KD,"GDP per capita, PPP (constant 2021 international $)",2018,1431.7285269693,,,0
"Congo, Dem. Rep.",COD,NY.GDP.PCAP.PP.KD,"GDP per capita, PPP (constant 2021 international $)",2017,1395.71961761712,,,0
"Congo, Dem. Rep.",COD,NY.GDP.PCAP.PP.KD,"GDP per capita, PPP (constant 2021 international $)",2016,1388.80163211633,,,0
"Congo, Dem. Rep.",COD,NY.GDP.PCAP.PP.KD,"GDP per capita, PPP (constant 2021 international $)",2015,1433.21579814709,,,0
"Congo, Rep.",COG,NY.GDP.PCAP.PP.KD,"GDP per capita, PPP (constant 2021 international $)",2019,6939.36913397466,,,0
"Congo, Rep.",COG,NY.GDP.PCAP.PP.KD,"GDP per capita, PPP (constant 2021 international $)",2018,7029.33651566257,,,0
"Congo, Rep.",COG,NY.GDP.PCAP.PP.KD,"GDP per capita, PPP (constant 2021 international $)",2017,7372.77046737599,,,0
"Congo, Rep.",COG,NY.GDP.PCAP.PP.KD,"GDP per capita, PPP (constant 2021 international $)",2016,8001.8255194505,,,0
"Congo, Rep.",COG,NY.GDP.PCAP.PP.KD,"GDP per capita, PPP (constant 2021 international $)",2015,8977.70681641417,,,0
Costa Rica,CRI,NY.GDP.PCAP.PP.KD,"GDP per capita, PPP (constant 2021 international $)",2019,23364.783127574,,,0
Costa Rica,CRI,NY.GDP.PCAP.PP.KD,"GDP per capita, PPP (constant 2021 international $)",2018,23005.3121471794,,,0
Costa Rica,CRI,NY.GDP.PCAP.PP.KD,"GDP per capita, PPP (constant 2021 international $)",2017,22622.5534502517,,,0
Costa Rica,CRI,NY.GDP.PCAP.PP.KD,"GDP per capita, PPP (constant 2021 international $)",2016,21925.6000803999,,,0
Costa Rica,CRI,NY.GDP.PCAP.PP.KD,"GDP per capita, PPP (constant 2021 international $)",2015,21254.7840932049,,,0
Cote d'Ivoire,CIV,NY.GDP.PCAP.PP.KD,"GDP per capita, PPP (constant 2021 international $)",2019,5894.87874674153,,,0
Cote d'Ivoire,CIV,NY.GDP.PCAP.PP.KD,"GDP per capita, PPP (constant 2021 international $)",2018,5670.20005356688,,,0
Cote d'Ivoire,CIV,NY.GDP.PCAP.PP.KD,"GDP per capita, PPP (constant 2021 international $)",2017,5556.11366322898,,,0
Cote d'Ivoire,CIV,NY.GDP.PCAP.PP.KD,"GDP per capita, PPP (constant 2021 international $)",2016,5320.84646239855,,,0
Cote d'Ivoire,CIV,NY.GDP.PCAP.PP.KD,"GDP per capita, PPP (constant 2021 international $)",2015,5110.86240809881,,,0
Croatia,HRV,NY.GDP.PCAP.PP.KD,"GDP per capita, PPP (constant 2021 international $)",2019,35122.8508251139,,,0
Croatia,HRV,NY.GDP.PCAP.PP.KD,"GDP per capita, PPP (constant 2021 international $)",2018,33729.9071211239,,,0
Croatia,HRV,NY.GDP.PCAP.PP.KD,"GDP per capita, PPP (constant 2021 international $)",2017,32348.9341876482,,,0
Croatia,HRV,NY.GDP.PCAP.PP.KD,"GDP per capita, PPP (constant 2021 international $)",2016,30821.1637498177,,,0
Croatia,HRV,NY.GDP.PCAP.PP.KD,"GDP per capita, PPP (constant 2021 international $)",2015,29466.6996894141,,,0
Cuba,CUB,NY.GDP.PCAP.PP.KD,"GDP per capita, PPP (constant 2021 international $)",2019,,,,0
Cuba,CUB,NY.GDP.PCAP.PP.KD,"GDP per capita, PPP (constant 2021 international $)",2018,,,,0
Cuba,CUB,NY.GDP.PCAP.PP.KD,"GDP per capita, PPP (constant 2021 international $)",2017,,,,0
Cuba,CUB,NY.GDP.PCAP.PP.KD,"GDP per capita, PPP (constant 2021 international $)",2016,,,,0
Cuba,CUB,NY.GDP.PCAP.PP.KD,"GDP per capita, PPP (constant 2021 international $)",2015,,,,0
Curacao,CUW,NY.GDP.PCAP.PP.KD,"GDP per capita, PPP (constant 2021 international $)",2019,28659.6557023251,,,0
Curacao,CUW,NY.GDP.PCAP.PP.KD,"GDP per capita, PPP (constant 2021 international $)",2018,29256.8154066419,,,0
Curacao,CUW,NY.GDP.PCAP.PP.KD,"GDP per capita, PPP (constant 2021 international $)",2017,29729.1010079753,,,0
Curacao,CUW,NY.GDP.PCAP.PP.KD,"GDP per capita, PPP (constant 2021 international $)",2016,30209.7882652792,,,0
Curacao,CUW,NY.GDP.PCAP.PP.KD,"GDP per capita, PPP (constant 2021 international $)",2015,30861.3205298178,,,0
Cyprus,CYP,NY.GDP.PCAP.PP.KD,"GDP per capita, PPP (constant 2021 international $)",2019,45454.36328125,,,0
Cyprus,CYP,NY.GDP.PCAP.PP.KD,"GDP per capita, PPP (constant 2021 international $)",2018,43510.2109375,,,0
Cyprus,CYP,NY.GDP.PCAP.PP.KD,"GDP per capita, PPP (constant 2021 international $)",2017,41418.16015625,,,0
Cyprus,CYP,NY.GDP.PCAP.PP.KD,"GDP per capita, PPP (constant 2021 international $)",2016,39501.015625,,,0
Cyprus,CYP,NY.GDP.PCAP.PP.KD,"GDP per capita, PPP (constant 2021 international $)",2015,37258.65234375,,,0
Czechia,CZE,NY.GDP.PCAP.PP.KD,"GDP per capita, PPP (constant 2021 international $)",2019,47763.6165520254,,,0
Czechia,CZE,NY.GDP.PCAP.PP.KD,"GDP per capita, PPP (constant 2021 international $)",2018,46301.082036029,,,0
Czechia,CZE,NY.GDP.PCAP.PP.KD,"GDP per capita, PPP (constant 2021 international $)",2017,45177.5226053634,,,0
Czechia,CZE,NY.GDP.PCAP.PP.KD,"GDP per capita, PPP (constant 2021 international $)",2016,43069.4659744727,,,0
Czechia,CZE,NY.GDP.PCAP.PP.KD,"GDP per capita, PPP (constant 2021 international $)",2015,42066.5759800801,,,0
Denmark,DNK,NY.GDP.PCAP.PP.KD,"GDP per capita, PPP (constant 2021 international $)",2019,67131.4657009734,,,0
Denmark,DNK,NY.GDP.PCAP.PP.KD,"GDP per capita, PPP (constant 2021 international $)",2018,66238.705427981,,,0
Denmark,DNK,NY.GDP.PCAP.PP.KD,"GDP per capita, PPP (constant 2021 international $)",2017,65352.3988081353,,,0
Denmark,DNK,NY.GDP.PCAP.PP.KD,"GDP per capita, PPP (constant 2021 international $)",2016,63823.4502019665,,,0
Denmark,DNK,NY.GDP.PCAP.PP.KD,"GDP per capita, PPP (constant 2021 international $)",2015,62405.7161942122,,,0
Djibouti,DJI,NY.GDP.PCAP.PP.KD,"GDP per capita, PPP (constant 2021 international $)",2019,5809.30455041341,,,0
Djibouti,DJI,NY.GDP.PCAP.PP.KD,"GDP per capita, PPP (constant 2021 international $)",2018,5590.50426604853,,,0
Djibouti,DJI,NY.GDP.PCAP.PP.KD,"GDP per capita, PPP (constant 2021 international $)",2017,5421.95649149613,,,0
Djibouti,DJI,NY.GDP.PCAP.PP.KD,"GDP per capita, PPP (constant 2021 international $)",2016,5226.50026106607,,,0
Djibouti,DJI,NY.GDP.PCAP.PP.KD,"GDP per capita, PPP (constant 2021 international $)",2015,4961.8681860592,,,0
Dominica,DMA,NY.GDP.PCAP.PP.KD,"GDP per capita, PPP (constant 2021 international $)",2019,17619.4335416769,,,0
Dominica,DMA,NY.GDP.PCAP.PP.KD,"GDP per capita, PPP (constant 2021 international $)",2018,16877.1244880642,,,0
Dominica,DMA,NY.GDP.PCAP.PP.KD,"GDP per capita, PPP (constant 2021 international $)",2017,16314.2295558891,,,0
Dominica,DMA,NY.GDP.PCAP.PP.KD,"GDP per capita, PPP (constant 2021 international $)",2016,17364.0773046793,,,0
Dominica,DMA,NY.GDP.PCAP.PP.KD,"GDP per capita, PPP (constant 2021 international $)",2015,16920.9126555668,,,0
Dominican Republic,DOM,NY.GDP.PCAP.PP.KD,"GDP per capita, PPP (constant 2021 international $)",2019,21451.286441995,,,0
Dominican Republic,DOM,NY.GDP.PCAP.PP.KD,"GDP per capita, PPP (constant 2021 international $)",2018,20662.848586153,,,0
Dominican Republic,DOM,NY.GDP.PCAP.PP.KD,"GDP per capita, PPP (constant 2021 international $)",2017,19501.8743054078,,,0
Dominican Republic,DOM,NY.GDP.PCAP.PP.KD,"GDP per capita, PPP (constant 2021 international $)",2016,18968.9752386179,,,0
Dominican Republic,DOM,NY.GDP.PCAP.PP.KD,"GDP per capita, PPP (constant 2021 international $)",2015,17973.1870256815,,,0
Ecuador,ECU,NY.GDP.PCAP.PP.KD,"GDP per capita, PPP (constant 2021 international $)",2019,13870.4895118068,,,0
Ecuador,ECU,NY.GDP.PCAP.PP.KD,"GDP per capita, PPP (constant 2021 international $)",2018,14083.5069982304,,,0
Ecuador,ECU,NY.GDP.PCAP.PP.KD,"GDP per capita, PPP (constant 2021 international $)",2017,14179.1537503305,,,0
Ecuador,ECU,NY.GDP.PCAP.PP.KD,"GDP per capita, PPP (constant 2021 international $)",2016,13586.5160772568,,,0
Ecuador,ECU,NY.GDP.PCAP.PP.KD,"GDP per capita, PPP (constant 2021 international $)",2015,13881.5700738105,,,0
"Egypt, Arab Rep.",EGY,NY.GDP.PCAP.PP.KD,"GDP per capita, PPP (constant 2021 international $)",2019,15026.5682438097,,,0
"Egypt, Arab Rep.",EGY,NY.GDP.PCAP.PP.KD,"GDP per capita, PPP (constant 2021 international $)",2018,14488.2094340483,,,0
"Egypt, Arab Rep.",EGY,NY.GDP.PCAP.PP.KD,"GDP per capita, PPP (constant 2021 international $)",2017,14018.360593453,,,0
"Egypt, Arab Rep.",EGY,NY.GDP.PCAP.PP.KD,"GDP per capita, PPP (constant 2021 international $)",2016,13727.3201600494,,,0
"Egypt, Arab Rep.",EGY,NY.GDP.PCAP.PP.KD,"GDP per capita, PPP (constant 2021 international $)",2015,13425.9119599775,,,0
El Salvador,SLV,NY.GDP.PCAP.PP.KD,"GDP per capita, PPP (constant 2021 international $)",2019,10543.9383291317,,,0
El Salvador,SLV,NY.GDP.PCAP.PP.KD,"GDP per capita, PPP (constant 2021 international $)",2018,10297.203612692,,,0
El Salvador,SLV,NY.GDP.PCAP.PP.KD,"GDP per capita, PPP (constant 2021 international $)",2017,10064.7934942601,,,0
El Salvador,SLV,NY.GDP.PCAP.PP.KD,"GDP per capita, PPP (constant 2021 international $)",2016,9863.76121214453,,,0
El Salvador,SLV,NY.GDP.PCAP.PP.KD,"GDP per capita, PPP (constant 2021 international $)",2015,9646.15432339854,,,0
Equatorial Guinea,GNQ,NY.GDP.PCAP.PP.KD,"GDP per capita, PPP (constant 2021 international $)",2019,18446.5916579681,,,0
Equatorial Guinea,GNQ,NY.GDP.PCAP.PP.KD,"GDP per capita, PPP (constant 2021 international $)",2018,20165.4795550607,,,0
Equatorial Guinea,GNQ,NY.GDP.PCAP.PP.KD,"GDP per capita, PPP (constant 2021 international $)",2017,22250.4389230263,,,0
Equatorial Guinea,GNQ,NY.GDP.PCAP.PP.KD,"GDP per capita, PPP (constant 2021 international $)",2016,24435.0645564801,,,0
Equatorial Guinea,GNQ,NY.GDP.PCAP.PP.KD,"GDP per capita, PPP (constant 2021 international $)",2015,27797.7942803179,,,0
Eritrea,ERI,NY.GDP.PCAP.PP.KD,"GDP per capita, PPP (constant 2021 international $)",2019,,,,0
Eritrea,ERI,NY.GDP.PCAP.PP.KD,"GDP per capita, PPP (constant 2021 international $)",2018,,,,0
Eritrea,ERI,NY.GDP.PCAP.PP.KD,"GDP per capita, PPP (constant 2021 international $)",2017,,,,0
Eritrea,ERI,NY.GDP.PCAP.PP.KD,"GDP per capita, PPP (constant 2021 international $)",2016,,,,0
Eritrea,ERI,NY.GDP.PCAP.PP.KD,"GDP per capita, PPP (constant 2021 international $)",2015,,,,0
Estonia,EST,NY.GDP.PCAP.PP.KD,"GDP per capita, PPP (constant 2021 international $)",2019,42218.962853871,,,0
Estonia,EST,NY.GDP.PCAP.PP.KD,"GDP per capita, PPP (constant 2021 international $)",2018,40853.6487755073,,,0
Estonia,EST,NY.GDP.PCAP.PP.KD,"GDP per capita, PPP (constant 2021 international $)",2017,39533.4645582199,,,0
Estonia,EST,NY.GDP.PCAP.PP.KD,"GDP per capita, PPP (constant 2021 international $)",2016,37470.0427676805,,,0
Estonia,EST,NY.GDP.PCAP.PP.KD,"GDP per capita, PPP (constant 2021 international $)",2015,36356.4410152614,,,0
Eswatini,SWZ,NY.GDP.PCAP.PP.KD,"GDP per capita, PPP (constant 2021 international $)",2019,10099.5863118406,,,0
Eswatini,SWZ,NY.GDP.PCAP.PP.KD,"GDP per capita, PPP (constant 2021 international $)",2018,9578.10061089805,,,0
Eswatini,SWZ,NY.GDP.PCAP.PP.KD,"GDP per capita, PPP (constant 2021 international $)",2017,9660.55161538086,,,0
Eswatini,SWZ,NY.GDP.PCAP.PP.KD,"GDP per capita, PPP (constant 2021 international $)",2016,9402.50834103681,,,0
Eswatini,SWZ,NY.GDP.PCAP.PP.KD,"GDP per capita, PPP (constant 2021 international $)",2015,9186.65344720515,,,0
Ethiopia,ETH,NY.GDP.PCAP.PP.KD,"GDP per capita, PPP (constant 2021 international $)",2019,2437.97046055952,,,0
Ethiopia,ETH,NY.GDP.PCAP.PP.KD,"GDP per capita, PPP (constant 2021 international $)",2018,2311.16511659606,,,0
Ethiopia,ETH,NY.GDP.PCAP.PP.KD,"GDP per capita, PPP (constant 2021 international $)",2017,2222.82824481382,,,0
Ethiopia,ETH,NY.GDP.PCAP.PP.KD,"GDP per capita, PPP (constant 2021 international $)",2016,2084.840556194,,,0
Ethiopia,ETH,NY.GDP.PCAP.PP.KD,"GDP per capita, PPP (constant 2021 international $)",2015,1957.41454187301,,,0
Faroe Islands,FRO,NY.GDP.PCAP.PP.KD,"GDP per capita, PPP (constant 2021 international $)",2019,68134.0306302109,,,0
Faroe Islands,FRO,NY.GDP.PCAP.PP.KD,"GDP per capita, PPP (constant 2021 international $)",2018,66193.3474230922,,,0
Faroe Islands,FRO,NY.GDP.PCAP.PP.KD,"GDP per capita, PPP (constant 2021 international $)",2017,65460.6067882316,,,0
Faroe Islands,FRO,NY.GDP.PCAP.PP.KD,"GDP per capita, PPP (constant 2021 international $)",2016,64155.0271268999,,,0
Faroe Islands,FRO,NY.GDP.PCAP.PP.KD,"GDP per capita, PPP (constant 2021 international $)",2015,64008.8523742079,,,0
Fiji,FJI,NY.GDP.PCAP.PP.KD,"GDP per capita, PPP (constant 2021 international $)",2019,13056.3310937089,,,0
Fiji,FJI,NY.GDP.PCAP.PP.KD,"GDP per capita, PPP (constant 2021 international $)",2018,13100.0959551236,,,0
Fiji,FJI,NY.GDP.PCAP.PP.KD,"GDP per capita, PPP (constant 2021 international $)",2017,12597.3274662764,,,0
Fiji,FJI,NY.GDP.PCAP.PP.KD,"GDP per capita, PPP (constant 2021 international $)",2016,11951.9196317982,,,0
Fiji,FJI,NY.GDP.PCAP.PP.KD,"GDP per capita, PPP (constant 2021 international $)",2015,11674.0633525272,,,0
Finland,FIN,NY.GDP.PCAP.PP.KD,"GDP per capita, PPP (constant 2021 international $)",2019,56922.4873163103,,,0
Finland,FIN,NY.GDP.PCAP.PP.KD,"GDP per capita, PPP (constant 2021 international $)",2018,56226.337241343,,,0
Finland,FIN,NY.GDP.PCAP.PP.KD,"GDP per capita, PPP (constant 2021 international $)",2017,55637.2262781223,,,0
Finland,FIN,NY.GDP.PCAP.PP.KD,"GDP per capita, PPP (constant 2021 international $)",2016,53984.6316254715,,,0
Finland,FIN,NY.GDP.PCAP.PP.KD,"GDP per capita, PPP (constant 2021 international $)",2015,52782.4873926277,,,0
France,FRA,NY.GDP.PCAP.PP.KD,"GDP per capita, PPP (constant 2021 international $)",2019,53448.5548849943,,,0
France,FRA,NY.GDP.PCAP.PP.KD,"GDP per capita, PPP (constant 2021 international $)",2018,52560.9536243841,,,0
France,FRA,NY.GDP.PCAP.PP.KD,"GDP per capita, PPP (constant 2021 international $)",2017,51895.5662985838,,,0
France,FRA,NY.GDP.PCAP.PP.KD,"GDP per capita, PPP (constant 2021 international $)",2016,50984.075297832,,,0
France,FRA,NY.GDP.PCAP.PP.KD,"GDP per capita, PPP (constant 2021 international $)",2015,50682.8953586333,,,0
French Polynesia,PYF,NY.GDP.PCAP.PP.KD,"GDP per capita, PPP (constant 2021 international $)",2019,,,,0
French Polynesia,PYF,NY.GDP.PCAP.PP.KD,"GDP per capita, PPP (constant 2021 international $)",2018,,,,0
French Polynesia,PYF,NY.GDP.PCAP.PP.KD,"GDP per capita, PPP (constant 2021 international $)",2017,,,,0
French Polynesia,PYF,NY.GDP.PCAP.PP.KD,"GDP per capita, PPP (constant 2021 international $)",2016,,,,0
French Polynesia,PYF,NY.GDP.PCAP.PP.KD,"GDP per capita, PPP (constant 2021 international $)",2015,,,,0
Gabon,GAB,NY.GDP.PCAP.PP.KD,"GDP per capita, PPP (constant 2021 international $)",2019,19491.4067631986,,,0
Gabon,GAB,NY.GDP.PCAP.PP.KD,"GDP per capita, PPP (constant 2021 international $)",2018,19225.5982575261,,,0
Gabon,GAB,NY.GDP.PCAP.PP.KD,"GDP per capita, PPP (constant 2021 international $)",2017,19555.7078829752,,,0
Gabon,GAB,NY.GDP.PCAP.PP.KD,"GDP per capita, PPP (constant 2021 international $)",2016,19988.1755963792,,,0
Gabon,GAB,NY.GDP.PCAP.PP.KD,"GDP per capita, PPP (constant 2021 international $)",2015,20147.7116202405,,,0
"Gambia, The",GMB,NY.GDP.PCAP.PP.KD,"GDP per capita, PPP (constant 2021 international $)",2019,2750.82132179634,,,0
"Gambia, The",GMB,NY.GDP.PCAP.PP.KD,"GDP per capita, PPP (constant 2021 international $)",2018,2651.43281455826,,,0
"Gambia, The",GMB,NY.GDP.PCAP.PP.KD,"GDP per capita, PPP (constant 2021 international $)",2017,2533.18683710276,,,0
"Gambia, The",GMB,NY.GDP.PCAP.PP.KD,"GDP per capita, PPP (constant 2021 international $)",2016,2478.46055756999,,,0
"Gambia, The",GMB,NY.GDP.PCAP.PP.KD,"GDP per capita, PPP (constant 2021 international $)",2015,2495.95741601525,,,0
Georgia,GEO,NY.GDP.PCAP.PP.KD,"GDP per capita, PPP (constant 2021 international $)",2019,18186.8816465807,,,0
Georgia,GEO,NY.GDP.PCAP.PP.KD,"GDP per capita, PPP (constant 2021 international $)",2018,17228.6790847503,,,0
Georgia,GEO,NY.GDP.PCAP.PP.KD,"GDP per capita, PPP (constant 2021 international $)",2017,16237.6242230275,,,0
Georgia,GEO,NY.GDP.PCAP.PP.KD,"GDP per capita, PPP (constant 2021 international $)",2016,15442.9564358054,,,0
Georgia,GEO,NY.GDP.PCAP.PP.KD,"GDP per capita, PPP (constant 2021 international $)",2015,14936.8434116647,,,0
Germany,DEU,NY.GDP.PCAP.PP.KD,"GDP per capita, PPP (constant 2021 international $)",2019,62849.3741865912,,,0
Germany,DEU,NY.GDP.PCAP.PP.KD,"GDP per capita, PPP (constant 2021 international $)",2018,62381.3478772241,,,0
Germany,DEU,NY.GDP.PCAP.PP.KD,"GDP per capita, PPP (constant 2021 international $)",2017,61866.4872205276,,,0
Germany,DEU,NY.GDP.PCAP.PP.KD,"GDP per capita, PPP (constant 2021 international $)",2016,60407.9713703755,,,0
Germany,DEU,NY.GDP.PCAP.PP.KD,"GDP per capita, PPP (constant 2021 international $)",2015,59573.7089539686,,,0
Ghana,GHA,NY.GDP.PCAP.PP.KD,"GDP per capita, PPP (constant 2021 international $)",2019,6508.24652305901,,,0
Ghana,GHA,NY.GDP.PCAP.PP.KD,"GDP per capita, PPP (constant 2021 international $)",2018,6234.51208201488,,,0
Ghana,GHA,NY.GDP.PCAP.PP.KD,"GDP per capita, PPP (constant 2021 international $)",2017,5993.63085211077,,,0
Ghana,GHA,NY.GDP.PCAP.PP.KD,"GDP per capita, PPP (constant 2021 international $)",2016,5666.07795334591,,,0
Ghana,GHA,NY.GDP.PCAP.PP.KD,"GDP per capita, PPP (constant 2021 international $)",2015,5607.36635657413,,,0
Gibraltar,GIB,NY.GDP.PCAP.PP.KD,"GDP per capita, PPP (constant 2021 international $)",2019,,,,0
Gibraltar,GIB,NY.GDP.PCAP.PP.KD,"GDP per capita, PPP (constant 2021 international $)",2018,,,,0
Gibraltar,GIB,NY.GDP.PCAP.PP.KD,"GDP per capita, PPP (constant 2021 international $)",2017,,,,0
Gibraltar,GIB,NY.GDP.PCAP.PP.KD,"GDP per capita, PPP (constant 2021 international $)",2016,,,,0
Gibraltar,GIB,NY.GDP.PCAP.PP.KD,"GDP per capita, PPP (constant 2021 international $)",2015,,,,0
Greece,GRC,NY.GDP.PCAP.PP.KD,"GDP per capita, PPP (constant 2021 international $)",2019,33502.7506488997,,,0
Greece,GRC,NY.GDP.PCAP.PP.KD,"GDP per capita, PPP (constant 2021 international $)",2018,32722.3310444029,,,0
Greece,GRC,NY.GDP.PCAP.PP.KD,"GDP per capita, PPP (constant 2021 international $)",2017,31995.4108838386,,,0
Greece,GRC,NY.GDP.PCAP.PP.KD,"GDP per capita, PPP (constant 2021 international $)",2016,31468.6198471099,,,0
Greece,GRC,NY.GDP.PCAP.PP.KD,"GDP per capita, PPP (constant 2021 international $)",2015,31347.976574604,,,0
Greenland,GRL,NY.GDP.PCAP.PP.KD,"GDP per capita, PPP (constant 2021 international $)",2019,68534.9419039133,,,0
Greenland,GRL,NY.GDP.PCAP.PP.KD,"GDP per capita, PPP (constant 2021 international $)",2018,66887.6779268926,,,0
Greenland,GRL,NY.GDP.PCAP.PP.KD,"GDP per capita, PPP (constant 2021 international $)",2017,66297.1790691281,,,0
Greenland,GRL,NY.GDP.PCAP.PP.KD,"GDP per capita, PPP (constant 2021 international $)",2016,66245.7294730698,,,0
Greenland,GRL,NY.GDP.PCAP.PP.KD,"GDP per capita, PPP (constant 2021 international $)",2015,63364.0536061164,,,0
Grenada,GRD,NY.GDP.PCAP.PP.KD,"GDP per capita, PPP (constant 2021 international $)",2019,17036.9151689715,,,0
Grenada,GRD,NY.GDP.PCAP.PP.KD,"GDP per capita, PPP (constant 2021 international $)",2018,16964.852001696,,,0
Grenada,GRD,NY.GDP.PCAP.PP.KD,"GDP per capita, PPP (constant 2021 international $)",2017,16291.4894625979,,,0
Grenada,GRD,NY.GDP.PCAP.PP.KD,"GDP per capita, PPP (constant 2021 international $)",2016,15640.8274503805,,,0
Grenada,GRD,NY.GDP.PCAP.PP.KD,"GDP per capita, PPP (constant 2021 international $)",2015,15136.6966673773,,,0
Guam,GUM,NY.GDP.PCAP.PP.KD,"GDP per capita, PPP (constant 2021 international $)",2019,,,,0
Guam,GUM,NY.GDP.PCAP.PP.KD,"GDP per capita, PPP (constant 2021 international $)",2018,,,,0
Guam,GUM,NY.GDP.PCAP.PP.KD,"GDP per capita, PPP (constant 2021 international $)",2017,,,,0
Guam,GUM,NY.GDP.PCAP.PP.KD,"GDP per capita, PPP (constant 2021 international $)",2016,,,,0
Guam,GUM,NY.GDP.PCAP.PP.KD,"GDP per capita, PPP (constant 2021 international $)",2015,,,,0
Guatemala,GTM,NY.GDP.PCAP.PP.KD,"GDP per capita, PPP (constant 2021 international $)",2019,11466.3765822795,,,0
Guatemala,GTM,NY.GDP.PCAP.PP.KD,"GDP per capita, PPP (constant 2021 international $)",2018,11192.372055508,,,0
Guatemala,GTM,NY.GDP.PCAP.PP.KD,"GDP per capita, PPP (constant 2021 international $)",2017,11005.4593976653,,,0
Guatemala,GTM,NY.GDP.PCAP.PP.KD,"GDP per capita, PPP (constant 2021 international $)",2016,10872.5939962916,,,0
Guatemala,GTM,NY.GDP.PCAP.PP.KD,"GDP per capita, PPP (constant 2021 international $)",2015,10785.9584615777,,,0
Guinea,GIN,NY.GDP.PCAP.PP.KD,"GDP per capita, PPP (constant 2021 international $)",2019,3557.46233883145,,,0
Guinea,GIN,NY.GDP.PCAP.PP.KD,"GDP per capita, PPP (constant 2021 international $)",2018,3455.64512638662,,,0
Guinea,GIN,NY.GDP.PCAP.PP.KD,"GDP per capita, PPP (constant 2021 international $)",2017,3332.76576150531,,,0
Guinea,GIN,NY.GDP.PCAP.PP.KD,"GDP per capita, PPP (constant 2021 international $)",2016,3099.78874189372,,,0
Guinea,GIN,NY.GDP.PCAP.PP.KD,"GDP per capita, PPP (constant 2021 international $)",2015,2869.85157178732,,,0
Guinea-Bissau,GNB,NY.GDP.PCAP.PP.KD,"GDP per capita, PPP (constant 2021 international $)",2019,2442.10663731324,,,0
Guinea-Bissau,GNB,NY.GDP.PCAP.PP.KD,"GDP per capita, PPP (constant 2021 international $)",2018,2373.50158144916,,,0
Guinea-Bissau,GNB,NY.GDP.PCAP.PP.KD,"GDP per capita, PPP (constant 2021 international $)",2017,2342.41526571427,,,0
Guinea-Bissau,GNB,NY.GDP.PCAP.PP.KD,"GDP per capita, PPP (constant 2021 international $)",2016,2293.23583589196,,,0
Guinea-Bissau,GNB,NY.GDP.PCAP.PP.KD,"GDP per capita, PPP (constant 2021 international $)",2015,2230.39106612596,,,0
Guyana,GUY,NY.GDP.PCAP.PP.KD,"GDP per capita, PPP (constant 2021 international $)",2019,13402.4219472757,,,0
Guyana,GUY,NY.GDP.PCAP.PP.KD,"GDP per capita, PPP (constant 2021 international $)",2018,12980.3576003177,,,0
Guyana,GUY,NY.GDP.PCAP.PP.KD,"GDP per capita, PPP (constant 2021 international $)",2017,12801.6408529346,,,0
Guyana,GUY,NY.GDP.PCAP.PP.KD,"GDP per capita, PPP (constant 2021 international $)",2016,12420.4724727603,,,0
Guyana,GUY,NY.GDP.PCAP.PP.KD,"GDP per capita, PPP (constant 2021 international $)",2015,12040.08253302,,,0
Haiti,HTI,NY.GDP.PCAP.PP.KD,"GDP per capita, PPP (constant 2021 international $)",2019,3392.43263210456,,,0
Haiti,HTI,NY.GDP.PCAP.PP.KD,"GDP per capita, PPP (constant 2021 international $)",2018,3496.87870320748,,,0
Haiti,HTI,NY.GDP.PCAP.PP.KD,"GDP per capita, PPP (constant 2021 international $)",2017,3485.4923470131,,,0
Haiti,HTI,NY.GDP.PCAP.PP.KD,"GDP per capita, PPP (constant 2021 international $)",2016,3446.75276647872,,,0
Haiti,HTI,NY.GDP.PCAP.PP.KD,"GDP per capita, PPP (constant 2021 international $)",2015,3433.07529240973,,,0
Honduras,HND,NY.GDP.PCAP.PP.KD,"GDP per capita, PPP (constant 2021 international $)",2019,6264.01884276715,,,0
Honduras,HND,NY.GDP.PCAP.PP.KD,"GDP per capita, PPP (constant 2021 international $)",2018,6219.27973775059,,,0
Honduras,HND,NY.GDP.PCAP.PP.KD,"GDP per capita, PPP (constant 2021 international $)",2017,6099.60734919414,,,0
Honduras,HND,NY.GDP.PCAP.PP.KD,"GDP per capita, PPP (constant 2021 international $)",2016,5926.49025534228,,,0
Honduras,HND,NY.GDP.PCAP.PP.KD,"GDP per capita, PPP (constant 2021 international $)",2015,5812.5348879105,,,0
"Hong Kong SAR, China",HKG,NY.GDP.PCAP.PP.KD,"GDP per capita, PPP (constant 2021 international $)",2019,65388.3336248234,,,0
"Hong Kong SAR, China",HKG,NY.GDP.PCAP.PP.KD,"GDP per capita, PPP (constant 2021 international $)",2018,66993.9679794398,,,0
"Hong Kong SAR, China",HKG,NY.GDP.PCAP.PP.KD,"GDP per capita, PPP (constant 2021 international $)",2017,65662.8359167546,,,0
"Hong Kong SAR, China",HKG,NY.GDP.PCAP.PP.KD,"GDP per capita, PPP (constant 2021 international $)",2016,63749.4095274634,,,0
"Hong Kong SAR, China",HKG,NY.GDP.PCAP.PP.KD,"GDP per capita, PPP (constant 2021 international $)",2015,62779.7484353718,,,0
Hungary,HUN,NY.GDP.PCAP.PP.KD,"GDP per capita, PPP (constant 2021 international $)",2019,37662.67681014,,,0
Hungary,HUN,NY.GDP.PCAP.PP.KD,"GDP per capita, PPP (constant 2021 international $)",2018,35798.0412754022,,,0
Hungary,HUN,NY.GDP.PCAP.PP.KD,"GDP per capita, PPP (constant 2021 international $)",2017,33828.714942571,,,0
Hungary,HUN,NY.GDP.PCAP.PP.KD,"GDP per capita, PPP (constant 2021 international $)",2016,32378.9674983075,,,0
Hungary,HUN,NY.GDP.PCAP.PP.KD,"GDP per capita, PPP (constant 2021 international $)",2015,31485.5675425634,,,0
Iceland,ISL,NY.GDP.PCAP.PP.KD,"GDP per capita, PPP (constant 2021 international $)",2019,64826.4324085557,,,0
Iceland,ISL,NY.GDP.PCAP.PP.KD,"GDP per capita, PPP (constant 2021 international $)",2018,65521.9313424781,,,0
Iceland,ISL,NY.GDP.PCAP.PP.KD,"GDP per capita, PPP (constant 2021 international $)",2017,64303.3782501037,,,0
Iceland,ISL,NY.GDP.PCAP.PP.KD,"GDP per capita, PPP (constant 2021 international $)",2016,63612.5551585223,,,0
Iceland,ISL,NY.GDP.PCAP.PP.KD,"GDP per capita, PPP (constant 2021 international $)",2015,60725.7271247657,,,0
India,IND,NY.GDP.PCAP.PP.KD,"GDP per capita, PPP (constant 2021 international $)",2019,7930.0911303899,,,0
India,IND,NY.GDP.PCAP.PP.KD,"GDP per capita, PPP (constant 2021 international $)",2018,7714.33974724531,,,0
India,IND,NY.GDP.PCAP.PP.KD,"GDP per capita, PPP (constant 2021 international $)",2017,7326.60693679859,,,0
India,IND,NY.GDP.PCAP.PP.KD,"GDP per capita, PPP (constant 2021 international $)",2016,6940.62588857522,,,0
India,IND,NY.GDP.PCAP.PP.KD,"GDP per capita, PPP (constant 2021 international $)",2015,6488.14602910787,,,0
Indonesia,IDN,NY.GDP.PCAP.PP.KD,"GDP per capita, PPP (constant 2021 international $)",2019,12757.7850854842,,,0
Indonesia,IDN,NY.GDP.PCAP.PP.KD,"GDP per capita, PPP (constant 2021 international $)",2018,12262.2310300771,,,0
Indonesia,IDN,NY.GDP.PCAP.PP.KD,"GDP per capita, PPP (constant 2021 international $)",2017,11772.5743296107,,,0
Indonesia,IDN,NY.GDP.PCAP.PP.KD,"GDP per capita, PPP (constant 2021 international $)",2016,11319.6634287738,,,0
Indonesia,IDN,NY.GDP.PCAP.PP.KD,"GDP per capita, PPP (constant 2021 international $)",2015,10893.6621142169,,,0
"Iran, Islamic Rep.",IRN,NY.GDP.PCAP.PP.KD,"GDP per capita, PPP (constant 2021 international $)",2019,14841.0751514998,,,0
"Iran, Islamic Rep.",IRN,NY.GDP.PCAP.PP.KD,"GDP per capita, PPP (constant 2021 international $)",2018,15364.8049052614,,,0
"Iran, Islamic Rep.",IRN,NY.GDP.PCAP.PP.KD,"GDP per capita, PPP (constant 2021 international $)",2017,16167.9677224227,,,0
"Iran, Islamic Rep.",IRN,NY.GDP.PCAP.PP.KD,"GDP per capita, PPP (constant 2021 international $)",2016,15920.3718021202,,,0
"Iran, Islamic Rep.",IRN,NY.GDP.PCAP.PP.KD,"GDP per capita, PPP (constant 2021 international $)",2015,14841.9048340737,,,0
Iraq,IRQ,NY.GDP.PCAP.PP.KD,"GDP per capita, PPP (constant 2021 international $)",2019,14910.2250318887,,,0
Iraq,IRQ,NY.GDP.PCAP.PP.KD,"GDP per capita, PPP (constant 2021 international $)",2018,14456.2357053224,,,0
Iraq,IRQ,NY.GDP.PCAP.PP.KD,"GDP per capita, PPP (constant 2021 international $)",2017,14417.6306896487,,,0
Iraq,IRQ,NY.GDP.PCAP.PP.KD,"GDP per capita, PPP (constant 2021 international $)",2016,15016.0920644592,,,0
Iraq,IRQ,NY.GDP.PCAP.PP.KD,"GDP per capita, PPP (constant 2021 international $)",2015,13516.0271989204,,,0
Ireland,IRL,NY.GDP.PCAP.PP.KD,"GDP per capita, PPP (constant 2021 international $)",2019,96371.2910180182,,,0
Ireland,IRL,NY.GDP.PCAP.PP.KD,"GDP per capita, PPP (constant 2021 international $)",2018,93276.0188154012,,,0
Ireland,IRL,NY.GDP.PCAP.PP.KD,"GDP per capita, PPP (constant 2021 international $)",2017,87882.7074355024,,,0
Ireland,IRL,NY.GDP.PCAP.PP.KD,"GDP per capita, PPP (constant 2021 international $)",2016,80899.0223207227,,,0
Ireland,IRL,NY.GDP.PCAP.PP.KD,"GDP per capita, PPP (constant 2021 international $)",2015,80954.6619818255,,,0
Isle of Man,IMN,NY.GDP.PCAP.PP.KD,"GDP per capita, PPP (constant 2021 international $)",2019,,,,0
Isle of Man,IMN,NY.GDP.PCAP.PP.KD,"GDP per capita, PPP (constant 2021 international $)",2018,,,,0
Isle of Man,IMN,NY.GDP.PCAP.PP.KD,"GDP per capita, PPP (constant 2021 international $)",2017,,,,0
Isle of Man,IMN,NY.GDP.PCAP.PP.KD,"GDP per capita, PPP (constant 2021 international $)",2016,,,,0
Isle of Man,IMN,NY.GDP.PCAP.PP.KD,"GDP per capita, PPP (constant 2021 international $)",2015,,,,0
Israel,ISR,NY.GDP.PCAP.PP.KD,"GDP per capita, PPP (constant 2021 international $)",2019,44580.8078825716,,,0
Israel,ISR,NY.GDP.PCAP.PP.KD,"GDP per capita, PPP (constant 2021 international $)",2018,43814.2949977965,,,0
Israel,ISR,NY.GDP.PCAP.PP.KD,"GDP per capita, PPP (constant 2021 international $)",2017,42947.0586686984,,,0
Israel,ISR,NY.GDP.PCAP.PP.KD,"GDP per capita, PPP (constant 2021 international $)",2016,41963.675796165,,,0
Israel,ISR,NY.GDP.PCAP.PP.KD,"GDP per capita, PPP (constant 2021 international $)",2015,40967.3707596637,,,0
Italy,ITA,NY.GDP.PCAP.PP.KD,"GDP per capita, PPP (constant 2021 international $)",2019,49690.6298505274,,,0
Italy,ITA,NY.GDP.PCAP.PP.KD,"GDP per capita, PPP (constant 2021 international $)",2018,49133.143527174,,,0
Italy,ITA,NY.GDP.PCAP.PP.KD,"GDP per capita, PPP (constant 2021 international $)",2017,48849.2183534756,,,0
Italy,ITA,NY.GDP.PCAP.PP.KD,"GDP per capita, PPP (constant 2021 international $)",2016,47987.8379581014,,,0
Italy,ITA,NY.GDP.PCAP.PP.KD,"GDP per capita, PPP (constant 2021 international $)",2015,47311.8255262709,,,0
Jamaica,JAM,NY.GDP.PCAP.PP.KD,"GDP per capita, PPP (constant 2021 international $)",2019,10816.3720391154,,,0
Jamaica,JAM,NY.GDP.PCAP.PP.KD,"GDP per capita, PPP (constant 2021 international $)",2018,10636.0929784551,,,0
Jamaica,JAM,NY.GDP.PCAP.PP.KD,"GDP per capita, PPP (constant 2021 international $)",2017,10391.0378224678,,,0
Jamaica,JAM,NY.GDP.PCAP.PP.KD,"GDP per capita, PPP (constant 2021 international $)",2016,10179.2536486158,,,0
Jamaica,JAM,NY.GDP.PCAP.PP.KD,"GDP per capita, PPP (constant 2021 international $)",2015,9931.89875715182,,,0
Japan,JPN,NY.GDP.PCAP.PP.KD,"GDP per capita, PPP (constant 2021 international $)",2019,44730.9102844958,,,0
Japan,JPN,NY.GDP.PCAP.PP.KD,"GDP per capita, PPP (constant 2021 international $)",2018,44848.4899421798,,,0
Japan,JPN,NY.GDP.PCAP.PP.KD,"GDP per capita, PPP (constant 2021 international $)",2017,44505.2792603684,,,0
Japan,JPN,NY.GDP.PCAP.PP.KD,"GDP per capita, PPP (constant 2021 international $)",2016,43736.1305076612,,,0
Japan,JPN,NY.GDP.PCAP.PP.KD,"GDP per capita, PPP (constant 2021 international $)",2015,43386.7100739513,,,0
Jordan,JOR,NY.GDP.PCAP.PP.KD,"GDP per capita, PPP (constant 2021 international $)",2019,9288.52709103516,,,0
Jordan,JOR,NY.GDP.PCAP.PP.KD,"GDP per capita, PPP (constant 2021 international $)",2018,9311.53116265584,,,0
Jordan,JOR,NY.GDP.PCAP.PP.KD,"GDP per capita, PPP (constant 2021 international $)",2017,9339.81039725983,,,0
Jordan,JOR,NY.GDP.PCAP.PP.KD,"GDP per capita, PPP (constant 2021 international $)",2016,9321.9045113153,,,0
Jordan,JOR,NY.GDP.PCAP.PP.KD,"GDP per capita, PPP (constant 2021 international $)",2015,9581.68922567813,,,0
Kazakhstan,KAZ,NY.GDP.PCAP.PP.KD,"GDP per capita, PPP (constant 2021 international $)",2019,33298.2123695035,,,0
Kazakhstan,KAZ,NY.GDP.PCAP.PP.KD,"GDP per capita, PPP (constant 2021 international $)",2018,32330.2274546567,,,0
Kazakhstan,KAZ,NY.GDP.PCAP.PP.KD,"GDP per capita, PPP (constant 2021 international $)",2017,31524.4416339794,,,0
Kazakhstan,KAZ,NY.GDP.PCAP.PP.KD,"GDP per capita, PPP (constant 2021 international $)",2016,30758.3227260598,,,0
Kazakhstan,KAZ,NY.GDP.PCAP.PP.KD,"GDP per capita, PPP (constant 2021 international $)",2015,30893.7594851041,,,0
Kenya,KEN,NY.GDP.PCAP.PP.KD,"GDP per capita, PPP (constant 2021 international $)",2019,5171.71264279257,,,0
Kenya,KEN,NY.GDP.PCAP.PP.KD,"GDP per capita, PPP (constant 2021 international $)",2018,5017.66784674664,,,0
Kenya,KEN,NY.GDP.PCAP.PP.KD,"GDP per capita, PPP (constant 2021 international $)",2017,4846.86210851932,,,0
Kenya,KEN,NY.GDP.PCAP.PP.KD,"GDP per capita, PPP (constant 2021 international $)",2016,4770.31046388086,,,0
Kenya,KEN,NY.GDP.PCAP.PP.KD,"GDP per capita, PPP (constant 2021 international $)",2015,4679.62182831938,,,0
Kiribati,KIR,NY.GDP.PCAP.PP.KD,"GDP per capita, PPP (constant 2021 international $)",2019,2927.48453366722,,,0
Kiribati,KIR,NY.GDP.PCAP.PP.KD,"GDP per capita, PPP (constant 2021 international $)",2018,2877.60204999231,,,0
Kiribati,KIR,NY.GDP.PCAP.PP.KD,"GDP per capita, PPP (constant 2021 international $)",2017,2822.669652935,,,0
Kiribati,KIR,NY.GDP.PCAP.PP.KD,"GDP per capita, PPP (constant 2021 international $)",2016,2761.9336523043,,,0
Kiribati,KIR,NY.GDP.PCAP.PP.KD,"GDP per capita, PPP (constant 2021 international $)",2015,2615.8414365735,,,0
"Korea, Dem. People's Rep.",PRK,NY.GDP.PCAP.PP.KD,"GDP per capita, PPP (constant 2021 international $)",2019,,,,0
"Korea, Dem. People's Rep.",PRK,NY.GDP.PCAP.PP.KD,"GDP per capita, PPP (constant 2021 international $)",2018,,,,0
"Korea, Dem. People's Rep.",PRK,NY.GDP.PCAP.PP.KD,"GDP per capita, PPP (constant 2021 international $)",2017,,,,0
"Korea, Dem. People's Rep.",PRK,NY.GDP.PCAP.PP.KD,"GDP per capita, PPP (constant 2021 international $)",2016,,,,0
"Korea, Dem. People's Rep.",PRK,NY.GDP.PCAP.PP.KD,"GDP per capita, PPP (constant 2021 international $)",2015,,,,0
"Korea, Rep.",KOR,NY.GDP.PCAP.PP.KD,"GDP per capita, PPP (constant 2021 international $)",2019,49790.8679884821,,,0
"Korea, Rep.",KOR,NY.GDP.PCAP.PP.KD,"GDP per capita, PPP (constant 2021 international $)",2018,48834.4471157733,,,0
"Korea, Rep.",KOR,NY.GDP.PCAP.PP.KD,"GDP per capita, PPP (constant 2021 international $)",2017,47536.7898568851,,,0
"Korea, Rep.",KOR,NY.GDP.PCAP.PP.KD,"GDP per capita, PPP (constant 2021 international $)",2016,46088.2430785383,,,0
"Korea, Rep.",KOR,NY.GDP.PCAP.PP.KD,"GDP per capita, PPP (constant 2021 international $)",2015,44849.106767089,,,0
Kosovo,XKX,NY.GDP.PCAP.PP.KD,"GDP per capita, PPP (constant 2021 international $)",2019,11774.1178510908,,,0
Kosovo,XKX,NY.GDP.PCAP.PP.KD,"GDP per capita, PPP (constant 2021 international $)",2018,11188.2244627966,,,0
Kosovo,XKX,NY.GDP.PCAP.PP.KD,"GDP per capita, PPP (constant 2021 international $)",2017,10856.2902074239,,,0
Kosovo,XKX,NY.GDP.PCAP.PP.KD,"GDP per capita, PPP (constant 2021 international $)",2016,10434.8888259268,,,0
Kosovo,XKX,NY.GDP.PCAP.PP.KD,"GDP per capita, PPP (constant 2021 international $)",2015,9824.99105955319,,,0
Kuwait,KWT,NY.GDP.PCAP.PP.KD,"GDP per capita, PPP (constant 2021 international $)",2019,51380.6455354631,,,0
Kuwait,KWT,NY.GDP.PCAP.PP.KD,"GDP per capita, PPP (constant 2021 international $)",2018,51623.8078622052,,,0
Kuwait,KWT,NY.GDP.PCAP.PP.KD,"GDP per capita, PPP (constant 2021 international $)",2017,52285.5871175696,,,0
Kuwait,KWT,NY.GDP.PCAP.PP.KD,"GDP per capita, PPP (constant 2021 international $)",2016,56936.620842726,,,0
Kuwait,KWT,NY.GDP.PCAP.PP.KD,"GDP per capita, PPP (constant 2021 international $)",2015,57763.5174574395,,,0
Kyrgyz Republic,KGZ,NY.GDP.PCAP.PP.KD,"GDP per capita, PPP (constant 2021 international $)",2019,6087.60193826927,,,0
Kyrgyz Republic,KGZ,NY.GDP.PCAP.PP.KD,"GDP per capita, PPP (constant 2021 international $)",2018,5951.82876758606,,,0
Kyrgyz Republic,KGZ,NY.GDP.PCAP.PP.KD,"GDP per capita, PPP (constant 2021 international $)",2017,5861.22200040503,,,0
Kyrgyz Republic,KGZ,NY.GDP.PCAP.PP.KD,"GDP per capita, PPP (constant 2021 international $)",2016,5715.01041179003,,,0
Kyrgyz Republic,KGZ,NY.GDP.PCAP.PP.KD,"GDP per capita, PPP (constant 2021 international $)",2015,5600.2143342846,,,0
Lao PDR,LAO,NY.GDP.PCAP.PP.KD,"GDP per capita, PPP (constant 2021 international $)",2019,8075.27502377003,,,0
Lao PDR,LAO,NY.GDP.PCAP.PP.KD,"GDP per capita, PPP (constant 2021 international $)",2018,7775.08574451883,,,0
Lao PDR,LAO,NY.GDP.PCAP.PP.KD,"GDP per capita, PPP (constant 2021 international $)",2017,7432.4596330485,,,0
Lao PDR,LAO,NY.GDP.PCAP.PP.KD,"GDP per capita, PPP (constant 2021 international $)",2016,7063.25545347926,,,0
Lao PDR,LAO,NY.GDP.PCAP.PP.KD,"GDP per capita, PPP (constant 2021 international $)",2015,6703.74124348885,,,0
Latvia,LVA,NY.GDP.PCAP.PP.KD,"GDP per capita, PPP (constant 2021 international $)",2019,35208.1934590859,,,0
Latvia,LVA,NY.GDP.PCAP.PP.KD,"GDP per capita, PPP (constant 2021 international $)",2018,34729.7062763057,,,0
Latvia,LVA,NY.GDP.PCAP.PP.KD,"GDP per capita, PPP (constant 2021 international $)",2017,33036.3915943437,,,0
Latvia,LVA,NY.GDP.PCAP.PP.KD,"GDP per capita, PPP (constant 2021 international $)",2016,31668.5148442662,,,0
Latvia,LVA,NY.GDP.PCAP.PP.KD,"GDP per capita, PPP (constant 2021 international $)",2015,30599.6133134147,,,0
Lebanon,LBN,NY.GDP.PCAP.PP.KD,"GDP per capita, PPP (constant 2021 international $)",2019,15659.5661040012,,,0
Lebanon,LBN,NY.GDP.PCAP.PP.KD,"GDP per capita, PPP (constant 2021 international $)",2018,16290.0516478592,,,0
Lebanon,LBN,NY.GDP.PCAP.PP.KD,"GDP per capita, PPP (constant 2021 international $)",2017,16128.5838196051,,,0
Lebanon,LBN,NY.GDP.PCAP.PP.KD,"GDP per capita, PPP (constant 2021 international $)",2016,15572.3611739774,,,0
Lebanon,LBN,NY.GDP.PCAP.PP.KD,"GDP per capita, PPP (constant 2021 international $)",2015,14980.020515614,,,0
Lesotho,LSO,NY.GDP.PCAP.PP.KD,"GDP per capita, PPP (constant 2021 international $)",2019,2773.28639887236,,,0
Lesotho,LSO,NY.GDP.PCAP.PP.KD,"GDP per capita, PPP (constant 2021 international $)",2018,2846.41828124649,,,0
Lesotho,LSO,NY.GDP.PCAP.PP.KD,"GDP per capita, PPP (constant 2021 international $)",2017,2924.68096193272,,,0
Lesotho,LSO,NY.GDP.PCAP.PP.KD,"GDP per capita, PPP (constant 2021 international $)",2016,3057.26091568162,,,0
Lesotho,LSO,NY.GDP.PCAP.PP.KD,"GDP per capita, PPP (constant 2021 international $)",2015,2986.95866729879,,,0
Liberia,LBR,NY.GDP.PCAP.PP.KD,"GDP per capita, PPP (constant 2021 international $)",2019,1575.76665001238,,,0
Liberia,LBR,NY.GDP.PCAP.PP.KD,"GDP per capita, PPP (constant 2021 international $)",2018,1647.97443793846,,,0
Liberia,LBR,NY.GDP.PCAP.PP.KD,"GDP per capita, PPP (constant 2021 international $)",2017,1661.30290782171,,,0
Liberia,LBR,NY.GDP.PCAP.PP.KD,"GDP per capita, PPP (constant 2021 international $)",2016,1653.31050211233,,,0
Liberia,LBR,NY.GDP.PCAP.PP.KD,"GDP per capita, PPP (constant 2021 international $)",2015,1714.09047960464,,,0
Libya,LBY,NY.GDP.PCAP.PP.KD,"GDP per capita, PPP (constant 2021 international $)",2019,14337.1962987582,,,0
Libya,LBY,NY.GDP.PCAP.PP.KD,"GDP per capita, PPP (constant 2021 international $)",2018,16385.164476127,,,0
Libya,LBY,NY.GDP.PCAP.PP.KD,"GDP per capita, PPP (constant 2021 international $)",2017,15428.1164411854,,,0
Libya,LBY,NY.GDP.PCAP.PP.KD,"GDP per capita, PPP (constant 2021 international $)",2016,11831.8257669559,,,0
Libya,LBY,NY.GDP.PCAP.PP.KD,"GDP per capita, PPP (constant 2021 international $)",2015,12195.3486990421,,,0
Liechtenstein,LIE,NY.GDP.PCAP.PP.KD,"GDP per capita, PPP (constant 2021 international $)",2019,,,,0
Liechtenstein,LIE,NY.GDP.PCAP.PP.KD,"GDP per capita, PPP (constant 2021 international $)",2018,,,,0
Liechtenstein,LIE,NY.GDP.PCAP.PP.KD,"GDP per capita, PPP (constant 2021 international $)",2017,,,,0
Liechtenstein,LIE,NY.GDP.PCAP.PP.KD,"GDP per capita, PPP (constant 2021 international $)",2016,,,,0
Liechtenstein,LIE,NY.GDP.PCAP.PP.KD,"GDP per capita, PPP (constant 2021 international $)",2015,,,,0
Lithuania,LTU,NY.GDP.PCAP.PP.KD,"GDP per capita, PPP (constant 2021 international $)",2019,43062.3228425315,,,0
Lithuania,LTU,NY.GDP.PCAP.PP.KD,"GDP per capita, PPP (constant 2021 international $)",2018,41019.7901632878,,,0
Lithuania,LTU,NY.GDP.PCAP.PP.KD,"GDP per capita, PPP (constant 2021 international $)",2017,38774.4892011822,,,0
Lithuania,LTU,NY.GDP.PCAP.PP.KD,"GDP per capita, PPP (constant 2021 international $)",2016,36618.1468417838,,,0
Lithuania,LTU,NY.GDP.PCAP.PP.KD,"GDP per capita, PPP (constant 2021 international $)",2015,35251.2986931775,,,0
Luxembourg,LUX,NY.GDP.PCAP.PP.KD,"GDP per capita, PPP (constant 2021 international $)",2019,132724.752743888,,,0
Luxembourg,LUX,NY.GDP.PCAP.PP.KD,"GDP per capita, PPP (constant 2021 international $)",2018,131733.8846493,,,0
Luxembourg,LUX,NY.GDP.PCAP.PP.KD,"GDP per capita, PPP (constant 2021 international $)",2017,132169.834045368,,,0
Luxembourg,LUX,NY.GDP.PCAP.PP.KD,"GDP per capita, PPP (constant 2021 international $)",2016,133661.649729132,,,0
Luxembourg,LUX,NY.GDP.PCAP.PP.KD,"GDP per capita, PPP (constant 2021 international $)",2015,130097.2561798,,,0
"Macao SAR, China",MAC,NY.GDP.PCAP.PP.KD,"GDP per capita, PPP (constant 2021 international $)",2019,133453.896026037,,,0
"Macao SAR, China",MAC,NY.GDP.PCAP.PP.KD,"GDP per capita, PPP (constant 2021 international $)",2018,139541.157248769,,,0
"Macao SAR, China",MAC,NY.GDP.PCAP.PP.KD,"GDP per capita, PPP (constant 2021 international $)",2017,133322.632677744,,,0
"Macao SAR, China",MAC,NY.GDP.PCAP.PP.KD,"GDP per capita, PPP (constant 2021 international $)",2016,120530.052858314,,,0
"Macao SAR, China",MAC,NY.GDP.PCAP.PP.KD,"GDP per capita, PPP (constant 2021 international $)",2015,123194.067291275,,,0
Madagascar,MDG,NY.GDP.PCAP.PP.KD,"GDP per capita, PPP (constant 2021 international $)",2019,1707.83153830039,,,0
Madagascar,MDG,NY.GDP.PCAP.PP.KD,"GDP per capita, PPP (constant 2021 international $)",2018,1678.78623269491,,,0
Madagascar,MDG,NY.GDP.PCAP.PP.KD,"GDP per capita, PPP (constant 2021 international $)",2017,1669.72764267278,,,0
Madagascar,MDG,NY.GDP.PCAP.PP.KD,"GDP per capita, PPP (constant 2021 international $)",2016,1648.91226979296,,,0
Madagascar,MDG,NY.GDP.PCAP.PP.KD,"GDP per capita, PPP (constant 2021 international $)",2015,1627.5806134224,,,0
Malawi,MWI,NY.GDP.PCAP.PP.KD,"GDP per capita, PPP (constant 2021 international $)",2019,1687.28944917892,,,0
Malawi,MWI,NY.GDP.PCAP.PP.KD,"GDP per capita, PPP (constant 2021 international $)",2018,1638.91665761076,,,0
Malawi,MWI,NY.GDP.PCAP.PP.KD,"GDP per capita, PPP (constant 2021 international $)",2017,1613.0593571462,,,0
Malawi,MWI,NY.GDP.PCAP.PP.KD,"GDP per capita, PPP (constant 2021 international $)",2016,1593.59549264808,,,0
Malawi,MWI,NY.GDP.PCAP.PP.KD,"GDP per capita, PPP (constant 2021 international $)",2015,1597.69145324855,,,0
Malaysia,MYS,NY.GDP.PCAP.PP.KD,"GDP per capita, PPP (constant 2021 international $)",2019,31300.5086554849,,,0
Malaysia,MYS,NY.GDP.PCAP.PP.KD,"GDP per capita, PPP (constant 2021 international $)",2018,30459.9655338061,,,0
Malaysia,MYS,NY.GDP.PCAP.PP.KD,"GDP per capita, PPP (constant 2021 international $)",2017,29551.5457597197,,,0
Malaysia,MYS,NY.GDP.PCAP.PP.KD,"GDP per capita, PPP (constant 2021 international $)",2016,28425.3707609412,,,0
Malaysia,MYS,NY.GDP.PCAP.PP.KD,"GDP per capita, PPP (constant 2021 international $)",2015,27699.6278860387,,,0
Maldives,MDV,NY.GDP.PCAP.PP.KD,"GDP per capita, PPP (constant 2021 international $)",2019,21855.501224579,,,0
Maldives,MDV,NY.GDP.PCAP.PP.KD,"GDP per capita, PPP (constant 2021 international $)",2018,21072.5805249694,,,0
Maldives,MDV,NY.GDP.PCAP.PP.KD,"GDP per capita, PPP (constant 2021 international $)",2017,20036.7165354949,,,0
Maldives,MDV,NY.GDP.PCAP.PP.KD,"GDP per capita, PPP (constant 2021 international $)",2016,19345.1792343541,,,0
Maldives,MDV,NY.GDP.PCAP.PP.KD,"GDP per capita, PPP (constant 2021 international $)",2015,18829.4481529112,,,0
Mali,MLI,NY.GDP.PCAP.PP.KD,"GDP per capita, PPP (constant 2021 international $)",2019,2916.17167790759,,,0
Mali,MLI,NY.GDP.PCAP.PP.KD,"GDP per capita, PPP (constant 2021 international $)",2018,2862.40728989634,,,0
Mali,MLI,NY.GDP.PCAP.PP.KD,"GDP per capita, PPP (constant 2021 international $)",2017,2816.194239022,,,0
Mali,MLI,NY.GDP.PCAP.PP.KD,"GDP per capita, PPP (constant 2021 international $)",2016,2759.11051294151,,,0
Mali,MLI,NY.GDP.PCAP.PP.KD,"GDP per capita, PPP (constant 2021 international $)",2015,2686.56065074588,,,0
Malta,MLT,NY.GDP.PCAP.PP.KD,"GDP per capita, PPP (constant 2021 international $)",2019,53391.4373856091,,,0
Malta,MLT,NY.GDP.PCAP.PP.KD,"GDP per capita, PPP (constant 2021 international $)",2018,53417.0154946227,,,0
Malta,MLT,NY.GDP.PCAP.PP.KD,"GDP per capita, PPP (constant 2021 international $)",2017,51626.3473049783,,,0
Malta,MLT,NY.GDP.PCAP.PP.KD,"GDP per capita, PPP (constant 2021 international $)",2016,46965.601581458,,,0
Malta,MLT,NY.GDP.PCAP.PP.KD,"GDP per capita, PPP (constant 2021 international $)",2015,46170.1721772127,,,0
Marshall Islands,MHL,NY.GDP.PCAP.PP.KD,"GDP per capita, PPP (constant 2021 international $)",2019,6405.07564930525,,,0
Marshall Islands,MHL,NY.GDP.PCAP.PP.KD,"GDP per capita, PPP (constant 2021 international $)",2018,5635.30750426868,,,0
Marshall Islands,MHL,NY.GDP.PCAP.PP.KD,"GDP per capita, PPP (constant 2021 international $)",2017,5199.3444796298,,,0
Marshall Islands,MHL,NY.GDP.PCAP.PP.KD,"GDP per capita, PPP (constant 2021 international $)",2016,4896.52195460777,,,0
Marshall Islands,MHL,NY.GDP.PCAP.PP.KD,"GDP per capita, PPP (constant 2021 international $)",2015,4670.10918243675,,,0
Mauritania,MRT,NY.GDP.PCAP.PP.KD,"GDP per capita, PPP (constant 2021 international $)",2019,6162.21044512087,,,0
Mauritania,MRT,NY.GDP.PCAP.PP.KD,"GDP per capita, PPP (constant 2021 international $)",2018,6153.63790295218,,,0
Mauritania,MRT,NY.GDP.PCAP.PP.KD,"GDP per capita, PPP (constant 2021 international $)",2017,6050.62180273825,,,0
Mauritania,MRT,NY.GDP.PCAP.PP.KD,"GDP per capita, PPP (constant 2021 international $)",2016,5866.28144759405,,,0
Mauritania,MRT,NY.GDP.PCAP.PP.KD,"GDP per capita, PPP (constant 2021 international $)",2015,5969.54239339806,,,0
Mauritius,MUS,NY.GDP.PCAP.PP.KD,"GDP per capita, PPP (constant 2021 international $)",2019,26047.9753573284,,,0
Mauritius,MUS,NY.GDP.PCAP.PP.KD,"GDP per capita, PPP (constant 2021 international $)",2018,25324.1785958124,,,0
Mauritius,MUS,NY.GDP.PCAP.PP.KD,"GDP per capita, PPP (constant 2021 international $)",2017,24361.8758542058,,,0
Mauritius,MUS,NY.GDP.PCAP.PP.KD,"GDP per capita, PPP (constant 2021 international $)",2016,23460.0011516323,,,0
Mauritius,MUS,NY.GDP.PCAP.PP.KD,"GDP per capita, PPP (constant 2021 international $)",2015,22603.0885218714,,,0
Mexico,MEX,NY.GDP.PCAP.PP.KD,"GDP per capita, PPP (constant 2021 international $)",2019,21704.1859494071,,,0
Mexico,MEX,NY.GDP.PCAP.PP.KD,"GDP per capita, PPP (constant 2021 international $)",2018,21997.7730167472,,,0
Mexico,MEX,NY.GDP.PCAP.PP.KD,"GDP per capita, PPP (constant 2021 international $)",2017,21777.5225111982,,,0
Mexico,MEX,NY.GDP.PCAP.PP.KD,"GDP per capita, PPP (constant 2021 international $)",2016,21578.2633554092,,,0
Mexico,MEX,NY.GDP.PCAP.PP.KD,"GDP per capita, PPP (constant 2021 international $)",2015,21408.9283201493,,,0
"Micronesia, Fed. Sts.",FSM,NY.GDP.PCAP.PP.KD,"GDP per capita, PPP (constant 2021 international $)",2019,3940.26446989917,,,0
"Micronesia, Fed. Sts.",FSM,NY.GDP.PCAP.PP.KD,"GDP per capita, PPP (constant 2021 international $)",2018,3798.59203794112,,,0
"Micronesia, Fed. Sts.",FSM,NY.GDP.PCAP.PP.KD,"GDP per capita, PPP (constant 2021 international $)",2017,3813.44207942995,,,0
"Micronesia, Fed. Sts.",FSM,NY.GDP.PCAP.PP.KD,"GDP per capita, PPP (constant 2021 international $)",2016,3746.13008308173,,,0
"Micronesia, Fed. Sts.",FSM,NY.GDP.PCAP.PP.KD,"GDP per capita, PPP (constant 2021 international $)",2015,3723.39901795888,,,0
Moldova,MDA,NY.GDP.PCAP.PP.KD,"GDP per capita, PPP (constant 2021 international $)",2019,14621.2401362286,,,0
Moldova,MDA,NY.GDP.PCAP.PP.KD,"GDP per capita, PPP (constant 2021 international $)",2018,13895.5043655692,,,0
Moldova,MDA,NY.GDP.PCAP.PP.KD,"GDP per capita, PPP (constant 2021 international $)",2017,13118.8219369605,,,0
Moldova,MDA,NY.GDP.PCAP.PP.KD,"GDP per capita, PPP (constant 2021 international $)",2016,12377.366678394,,,0
Moldova,MDA,NY.GDP.PCAP.PP.KD,"GDP per capita, PPP (constant 2021 international $)",2015,11691.0797484184,,,0
Monaco,MCO,NY.GDP.PCAP.PP.KD,"GDP per capita, PPP (constant 2021 international $)",2019,,,,0
Monaco,MCO,NY.GDP.PCAP.PP.KD,"GDP per capita, PPP (constant 2021 international $)",2018,,,,0
Monaco,MCO,NY.GDP.PCAP.PP.KD,"GDP per capita, PPP (constant 2021 international $)",2017,,,,0
Monaco,MCO,NY.GDP.PCAP.PP.KD,"GDP per capita, PPP (constant 2021 international $)",2016,,,,0
Monaco,MCO,NY.GDP.PCAP.PP.KD,"GDP per capita, PPP (constant 2021 international $)",2015,,,,0
Mongolia,MNG,NY.GDP.PCAP.PP.KD,"GDP per capita, PPP (constant 2021 international $)",2019,15790.6961126441,,,0
Mongolia,MNG,NY.GDP.PCAP.PP.KD,"GDP per capita, PPP (constant 2021 international $)",2018,15230.2408828847,,,0
Mongolia,MNG,NY.GDP.PCAP.PP.KD,"GDP per capita, PPP (constant 2021 international $)",2017,14401.5375067562,,,0
Mongolia,MNG,NY.GDP.PCAP.PP.KD,"GDP per capita, PPP (constant 2021 international $)",2016,13898.1456953585,,,0
Mongolia,MNG,NY.GDP.PCAP.PP.KD,"GDP per capita, PPP (constant 2021 international $)",2015,13974.5967260365,,,0
Montenegro,MNE,NY.GDP.PCAP.PP.KD,"GDP per capita, PPP (constant 2021 international $)",2019,24585.2179072849,,,0
Montenegro,MNE,NY.GDP.PCAP.PP.KD,"GDP per capita, PPP (constant 2021 international $)",2018,23562.2739681383,,,0
Montenegro,MNE,NY.GDP.PCAP.PP.KD,"GDP per capita, PPP (constant 2021 international $)",2017,22513.8741282681,,,0
Montenegro,MNE,NY.GDP.PCAP.PP.KD,"GDP per capita, PPP (constant 2021 international $)",2016,21834.1824200766,,,0
Montenegro,MNE,NY.GDP.PCAP.PP.KD,"GDP per capita, PPP (constant 2021 international $)",2015,21131.9286652777,,,0
Morocco,MAR,NY.GDP.PCAP.PP.KD,"GDP per capita, PPP (constant 2021 international $)",2019,8768.17578125,,,0
Morocco,MAR,NY.GDP.PCAP.PP.KD,"GDP per capita, PPP (constant 2021 international $)",2018,8611.75,,,0
Morocco,MAR,NY.GDP.PCAP.PP.KD,"GDP per capita, PPP (constant 2021 international $)",2017,8450.0087890625,,,0
Morocco,MAR,NY.GDP.PCAP.PP.KD,"GDP per capita, PPP (constant 2021 international $)",2016,8141.9404296875,,,0
Morocco,MAR,NY.GDP.PCAP.PP.KD,"GDP per capita, PPP (constant 2021 international $)",2015,8198.80859375,,,0
Mozambique,MOZ,NY.GDP.PCAP.PP.KD,"GDP per capita, PPP (constant 2021 international $)",2019,1528.88988354373,,,0
Mozambique,MOZ,NY.GDP.PCAP.PP.KD,"GDP per capita, PPP (constant 2021 international $)",2018,1538.83512127022,,,0
Mozambique,MOZ,NY.GDP.PCAP.PP.KD,"GDP per capita, PPP (constant 2021 international $)",2017,1532.0073576114,,,0
Mozambique,MOZ,NY.GDP.PCAP.PP.KD,"GDP per capita, PPP (constant 2021 international $)",2016,1537.90853271216,,,0
Mozambique,MOZ,NY.GDP.PCAP.PP.KD,"GDP per capita, PPP (constant 2021 international $)",2015,1512.5997455554,,,0
Myanmar,MMR,NY.GDP.PCAP.PP.KD,"GDP per capita, PPP (constant 2021 international $)",2019,6562.98898478625,,,0
Myanmar,MMR,NY.GDP.PCAP.PP.KD,"GDP per capita, PPP (constant 2021 international $)",2018,6201.26341429803,,,0
Myanmar,MMR,NY.GDP.PCAP.PP.KD,"GDP per capita, PPP (constant 2021 international $)",2017,5877.87465558175,,,0
Myanmar,MMR,NY.GDP.PCAP.PP.KD,"GDP per capita, PPP (constant 2021 international $)",2016,5580.98977273232,,,0
Myanmar,MMR,NY.GDP.PCAP.PP.KD,"GDP per capita, PPP (constant 2021 international $)",2015,5313.88615901476,,,0
Namibia,NAM,NY.GDP.PCAP.PP.KD,"GDP per capita, PPP (constant 2021 international $)",2019,10813.3044681944,,,0
Namibia,NAM,NY.GDP.PCAP.PP.KD,"GDP per capita, PPP (constant 2021 international $)",2018,11214.38604306,,,0
Namibia,NAM,NY.GDP.PCAP.PP.KD,"GDP per capita, PPP (constant 2021 international $)",2017,11408.7253099967,,,0
Namibia,NAM,NY.GDP.PCAP.PP.KD,"GDP per capita, PPP (constant 2021 international $)",2016,11846.7880832757,,,0
Namibia,NAM,NY.GDP.PCAP.PP.KD,"GDP per capita, PPP (constant 2021 international $)",2015,12166.5658392058,,,0
Nauru,NRU,NY.GDP.PCAP.PP.KD,"GDP per capita, PPP (constant 2021 international $)",2019,11183.095616258,,,0
Nauru,NRU,NY.GDP.PCAP.PP.KD,"GDP per capita, PPP (constant 2021 international $)",2018,10401.2803984916,,,0
Nauru,NRU,NY.GDP.PCAP.PP.KD,"GDP per capita, PPP (constant 2021 international $)",2017,10631.9143863208,,,0
Nauru,NRU,NY.GDP.PCAP.PP.KD,"GDP per capita, PPP (constant 2021 international $)",2016,11529.8856976118,,,0
Nauru,NRU,NY.GDP.PCAP.PP.KD,"GDP per capita, PPP (constant 2021 international $)",2015,11270.4681981308,,,0
Nepal,NPL,NY.GDP.PCAP.PP.KD,"GDP per capita, PPP (constant 2021 international $)",2019,4607.52454717112,,,0
Nepal,NPL,NY.GDP.PCAP.PP.KD,"GDP per capita, PPP (constant 2021 international $)",2018,4371.38571771897,,,0
Nepal,NPL,NY.GDP.PCAP.PP.KD,"GDP per capita, PPP (constant 2021 international $)",2017,4071.70431755798,,,0
Nepal,NPL,NY.GDP.PCAP.PP.KD,"GDP per capita, PPP (constant 2021 international $)",2016,3743.7445783578,,,0
Nepal,NPL,NY.GDP.PCAP.PP.KD,"GDP per capita, PPP (constant 2021 international $)",2015,3745.26182249477,,,0
Netherlands,NLD,NY.GDP.PCAP.PP.KD,"GDP per capita, PPP (constant 2021 international $)",2019,67847.8542926795,,,0
Netherlands,NLD,NY.GDP.PCAP.PP.KD,"GDP per capita, PPP (constant 2021 international $)",2018,66758.2640145753,,,0
Netherlands,NLD,NY.GDP.PCAP.PP.KD,"GDP per capita, PPP (constant 2021 international $)",2017,65666.0036593237,,,0
Netherlands,NLD,NY.GDP.PCAP.PP.KD,"GDP per capita, PPP (constant 2021 international $)",2016,64267.736357935,,,0
Netherlands,NLD,NY.GDP.PCAP.PP.KD,"GDP per capita, PPP (constant 2021 international $)",2015,63081.3941350677,,,0
New Caledonia,NCL,NY.GDP.PCAP.PP.KD,"GDP per capita, PPP (constant 2021 international $)",2019,,,,0
New Caledonia,NCL,NY.GDP.PCAP.PP.KD,"GDP per capita, PPP (constant 2021 international $)",2018,,,,0
New Caledonia,NCL,NY.GDP.PCAP.PP.KD,"GDP per capita, PPP (constant 2021 international $)",2017,,,,0
New Caledonia,NCL,NY.GDP.PCAP.PP.KD,"GDP per capita, PPP (constant 2021 international $)",2016,,,,0
New Caledonia,NCL,NY.GDP.PCAP.PP.KD,"GDP per capita, PPP (constant 2021 international $)",2015,,,,0
New Zealand,NZL,NY.GDP.PCAP.PP.KD,"GDP per capita, PPP (constant 2021 international $)",2019,47362.3199332352,,,0
New Zealand,NZL,NY.GDP.PCAP.PP.KD,"GDP per capita, PPP (constant 2021 international $)",2018,46947.937247914,,,0
New Zealand,NZL,NY.GDP.PCAP.PP.KD,"GDP per capita, PPP (constant 2021 international $)",2017,46193.2884771696,,,0
New Zealand,NZL,NY.GDP.PCAP.PP.KD,"GDP per capita, PPP (constant 2021 international $)",2016,45626.6818435018,,,0
New Zealand,NZL,NY.GDP.PCAP.PP.KD,"GDP per capita, PPP (constant 2021 international $)",2015,44963.8339159182,,,0
Nicaragua,NIC,NY.GDP.PCAP.PP.KD,"GDP per capita, PPP (constant 2021 international $)",2019,6756.59375829081,,,0
Nicaragua,NIC,NY.GDP.PCAP.PP.KD,"GDP per capita, PPP (constant 2021 international $)",2018,7049.02753442352,,,0
Nicaragua,NIC,NY.GDP.PCAP.PP.KD,"GDP per capita, PPP (constant 2021 international $)",2017,7391.19683946294,,,0
Nicaragua,NIC,NY.GDP.PCAP.PP.KD,"GDP per capita, PPP (constant 2021 international $)",2016,7158.75799760378,,,0
Nicaragua,NIC,NY.GDP.PCAP.PP.KD,"GDP per capita, PPP (constant 2021 international $)",2015,6939.03286207731,,,0
Niger,NER,NY.GDP.PCAP.PP.KD,"GDP per capita, PPP (constant 2021 international $)",2019,1612.63734693259,,,0
Niger,NER,NY.GDP.PCAP.PP.KD,"GDP per capita, PPP (constant 2021 international $)",2018,1574.33838262666,,,0
Niger,NER,NY.GDP.PCAP.PP.KD,"GDP per capita, PPP (constant 2021 international $)",2017,1520.0015371232,,,0
Niger,NER,NY.GDP.PCAP.PP.KD,"GDP per capita, PPP (constant 2021 international $)",2016,1500.00858681288,,,0
Niger,NER,NY.GDP.PCAP.PP.KD,"GDP per capita, PPP (constant 2021 international $)",2015,1471.66135329224,,,0
Nigeria,NGA,NY.GDP.PCAP.PP.KD,"GDP per capita, PPP (constant 2021 international $)",2019,8361.78664857198,,,0
Nigeria,NGA,NY.GDP.PCAP.PP.KD,"GDP per capita, PPP (constant 2021 international $)",2018,8362.62330891339,,,0
Nigeria,NGA,NY.GDP.PCAP.PP.KD,"GDP per capita, PPP (constant 2021 international $)",2017,8396.78452274331,,,0
Nigeria,NGA,NY.GDP.PCAP.PP.KD,"GDP per capita, PPP (constant 2021 international $)",2016,8534.69281513898,,,0
Nigeria,NGA,NY.GDP.PCAP.PP.KD,"GDP per capita, PPP (constant 2021 international $)",2015,8892.05798706748,,,0
North Macedonia,MKD,NY.GDP.PCAP.PP.KD,"GDP per capita, PPP (constant 2021 international $)",2019,21766.974473423,,,0
North Macedonia,MKD,NY.GDP.PCAP.PP.KD,"GDP per capita, PPP (constant 2021 international $)",2018,20806.0084013242,,,0
North Macedonia,MKD,NY.GDP.PCAP.PP.KD,"GDP per capita, PPP (constant 2021 international $)",2017,20121.1344599839,,,0
North Macedonia,MKD,NY.GDP.PCAP.PP.KD,"GDP per capita, PPP (constant 2021 international $)",2016,19825.8546858981,,,0
North Macedonia,MKD,NY.GDP.PCAP.PP.KD,"GDP per capita, PPP (constant 2021 international $)",2015,19215.1537229479,,,0
Northern Mariana Islands,MNP,NY.GDP.PCAP.PP.KD,"GDP per capita, PPP (constant 2021 international $)",2019,,,,0
Northern Mariana Islands,MNP,NY.GDP.PCAP.PP.KD,"GDP per capita, PPP (constant 2021 international $)",2018,,,,0
Northern Mariana Islands,MNP,NY.GDP.PCAP.PP.KD,"GDP per capita, PPP (constant 2021 international $)",2017,,,,0
Northern Mariana Islands,MNP,NY.GDP.PCAP.PP.KD,"GDP per capita, PPP (constant 2021 international $)",2016,,,,0
Northern Mariana Islands,MNP,NY.GDP.PCAP.PP.KD,"GDP per capita, PPP (constant 2021 international $)",2015,,,,0
Norway,NOR,NY.GDP.PCAP.PP.KD,"GDP per capita, PPP (constant 2021 international $)",2019,87725.7283254613,,,0
Norway,NOR,NY.GDP.PCAP.PP.KD,"GDP per capita, PPP (constant 2021 international $)",2018,87338.4708008985,,,0
Norway,NOR,NY.GDP.PCAP.PP.KD,"GDP per capita, PPP (constant 2021 international $)",2017,87194.1115421374,,,0
Norway,NOR,NY.GDP.PCAP.PP.KD,"GDP per capita, PPP (constant 2021 international $)",2016,85787.6174410424,,,0
Norway,NOR,NY.GDP.PCAP.PP.KD,"GDP per capita, PPP (constant 2021 international $)",2015,85550.2942614495,,,0
Oman,OMN,NY.GDP.PCAP.PP.KD,"GDP per capita, PPP (constant 2021 international $)",2019,38292.3859682752,,,0
Oman,OMN,NY.GDP.PCAP.PP.KD,"GDP per capita, PPP (constant 2021 international $)",2018,38673.6045360857,,,0
Oman,OMN,NY.GDP.PCAP.PP.KD,"GDP per capita, PPP (constant 2021 international $)",2017,38691.1077105097,,,0
Oman,OMN,NY.GDP.PCAP.PP.KD,"GDP per capita, PPP (constant 2021 international $)",2016,39860.9893909688,,,0
Oman,OMN,NY.GDP.PCAP.PP.KD,"GDP per capita, PPP (constant 2021 international $)",2015,39813.7887054675,,,0
Pakistan,PAK,NY.GDP.PCAP.PP.KD,"GDP per capita, PPP (constant 2021 international $)",2019,5295.95295138203,,,0
Pakistan,PAK,NY.GDP.PCAP.PP.KD,"GDP per capita, PPP (constant 2021 international $)",2018,5255.06350681272,,,0
Pakistan,PAK,NY.GDP.PCAP.PP.KD,"GDP per capita, PPP (constant 2021 international $)",2017,5031.56060738433,,,0
Pakistan,PAK,NY.GDP.PCAP.PP.KD,"GDP per capita, PPP (constant 2021 international $)",2016,4886.61212115378,,,0
Pakistan,PAK,NY.GDP.PCAP.PP.KD,"GDP per capita, PPP (constant 2021 international $)",2015,4645.28631071145,,,0
Palau,PLW,NY.GDP.PCAP.PP.KD,"GDP per capita, PPP (constant 2021 international $)",2019,19519.018546453,,,0
Palau,PLW,NY.GDP.PCAP.PP.KD,"GDP per capita, PPP (constant 2021 international $)",2018,19572.3446450452,,,0
Palau,PLW,NY.GDP.PCAP.PP.KD,"GDP per capita, PPP (constant 2021 international $)",2017,19821.0983603983,,,0
Palau,PLW,NY.GDP.PCAP.PP.KD,"GDP per capita, PPP (constant 2021 international $)",2016,20449.1316608307,,,0
Palau,PLW,NY.GDP.PCAP.PP.KD,"GDP per capita, PPP (constant 2021 international $)",2015,20212.0181058882,,,0
Panama,PAN,NY.GDP.PCAP.PP.KD,"GDP per capita, PPP (constant 2021 international $)",2019,33163.726919217,,,0
Panama,PAN,NY.GDP.PCAP.PP.KD,"GDP per capita, PPP (constant 2021 international $)",2018,32681.4463581168,,,0
Panama,PAN,NY.GDP.PCAP.PP.KD,"GDP per capita, PPP (constant 2021 international $)",2017,31979.8122635605,,,0
Panama,PAN,NY.GDP.PCAP.PP.KD,"GDP per capita, PPP (constant 2021 international $)",2016,30765.2371534884,,,0
Panama,PAN,NY.GDP.PCAP.PP.KD,"GDP per capita, PPP (constant 2021 international $)",2015,29933.1555965973,,,0
Papua New Guinea,PNG,NY.GDP.PCAP.PP.KD,"GDP per capita, PPP (constant 2021 international $)",2019,4301.61139205544,,,0
Papua New Guinea,PNG,NY.GDP.PCAP.PP.KD,"GDP per capita, PPP (constant 2021 international $)",2018,4211.1454741469,,,0
Papua New Guinea,PNG,NY.GDP.PCAP.PP.KD,"GDP per capita, PPP (constant 2021 international $)",2017,4322.22282084806,,,0
Papua New Guinea,PNG,NY.GDP.PCAP.PP.KD,"GDP per capita, PPP (constant 2021 international $)",2016,4275.74858615698,,,0
Papua New Guinea,PNG,NY.GDP.PCAP.PP.KD,"GDP per capita, PPP (constant 2021 international $)",2015,4154.52332559184,,,0
Paraguay,PRY,NY.GDP.PCAP.PP.KD,"GDP per capita, PPP (constant 2021 international $)",2019,15321.3245528947,,,0
Paraguay,PRY,NY.GDP.PCAP.PP.KD,"GDP per capita, PPP (constant 2021 international $)",2018,15592.9841390322,,,0
Paraguay,PRY,NY.GDP.PCAP.PP.KD,"GDP per capita, PPP (constant 2021 international $)",2017,15320.3366476954,,,0
Paraguay,PRY,NY.GDP.PCAP.PP.KD,"GDP per capita, PPP (constant 2021 international $)",2016,14826.6636909978,,,0
Paraguay,PRY,NY.GDP.PCAP.PP.KD,"GDP per capita, PPP (constant 2021 international $)",2015,14427.6002349811,,,0
Peru,PER,NY.GDP.PCAP.PP.KD,"GDP per capita, PPP (constant 2021 international $)",2019,15463.5432397882,,,0
Peru,PER,NY.GDP.PCAP.PP.KD,"GDP per capita, PPP (constant 2021 international $)",2018,15386.2601642505,,,0
Peru,PER,NY.GDP.PCAP.PP.KD,"GDP per capita, PPP (constant 2021 international $)",2017,15069.5221084659,,,0
Peru,PER,NY.GDP.PCAP.PP.KD,"GDP per capita, PPP (constant 2021 international $)",2016,14917.4489473588,,,0
Peru,PER,NY.GDP.PCAP.PP.KD,"GDP per capita, PPP (constant 2021 international $)",2015,14542.7930911313,,,0
Philippines,PHL,NY.GDP.PCAP.PP.KD,"GDP per capita, PPP (constant 2021 international $)",2019,9452.2939715981,,,0
Philippines,PHL,NY.GDP.PCAP.PP.KD,"GDP per capita, PPP (constant 2021 international $)",2018,9016.28659637608,,,0
Philippines,PHL,NY.GDP.PCAP.PP.KD,"GDP per capita, PPP (constant 2021 international $)",2017,8584.13622709699,,,0
Philippines,PHL,NY.GDP.PCAP.PP.KD,"GDP per capita, PPP (constant 2021 international $)",2016,8131.82537948653,,,0
Philippines,PHL,NY.GDP.PCAP.PP.KD,"GDP per capita, PPP (constant 2021 international $)",2015,7691.76308685047,,,0
Poland,POL,NY.GDP.PCAP.PP.KD,"GDP per capita, PPP (constant 2021 international $)",2019,38181.6230334689,,,0
Poland,POL,NY.GDP.PCAP.PP.KD,"GDP per capita, PPP (constant 2021 international $)",2018,36500.4114282584,,,0
Poland,POL,NY.GDP.PCAP.PP.KD,"GDP per capita, PPP (constant 2021 international $)",2017,34354.5987616319,,,0
Poland,POL,NY.GDP.PCAP.PP.KD,"GDP per capita, PPP (constant 2021 international $)",2016,32675.3052259954,,,0
Poland,POL,NY.GDP.PCAP.PP.KD,"GDP per capita, PPP (constant 2021 international $)",2015,31700.3682364154,,,0
Portugal,PRT,NY.GDP.PCAP.PP.KD,"GDP per capita, PPP (constant 2021 international $)",2019,40188.2868799219,,,0
Portugal,PRT,NY.GDP.PCAP.PP.KD,"GDP per capita, PPP (constant 2021 international $)",2018,39123.6151282571,,,0
Portugal,PRT,NY.GDP.PCAP.PP.KD,"GDP per capita, PPP (constant 2021 international $)",2017,37943.1150505673,,,0
Portugal,PRT,NY.GDP.PCAP.PP.KD,"GDP per capita, PPP (constant 2021 international $)",2016,36636.2978441633,,,0
Portugal,PRT,NY.GDP.PCAP.PP.KD,"GDP per capita, PPP (constant 2021 international $)",2015,35803.3575649769,,,0
Puerto Rico (US),PRI,NY.GDP.PCAP.PP.KD,"GDP per capita, PPP (constant 2021 international $)",2019,41656.3291581369,,,0
Puerto Rico (US),PRI,NY.GDP.PCAP.PP.KD,"GDP per capita, PPP (constant 2021 international $)",2018,41119.3088051648,,,0
Puerto Rico (US),PRI,NY.GDP.PCAP.PP.KD,"GDP per capita, PPP (constant 2021 international $)",2017,41479.9977732034,,,0
Puerto Rico (US),PRI,NY.GDP.PCAP.PP.KD,"GDP per capita, PPP (constant 2021 international $)",2016,41858.2626698462,,,0
Puerto Rico (US),PRI,NY.GDP.PCAP.PP.KD,"GDP per capita, PPP (constant 2021 international $)",2015,41737.6068571153,,,0
Qatar,QAT,NY.GDP.PCAP.PP.KD,"GDP per capita, PPP (constant 2021 international $)",2019,113160.839750596,,,0
Qatar,QAT,NY.GDP.PCAP.PP.KD,"GDP per capita, PPP (constant 2021 international $)",2018,114909.792335472,,,0
Qatar,QAT,NY.GDP.PCAP.PP.KD,"GDP per capita, PPP (constant 2021 international $)",2017,115064.83603436,,,0
Qatar,QAT,NY.GDP.PCAP.PP.KD,"GDP per capita, PPP (constant 2021 international $)",2016,120054.244506415,,,0
Qatar,QAT,NY.GDP.PCAP.PP.KD,"GDP per capita, PPP (constant 2021 international $)",2015,123070.823231761,,,0
Romania,ROU,NY.GDP.PCAP.PP.KD,"GDP per capita, PPP (constant 2021 international $)",2019,36399.6255565426,,,0
Romania,ROU,NY.GDP.PCAP.PP.KD,"GDP per capita, PPP (constant 2021 international $)",2018,34829.0402990684,,,0
Romania,ROU,NY.GDP.PCAP.PP.KD,"GDP per capita, PPP (constant 2021 international $)",2017,32852.7718069627,,,0
Romania,ROU,NY.GDP.PCAP.PP.KD,"GDP per capita, PPP (constant 2021 international $)",2016,30189.2729172886,,,0
Romania,ROU,NY.GDP.PCAP.PP.KD,"GDP per capita, PPP (constant 2021 international $)",2015,29181.9991893663,,,0
Russian Federation,RUS,NY.GDP.PCAP.PP.KD,"GDP per capita, PPP (constant 2021 international $)",2019,37319.3203125,,,0
Russian Federation,RUS,NY.GDP.PCAP.PP.KD,"GDP per capita, PPP (constant 2021 international $)",2018,36536.6953125,,,0
Russian Federation,RUS,NY.GDP.PCAP.PP.KD,"GDP per capita, PPP (constant 2021 international $)",2017,35570.390625,,,0
Russian Federation,RUS,NY.GDP.PCAP.PP.KD,"GDP per capita, PPP (constant 2021 international $)",2016,35005.44921875,,,0
Russian Federation,RUS,NY.GDP.PCAP.PP.KD,"GDP per capita, PPP (constant 2021 international $)",2015,35037.15234375,,,0
Rwanda,RWA,NY.GDP.PCAP.PP.KD,"GDP per capita, PPP (constant 2021 international $)",2019,2667.46458436613,,,0
Rwanda,RWA,NY.GDP.PCAP.PP.KD,"GDP per capita, PPP (constant 2021 international $)",2018,2493.44001744938,,,0
Rwanda,RWA,NY.GDP.PCAP.PP.KD,"GDP per capita, PPP (constant 2021 international $)",2017,2351.59686866227,,,0
Rwanda,RWA,NY.GDP.PCAP.PP.KD,"GDP per capita, PPP (constant 2021 international $)",2016,2316.63731573814,,,0
Rwanda,RWA,NY.GDP.PCAP.PP.KD,"GDP per capita, PPP (constant 2021 international $)",2015,2238.53941469642,,,0
Samoa,WSM,NY.GDP.PCAP.PP.KD,"GDP per capita, PPP (constant 2021 international $)",2019,7033.52113384547,,,0
Samoa,WSM,NY.GDP.PCAP.PP.KD,"GDP per capita, PPP (constant 2021 international $)",2018,6805.0451717529,,,0
Samoa,WSM,NY.GDP.PCAP.PP.KD,"GDP per capita, PPP (constant 2021 international $)",2017,6919.01572858501,,,0
Samoa,WSM,NY.GDP.PCAP.PP.KD,"GDP per capita, PPP (constant 2021 international $)",2016,6887.30523545286,,,0
Samoa,WSM,NY.GDP.PCAP.PP.KD,"GDP per capita, PPP (constant 2021 international $)",2015,6432.35979168526,,,0
San Marino,SMR,NY.GDP.PCAP.PP.KD,"GDP per capita, PPP (constant 2021 international $)",2019,60171.0471344217,,,0
San Marino,SMR,NY.GDP.PCAP.PP.KD,"GDP per capita, PPP (constant 2021 international $)",2018,59194.0442905609,,,0
San Marino,SMR,NY.GDP.PCAP.PP.KD,"GDP per capita, PPP (constant 2021 international $)",2017,59524.5597904018,,,0
San Marino,SMR,NY.GDP.PCAP.PP.KD,"GDP per capita, PPP (constant 2021 international $)",2016,60669.8186167521,,,0
San Marino,SMR,NY.GDP.PCAP.PP.KD,"GDP per capita, PPP (constant 2021 international $)",2015,59647.6594557072,,,0
Sao Tome and Principe,STP,NY.GDP.PCAP.PP.KD,"GDP per capita, PPP (constant 2021 international $)",2019,5702.08347071236,,,0
Sao Tome and Principe,STP,NY.GDP.PCAP.PP.KD,"GDP per capita, PPP (constant 2021 international $)",2018,5674.72379094011,,,0
Sao Tome and Principe,STP,NY.GDP.PCAP.PP.KD,"GDP per capita, PPP (constant 2021 international $)",2017,5521.20249597413,,,0
Sao Tome and Principe,STP,NY.GDP.PCAP.PP.KD,"GDP per capita, PPP (constant 2021 international $)",2016,5388.5091334891,,,0
Sao Tome and Principe,STP,NY.GDP.PCAP.PP.KD,"GDP per capita, PPP (constant 2021 international $)",2015,5210.2037755431,,,0
Saudi Arabia,SAU,NY.GDP.PCAP.PP.KD,"GDP per capita, PPP (constant 2021 international $)",2019,62647.7299487842,,,0
Saudi Arabia,SAU,NY.GDP.PCAP.PP.KD,"GDP per capita, PPP (constant 2021 international $)",2018,61359.4653740388,,,0
Saudi Arabia,SAU,NY.GDP.PCAP.PP.KD,"GDP per capita, PPP (constant 2021 international $)",2017,57942.5484983044,,,0
Saudi Arabia,SAU,NY.GDP.PCAP.PP.KD,"GDP per capita, PPP (constant 2021 international $)",2016,57308.4484127497,,,0
Saudi Arabia,SAU,NY.GDP.PCAP.PP.KD,"GDP per capita, PPP (constant 2021 international $)",2015,58498.5399040699,,,0
Senegal,SEN,NY.GDP.PCAP.PP.KD,"GDP per capita, PPP (constant 2021 international $)",2019,4070.61227058594,,,0
Senegal,SEN,NY.GDP.PCAP.PP.KD,"GDP per capita, PPP (constant 2021 international $)",2018,3998.28635303406,,,0
Senegal,SEN,NY.GDP.PCAP.PP.KD,"GDP per capita, PPP (constant 2021 international $)",2017,3871.4514678592,,,0
Senegal,SEN,NY.GDP.PCAP.PP.KD,"GDP per capita, PPP (constant 2021 international $)",2016,3710.05531589724,,,0
Senegal,SEN,NY.GDP.PCAP.PP.KD,"GDP per capita, PPP (constant 2021 international $)",2015,3593.79477120389,,,0
Serbia,SRB,NY.GDP.PCAP.PP.KD,"GDP per capita, PPP (constant 2021 international $)",2019,21541.2157346761,,,0
Serbia,SRB,NY.GDP.PCAP.PP.KD,"GDP per capita, PPP (constant 2021 international $)",2018,20454.310707953,,,0
Serbia,SRB,NY.GDP.PCAP.PP.KD,"GDP per capita, PPP (constant 2021 international $)",2017,19439.0723263919,,,0
Serbia,SRB,NY.GDP.PCAP.PP.KD,"GDP per capita, PPP (constant 2021 international $)",2016,18889.4599757385,,,0
Serbia,SRB,NY.GDP.PCAP.PP.KD,"GDP per capita, PPP (constant 2021 international $)",2015,18247.884779382,,,0
Seychelles,SYC,NY.GDP.PCAP.PP.KD,"GDP per capita, PPP (constant 2021 international $)",2019,34346.0708923483,,,0
Seychelles,SYC,NY.GDP.PCAP.PP.KD,"GDP per capita, PPP (constant 2021 international $)",2018,32841.4242467381,,,0
Seychelles,SYC,NY.GDP.PCAP.PP.KD,"GDP per capita, PPP (constant 2021 international $)",2017,31595.6680570505,,,0
Seychelles,SYC,NY.GDP.PCAP.PP.KD,"GDP per capita, PPP (constant 2021 international $)",2016,29905.1347389952,,,0
Seychelles,SYC,NY.GDP.PCAP.PP.KD,"GDP per capita, PPP (constant 2021 international $)",2015,27032.2083880002,,,0
Sierra Leone,SLE,NY.GDP.PCAP.PP.KD,"GDP per capita, PPP (constant 2021 international $)",2019,2852.66269917494,,,0
Sierra Leone,SLE,NY.GDP.PCAP.PP.KD,"GDP per capita, PPP (constant 2021 international $)",2018,2767.38003381598,,,0
Sierra Leone,SLE,NY.GDP.PCAP.PP.KD,"GDP per capita, PPP (constant 2021 international $)",2017,2753.42719846704,,,0
Sierra Leone,SLE,NY.GDP.PCAP.PP.KD,"GDP per capita, PPP (constant 2021 international $)",2016,2732.26093997048,,,0
Sierra Leone,SLE,NY.GDP.PCAP.PP.KD,"GDP per capita, PPP (constant 2021 international $)",2015,2628.17058146385,,,0
Singapore,SGP,NY.GDP.PCAP.PP.KD,"GDP per capita, PPP (constant 2021 international $)",2019,120114.133894235,,,0
Singapore,SGP,NY.GDP.PCAP.PP.KD,"GDP per capita, PPP (constant 2021 international $)",2018,119927.769127927,,,0
Singapore,SGP,NY.GDP.PCAP.PP.KD,"GDP per capita, PPP (constant 2021 international $)",2017,116471.820764776,,,0
Singapore,SGP,NY.GDP.PCAP.PP.KD,"GDP per capita, PPP (constant 2021 international $)",2016,111579.742684331,,,0
Singapore,SGP,NY.GDP.PCAP.PP.KD,"GDP per capita, PPP (constant 2021 international $)",2015,108953.724294287,,,0
Sint Maarten (Dutch part),SXM,NY.GDP.PCAP.PP.KD,"GDP per capita, PPP (constant 2021 international $)",2019,45996.7912346922,,,0
Sint Maarten (Dutch part),SXM,NY.GDP.PCAP.PP.KD,"GDP per capita, PPP (constant 2021 international $)",2018,42154.1020267504,,,0
Sint Maarten (Dutch part),SXM,NY.GDP.PCAP.PP.KD,"GDP per capita, PPP (constant 2021 international $)",2017,46088.3583839152,,,0
Sint Maarten (Dutch part),SXM,NY.GDP.PCAP.PP.KD,"GDP per capita, PPP (constant 2021 international $)",2016,50817.6814942681,,,0
Sint Maarten (Dutch part),SXM,NY.GDP.PCAP.PP.KD,"GDP per capita, PPP (constant 2021 international $)",2015,51375.6032503737,,,0
Slovak Republic,SVK,NY.GDP.PCAP.PP.KD,"GDP per capita, PPP (constant 2021 international $)",2019,37209.5332553073,,,0
Slovak Republic,SVK,NY.GDP.PCAP.PP.KD,"GDP per capita, PPP (constant 2021 international $)",2018,36430.7941704195,,,0
Slovak Republic,SVK,NY.GDP.PCAP.PP.KD,"GDP per capita, PPP (constant 2021 international $)",2017,35057.2223763167,,,0
Slovak Republic,SVK,NY.GDP.PCAP.PP.KD,"GDP per capita, PPP (constant 2021 international $)",2016,34130.5050676203,,,0
Slovak Republic,SVK,NY.GDP.PCAP.PP.KD,"GDP per capita, PPP (constant 2021 international $)",2015,33521.5954764975,,,0
Slovenia,SVN,NY.GDP.PCAP.PP.KD,"GDP per capita, PPP (constant 2021 international $)",2019,44569.5878416535,,,0
Slovenia,SVN,NY.GDP.PCAP.PP.KD,"GDP per capita, PPP (constant 2021 international $)",2018,43361.094447431,,,0
Slovenia,SVN,NY.GDP.PCAP.PP.KD,"GDP per capita, PPP (constant 2021 international $)",2017,41692.836279788,,,0
Slovenia,SVN,NY.GDP.PCAP.PP.KD,"GDP per capita, PPP (constant 2021 international $)",2016,39667.4579830072,,,0
Slovenia,SVN,NY.GDP.PCAP.PP.KD,"GDP per capita, PPP (constant 2021 international $)",2015,38527.4222549683,,,0
Solomon Islands,SLB,NY.GDP.PCAP.PP.KD,"GDP per capita, PPP (constant 2021 international $)",2019,2661.61667922254,,,0
Solomon Islands,SLB,NY.GDP.PCAP.PP.KD,"GDP per capita, PPP (constant 2021 international $)",2018,2686.11900111375,,,0
Solomon Islands,SLB,NY.GDP.PCAP.PP.KD,"GDP per capita, PPP (constant 2021 international $)",2017,2703.66346303885,,,0
Solomon Islands,SLB,NY.GDP.PCAP.PP.KD,"GDP per capita, PPP (constant 2021 international $)",2016,2715.23362293936,,,0
Solomon Islands,SLB,NY.GDP.PCAP.PP.KD,"GDP per capita, PPP (constant 2021 international $)",2015,2664.72477884762,,,0
"Somalia, Fed. Rep.",SOM,NY.GDP.PCAP.PP.KD,"GDP per capita, PPP (constant 2021 international $)",2019,1491.29493918405,,,0
"Somalia, Fed. Rep.",SOM,NY.GDP.PCAP.PP.KD,"GDP per capita, PPP (constant 2021 international $)",2018,1504.97908203481,,,0
"Somalia, Fed. Rep.",SOM,NY.GDP.PCAP.PP.KD,"GDP per capita, PPP (constant 2021 international $)",2017,1527.66029071672,,,0
"Somalia, Fed. Rep.",SOM,NY.GDP.PCAP.PP.KD,"GDP per capita, PPP (constant 2021 international $)",2016,1384.15517410135,,,0
"Somalia, Fed. Rep.",SOM,NY.GDP.PCAP.PP.KD,"GDP per capita, PPP (constant 2021 international $)",2015,1343.92517439606,,,0
South Africa,ZAF,NY.GDP.PCAP.PP.KD,"GDP per capita, PPP (constant 2021 international $)",2019,14352.6698709871,,,0
South Africa,ZAF,NY.GDP.PCAP.PP.KD,"GDP per capita, PPP (constant 2021 international $)",2018,14553.5615668957,,,0
South Africa,ZAF,NY.GDP.PCAP.PP.KD,"GDP per capita, PPP (constant 2021 international $)",2017,14573.5980840004,,,0
South Africa,ZAF,NY.GDP.PCAP.PP.KD,"GDP per capita, PPP (constant 2021 international $)",2016,14501.2807823402,,,0
South Africa,ZAF,NY.GDP.PCAP.PP.KD,"GDP per capita, PPP (constant 2021 international $)",2015,14541.6748613669,,,0
South Sudan,SSD,NY.GDP.PCAP.PP.KD,"GDP per capita, PPP (constant 2021 international $)",2019,,,,0
South Sudan,SSD,NY.GDP.PCAP.PP.KD,"GDP per capita, PPP (constant 2021 international $)",2018,,,,0
South Sudan,SSD,NY.GDP.PCAP.PP.KD,"GDP per capita, PPP (constant 2021 international $)",2017,,,,0
South Sudan,SSD,NY.GDP.PCAP.PP.KD,"GDP per capita, PPP (constant 2021 international $)",2016,,,,0
South Sudan,SSD,NY.GDP.PCAP.PP.KD,"GDP per capita, PPP (constant 2021 international $)",2015,,,,0
Spain,ESP,NY.GDP.PCAP.PP.KD,"GDP per capita, PPP (constant 2021 international $)",2019,46896.4171141424,,,0
Spain,ESP,NY.GDP.PCAP.PP.KD,"GDP per capita, PPP (constant 2021 international $)",2018,46325.2099441141,,,0
Spain,ESP,NY.GDP.PCAP.PP.KD,"GDP per capita, PPP (constant 2021 international $)",2017,45446.2508575695,,,0
Spain,ESP,NY.GDP.PCAP.PP.KD,"GDP per capita, PPP (constant 2021 international $)",2016,44274.6676149922,,,0
Spain,ESP,NY.GDP.PCAP.PP.KD,"GDP per capita, PPP (constant 2021 international $)",2015,43053.761430314,,,0
Sri Lanka,LKA,NY.GDP.PCAP.PP.KD,"GDP per capita, PPP (constant 2021 international $)",2019,14637.44429132,,,0
Sri Lanka,LKA,NY.GDP.PCAP.PP.KD,"GDP per capita, PPP (constant 2021 international $)",2018,14759.8248945765,,,0
Sri Lanka,LKA,NY.GDP.PCAP.PP.KD,"GDP per capita, PPP (constant 2021 international $)",2017,14572.4858214565,,,0
Sri Lanka,LKA,NY.GDP.PCAP.PP.KD,"GDP per capita, PPP (constant 2021 international $)",2016,13845.6146782368,,,0
Sri Lanka,LKA,NY.GDP.PCAP.PP.KD,"GDP per capita, PPP (constant 2021 international $)",2015,13329.7793438947,,,0
St. Kitts and Nevis,KNA,NY.GDP.PCAP.PP.KD,"GDP per capita, PPP (constant 2021 international $)",2019,31512.1943105684,,,0
St. Kitts and Nevis,KNA,NY.GDP.PCAP.PP.KD,"GDP per capita, PPP (constant 2021 international $)",2018,30576.2486749244,,,0
St. Kitts and Nevis,KNA,NY.GDP.PCAP.PP.KD,"GDP per capita, PPP (constant 2021 international $)",2017,29948.9200065682,,,0
St. Kitts and Nevis,KNA,NY.GDP.PCAP.PP.KD,"GDP per capita, PPP (constant 2021 international $)",2016,29867.0265589791,,,0
St. Kitts and Nevis,KNA,NY.GDP.PCAP.PP.KD,"GDP per capita, PPP (constant 2021 international $)",2015,28729.566447667,,,0
St. Lucia,LCA,NY.GDP.PCAP.PP.KD,"GDP per capita, PPP (constant 2021 international $)",2019,22738.2471068581,,,0
St. Lucia,LCA,NY.GDP.PCAP.PP.KD,"GDP per capita, PPP (constant 2021 international $)",2018,22981.9179294013,,,0
St. Lucia,LCA,NY.GDP.PCAP.PP.KD,"GDP per capita, PPP (constant 2021 international $)",2017,22422.5970388018,,,0
St. Lucia,LCA,NY.GDP.PCAP.PP.KD,"GDP per capita, PPP (constant 2021 international $)",2016,21775.4737658629,,,0
St. Lucia,LCA,NY.GDP.PCAP.PP.KD,"GDP per capita, PPP (constant 2021 international $)",2015,21142.9733304366,,,0
St. Martin (French part),MAF,NY.GDP.PCAP.PP.KD,"GDP per capita, PPP (constant 2021 international $)",2019,,,,0
St. Martin (French part),MAF,NY.GDP.PCAP.PP.KD,"GDP per capita, PPP (constant 2021 international $)",2018,,,,0
St. Martin (French part),MAF,NY.GDP.PCAP.PP.KD,"GDP per capita, PPP (constant 2021 international $)",2017,,,,0
St. Martin (French part),MAF,NY.GDP.PCAP.PP.KD,"GDP per capita, PPP (constant 2021 international $)",2016,,,,0
St. Martin (French part),MAF,NY.GDP.PCAP.PP.KD,"GDP per capita, PPP (constant 2021 international $)",2015,,,,0
St. Vincent and the Grenadines,VCT,NY.GDP.PCAP.PP.KD,"GDP per capita, PPP (constant 2021 international $)",2019,16365.3255785124,,,0
St. Vincent and the Grenadines,VCT,NY.GDP.PCAP.PP.KD,"GDP per capita, PPP (constant 2021 international $)",2018,16139.0661084965,,,0
St. Vincent and the Grenadines,VCT,NY.GDP.PCAP.PP.KD,"GDP per capita, PPP (constant 2021 international $)",2017,15533.2212821544,,,0
St. Vincent and the Grenadines,VCT,NY.GDP.PCAP.PP.KD,"GDP per capita, PPP (constant 2021 international $)",2016,15197.7482513352,,,0
St. Vincent and the Grenadines,VCT,NY.GDP.PCAP.PP.KD,"GDP per capita, PPP (constant 2021 international $)",2015,14508.8609465459,,,0
Sudan,SDN,NY.GDP.PCAP.PP.KD,"GDP per capita, PPP (constant 2021 international $)",2019,3625.52319335938,,,0
Sudan,SDN,NY.GDP.PCAP.PP.KD,"GDP per capita, PPP (constant 2021 international $)",2018,3816.65991210938,,,0
Sudan,SDN,NY.GDP.PCAP.PP.KD,"GDP per capita, PPP (constant 2021 international $)",2017,4061.01831054688,,,0
Sudan,SDN,NY.GDP.PCAP.PP.KD,"GDP per capita, PPP (constant 2021 international $)",2016,4174.56103515625,,,0
Sudan,SDN,NY.GDP.PCAP.PP.KD,"GDP per capita, PPP (constant 2021 international $)",2015,4159.1943359375,,,0
Suriname,SUR,NY.GDP.PCAP.PP.KD,"GDP per capita, PPP (constant 2021 international $)",2019,22966.7405999124,,,0
Suriname,SUR,NY.GDP.PCAP.PP.KD,"GDP per capita, PPP (constant 2021 international $)",2018,22938.5353715545,,,0
Suriname,SUR,NY.GDP.PCAP.PP.KD,"GDP per capita, PPP (constant 2021 international $)",2017,22070.5137570835,,,0
Suriname,SUR,NY.GDP.PCAP.PP.KD,"GDP per capita, PPP (constant 2021 international $)",2016,21950.4122148625,,,0
Suriname,SUR,NY.GDP.PCAP.PP.KD,"GDP per capita, PPP (constant 2021 international $)",2015,23327.5252497447,,,0
Sweden,SWE,NY.GDP.PCAP.PP.KD,"GDP per capita, PPP (constant 2021 international $)",2019,61601.6292338778,,,0
Sweden,SWE,NY.GDP.PCAP.PP.KD,"GDP per capita, PPP (constant 2021 international $)",2018,60647.449528586,,,0
Sweden,SWE,NY.GDP.PCAP.PP.KD,"GDP per capita, PPP (constant 2021 international $)",2017,60288.7998168676,,,0
Sweden,SWE,NY.GDP.PCAP.PP.KD,"GDP per capita, PPP (constant 2021 international $)",2016,59977.3886010694,,,0
Sweden,SWE,NY.GDP.PCAP.PP.KD,"GDP per capita, PPP (constant 2021 international $)",2015,59468.3538687625,,,0
Switzerland,CHE,NY.GDP.PCAP.PP.KD,"GDP per capita, PPP (constant 2021 international $)",2019,79596.7029465098,,,0
Switzerland,CHE,NY.GDP.PCAP.PP.KD,"GDP per capita, PPP (constant 2021 international $)",2018,79261.3563641288,,,0
Switzerland,CHE,NY.GDP.PCAP.PP.KD,"GDP per capita, PPP (constant 2021 international $)",2017,77626.9027376941,,,0
Switzerland,CHE,NY.GDP.PCAP.PP.KD,"GDP per capita, PPP (constant 2021 international $)",2016,77301.2124304857,,,0
Switzerland,CHE,NY.GDP.PCAP.PP.KD,"GDP per capita, PPP (constant 2021 international $)",2015,76566.0772542148,,,0
Syrian Arab Republic,SYR,NY.GDP.PCAP.PP.KD,"GDP per capita, PPP (constant 2021 international $)",2019,4825.40602053761,,,0
Syrian Arab Republic,SYR,NY.GDP.PCAP.PP.KD,"GDP per capita, PPP (constant 2021 international $)",2018,4956.09296464777,,,0
Syrian Arab Republic,SYR,NY.GDP.PCAP.PP.KD,"GDP per capita, PPP (constant 2021 international $)",2017,4977.79210063798,,,0
Syrian Arab Republic,SYR,NY.GDP.PCAP.PP.KD,"GDP per capita, PPP (constant 2021 international $)",2016,5022.1127178437,,,0
Syrian Arab Republic,SYR,NY.GDP.PCAP.PP.KD,"GDP per capita, PPP (constant 2021 international $)",2015,5302.07413721497,,,0
Tajikistan,TJK,NY.GDP.PCAP.PP.KD,"GDP per capita, PPP (constant 2021 international $)",2019,3649.88375518646,,,0
Tajikistan,TJK,NY.GDP.PCAP.PP.KD,"GDP per capita, PPP (constant 2021 international $)",2018,3479.69235966041,,,0
Tajikistan,TJK,NY.GDP.PCAP.PP.KD,"GDP per capita, PPP (constant 2021 international $)",2017,3312.71202243506,,,0
Tajikistan,TJK,NY.GDP.PCAP.PP.KD,"GDP per capita, PPP (constant 2021 international $)",2016,3169.9667820524,,,0
Tajikistan,TJK,NY.GDP.PCAP.PP.KD,"GDP per capita, PPP (constant 2021 international $)",2015,3041.44479553257,,,0
Tanzania,TZA,NY.GDP.PCAP.PP.KD,"GDP per capita, PPP (constant 2021 international $)",2019,3484.63256835938,,,0
Tanzania,TZA,NY.GDP.PCAP.PP.KD,"GDP per capita, PPP (constant 2021 international $)",2018,3392.68872070313,,,0
Tanzania,TZA,NY.GDP.PCAP.PP.KD,"GDP per capita, PPP (constant 2021 international $)",2017,3318.28833007813,,,0
Tanzania,TZA,NY.GDP.PCAP.PP.KD,"GDP per capita, PPP (constant 2021 international $)",2016,3214.24682617188,,,0
Tanzania,TZA,NY.GDP.PCAP.PP.KD,"GDP per capita, PPP (constant 2021 international $)",2015,3111.44458007813,,,0
Thailand,THA,NY.GDP.PCAP.PP.KD,"GDP per capita, PPP (constant 2021 international $)",2019,21277.8392684764,,,0
Thailand,THA,NY.GDP.PCAP.PP.KD,"GDP per capita, PPP (constant 2021 international $)",2018,20879.9027821449,,,0
Thailand,THA,NY.GDP.PCAP.PP.KD,"GDP per capita, PPP (constant 2021 international $)",2017,20094.6778762603,,,0
Thailand,THA,NY.GDP.PCAP.PP.KD,"GDP per capita, PPP (constant 2021 international $)",2016,19370.6087810117,,,0
Thailand,THA,NY.GDP.PCAP.PP.KD,"GDP per capita, PPP (constant 2021 international $)",2015,18811.9975100064,,,0
Timor-Leste,TLS,NY.GDP.PCAP.PP.KD,"GDP per capita, PPP (constant 2021 international $)",2019,5103.14962872555,,,0
Timor-Leste,TLS,NY.GDP.PCAP.PP.KD,"GDP per capita, PPP (constant 2021 international $)",2018,4188.84115175127,,,0
Timor-Leste,TLS,NY.GDP.PCAP.PP.KD,"GDP per capita, PPP (constant 2021 international $)",2017,4290.02726532164,,,0
Timor-Leste,TLS,NY.GDP.PCAP.PP.KD,"GDP per capita, PPP (constant 2021 international $)",2016,4515.4226379882,,,0
Timor-Leste,TLS,NY.GDP.PCAP.PP.KD,"GDP per capita, PPP (constant 2021 international $)",2015,4467.80011988177,,,0
Togo,TGO,NY.GDP.PCAP.PP.KD,"GDP per capita, PPP (constant 2021 international $)",2019,2577.51616831372,,,0
Togo,TGO,NY.GDP.PCAP.PP.KD,"GDP per capita, PPP (constant 2021 international $)",2018,2517.34898693009,,,0
Togo,TGO,NY.GDP.PCAP.PP.KD,"GDP per capita, PPP (constant 2021 international $)",2017,2462.27744935268,,,0
Togo,TGO,NY.GDP.PCAP.PP.KD,"GDP per capita, PPP (constant 2021 international $)",2016,2427.30036226403,,,0
Togo,TGO,NY.GDP.PCAP.PP.KD,"GDP per capita, PPP (constant 2021 international $)",2015,2388.42609861568,,,0
Tonga,TON,NY.GDP.PCAP.PP.KD,"GDP per capita, PPP (constant 2021 international $)",2019,6858.83871210154,,,0
Tonga,TON,NY.GDP.PCAP.PP.KD,"GDP per capita, PPP (constant 2021 international $)",2018,6885.10271620406,,,0
Tonga,TON,NY.GDP.PCAP.PP.KD,"GDP per capita, PPP (constant 2021 international $)",2017,6862.66870605024,,,0
Tonga,TON,NY.GDP.PCAP.PP.KD,"GDP per capita, PPP (constant 2021 international $)",2016,6639.13678737964,,,0
Tonga,TON,NY.GDP.PCAP.PP.KD,"GDP per capita, PPP (constant 2021 international $)",2015,6194.63923003718,,,0
Trinidad and Tobago,TTO,NY.GDP.PCAP.PP.KD,"GDP per capita, PPP (constant 2021 international $)",2019,33748.7060849924,,,0
Trinidad and Tobago,TTO,NY.GDP.PCAP.PP.KD,"GDP per capita, PPP (constant 2021 international $)",2018,33710.0178540008,,,0
Trinidad and Tobago,TTO,NY.GDP.PCAP.PP.KD,"GDP per capita, PPP (constant 2021 international $)",2017,34095.9899256152,,,0
Trinidad and Tobago,TTO,NY.GDP.PCAP.PP.KD,"GDP per capita, PPP (constant 2021 international $)",2016,35914.9901970983,,,0
Trinidad and Tobago,TTO,NY.GDP.PCAP.PP.KD,"GDP per capita, PPP (constant 2021 international $)",2015,38963.9641783011,,,0
Tunisia,TUN,NY.GDP.PCAP.PP.KD,"GDP per capita, PPP (constant 2021 international $)",2019,13243.9024233246,,,0
Tunisia,TUN,NY.GDP.PCAP.PP.KD,"GDP per capita, PPP (constant 2021 international $)",2018,13163.1952230357,,,0
Tunisia,TUN,NY.GDP.PCAP.PP.KD,"GDP per capita, PPP (constant 2021 international $)",2017,12955.4014814241,,,0
Tunisia,TUN,NY.GDP.PCAP.PP.KD,"GDP per capita, PPP (constant 2021 international $)",2016,12803.8797371543,,,0
Tunisia,TUN,NY.GDP.PCAP.PP.KD,"GDP per capita, PPP (constant 2021 international $)",2015,12802.7917211433,,,0
Turkiye,TUR,NY.GDP.PCAP.PP.KD,"GDP per capita, PPP (constant 2021 international $)",2019,28741.0535082701,,,0
Turkiye,TUR,NY.GDP.PCAP.PP.KD,"GDP per capita, PPP (constant 2021 international $)",2018,28780.3036458151,,,0
Turkiye,TUR,NY.GDP.PCAP.PP.KD,"GDP per capita, PPP (constant 2021 international $)",2017,28194.688309381,,,0
Turkiye,TUR,NY.GDP.PCAP.PP.KD,"GDP per capita, PPP (constant 2021 international $)",2016,26489.6436816046,,,0
Turkiye,TUR,NY.GDP.PCAP.PP.KD,"GDP per capita, PPP (constant 2021 international $)",2015,25984.8027306177,,,0
Turkmenistan,TKM,NY.GDP.PCAP.PP.KD,"GDP per capita, PPP (constant 2021 international $)",2019,15231.3056176565,,,0
Turkmenistan,TKM,NY.GDP.PCAP.PP.KD,"GDP per capita, PPP (constant 2021 international $)",2018,14648.135352725,,,0
Turkmenistan,TKM,NY.GDP.PCAP.PP.KD,"GDP per capita, PPP (constant 2021 international $)",2017,14107.6671199289,,,0
Turkmenistan,TKM,NY.GDP.PCAP.PP.KD,"GDP per capita, PPP (constant 2021 international $)",2016,13552.8477118745,,,0
Turkmenistan,TKM,NY.GDP.PCAP.PP.KD,"GDP per capita, PPP (constant 2021 international $)",2015,13057.8303253557,,,0
Turks and Caicos Islands,TCA,NY.GDP.PCAP.PP.KD,"GDP per capita, PPP (constant 2021 international $)",2019,30611.2130237381,,,0
Turks and Caicos Islands,TCA,NY.GDP.PCAP.PP.KD,"GDP per capita, PPP (constant 2021 international $)",2018,30286.1196112151,,,0
Turks and Caicos Islands,TCA,NY.GDP.PCAP.PP.KD,"GDP per capita, PPP (constant 2021 international $)",2017,29540.3537473151,,,0
Turks and Caicos Islands,TCA,NY.GDP.PCAP.PP.KD,"GDP per capita, PPP (constant 2021 international $)",2016,17625.7202843515,,,0
Turks and Caicos Islands,TCA,NY.GDP.PCAP.PP.KD,"GDP per capita, PPP (constant 2021 international $)",2015,17201.7720345933,,,0
Tuvalu,TUV,NY.GDP.PCAP.PP.KD,"GDP per capita, PPP (constant 2021 international $)",2019,5292.03025969421,,,0
Tuvalu,TUV,NY.GDP.PCAP.PP.KD,"GDP per capita, PPP (constant 2021 international $)",2018,4575.86900510424,,,0
Tuvalu,TUV,NY.GDP.PCAP.PP.KD,"GDP per capita, PPP (constant 2021 international $)",2017,4464.25884629937,,,0
Tuvalu,TUV,NY.GDP.PCAP.PP.KD,"GDP per capita, PPP (constant 2021 international $)",2016,4333.24899362162,,,0
Tuvalu,TUV,NY.GDP.PCAP.PP.KD,"GDP per capita, PPP (constant 2021 international $)",2015,4088.76579910847,,,0
Uganda,UGA,NY.GDP.PCAP.PP.KD,"GDP per capita, PPP (constant 2021 international $)",2019,2689.41009144919,,,0
Uganda,UGA,NY.GDP.PCAP.PP.KD,"GDP per capita, PPP (constant 2021 international $)",2018,2613.87976413963,,,0
Uganda,UGA,NY.GDP.PCAP.PP.KD,"GDP per capita, PPP (constant 2021 international $)",2017,2543.84754394956,,,0
Uganda,UGA,NY.GDP.PCAP.PP.KD,"GDP per capita, PPP (constant 2021 international $)",2016,2554.22769062073,,,0
Uganda,UGA,NY.GDP.PCAP.PP.KD,"GDP per capita, PPP (constant 2021 international $)",2015,2520.0201028843,,,0
Ukraine,UKR,NY.GDP.PCAP.PP.KD,"GDP per capita, PPP (constant 2021 international $)",2019,17636.5546875,,,0
Ukraine,UKR,NY.GDP.PCAP.PP.KD,"GDP per capita, PPP (constant 2021 international $)",2018,16978.984375,,,0
Ukraine,UKR,NY.GDP.PCAP.PP.KD,"GDP per capita, PPP (constant 2021 international $)",2017,16310.3603515625,,,0
Ukraine,UKR,NY.GDP.PCAP.PP.KD,"GDP per capita, PPP (constant 2021 international $)",2016,15856.8125,,,0
Ukraine,UKR,NY.GDP.PCAP.PP.KD,"GDP per capita, PPP (constant 2021 international $)",2015,15403.7099609375,,,0
United Arab Emirates,ARE,NY.GDP.PCAP.PP.KD,"GDP per capita, PPP (constant 2021 international $)",2019,72822.969940695,,,0
United Arab Emirates,ARE,NY.GDP.PCAP.PP.KD,"GDP per capita, PPP (constant 2021 international $)",2018,72671.0652349751,,,0
United Arab Emirates,ARE,NY.GDP.PCAP.PP.KD,"GDP per capita, PPP (constant 2021 international $)",2017,72529.0571050174,,,0
United Arab Emirates,ARE,NY.GDP.PCAP.PP.KD,"GDP per capita, PPP (constant 2021 international $)",2016,75671.0564378596,,,0
United Arab Emirates,ARE,NY.GDP.PCAP.PP.KD,"GDP per capita, PPP (constant 2021 international $)",2015,75238.5539913477,,,0
United Kingdom,GBR,NY.GDP.PCAP.PP.KD,"GDP per capita, PPP (constant 2021 international $)",2019,52515.684446109,,,0
United Kingdom,GBR,NY.GDP.PCAP.PP.KD,"GDP per capita, PPP (constant 2021 international $)",2018,52131.6948248133,,,0
United Kingdom,GBR,NY.GDP.PCAP.PP.KD,"GDP per capita, PPP (constant 2021 international $)",2017,51586.6756125445,,,0
United Kingdom,GBR,NY.GDP.PCAP.PP.KD,"GDP per capita, PPP (constant 2021 international $)",2016,50346.8592925717,,,0
United Kingdom,GBR,NY.GDP.PCAP.PP.KD,"GDP per capita, PPP (constant 2021 international $)",2015,49652.7188154397,,,0
United States,USA,NY.GDP.PCAP.PP.KD,"GDP per capita, PPP (constant 2021 international $)",2019,69112.602688656,,,0
United States,USA,NY.GDP.PCAP.PP.KD,"GDP per capita, PPP (constant 2021 international $)",2018,67719.7656392064,,,0
United States,USA,NY.GDP.PCAP.PP.KD,"GDP per capita, PPP (constant 2021 international $)",2017,66155.5555676249,,,0
United States,USA,NY.GDP.PCAP.PP.KD,"GDP per capita, PPP (constant 2021 international $)",2016,65017.654963867,,,0
United States,USA,NY.GDP.PCAP.PP.KD,"GDP per capita, PPP (constant 2021 international $)",2015,64359.4725899466,,,0
Uruguay,URY,NY.GDP.PCAP.PP.KD,"GDP per capita, PPP (constant 2021 international $)",2019,30010.5742615797,,,0
Uruguay,URY,NY.GDP.PCAP.PP.KD,"GDP per capita, PPP (constant 2021 international $)",2018,29757.9388543783,,,0
Uruguay,URY,NY.GDP.PCAP.PP.KD,"GDP per capita, PPP (constant 2021 international $)",2017,29762.4333171685,,,0
Uruguay,URY,NY.GDP.PCAP.PP.KD,"GDP per capita, PPP (constant 2021 international $)",2016,29332.5672615246,,,0
Uruguay,URY,NY.GDP.PCAP.PP.KD,"GDP per capita, PPP (constant 2021 international $)",2015,28941.6294107011,,,0
Uzbekistan,UZB,NY.GDP.PCAP.PP.KD,"GDP per capita, PPP (constant 2021 international $)",2019,8755.12593984949,,,0
Uzbekistan,UZB,NY.GDP.PCAP.PP.KD,"GDP per capita, PPP (constant 2021 international $)",2018,8348.96057873127,,,0
Uzbekistan,UZB,NY.GDP.PCAP.PP.KD,"GDP per capita, PPP (constant 2021 international $)",2017,8047.05375469466,,,0
Uzbekistan,UZB,NY.GDP.PCAP.PP.KD,"GDP per capita, PPP (constant 2021 international $)",2016,7839.97820100236,,,0
Uzbekistan,UZB,NY.GDP.PCAP.PP.KD,"GDP per capita, PPP (constant 2021 international $)",2015,7529.76364274179,,,0
Vanuatu,VUT,NY.GDP.PCAP.PP.KD,"GDP per capita, PPP (constant 2021 international $)",2019,3512.07197251664,,,0
Vanuatu,VUT,NY.GDP.PCAP.PP.KD,"GDP per capita, PPP (constant 2021 international $)",2018,3482.02272525905,,,0
Vanuatu,VUT,NY.GDP.PCAP.PP.KD,"GDP per capita, PPP (constant 2021 international $)",2017,3465.91968561101,,,0
Vanuatu,VUT,NY.GDP.PCAP.PP.KD,"GDP per capita, PPP (constant 2021 international $)",2016,3397.76730446483,,,0
Vanuatu,VUT,NY.GDP.PCAP.PP.KD,"GDP per capita, PPP (constant 2021 international $)",2015,3357.63888534014,,,0
"Venezuela, RB",VEN,NY.GDP.PCAP.PP.KD,"GDP per capita, PPP (constant 2021 international $)",2019,,,,0
"Venezuela, RB",VEN,NY.GDP.PCAP.PP.KD,"GDP per capita, PPP (constant 2021 international $)",2018,,,,0
"Venezuela, RB",VEN,NY.GDP.PCAP.PP.KD,"GDP per capita, PPP (constant 2021 international $)",2017,,,,0
"Venezuela, RB",VEN,NY.GDP.PCAP.PP.KD,"GDP per capita, PPP (constant 2021 international $)",2016,,,,0
"Venezuela, RB",VEN,NY.GDP.PCAP.PP.KD,"GDP per capita, PPP (constant 2021 international $)",2015,,,,0
Viet Nam,VNM,NY.GDP.PCAP.PP.KD,"GDP per capita, PPP (constant 2021 international $)",2019,11628.6139147451,,,0
Viet Nam,VNM,NY.GDP.PCAP.PP.KD,"GDP per capita, PPP (constant 2021 international $)",2018,10936.8937859558,,,0
Viet Nam,VNM,NY.GDP.PCAP.PP.KD,"GDP per capita, PPP (constant 2021 international $)",2017,10290.5487142244,,,0
Viet Nam,VNM,NY.GDP.PCAP.PP.KD,"GDP per capita, PPP (constant 2021 international $)",2016,9743.1882231455,,,0
Viet Nam,VNM,NY.GDP.PCAP.PP.KD,"GDP per capita, PPP (constant 2021 international $)",2015,9248.02396069622,,,0
Virgin Islands (U.S.),VIR,NY.GDP.PCAP.PP.KD,"GDP per capita, PPP (constant 2021 international $)",2019,45632.6364715693,,,0
Virgin Islands (U.S.),VIR,NY.GDP.PCAP.PP.KD,"GDP per capita, PPP (constant 2021 international $)",2018,44205.4071324394,,,0
Virgin Islands (U.S.),VIR,NY.GDP.PCAP.PP.KD,"GDP per capita, PPP (constant 2021 international $)",2017,43277.1546523522,,,0
Virgin Islands (U.S.),VIR,NY.GDP.PCAP.PP.KD,"GDP per capita, PPP (constant 2021 international $)",2016,43502.4336941564,,,0
Virgin Islands (U.S.),VIR,NY.GDP.PCAP.PP.KD,"GDP per capita, PPP (constant 2021 international $)",2015,42739.0835022993,,,0
West Bank and Gaza,PSE,NY.GDP.PCAP.PP.KD,"GDP per capita, PPP (constant 2021 international $)",2019,6269.89134527985,,,0
West Bank and Gaza,PSE,NY.GDP.PCAP.PP.KD,"GDP per capita, PPP (constant 2021 international $)",2018,6342.9374800852,,,0
West Bank and Gaza,PSE,NY.GDP.PCAP.PP.KD,"GDP per capita, PPP (constant 2021 international $)",2017,6426.79521615335,,,0
West Bank and Gaza,PSE,NY.GDP.PCAP.PP.KD,"GDP per capita, PPP (constant 2021 international $)",2016,6464.13352537371,,,0
West Bank and Gaza,PSE,NY.GDP.PCAP.PP.KD,"GDP per capita, PPP (constant 2021 international $)",2015,6072.65031768549,,,0
"Yemen, Rep.",YEM,NY.GDP.PCAP.PP.KD,"GDP per capita, PPP (constant 2021 international $)",2019,,,,0
"Yemen, Rep.",YEM,NY.GDP.PCAP.PP.KD,"GDP per capita, PPP (constant 2021 international $)",2018,,,,0
"Yemen, Rep.",YEM,NY.GDP.PCAP.PP.KD,"GDP per capita, PPP (constant 2021 international $)",2017,,,,0
"Yemen, Rep.",YEM,NY.GDP.PCAP.PP.KD,"GDP per capita, PPP (constant 2021 international $)",2016,,,,0
"Yemen, Rep.",YEM,NY.GDP.PCAP.PP.KD,"GDP per capita, PPP (constant 2021 international $)",2015,,,,0
Zambia,ZMB,NY.GDP.PCAP.PP.KD,"GDP per capita, PPP (constant 2021 international $)",2019,3591.56418883108,,,0
Zambia,ZMB,NY.GDP.PCAP.PP.KD,"GDP per capita, PPP (constant 2021 international $)",2018,3646.95966481655,,,0
Zambia,ZMB,NY.GDP.PCAP.PP.KD,"GDP per capita, PPP (constant 2021 international $)",2017,3612.50597664593,,,0
Zambia,ZMB,NY.GDP.PCAP.PP.KD,"GDP per capita, PPP (constant 2021 international $)",2016,3598.17166023389,,,0
Zambia,ZMB,NY.GDP.PCAP.PP.KD,"GDP per capita, PPP (constant 2021 international $)",2015,3576.92544834125,,,0
Zimbabwe,ZWE,NY.GDP.PCAP.PP.KD,"GDP per capita, PPP (constant 2021 international $)",2019,4993.84383894752,,,0
Zimbabwe,ZWE,NY.GDP.PCAP.PP.KD,"GDP per capita, PPP (constant 2021 international $)",2018,5415.46976371689,,,0
Zimbabwe,ZWE,NY.GDP.PCAP.PP.KD,"GDP per capita, PPP (constant 2021 international $)",2017,5234.3838655748,,,0
Zimbabwe,ZWE,NY.GDP.PCAP.PP.KD,"GDP per capita, PPP (constant 2021 international $)",2016,5070.40217016051,,,0
Zimbabwe,ZWE,NY.GDP.PCAP.PP.KD,"GDP per capita, PPP (constant 2021 international $)",2015,5102.71432347607,,,0
