country,iso3,indicator_code,indicator_name,year,value,variable
Africa Eastern and Southern,AFE,SH.DYN.MORT,"Mortality rate, under-5 (per 1,000 live births)",2019,61.4916357499261,under5_mortality
Africa Eastern and Southern,AFE,SH.DYN.MORT,"Mortality rate, under-5 (per 1,000 live births)",2018,63.4229471071233,under5_mortality
Africa Eastern and Southern,AFE,SH.DYN.MORT,"Mortality rate, under-5 (per 1,000 live births)",2017,67.7377996223608,under5_mortality
Africa Eastern and Southern,AFE,SH.DYN.MORT,"Mortality rate, under-5 (per 1,000 live births)",2016,68.3630285644492,under5_mortality
Africa Eastern and Southern,AFE,SH.DYN.MORT,"Mortality rate, under-5 (per 1,000 live births)",2015,69.7257641113397,under5_mortality
Africa Western and Central,AFW,SH.DYN.MORT,"Mortality rate, under-5 (per 1,000 live births)",2019,100.836050788105,under5_mortality
Africa Western and Central,AFW,SH.DYN.MORT,"Mortality rate, under-5 (per 1,000 live births)",2018,100.218415291562,under5_mortality
Africa Western and Central,AFW,SH.DYN.MORT,"Mortality rate, under-5 (per 1,000 live births)",2017,102.05803690267,under5_mortality
Africa Western and Central,AFW,SH.DYN.MORT,"Mortality rate, under-5 (per 1,000 live births)",2016,103.14513535298,under5_mortality
Africa Western and Central,AFW,SH.DYN.MORT,"Mortality rate, under-5 (per 1,000 live births)",2015,104.792583996923,under5_mortality
Arab World,ARB,SH.DYN.MORT,"Mortality rate, under-5 (per 1,000 live births)",2019,35.8477618830257,under5_mortality
Arab World,ARB,SH.DYN.MORT,"Mortality rate, under-5 (per 1,000 live births)",2018,37.4834560622083,under5_mortality
Arab World,ARB,SH.DYN.MORT,"Mortality rate, under-5 (per 1,000 live births)",2017,38.7097264210473,under5_mortality
Arab World,ARB,SH.DYN.MORT,"Mortality rate, under-5 (per 1,000 live births)",2016,37.4469516814555,under5_mortality
Arab World,ARB,SH.DYN.MORT,"Mortality rate, under-5 (per 1,000 live births)",2015,38.3264086280594,under5_mortality
Caribbean small states,CSS,SH.DYN.MORT,"Mortality rate, under-5 (per 1,000 live births)",2019,21.4825706165536,under5_mortality
Caribbean small states,CSS,SH.DYN.MORT,"Mortality rate, under-5 (per 1,000 live births)",2018,21.0948856500277,under5_mortality
Caribbean small states,CSS,SH.DYN.MORT,"Mortality rate, under-5 (per 1,000 live births)",2017,21.6186888425685,under5_mortality
Caribbean small states,CSS,SH.DYN.MORT,"Mortality rate, under-5 (per 1,000 live births)",2016,22.1309816388208,under5_mortality
Caribbean small states,CSS,SH.DYN.MORT,"Mortality rate, under-5 (per 1,000 live births)",2015,22.5926085426782,under5_mortality
Central Europe and the Baltics,CEB,SH.DYN.MORT,"Mortality rate, under-5 (per 1,000 live births)",2019,4.86801997531672,under5_mortality
Central Europe and the Baltics,CEB,SH.DYN.MORT,"Mortality rate, under-5 (per 1,000 live births)",2018,5.04437891013553,under5_mortality
Central Europe and the Baltics,CEB,SH.DYN.MORT,"Mortality rate, under-5 (per 1,000 live births)",2017,5.27542081196346,under5_mortality
Central Europe and the Baltics,CEB,SH.DYN.MORT,"Mortality rate, under-5 (per 1,000 live births)",2016,5.53686433246911,under5_mortality
Central Europe and the Baltics,CEB,SH.DYN.MORT,"Mortality rate, under-5 (per 1,000 live births)",2015,5.80488075204549,under5_mortality
Early-demographic dividend,EAR,SH.DYN.MORT,"Mortality rate, under-5 (per 1,000 live births)",2019,34.9101641822264,under5_mortality
Early-demographic dividend,EAR,SH.DYN.MORT,"Mortality rate, under-5 (per 1,000 live births)",2018,36.1562766486784,under5_mortality
Early-demographic dividend,EAR,SH.DYN.MORT,"Mortality rate, under-5 (per 1,000 live births)",2017,37.4716956775527,under5_mortality
Early-demographic dividend,EAR,SH.DYN.MORT,"Mortality rate, under-5 (per 1,000 live births)",2016,38.9997656937306,under5_mortality
Early-demographic dividend,EAR,SH.DYN.MORT,"Mortality rate, under-5 (per 1,000 live births)",2015,40.6812813482925,under5_mortality
East Asia & Pacific,EAS,SH.DYN.MORT,"Mortality rate, under-5 (per 1,000 live births)",2019,14.3,under5_mortality
East Asia & Pacific,EAS,SH.DYN.MORT,"Mortality rate, under-5 (per 1,000 live births)",2018,14.8,under5_mortality
East Asia & Pacific,EAS,SH.DYN.MORT,"Mortality rate, under-5 (per 1,000 live births)",2017,15.0,under5_mortality
East Asia & Pacific,EAS,SH.DYN.MORT,"Mortality rate, under-5 (per 1,000 live births)",2016,15.7,under5_mortality
East Asia & Pacific,EAS,SH.DYN.MORT,"Mortality rate, under-5 (per 1,000 live births)",2015,16.6,under5_mortality
East Asia & Pacific (excluding high income),EAP,SH.DYN.MORT,"Mortality rate, under-5 (per 1,000 live births)",2019,15.0180940327798,under5_mortality
East Asia & Pacific (excluding high income),EAP,SH.DYN.MORT,"Mortality rate, under-5 (per 1,000 live births)",2018,15.5381715461795,under5_mortality
East Asia & Pacific (excluding high income),EAP,SH.DYN.MORT,"Mortality rate, under-5 (per 1,000 live births)",2017,15.6474834443702,under5_mortality
East Asia & Pacific (excluding high income),EAP,SH.DYN.MORT,"Mortality rate, under-5 (per 1,000 live births)",2016,16.4720341830735,under5_mortality
East Asia & Pacific (excluding high income),EAP,SH.DYN.MORT,"Mortality rate, under-5 (per 1,000 live births)",2015,17.4865557526411,under5_mortality
East Asia & Pacific (IDA & IBRD countries),TEA,SH.DYN.MORT,"Mortality rate, under-5 (per 1,000 live births)",2019,14.9817931210967,under5_mortality
East Asia & Pacific (IDA & IBRD countries),TEA,SH.DYN.MORT,"Mortality rate, under-5 (per 1,000 live births)",2018,15.5008395354015,under5_mortality
East Asia & Pacific (IDA & IBRD countries),TEA,SH.DYN.MORT,"Mortality rate, under-5 (per 1,000 live births)",2017,15.6073305916676,under5_mortality
East Asia & Pacific (IDA & IBRD countries),TEA,SH.DYN.MORT,"Mortality rate, under-5 (per 1,000 live births)",2016,16.4248379117084,under5_mortality
East Asia & Pacific (IDA & IBRD countries),TEA,SH.DYN.MORT,"Mortality rate, under-5 (per 1,000 live births)",2015,17.441339920976,under5_mortality
Euro area,EMU,SH.DYN.MORT,"Mortality rate, under-5 (per 1,000 live births)",2019,3.71343485966896,under5_mortality
Euro area,EMU,SH.DYN.MORT,"Mortality rate, under-5 (per 1,000 live births)",2018,3.75968718935203,under5_mortality
Euro area,EMU,SH.DYN.MORT,"Mortality rate, under-5 (per 1,000 live births)",2017,3.78525208243907,under5_mortality
Euro area,EMU,SH.DYN.MORT,"Mortality rate, under-5 (per 1,000 live births)",2016,3.85275424700881,under5_mortality
Euro area,EMU,SH.DYN.MORT,"Mortality rate, under-5 (per 1,000 live births)",2015,3.87632223413842,under5_mortality
Europe & Central Asia,ECS,SH.DYN.MORT,"Mortality rate, under-5 (per 1,000 live births)",2019,8.5,under5_mortality
Europe & Central Asia,ECS,SH.DYN.MORT,"Mortality rate, under-5 (per 1,000 live births)",2018,8.6,under5_mortality
Europe & Central Asia,ECS,SH.DYN.MORT,"Mortality rate, under-5 (per 1,000 live births)",2017,8.8,under5_mortality
Europe & Central Asia,ECS,SH.DYN.MORT,"Mortality rate, under-5 (per 1,000 live births)",2016,9.2,under5_mortality
Europe & Central Asia,ECS,SH.DYN.MORT,"Mortality rate, under-5 (per 1,000 live births)",2015,9.6,under5_mortality
Europe & Central Asia (excluding high income),ECA,SH.DYN.MORT,"Mortality rate, under-5 (per 1,000 live births)",2019,14.9067668723198,under5_mortality
Europe & Central Asia (excluding high income),ECA,SH.DYN.MORT,"Mortality rate, under-5 (per 1,000 live births)",2018,15.2052863202675,under5_mortality
Europe & Central Asia (excluding high income),ECA,SH.DYN.MORT,"Mortality rate, under-5 (per 1,000 live births)",2017,15.5904334752804,under5_mortality
Europe & Central Asia (excluding high income),ECA,SH.DYN.MORT,"Mortality rate, under-5 (per 1,000 live births)",2016,16.0721474728614,under5_mortality
Europe & Central Asia (excluding high income),ECA,SH.DYN.MORT,"Mortality rate, under-5 (per 1,000 live births)",2015,16.8078244064144,under5_mortality
Europe & Central Asia (IDA & IBRD countries),TEC,SH.DYN.MORT,"Mortality rate, under-5 (per 1,000 live births)",2019,11.7213148178318,under5_mortality
Europe & Central Asia (IDA & IBRD countries),TEC,SH.DYN.MORT,"Mortality rate, under-5 (per 1,000 live births)",2018,11.9395431519003,under5_mortality
Europe & Central Asia (IDA & IBRD countries),TEC,SH.DYN.MORT,"Mortality rate, under-5 (per 1,000 live births)",2017,12.2525480085223,under5_mortality
Europe & Central Asia (IDA & IBRD countries),TEC,SH.DYN.MORT,"Mortality rate, under-5 (per 1,000 live births)",2016,12.6684363631334,under5_mortality
Europe & Central Asia (IDA & IBRD countries),TEC,SH.DYN.MORT,"Mortality rate, under-5 (per 1,000 live births)",2015,13.343577725526,under5_mortality
European Union,EUU,SH.DYN.MORT,"Mortality rate, under-5 (per 1,000 live births)",2019,3.93757961783439,under5_mortality
European Union,EUU,SH.DYN.MORT,"Mortality rate, under-5 (per 1,000 live births)",2018,4.01789187486254,under5_mortality
European Union,EUU,SH.DYN.MORT,"Mortality rate, under-5 (per 1,000 live births)",2017,4.09574635146789,under5_mortality
European Union,EUU,SH.DYN.MORT,"Mortality rate, under-5 (per 1,000 live births)",2016,4.19492071938833,under5_mortality
European Union,EUU,SH.DYN.MORT,"Mortality rate, under-5 (per 1,000 live births)",2015,4.2726191557454,under5_mortality
Fragile and conflict affected situations,FCS,SH.DYN.MORT,"Mortality rate, under-5 (per 1,000 live births)",2019,80.2596270662433,under5_mortality
Fragile and conflict affected situations,FCS,SH.DYN.MORT,"Mortality rate, under-5 (per 1,000 live births)",2018,81.1528127352434,under5_mortality
Fragile and conflict affected situations,FCS,SH.DYN.MORT,"Mortality rate, under-5 (per 1,000 live births)",2017,84.720717098582,under5_mortality
Fragile and conflict affected situations,FCS,SH.DYN.MORT,"Mortality rate, under-5 (per 1,000 live births)",2016,85.1052872408108,under5_mortality
Fragile and conflict affected situations,FCS,SH.DYN.MORT,"Mortality rate, under-5 (per 1,000 live births)",2015,86.1819885599183,under5_mortality
Heavily indebted poor countries (HIPC),HPC,SH.DYN.MORT,"Mortality rate, under-5 (per 1,000 live births)",2019,70.6505060809458,under5_mortality
Heavily indebted poor countries (HIPC),HPC,SH.DYN.MORT,"Mortality rate, under-5 (per 1,000 live births)",2018,71.5972927454548,under5_mortality
Heavily indebted poor countries (HIPC),HPC,SH.DYN.MORT,"Mortality rate, under-5 (per 1,000 live births)",2017,74.0985605574824,under5_mortality
Heavily indebted poor countries (HIPC),HPC,SH.DYN.MORT,"Mortality rate, under-5 (per 1,000 live births)",2016,75.0531588355873,under5_mortality
Heavily indebted poor countries (HIPC),HPC,SH.DYN.MORT,"Mortality rate, under-5 (per 1,000 live births)",2015,77.2252196182014,under5_mortality
High income,,SH.DYN.MORT,"Mortality rate, under-5 (per 1,000 live births)",2019,5.2,under5_mortality
High income,,SH.DYN.MORT,"Mortality rate, under-5 (per 1,000 live births)",2018,5.4,under5_mortality
High income,,SH.DYN.MORT,"Mortality rate, under-5 (per 1,000 live births)",2017,5.5,under5_mortality
High income,,SH.DYN.MORT,"Mortality rate, under-5 (per 1,000 live births)",2016,5.7,under5_mortality
High income,,SH.DYN.MORT,"Mortality rate, under-5 (per 1,000 live births)",2015,5.8,under5_mortality
IBRD only,IBD,SH.DYN.MORT,"Mortality rate, under-5 (per 1,000 live births)",2019,22.5844615647677,under5_mortality
IBRD only,IBD,SH.DYN.MORT,"Mortality rate, under-5 (per 1,000 live births)",2018,23.4442956099547,under5_mortality
IBRD only,IBD,SH.DYN.MORT,"Mortality rate, under-5 (per 1,000 live births)",2017,23.854318818368,under5_mortality
IBRD only,IBD,SH.DYN.MORT,"Mortality rate, under-5 (per 1,000 live births)",2016,25.1089807081947,under5_mortality
IBRD only,IBD,SH.DYN.MORT,"Mortality rate, under-5 (per 1,000 live births)",2015,26.3413290893219,under5_mortality
IDA & IBRD total,IBT,SH.DYN.MORT,"Mortality rate, under-5 (per 1,000 live births)",2019,42.7794421008687,under5_mortality
IDA & IBRD total,IBT,SH.DYN.MORT,"Mortality rate, under-5 (per 1,000 live births)",2018,43.3739482895554,under5_mortality
IDA & IBRD total,IBT,SH.DYN.MORT,"Mortality rate, under-5 (per 1,000 live births)",2017,44.1583028931606,under5_mortality
IDA & IBRD total,IBT,SH.DYN.MORT,"Mortality rate, under-5 (per 1,000 live births)",2016,45.0167897925032,under5_mortality
IDA & IBRD total,IBT,SH.DYN.MORT,"Mortality rate, under-5 (per 1,000 live births)",2015,46.3869965708754,under5_mortality
IDA blend,IDB,SH.DYN.MORT,"Mortality rate, under-5 (per 1,000 live births)",2019,81.79549064533,under5_mortality
IDA blend,IDB,SH.DYN.MORT,"Mortality rate, under-5 (per 1,000 live births)",2018,82.9417022338447,under5_mortality
IDA blend,IDB,SH.DYN.MORT,"Mortality rate, under-5 (per 1,000 live births)",2017,84.3590132998074,under5_mortality
IDA blend,IDB,SH.DYN.MORT,"Mortality rate, under-5 (per 1,000 live births)",2016,85.7706738523369,under5_mortality
IDA blend,IDB,SH.DYN.MORT,"Mortality rate, under-5 (per 1,000 live births)",2015,87.3420837922888,under5_mortality
IDA only,IDX,SH.DYN.MORT,"Mortality rate, under-5 (per 1,000 live births)",2019,62.7277314334513,under5_mortality
IDA only,IDX,SH.DYN.MORT,"Mortality rate, under-5 (per 1,000 live births)",2018,64.0090692798865,under5_mortality
IDA only,IDX,SH.DYN.MORT,"Mortality rate, under-5 (per 1,000 live births)",2017,67.7482970229584,under5_mortality
IDA only,IDX,SH.DYN.MORT,"Mortality rate, under-5 (per 1,000 live births)",2016,68.6289269814824,under5_mortality
IDA only,IDX,SH.DYN.MORT,"Mortality rate, under-5 (per 1,000 live births)",2015,70.2706407758469,under5_mortality
IDA total,IDA,SH.DYN.MORT,"Mortality rate, under-5 (per 1,000 live births)",2019,69.4074968502149,under5_mortality
IDA total,IDA,SH.DYN.MORT,"Mortality rate, under-5 (per 1,000 live births)",2018,70.7073225986315,under5_mortality
IDA total,IDA,SH.DYN.MORT,"Mortality rate, under-5 (per 1,000 live births)",2017,73.6820694866744,under5_mortality
IDA total,IDA,SH.DYN.MORT,"Mortality rate, under-5 (per 1,000 live births)",2016,74.8022236414607,under5_mortality
IDA total,IDA,SH.DYN.MORT,"Mortality rate, under-5 (per 1,000 live births)",2015,76.4932195987004,under5_mortality
Late-demographic dividend,LTE,SH.DYN.MORT,"Mortality rate, under-5 (per 1,000 live births)",2019,10.209210734269,under5_mortality
Late-demographic dividend,LTE,SH.DYN.MORT,"Mortality rate, under-5 (per 1,000 live births)",2018,10.622397482105,under5_mortality
Late-demographic dividend,LTE,SH.DYN.MORT,"Mortality rate, under-5 (per 1,000 live births)",2017,11.0144899278281,under5_mortality
Late-demographic dividend,LTE,SH.DYN.MORT,"Mortality rate, under-5 (per 1,000 live births)",2016,11.7039737633974,under5_mortality
Late-demographic dividend,LTE,SH.DYN.MORT,"Mortality rate, under-5 (per 1,000 live births)",2015,12.2863199817925,under5_mortality
Latin America & Caribbean,LCN,SH.DYN.MORT,"Mortality rate, under-5 (per 1,000 live births)",2019,17.0,under5_mortality
Latin America & Caribbean,LCN,SH.DYN.MORT,"Mortality rate, under-5 (per 1,000 live births)",2018,17.4,under5_mortality
Latin America & Caribbean,LCN,SH.DYN.MORT,"Mortality rate, under-5 (per 1,000 live births)",2017,17.8,under5_mortality
Latin America & Caribbean,LCN,SH.DYN.MORT,"Mortality rate, under-5 (per 1,000 live births)",2016,18.5,under5_mortality
Latin America & Caribbean,LCN,SH.DYN.MORT,"Mortality rate, under-5 (per 1,000 live births)",2015,18.3,under5_mortality
Latin America & Caribbean (excluding high income),LAC,SH.DYN.MORT,"Mortality rate, under-5 (per 1,000 live births)",2019,16.925369472175,under5_mortality
Latin America & Caribbean (excluding high income),LAC,SH.DYN.MORT,"Mortality rate, under-5 (per 1,000 live births)",2018,17.298162691445,under5_mortality
Latin America & Caribbean (excluding high income),LAC,SH.DYN.MORT,"Mortality rate, under-5 (per 1,000 live births)",2017,17.7266942641045,under5_mortality
Latin America & Caribbean (excluding high income),LAC,SH.DYN.MORT,"Mortality rate, under-5 (per 1,000 live births)",2016,18.5396945562529,under5_mortality
Latin America & Caribbean (excluding high income),LAC,SH.DYN.MORT,"Mortality rate, under-5 (per 1,000 live births)",2015,18.61238449723,under5_mortality
Latin America & the Caribbean (IDA & IBRD countries),TLA,SH.DYN.MORT,"Mortality rate, under-5 (per 1,000 live births)",2019,17.1079513892396,under5_mortality
Latin America & the Caribbean (IDA & IBRD countries),TLA,SH.DYN.MORT,"Mortality rate, under-5 (per 1,000 live births)",2018,17.4813311235823,under5_mortality
Latin America & the Caribbean (IDA & IBRD countries),TLA,SH.DYN.MORT,"Mortality rate, under-5 (per 1,000 live births)",2017,17.9065504935804,under5_mortality
Latin America & the Caribbean (IDA & IBRD countries),TLA,SH.DYN.MORT,"Mortality rate, under-5 (per 1,000 live births)",2016,18.6490115909887,under5_mortality
Latin America & the Caribbean (IDA & IBRD countries),TLA,SH.DYN.MORT,"Mortality rate, under-5 (per 1,000 live births)",2015,18.4493213611046,under5_mortality
Least developed countries: UN classification,LDC,SH.DYN.MORT,"Mortality rate, under-5 (per 1,000 live births)",2019,64.9894842046459,under5_mortality
Least developed countries: UN classification,LDC,SH.DYN.MORT,"Mortality rate, under-5 (per 1,000 live births)",2018,66.2088432218735,under5_mortality
Least developed countries: UN classification,LDC,SH.DYN.MORT,"Mortality rate, under-5 (per 1,000 live births)",2017,70.079615665245,under5_mortality
Least developed countries: UN classification,LDC,SH.DYN.MORT,"Mortality rate, under-5 (per 1,000 live births)",2016,71.054277919873,under5_mortality
Least developed countries: UN classification,LDC,SH.DYN.MORT,"Mortality rate, under-5 (per 1,000 live births)",2015,72.8100125948255,under5_mortality
Low & middle income,LMY,SH.DYN.MORT,"Mortality rate, under-5 (per 1,000 live births)",2019,43.1466153282954,under5_mortality
Low & middle income,LMY,SH.DYN.MORT,"Mortality rate, under-5 (per 1,000 live births)",2018,43.7590836670151,under5_mortality
Low & middle income,LMY,SH.DYN.MORT,"Mortality rate, under-5 (per 1,000 live births)",2017,44.5413837946826,under5_mortality
Low & middle income,LMY,SH.DYN.MORT,"Mortality rate, under-5 (per 1,000 live births)",2016,45.4208578083188,under5_mortality
Low & middle income,LMY,SH.DYN.MORT,"Mortality rate, under-5 (per 1,000 live births)",2015,46.8150217955928,under5_mortality
Low income,,SH.DYN.MORT,"Mortality rate, under-5 (per 1,000 live births)",2019,76.9,under5_mortality
Low income,,SH.DYN.MORT,"Mortality rate, under-5 (per 1,000 live births)",2018,77.9,under5_mortality
Low income,,SH.DYN.MORT,"Mortality rate, under-5 (per 1,000 live births)",2017,83.5,under5_mortality
Low income,,SH.DYN.MORT,"Mortality rate, under-5 (per 1,000 live births)",2016,83.6,under5_mortality
Low income,,SH.DYN.MORT,"Mortality rate, under-5 (per 1,000 live births)",2015,84.9,under5_mortality
Lower middle income,,SH.DYN.MORT,"Mortality rate, under-5 (per 1,000 live births)",2019,49.3,under5_mortality
Lower middle income,,SH.DYN.MORT,"Mortality rate, under-5 (per 1,000 live births)",2018,50.6,under5_mortality
Lower middle income,,SH.DYN.MORT,"Mortality rate, under-5 (per 1,000 live births)",2017,52.0,under5_mortality
Lower middle income,,SH.DYN.MORT,"Mortality rate, under-5 (per 1,000 live births)",2016,53.5,under5_mortality
Lower middle income,,SH.DYN.MORT,"Mortality rate, under-5 (per 1,000 live births)",2015,55.3,under5_mortality
"Middle East, North Africa, Afghanistan & Pakistan",MEA,SH.DYN.MORT,"Mortality rate, under-5 (per 1,000 live births)",2019,41.9,under5_mortality
"Middle East, North Africa, Afghanistan & Pakistan",MEA,SH.DYN.MORT,"Mortality rate, under-5 (per 1,000 live births)",2018,42.7,under5_mortality
"Middle East, North Africa, Afghanistan & Pakistan",MEA,SH.DYN.MORT,"Mortality rate, under-5 (per 1,000 live births)",2017,43.5,under5_mortality
"Middle East, North Africa, Afghanistan & Pakistan",MEA,SH.DYN.MORT,"Mortality rate, under-5 (per 1,000 live births)",2016,44.6,under5_mortality
"Middle East, North Africa, Afghanistan & Pakistan",MEA,SH.DYN.MORT,"Mortality rate, under-5 (per 1,000 live births)",2015,46.2,under5_mortality
"Middle East, North Africa, Afghanistan & Pakistan (excluding high income)",MNA,SH.DYN.MORT,"Mortality rate, under-5 (per 1,000 live births)",2019,43.9889081854891,under5_mortality
"Middle East, North Africa, Afghanistan & Pakistan (excluding high income)",MNA,SH.DYN.MORT,"Mortality rate, under-5 (per 1,000 live births)",2018,45.0311073861595,under5_mortality
"Middle East, North Africa, Afghanistan & Pakistan (excluding high income)",MNA,SH.DYN.MORT,"Mortality rate, under-5 (per 1,000 live births)",2017,45.7708991752807,under5_mortality
"Middle East, North Africa, Afghanistan & Pakistan (excluding high income)",MNA,SH.DYN.MORT,"Mortality rate, under-5 (per 1,000 live births)",2016,46.8492727969889,under5_mortality
"Middle East, North Africa, Afghanistan & Pakistan (excluding high income)",MNA,SH.DYN.MORT,"Mortality rate, under-5 (per 1,000 live births)",2015,48.3695161809907,under5_mortality
"Middle East, North Africa, Afghanistan & Pakistan (IDA & IBRD)",TMN,SH.DYN.MORT,"Mortality rate, under-5 (per 1,000 live births)",2019,44.2347877125154,under5_mortality
"Middle East, North Africa, Afghanistan & Pakistan (IDA & IBRD)",TMN,SH.DYN.MORT,"Mortality rate, under-5 (per 1,000 live births)",2018,45.2801998035535,under5_mortality
"Middle East, North Africa, Afghanistan & Pakistan (IDA & IBRD)",TMN,SH.DYN.MORT,"Mortality rate, under-5 (per 1,000 live births)",2017,46.0187377454325,under5_mortality
"Middle East, North Africa, Afghanistan & Pakistan (IDA & IBRD)",TMN,SH.DYN.MORT,"Mortality rate, under-5 (per 1,000 live births)",2016,47.1020419286366,under5_mortality
"Middle East, North Africa, Afghanistan & Pakistan (IDA & IBRD)",TMN,SH.DYN.MORT,"Mortality rate, under-5 (per 1,000 live births)",2015,48.6252139870489,under5_mortality
Middle income,MIC,SH.DYN.MORT,"Mortality rate, under-5 (per 1,000 live births)",2019,36.6044598455496,under5_mortality
Middle income,MIC,SH.DYN.MORT,"Mortality rate, under-5 (per 1,000 live births)",2018,37.3610808773111,under5_mortality
Middle income,MIC,SH.DYN.MORT,"Mortality rate, under-5 (per 1,000 live births)",2017,37.6354510447863,under5_mortality
Middle income,MIC,SH.DYN.MORT,"Mortality rate, under-5 (per 1,000 live births)",2016,38.8385879742733,under5_mortality
Middle income,MIC,SH.DYN.MORT,"Mortality rate, under-5 (per 1,000 live births)",2015,40.3213941529339,under5_mortality
North America,NAC,SH.DYN.MORT,"Mortality rate, under-5 (per 1,000 live births)",2019,6.4,under5_mortality
North America,NAC,SH.DYN.MORT,"Mortality rate, under-5 (per 1,000 live births)",2018,6.4,under5_mortality
North America,NAC,SH.DYN.MORT,"Mortality rate, under-5 (per 1,000 live births)",2017,6.5,under5_mortality
North America,NAC,SH.DYN.MORT,"Mortality rate, under-5 (per 1,000 live births)",2016,6.6,under5_mortality
North America,NAC,SH.DYN.MORT,"Mortality rate, under-5 (per 1,000 live births)",2015,6.6,under5_mortality
Not classified,,SH.DYN.MORT,"Mortality rate, under-5 (per 1,000 live births)",2019,,under5_mortality
Not classified,,SH.DYN.MORT,"Mortality rate, under-5 (per 1,000 live births)",2018,,under5_mortality
Not classified,,SH.DYN.MORT,"Mortality rate, under-5 (per 1,000 live births)",2017,,under5_mortality
Not classified,,SH.DYN.MORT,"Mortality rate, under-5 (per 1,000 live births)",2016,,under5_mortality
Not classified,,SH.DYN.MORT,"Mortality rate, under-5 (per 1,000 live births)",2015,,under5_mortality
OECD members,OED,SH.DYN.MORT,"Mortality rate, under-5 (per 1,000 live births)",2019,7.21198030537372,under5_mortality
OECD members,OED,SH.DYN.MORT,"Mortality rate, under-5 (per 1,000 live births)",2018,7.31724142421779,under5_mortality
OECD members,OED,SH.DYN.MORT,"Mortality rate, under-5 (per 1,000 live births)",2017,7.45157408345812,under5_mortality
OECD members,OED,SH.DYN.MORT,"Mortality rate, under-5 (per 1,000 live births)",2016,7.61012730966197,under5_mortality
OECD members,OED,SH.DYN.MORT,"Mortality rate, under-5 (per 1,000 live births)",2015,7.81948408324089,under5_mortality
Other small states,OSS,SH.DYN.MORT,"Mortality rate, under-5 (per 1,000 live births)",2019,32.4535817474853,under5_mortality
Other small states,OSS,SH.DYN.MORT,"Mortality rate, under-5 (per 1,000 live births)",2018,32.9009289232935,under5_mortality
Other small states,OSS,SH.DYN.MORT,"Mortality rate, under-5 (per 1,000 live births)",2017,34.0687697615638,under5_mortality
Other small states,OSS,SH.DYN.MORT,"Mortality rate, under-5 (per 1,000 live births)",2016,34.8615275003077,under5_mortality
Other small states,OSS,SH.DYN.MORT,"Mortality rate, under-5 (per 1,000 live births)",2015,36.3627671239323,under5_mortality
Pacific island small states,PSS,SH.DYN.MORT,"Mortality rate, under-5 (per 1,000 live births)",2019,24.5015472120248,under5_mortality
Pacific island small states,PSS,SH.DYN.MORT,"Mortality rate, under-5 (per 1,000 live births)",2018,24.1138361240092,under5_mortality
Pacific island small states,PSS,SH.DYN.MORT,"Mortality rate, under-5 (per 1,000 live births)",2017,23.940274908752,under5_mortality
Pacific island small states,PSS,SH.DYN.MORT,"Mortality rate, under-5 (per 1,000 live births)",2016,23.8342089864802,under5_mortality
Pacific island small states,PSS,SH.DYN.MORT,"Mortality rate, under-5 (per 1,000 live births)",2015,23.827468127215,under5_mortality
Post-demographic dividend,PST,SH.DYN.MORT,"Mortality rate, under-5 (per 1,000 live births)",2019,4.88668719285686,under5_mortality
Post-demographic dividend,PST,SH.DYN.MORT,"Mortality rate, under-5 (per 1,000 live births)",2018,4.90667244185543,under5_mortality
Post-demographic dividend,PST,SH.DYN.MORT,"Mortality rate, under-5 (per 1,000 live births)",2017,4.97408120426222,under5_mortality
Post-demographic dividend,PST,SH.DYN.MORT,"Mortality rate, under-5 (per 1,000 live births)",2016,5.06126925886041,under5_mortality
Post-demographic dividend,PST,SH.DYN.MORT,"Mortality rate, under-5 (per 1,000 live births)",2015,5.15157604406349,under5_mortality
Pre-demographic dividend,PRE,SH.DYN.MORT,"Mortality rate, under-5 (per 1,000 live births)",2019,81.3480106523881,under5_mortality
Pre-demographic dividend,PRE,SH.DYN.MORT,"Mortality rate, under-5 (per 1,000 live births)",2018,82.3130203380837,under5_mortality
Pre-demographic dividend,PRE,SH.DYN.MORT,"Mortality rate, under-5 (per 1,000 live births)",2017,85.8918608835943,under5_mortality
Pre-demographic dividend,PRE,SH.DYN.MORT,"Mortality rate, under-5 (per 1,000 live births)",2016,86.6216026727294,under5_mortality
Pre-demographic dividend,PRE,SH.DYN.MORT,"Mortality rate, under-5 (per 1,000 live births)",2015,88.0082711512247,under5_mortality
Small states,SST,SH.DYN.MORT,"Mortality rate, under-5 (per 1,000 live births)",2019,28.7067565761136,under5_mortality
Small states,SST,SH.DYN.MORT,"Mortality rate, under-5 (per 1,000 live births)",2018,28.85209966852,under5_mortality
Small states,SST,SH.DYN.MORT,"Mortality rate, under-5 (per 1,000 live births)",2017,29.6415589548415,under5_mortality
Small states,SST,SH.DYN.MORT,"Mortality rate, under-5 (per 1,000 live births)",2016,30.2151314953627,under5_mortality
Small states,SST,SH.DYN.MORT,"Mortality rate, under-5 (per 1,000 live births)",2015,31.214093957807,under5_mortality
South Asia,SAS,SH.DYN.MORT,"Mortality rate, under-5 (per 1,000 live births)",2019,34.1,under5_mortality
South Asia,SAS,SH.DYN.MORT,"Mortality rate, under-5 (per 1,000 live births)",2018,36.0,under5_mortality
South Asia,SAS,SH.DYN.MORT,"Mortality rate, under-5 (per 1,000 live births)",2017,38.1,under5_mortality
South Asia,SAS,SH.DYN.MORT,"Mortality rate, under-5 (per 1,000 live births)",2016,40.3,under5_mortality
South Asia,SAS,SH.DYN.MORT,"Mortality rate, under-5 (per 1,000 live births)",2015,42.6,under5_mortality
South Asia (IDA & IBRD),TSA,SH.DYN.MORT,"Mortality rate, under-5 (per 1,000 live births)",2019,34.1788860217225,under5_mortality
South Asia (IDA & IBRD),TSA,SH.DYN.MORT,"Mortality rate, under-5 (per 1,000 live births)",2018,36.0717212654035,under5_mortality
South Asia (IDA & IBRD),TSA,SH.DYN.MORT,"Mortality rate, under-5 (per 1,000 live births)",2017,38.066424155829,under5_mortality
South Asia (IDA & IBRD),TSA,SH.DYN.MORT,"Mortality rate, under-5 (per 1,000 live births)",2016,40.284023817824,under5_mortality
South Asia (IDA & IBRD),TSA,SH.DYN.MORT,"Mortality rate, under-5 (per 1,000 live births)",2015,42.5754112311521,under5_mortality
Sub-Saharan Africa,SSF,SH.DYN.MORT,"Mortality rate, under-5 (per 1,000 live births)",2019,78.0,under5_mortality
Sub-Saharan Africa,SSF,SH.DYN.MORT,"Mortality rate, under-5 (per 1,000 live births)",2018,79.0,under5_mortality
Sub-Saharan Africa,SSF,SH.DYN.MORT,"Mortality rate, under-5 (per 1,000 live births)",2017,82.5,under5_mortality
Sub-Saharan Africa,SSF,SH.DYN.MORT,"Mortality rate, under-5 (per 1,000 live births)",2016,83.4,under5_mortality
Sub-Saharan Africa,SSF,SH.DYN.MORT,"Mortality rate, under-5 (per 1,000 live births)",2015,85.0,under5_mortality
Sub-Saharan Africa (excluding high income),SSA,SH.DYN.MORT,"Mortality rate, under-5 (per 1,000 live births)",2019,80.3485191522422,under5_mortality
Sub-Saharan Africa (excluding high income),SSA,SH.DYN.MORT,"Mortality rate, under-5 (per 1,000 live births)",2018,81.2293290413249,under5_mortality
Sub-Saharan Africa (excluding high income),SSA,SH.DYN.MORT,"Mortality rate, under-5 (per 1,000 live births)",2017,84.7174211501338,under5_mortality
Sub-Saharan Africa (excluding high income),SSA,SH.DYN.MORT,"Mortality rate, under-5 (per 1,000 live births)",2016,85.4499727809688,under5_mortality
Sub-Saharan Africa (excluding high income),SSA,SH.DYN.MORT,"Mortality rate, under-5 (per 1,000 live births)",2015,86.8415074660698,under5_mortality
Sub-Saharan Africa (IDA & IBRD countries),TSS,SH.DYN.MORT,"Mortality rate, under-5 (per 1,000 live births)",2019,77.7158849260533,under5_mortality
Sub-Saharan Africa (IDA & IBRD countries),TSS,SH.DYN.MORT,"Mortality rate, under-5 (per 1,000 live births)",2018,78.775492858211,under5_mortality
Sub-Saharan Africa (IDA & IBRD countries),TSS,SH.DYN.MORT,"Mortality rate, under-5 (per 1,000 live births)",2017,82.2279275355716,under5_mortality
Sub-Saharan Africa (IDA & IBRD countries),TSS,SH.DYN.MORT,"Mortality rate, under-5 (per 1,000 live births)",2016,83.1926115111527,under5_mortality
Sub-Saharan Africa (IDA & IBRD countries),TSS,SH.DYN.MORT,"Mortality rate, under-5 (per 1,000 live births)",2015,84.7782950529979,under5_mortality
Upper middle income,,SH.DYN.MORT,"Mortality rate, under-5 (per 1,000 live births)",2019,14.1,under5_mortality
Upper middle income,,SH.DYN.MORT,"Mortality rate, under-5 (per 1,000 live births)",2018,14.5,under5_mortality
Upper middle income,,SH.DYN.MORT,"Mortality rate, under-5 (per 1,000 live births)",2017,14.7,under5_mortality
Upper middle income,,SH.DYN.MORT,"Mortality rate, under-5 (per 1,000 live births)",2016,15.5,under5_mortality
Upper middle income,,SH.DYN.MORT,"Mortality rate, under-5 (per 1,000 live births)",2015,16.2,under5_mortality
World,WLD,SH.DYN.MORT,"Mortality rate, under-5 (per 1,000 live births)",2019,39.6,under5_mortality
World,WLD,SH.DYN.MORT,"Mortality rate, under-5 (per 1,000 live births)",2018,40.0,under5_mortality
World,WLD,SH.DYN.MORT,"Mortality rate, under-5 (per 1,000 live births)",2017,40.9,under5_mortality
World,WLD,SH.DYN.MORT,"Mortality rate, under-5 (per 1,000 live births)",2016,41.7,under5_mortality
World,WLD,SH.DYN.MORT,"Mortality rate, under-5 (per 1,000 live births)",2015,42.9,under5_mortality
Afghanistan,AFG,SH.DYN.MORT,"Mortality rate, under-5 (per 1,000 live births)",2019,62.7,under5_mortality
Afghanistan,AFG,SH.DYN.MORT,"Mortality rate, under-5 (per 1,000 live births)",2018,64.8,under5_mortality
Afghanistan,AFG,SH.DYN.MORT,"Mortality rate, under-5 (per 1,000 live births)",2017,67.1,under5_mortality
Afghanistan,AFG,SH.DYN.MORT,"Mortality rate, under-5 (per 1,000 live births)",2016,69.4,under5_mortality
Afghanistan,AFG,SH.DYN.MORT,"Mortality rate, under-5 (per 1,000 live births)",2015,71.9,under5_mortality
Albania,ALB,SH.DYN.MORT,"Mortality rate, under-5 (per 1,000 live births)",2019,9.4,under5_mortality
Albania,ALB,SH.DYN.MORT,"Mortality rate, under-5 (per 1,000 live births)",2018,9.3,under5_mortality
Albania,ALB,SH.DYN.MORT,"Mortality rate, under-5 (per 1,000 live births)",2017,9.3,under5_mortality
Albania,ALB,SH.DYN.MORT,"Mortality rate, under-5 (per 1,000 live births)",2016,9.4,under5_mortality
Albania,ALB,SH.DYN.MORT,"Mortality rate, under-5 (per 1,000 live births)",2015,9.6,under5_mortality
Algeria,DZA,SH.DYN.MORT,"Mortality rate, under-5 (per 1,000 live births)",2019,23.3,under5_mortality
Algeria,DZA,SH.DYN.MORT,"Mortality rate, under-5 (per 1,000 live births)",2018,23.7,under5_mortality
Algeria,DZA,SH.DYN.MORT,"Mortality rate, under-5 (per 1,000 live births)",2017,24.0,under5_mortality
Algeria,DZA,SH.DYN.MORT,"Mortality rate, under-5 (per 1,000 live births)",2016,24.5,under5_mortality
Algeria,DZA,SH.DYN.MORT,"Mortality rate, under-5 (per 1,000 live births)",2015,24.9,under5_mortality
American Samoa,ASM,SH.DYN.MORT,"Mortality rate, under-5 (per 1,000 live births)",2019,,under5_mortality
American Samoa,ASM,SH.DYN.MORT,"Mortality rate, under-5 (per 1,000 live births)",2018,,under5_mortality
American Samoa,ASM,SH.DYN.MORT,"Mortality rate, under-5 (per 1,000 live births)",2017,,under5_mortality
American Samoa,ASM,SH.DYN.MORT,"Mortality rate, under-5 (per 1,000 live births)",2016,,under5_mortality
American Samoa,ASM,SH.DYN.MORT,"Mortality rate, under-5 (per 1,000 live births)",2015,,under5_mortality
Andorra,AND,SH.DYN.MORT,"Mortality rate, under-5 (per 1,000 live births)",2019,3.0,under5_mortality
Andorra,AND,SH.DYN.MORT,"Mortality rate, under-5 (per 1,000 live births)",2018,3.1,under5_mortality
Andorra,AND,SH.DYN.MORT,"Mortality rate, under-5 (per 1,000 live births)",2017,3.2,under5_mortality
Andorra,AND,SH.DYN.MORT,"Mortality rate, under-5 (per 1,000 live births)",2016,3.4,under5_mortality
Andorra,AND,SH.DYN.MORT,"Mortality rate, under-5 (per 1,000 live births)",2015,3.5,under5_mortality
Angola,AGO,SH.DYN.MORT,"Mortality rate, under-5 (per 1,000 live births)",2019,55.3,under5_mortality
Angola,AGO,SH.DYN.MORT,"Mortality rate, under-5 (per 1,000 live births)",2018,56.5,under5_mortality
Angola,AGO,SH.DYN.MORT,"Mortality rate, under-5 (per 1,000 live births)",2017,57.9,under5_mortality
Angola,AGO,SH.DYN.MORT,"Mortality rate, under-5 (per 1,000 live births)",2016,59.6,under5_mortality
Angola,AGO,SH.DYN.MORT,"Mortality rate, under-5 (per 1,000 live births)",2015,61.8,under5_mortality
Antigua and Barbuda,ATG,SH.DYN.MORT,"Mortality rate, under-5 (per 1,000 live births)",2019,10.3,under5_mortality
Antigua and Barbuda,ATG,SH.DYN.MORT,"Mortality rate, under-5 (per 1,000 live births)",2018,10.5,under5_mortality
Antigua and Barbuda,ATG,SH.DYN.MORT,"Mortality rate, under-5 (per 1,000 live births)",2017,10.7,under5_mortality
Antigua and Barbuda,ATG,SH.DYN.MORT,"Mortality rate, under-5 (per 1,000 live births)",2016,10.8,under5_mortality
Antigua and Barbuda,ATG,SH.DYN.MORT,"Mortality rate, under-5 (per 1,000 live births)",2015,11.0,under5_mortality
Argentina,ARG,SH.DYN.MORT,"Mortality rate, under-5 (per 1,000 live births)",2019,10.5,under5_mortality
Argentina,ARG,SH.DYN.MORT,"Mortality rate, under-5 (per 1,000 live births)",2018,10.7,under5_mortality
Argentina,ARG,SH.DYN.MORT,"Mortality rate, under-5 (per 1,000 live births)",2017,11.0,under5_mortality
Argentina,ARG,SH.DYN.MORT,"Mortality rate, under-5 (per 1,000 live births)",2016,11.4,under5_mortality
Argentina,ARG,SH.DYN.MORT,"Mortality rate, under-5 (per 1,000 live births)",2015,11.7,under5_mortality
Armenia,ARM,SH.DYN.MORT,"Mortality rate, under-5 (per 1,000 live births)",2019,12.1,under5_mortality
Armenia,ARM,SH.DYN.MORT,"Mortality rate, under-5 (per 1,000 live births)",2018,12.7,under5_mortality
Armenia,ARM,SH.DYN.MORT,"Mortality rate, under-5 (per 1,000 live births)",2017,13.3,under5_mortality
Armenia,ARM,SH.DYN.MORT,"Mortality rate, under-5 (per 1,000 live births)",2016,14.0,under5_mortality
Armenia,ARM,SH.DYN.MORT,"Mortality rate, under-5 (per 1,000 live births)",2015,14.7,under5_mortality
Aruba,ABW,SH.DYN.MORT,"Mortality rate, under-5 (per 1,000 live births)",2019,,under5_mortality
Aruba,ABW,SH.DYN.MORT,"Mortality rate, under-5 (per 1,000 live births)",2018,,under5_mortality
Aruba,ABW,SH.DYN.MORT,"Mortality rate, under-5 (per 1,000 live births)",2017,,under5_mortality
Aruba,ABW,SH.DYN.MORT,"Mortality rate, under-5 (per 1,000 live births)",2016,,under5_mortality
Aruba,ABW,SH.DYN.MORT,"Mortality rate, under-5 (per 1,000 live births)",2015,,under5_mortality
Australia,AUS,SH.DYN.MORT,"Mortality rate, under-5 (per 1,000 live births)",2019,3.8,under5_mortality
Australia,AUS,SH.DYN.MORT,"Mortality rate, under-5 (per 1,000 live births)",2018,3.8,under5_mortality
Australia,AUS,SH.DYN.MORT,"Mortality rate, under-5 (per 1,000 live births)",2017,3.8,under5_mortality
Australia,AUS,SH.DYN.MORT,"Mortality rate, under-5 (per 1,000 live births)",2016,3.8,under5_mortality
Australia,AUS,SH.DYN.MORT,"Mortality rate, under-5 (per 1,000 live births)",2015,3.9,under5_mortality
Austria,AUT,SH.DYN.MORT,"Mortality rate, under-5 (per 1,000 live births)",2019,3.5,under5_mortality
Austria,AUT,SH.DYN.MORT,"Mortality rate, under-5 (per 1,000 live births)",2018,3.5,under5_mortality
Austria,AUT,SH.DYN.MORT,"Mortality rate, under-5 (per 1,000 live births)",2017,3.6,under5_mortality
Austria,AUT,SH.DYN.MORT,"Mortality rate, under-5 (per 1,000 live births)",2016,3.6,under5_mortality
Austria,AUT,SH.DYN.MORT,"Mortality rate, under-5 (per 1,000 live births)",2015,3.7,under5_mortality
Azerbaijan,AZE,SH.DYN.MORT,"Mortality rate, under-5 (per 1,000 live births)",2019,22.7,under5_mortality
Azerbaijan,AZE,SH.DYN.MORT,"Mortality rate, under-5 (per 1,000 live births)",2018,23.8,under5_mortality
Azerbaijan,AZE,SH.DYN.MORT,"Mortality rate, under-5 (per 1,000 live births)",2017,25.1,under5_mortality
Azerbaijan,AZE,SH.DYN.MORT,"Mortality rate, under-5 (per 1,000 live births)",2016,26.5,under5_mortality
Azerbaijan,AZE,SH.DYN.MORT,"Mortality rate, under-5 (per 1,000 live births)",2015,27.9,under5_mortality
"Bahamas, The",BHS,SH.DYN.MORT,"Mortality rate, under-5 (per 1,000 live births)",2019,24.3,under5_mortality
"Bahamas, The",BHS,SH.DYN.MORT,"Mortality rate, under-5 (per 1,000 live births)",2018,13.5,under5_mortality
"Bahamas, The",BHS,SH.DYN.MORT,"Mortality rate, under-5 (per 1,000 live births)",2017,13.7,under5_mortality
"Bahamas, The",BHS,SH.DYN.MORT,"Mortality rate, under-5 (per 1,000 live births)",2016,13.8,under5_mortality
"Bahamas, The",BHS,SH.DYN.MORT,"Mortality rate, under-5 (per 1,000 live births)",2015,14.0,under5_mortality
Bahrain,BHR,SH.DYN.MORT,"Mortality rate, under-5 (per 1,000 live births)",2019,7.8,under5_mortality
Bahrain,BHR,SH.DYN.MORT,"Mortality rate, under-5 (per 1,000 live births)",2018,7.7,under5_mortality
Bahrain,BHR,SH.DYN.MORT,"Mortality rate, under-5 (per 1,000 live births)",2017,7.7,under5_mortality
Bahrain,BHR,SH.DYN.MORT,"Mortality rate, under-5 (per 1,000 live births)",2016,7.6,under5_mortality
Bahrain,BHR,SH.DYN.MORT,"Mortality rate, under-5 (per 1,000 live births)",2015,7.7,under5_mortality
Bangladesh,BGD,SH.DYN.MORT,"Mortality rate, under-5 (per 1,000 live births)",2019,32.3,under5_mortality
Bangladesh,BGD,SH.DYN.MORT,"Mortality rate, under-5 (per 1,000 live births)",2018,33.5,under5_mortality
Bangladesh,BGD,SH.DYN.MORT,"Mortality rate, under-5 (per 1,000 live births)",2017,35.0,under5_mortality
Bangladesh,BGD,SH.DYN.MORT,"Mortality rate, under-5 (per 1,000 live births)",2016,36.7,under5_mortality
Bangladesh,BGD,SH.DYN.MORT,"Mortality rate, under-5 (per 1,000 live births)",2015,38.5,under5_mortality
Barbados,BRB,SH.DYN.MORT,"Mortality rate, under-5 (per 1,000 live births)",2019,11.4,under5_mortality
Barbados,BRB,SH.DYN.MORT,"Mortality rate, under-5 (per 1,000 live births)",2018,11.8,under5_mortality
Barbados,BRB,SH.DYN.MORT,"Mortality rate, under-5 (per 1,000 live births)",2017,12.1,under5_mortality
Barbados,BRB,SH.DYN.MORT,"Mortality rate, under-5 (per 1,000 live births)",2016,12.4,under5_mortality
Barbados,BRB,SH.DYN.MORT,"Mortality rate, under-5 (per 1,000 live births)",2015,12.8,under5_mortality
Belarus,BLR,SH.DYN.MORT,"Mortality rate, under-5 (per 1,000 live births)",2019,3.1,under5_mortality
Belarus,BLR,SH.DYN.MORT,"Mortality rate, under-5 (per 1,000 live births)",2018,3.4,under5_mortality
Belarus,BLR,SH.DYN.MORT,"Mortality rate, under-5 (per 1,000 live births)",2017,3.6,under5_mortality
Belarus,BLR,SH.DYN.MORT,"Mortality rate, under-5 (per 1,000 live births)",2016,3.9,under5_mortality
Belarus,BLR,SH.DYN.MORT,"Mortality rate, under-5 (per 1,000 live births)",2015,4.1,under5_mortality
Belgium,BEL,SH.DYN.MORT,"Mortality rate, under-5 (per 1,000 live births)",2019,3.9,under5_mortality
Belgium,BEL,SH.DYN.MORT,"Mortality rate, under-5 (per 1,000 live births)",2018,4.0,under5_mortality
Belgium,BEL,SH.DYN.MORT,"Mortality rate, under-5 (per 1,000 live births)",2017,4.0,under5_mortality
Belgium,BEL,SH.DYN.MORT,"Mortality rate, under-5 (per 1,000 live births)",2016,4.1,under5_mortality
Belgium,BEL,SH.DYN.MORT,"Mortality rate, under-5 (per 1,000 live births)",2015,4.1,under5_mortality
Belize,BLZ,SH.DYN.MORT,"Mortality rate, under-5 (per 1,000 live births)",2019,13.5,under5_mortality
Belize,BLZ,SH.DYN.MORT,"Mortality rate, under-5 (per 1,000 live births)",2018,13.9,under5_mortality
Belize,BLZ,SH.DYN.MORT,"Mortality rate, under-5 (per 1,000 live births)",2017,14.4,under5_mortality
Belize,BLZ,SH.DYN.MORT,"Mortality rate, under-5 (per 1,000 live births)",2016,15.0,under5_mortality
Belize,BLZ,SH.DYN.MORT,"Mortality rate, under-5 (per 1,000 live births)",2015,15.6,under5_mortality
Benin,BEN,SH.DYN.MORT,"Mortality rate, under-5 (per 1,000 live births)",2019,87.0,under5_mortality
Benin,BEN,SH.DYN.MORT,"Mortality rate, under-5 (per 1,000 live births)",2018,89.4,under5_mortality
Benin,BEN,SH.DYN.MORT,"Mortality rate, under-5 (per 1,000 live births)",2017,91.8,under5_mortality
Benin,BEN,SH.DYN.MORT,"Mortality rate, under-5 (per 1,000 live births)",2016,94.0,under5_mortality
Benin,BEN,SH.DYN.MORT,"Mortality rate, under-5 (per 1,000 live births)",2015,96.1,under5_mortality
Bermuda,BMU,SH.DYN.MORT,"Mortality rate, under-5 (per 1,000 live births)",2019,,under5_mortality
Bermuda,BMU,SH.DYN.MORT,"Mortality rate, under-5 (per 1,000 live births)",2018,,under5_mortality
Bermuda,BMU,SH.DYN.MORT,"Mortality rate, under-5 (per 1,000 live births)",2017,,under5_mortality
Bermuda,BMU,SH.DYN.MORT,"Mortality rate, under-5 (per 1,000 live births)",2016,,under5_mortality
Bermuda,BMU,SH.DYN.MORT,"Mortality rate, under-5 (per 1,000 live births)",2015,,under5_mortality
Bhutan,BTN,SH.DYN.MORT,"Mortality rate, under-5 (per 1,000 live births)",2019,22.7,under5_mortality
Bhutan,BTN,SH.DYN.MORT,"Mortality rate, under-5 (per 1,000 live births)",2018,24.2,under5_mortality
Bhutan,BTN,SH.DYN.MORT,"Mortality rate, under-5 (per 1,000 live births)",2017,25.8,under5_mortality
Bhutan,BTN,SH.DYN.MORT,"Mortality rate, under-5 (per 1,000 live births)",2016,27.4,under5_mortality
Bhutan,BTN,SH.DYN.MORT,"Mortality rate, under-5 (per 1,000 live births)",2015,29.2,under5_mortality
Bolivia,BOL,SH.DYN.MORT,"Mortality rate, under-5 (per 1,000 live births)",2019,20.6,under5_mortality
Bolivia,BOL,SH.DYN.MORT,"Mortality rate, under-5 (per 1,000 live births)",2018,22.0,under5_mortality
Bolivia,BOL,SH.DYN.MORT,"Mortality rate, under-5 (per 1,000 live births)",2017,23.4,under5_mortality
Bolivia,BOL,SH.DYN.MORT,"Mortality rate, under-5 (per 1,000 live births)",2016,25.0,under5_mortality
Bolivia,BOL,SH.DYN.MORT,"Mortality rate, under-5 (per 1,000 live births)",2015,26.7,under5_mortality
Bosnia and Herzegovina,BIH,SH.DYN.MORT,"Mortality rate, under-5 (per 1,000 live births)",2019,6.7,under5_mortality
Bosnia and Herzegovina,BIH,SH.DYN.MORT,"Mortality rate, under-5 (per 1,000 live births)",2018,6.8,under5_mortality
Bosnia and Herzegovina,BIH,SH.DYN.MORT,"Mortality rate, under-5 (per 1,000 live births)",2017,6.8,under5_mortality
Bosnia and Herzegovina,BIH,SH.DYN.MORT,"Mortality rate, under-5 (per 1,000 live births)",2016,6.8,under5_mortality
Bosnia and Herzegovina,BIH,SH.DYN.MORT,"Mortality rate, under-5 (per 1,000 live births)",2015,6.7,under5_mortality
Botswana,BWA,SH.DYN.MORT,"Mortality rate, under-5 (per 1,000 live births)",2019,40.0,under5_mortality
Botswana,BWA,SH.DYN.MORT,"Mortality rate, under-5 (per 1,000 live births)",2018,41.2,under5_mortality
Botswana,BWA,SH.DYN.MORT,"Mortality rate, under-5 (per 1,000 live births)",2017,42.1,under5_mortality
Botswana,BWA,SH.DYN.MORT,"Mortality rate, under-5 (per 1,000 live births)",2016,45.1,under5_mortality
Botswana,BWA,SH.DYN.MORT,"Mortality rate, under-5 (per 1,000 live births)",2015,46.7,under5_mortality
Brazil,BRA,SH.DYN.MORT,"Mortality rate, under-5 (per 1,000 live births)",2019,15.0,under5_mortality
Brazil,BRA,SH.DYN.MORT,"Mortality rate, under-5 (per 1,000 live births)",2018,15.2,under5_mortality
Brazil,BRA,SH.DYN.MORT,"Mortality rate, under-5 (per 1,000 live births)",2017,15.4,under5_mortality
Brazil,BRA,SH.DYN.MORT,"Mortality rate, under-5 (per 1,000 live births)",2016,16.8,under5_mortality
Brazil,BRA,SH.DYN.MORT,"Mortality rate, under-5 (per 1,000 live births)",2015,16.0,under5_mortality
British Virgin Islands,VGB,SH.DYN.MORT,"Mortality rate, under-5 (per 1,000 live births)",2019,14.2,under5_mortality
British Virgin Islands,VGB,SH.DYN.MORT,"Mortality rate, under-5 (per 1,000 live births)",2018,14.6,under5_mortality
British Virgin Islands,VGB,SH.DYN.MORT,"Mortality rate, under-5 (per 1,000 live births)",2017,14.9,under5_mortality
British Virgin Islands,VGB,SH.DYN.MORT,"Mortality rate, under-5 (per 1,000 live births)",2016,15.2,under5_mortality
British Virgin Islands,VGB,SH.DYN.MORT,"Mortality rate, under-5 (per 1,000 live births)",2015,15.5,under5_mortality
Brunei Darussalam,BRN,SH.DYN.MORT,"Mortality rate, under-5 (per 1,000 live births)",2019,10.5,under5_mortality
Brunei Darussalam,BRN,SH.DYN.MORT,"Mortality rate, under-5 (per 1,000 live births)",2018,10.6,under5_mortality
Brunei Darussalam,BRN,SH.DYN.MORT,"Mortality rate, under-5 (per 1,000 live births)",2017,10.7,under5_mortality
Brunei Darussalam,BRN,SH.DYN.MORT,"Mortality rate, under-5 (per 1,000 live births)",2016,10.7,under5_mortality
Brunei Darussalam,BRN,SH.DYN.MORT,"Mortality rate, under-5 (per 1,000 live births)",2015,10.7,under5_mortality
Bulgaria,BGR,SH.DYN.MORT,"Mortality rate, under-5 (per 1,000 live births)",2019,6.7,under5_mortality
Bulgaria,BGR,SH.DYN.MORT,"Mortality rate, under-5 (per 1,000 live births)",2018,7.0,under5_mortality
Bulgaria,BGR,SH.DYN.MORT,"Mortality rate, under-5 (per 1,000 live births)",2017,7.3,under5_mortality
Bulgaria,BGR,SH.DYN.MORT,"Mortality rate, under-5 (per 1,000 live births)",2016,7.7,under5_mortality
Bulgaria,BGR,SH.DYN.MORT,"Mortality rate, under-5 (per 1,000 live births)",2015,8.2,under5_mortality
Burkina Faso,BFA,SH.DYN.MORT,"Mortality rate, under-5 (per 1,000 live births)",2019,88.1,under5_mortality
Burkina Faso,BFA,SH.DYN.MORT,"Mortality rate, under-5 (per 1,000 live births)",2018,91.0,under5_mortality
Burkina Faso,BFA,SH.DYN.MORT,"Mortality rate, under-5 (per 1,000 live births)",2017,94.1,under5_mortality
Burkina Faso,BFA,SH.DYN.MORT,"Mortality rate, under-5 (per 1,000 live births)",2016,97.4,under5_mortality
Burkina Faso,BFA,SH.DYN.MORT,"Mortality rate, under-5 (per 1,000 live births)",2015,100.8,under5_mortality
Burundi,BDI,SH.DYN.MORT,"Mortality rate, under-5 (per 1,000 live births)",2019,56.2,under5_mortality
Burundi,BDI,SH.DYN.MORT,"Mortality rate, under-5 (per 1,000 live births)",2018,58.5,under5_mortality
Burundi,BDI,SH.DYN.MORT,"Mortality rate, under-5 (per 1,000 live births)",2017,60.9,under5_mortality
Burundi,BDI,SH.DYN.MORT,"Mortality rate, under-5 (per 1,000 live births)",2016,63.7,under5_mortality
Burundi,BDI,SH.DYN.MORT,"Mortality rate, under-5 (per 1,000 live births)",2015,66.9,under5_mortality
Cabo Verde,CPV,SH.DYN.MORT,"Mortality rate, under-5 (per 1,000 live births)",2019,14.1,under5_mortality
Cabo Verde,CPV,SH.DYN.MORT,"Mortality rate, under-5 (per 1,000 live births)",2018,15.1,under5_mortality
Cabo Verde,CPV,SH.DYN.MORT,"Mortality rate, under-5 (per 1,000 live births)",2017,16.2,under5_mortality
Cabo Verde,CPV,SH.DYN.MORT,"Mortality rate, under-5 (per 1,000 live births)",2016,17.6,under5_mortality
Cabo Verde,CPV,SH.DYN.MORT,"Mortality rate, under-5 (per 1,000 live births)",2015,19.2,under5_mortality
Cambodia,KHM,SH.DYN.MORT,"Mortality rate, under-5 (per 1,000 live births)",2019,22.8,under5_mortality
Cambodia,KHM,SH.DYN.MORT,"Mortality rate, under-5 (per 1,000 live births)",2018,24.1,under5_mortality
Cambodia,KHM,SH.DYN.MORT,"Mortality rate, under-5 (per 1,000 live births)",2017,25.6,under5_mortality
Cambodia,KHM,SH.DYN.MORT,"Mortality rate, under-5 (per 1,000 live births)",2016,27.5,under5_mortality
Cambodia,KHM,SH.DYN.MORT,"Mortality rate, under-5 (per 1,000 live births)",2015,29.6,under5_mortality
Cameroon,CMR,SH.DYN.MORT,"Mortality rate, under-5 (per 1,000 live births)",2019,76.6,under5_mortality
Cameroon,CMR,SH.DYN.MORT,"Mortality rate, under-5 (per 1,000 live births)",2018,78.9,under5_mortality
Cameroon,CMR,SH.DYN.MORT,"Mortality rate, under-5 (per 1,000 live births)",2017,81.9,under5_mortality
Cameroon,CMR,SH.DYN.MORT,"Mortality rate, under-5 (per 1,000 live births)",2016,85.1,under5_mortality
Cameroon,CMR,SH.DYN.MORT,"Mortality rate, under-5 (per 1,000 live births)",2015,88.5,under5_mortality
Canada,CAN,SH.DYN.MORT,"Mortality rate, under-5 (per 1,000 live births)",2019,5.2,under5_mortality
Canada,CAN,SH.DYN.MORT,"Mortality rate, under-5 (per 1,000 live births)",2018,5.2,under5_mortality
Canada,CAN,SH.DYN.MORT,"Mortality rate, under-5 (per 1,000 live births)",2017,5.2,under5_mortality
Canada,CAN,SH.DYN.MORT,"Mortality rate, under-5 (per 1,000 live births)",2016,5.3,under5_mortality
Canada,CAN,SH.DYN.MORT,"Mortality rate, under-5 (per 1,000 live births)",2015,5.3,under5_mortality
Cayman Islands,CYM,SH.DYN.MORT,"Mortality rate, under-5 (per 1,000 live births)",2019,,under5_mortality
Cayman Islands,CYM,SH.DYN.MORT,"Mortality rate, under-5 (per 1,000 live births)",2018,,under5_mortality
Cayman Islands,CYM,SH.DYN.MORT,"Mortality rate, under-5 (per 1,000 live births)",2017,,under5_mortality
Cayman Islands,CYM,SH.DYN.MORT,"Mortality rate, under-5 (per 1,000 live births)",2016,,under5_mortality
Cayman Islands,CYM,SH.DYN.MORT,"Mortality rate, under-5 (per 1,000 live births)",2015,,under5_mortality
Central African Republic,CAF,SH.DYN.MORT,"Mortality rate, under-5 (per 1,000 live births)",2019,254.7,under5_mortality
Central African Republic,CAF,SH.DYN.MORT,"Mortality rate, under-5 (per 1,000 live births)",2018,120.2,under5_mortality
Central African Republic,CAF,SH.DYN.MORT,"Mortality rate, under-5 (per 1,000 live births)",2017,155.2,under5_mortality
Central African Republic,CAF,SH.DYN.MORT,"Mortality rate, under-5 (per 1,000 live births)",2016,126.8,under5_mortality
Central African Republic,CAF,SH.DYN.MORT,"Mortality rate, under-5 (per 1,000 live births)",2015,113.7,under5_mortality
Chad,TCD,SH.DYN.MORT,"Mortality rate, under-5 (per 1,000 live births)",2019,114.0,under5_mortality
Chad,TCD,SH.DYN.MORT,"Mortality rate, under-5 (per 1,000 live births)",2018,117.6,under5_mortality
Chad,TCD,SH.DYN.MORT,"Mortality rate, under-5 (per 1,000 live births)",2017,121.4,under5_mortality
Chad,TCD,SH.DYN.MORT,"Mortality rate, under-5 (per 1,000 live births)",2016,125.0,under5_mortality
Chad,TCD,SH.DYN.MORT,"Mortality rate, under-5 (per 1,000 live births)",2015,128.7,under5_mortality
Channel Islands,CHI,SH.DYN.MORT,"Mortality rate, under-5 (per 1,000 live births)",2019,,under5_mortality
Channel Islands,CHI,SH.DYN.MORT,"Mortality rate, under-5 (per 1,000 live births)",2018,,under5_mortality
Channel Islands,CHI,SH.DYN.MORT,"Mortality rate, under-5 (per 1,000 live births)",2017,,under5_mortality
Channel Islands,CHI,SH.DYN.MORT,"Mortality rate, under-5 (per 1,000 live births)",2016,,under5_mortality
Channel Islands,CHI,SH.DYN.MORT,"Mortality rate, under-5 (per 1,000 live births)",2015,,under5_mortality
Chile,CHL,SH.DYN.MORT,"Mortality rate, under-5 (per 1,000 live births)",2019,7.0,under5_mortality
Chile,CHL,SH.DYN.MORT,"Mortality rate, under-5 (per 1,000 live births)",2018,7.3,under5_mortality
Chile,CHL,SH.DYN.MORT,"Mortality rate, under-5 (per 1,000 live births)",2017,7.6,under5_mortality
Chile,CHL,SH.DYN.MORT,"Mortality rate, under-5 (per 1,000 live births)",2016,7.7,under5_mortality
Chile,CHL,SH.DYN.MORT,"Mortality rate, under-5 (per 1,000 live births)",2015,7.9,under5_mortality
China,CHN,SH.DYN.MORT,"Mortality rate, under-5 (per 1,000 live births)",2019,8.0,under5_mortality
China,CHN,SH.DYN.MORT,"Mortality rate, under-5 (per 1,000 live births)",2018,8.6,under5_mortality
China,CHN,SH.DYN.MORT,"Mortality rate, under-5 (per 1,000 live births)",2017,9.3,under5_mortality
China,CHN,SH.DYN.MORT,"Mortality rate, under-5 (per 1,000 live births)",2016,10.0,under5_mortality
China,CHN,SH.DYN.MORT,"Mortality rate, under-5 (per 1,000 live births)",2015,10.7,under5_mortality
Colombia,COL,SH.DYN.MORT,"Mortality rate, under-5 (per 1,000 live births)",2019,13.5,under5_mortality
Colombia,COL,SH.DYN.MORT,"Mortality rate, under-5 (per 1,000 live births)",2018,14.0,under5_mortality
Colombia,COL,SH.DYN.MORT,"Mortality rate, under-5 (per 1,000 live births)",2017,14.5,under5_mortality
Colombia,COL,SH.DYN.MORT,"Mortality rate, under-5 (per 1,000 live births)",2016,15.0,under5_mortality
Colombia,COL,SH.DYN.MORT,"Mortality rate, under-5 (per 1,000 live births)",2015,15.5,under5_mortality
Comoros,COM,SH.DYN.MORT,"Mortality rate, under-5 (per 1,000 live births)",2019,44.8,under5_mortality
Comoros,COM,SH.DYN.MORT,"Mortality rate, under-5 (per 1,000 live births)",2018,45.8,under5_mortality
Comoros,COM,SH.DYN.MORT,"Mortality rate, under-5 (per 1,000 live births)",2017,46.9,under5_mortality
Comoros,COM,SH.DYN.MORT,"Mortality rate, under-5 (per 1,000 live births)",2016,47.9,under5_mortality
Comoros,COM,SH.DYN.MORT,"Mortality rate, under-5 (per 1,000 live births)",2015,48.9,under5_mortality
"Congo, Dem. Rep.",COD,SH.DYN.MORT,"Mortality rate, under-5 (per 1,000 live births)",2019,92.2,under5_mortality
"Congo, Dem. Rep.",COD,SH.DYN.MORT,"Mortality rate, under-5 (per 1,000 live births)",2018,91.7,under5_mortality
"Congo, Dem. Rep.",COD,SH.DYN.MORT,"Mortality rate, under-5 (per 1,000 live births)",2017,91.5,under5_mortality
"Congo, Dem. Rep.",COD,SH.DYN.MORT,"Mortality rate, under-5 (per 1,000 live births)",2016,91.5,under5_mortality
"Congo, Dem. Rep.",COD,SH.DYN.MORT,"Mortality rate, under-5 (per 1,000 live births)",2015,91.9,under5_mortality
"Congo, Rep.",COG,SH.DYN.MORT,"Mortality rate, under-5 (per 1,000 live births)",2019,52.2,under5_mortality
"Congo, Rep.",COG,SH.DYN.MORT,"Mortality rate, under-5 (per 1,000 live births)",2018,47.6,under5_mortality
"Congo, Rep.",COG,SH.DYN.MORT,"Mortality rate, under-5 (per 1,000 live births)",2017,49.3,under5_mortality
"Congo, Rep.",COG,SH.DYN.MORT,"Mortality rate, under-5 (per 1,000 live births)",2016,51.0,under5_mortality
"Congo, Rep.",COG,SH.DYN.MORT,"Mortality rate, under-5 (per 1,000 live births)",2015,52.7,under5_mortality
Costa Rica,CRI,SH.DYN.MORT,"Mortality rate, under-5 (per 1,000 live births)",2019,9.1,under5_mortality
Costa Rica,CRI,SH.DYN.MORT,"Mortality rate, under-5 (per 1,000 live births)",2018,9.0,under5_mortality
Costa Rica,CRI,SH.DYN.MORT,"Mortality rate, under-5 (per 1,000 live births)",2017,8.9,under5_mortality
Costa Rica,CRI,SH.DYN.MORT,"Mortality rate, under-5 (per 1,000 live births)",2016,8.9,under5_mortality
Costa Rica,CRI,SH.DYN.MORT,"Mortality rate, under-5 (per 1,000 live births)",2015,9.0,under5_mortality
Cote d'Ivoire,CIV,SH.DYN.MORT,"Mortality rate, under-5 (per 1,000 live births)",2019,75.3,under5_mortality
Cote d'Ivoire,CIV,SH.DYN.MORT,"Mortality rate, under-5 (per 1,000 live births)",2018,77.9,under5_mortality
Cote d'Ivoire,CIV,SH.DYN.MORT,"Mortality rate, under-5 (per 1,000 live births)",2017,80.5,under5_mortality
Cote d'Ivoire,CIV,SH.DYN.MORT,"Mortality rate, under-5 (per 1,000 live births)",2016,83.0,under5_mortality
Cote d'Ivoire,CIV,SH.DYN.MORT,"Mortality rate, under-5 (per 1,000 live births)",2015,85.5,under5_mortality
Croatia,HRV,SH.DYN.MORT,"Mortality rate, under-5 (per 1,000 live births)",2019,4.7,under5_mortality
Croatia,HRV,SH.DYN.MORT,"Mortality rate, under-5 (per 1,000 live births)",2018,4.8,under5_mortality
Croatia,HRV,SH.DYN.MORT,"Mortality rate, under-5 (per 1,000 live births)",2017,4.8,under5_mortality
Croatia,HRV,SH.DYN.MORT,"Mortality rate, under-5 (per 1,000 live births)",2016,4.9,under5_mortality
Croatia,HRV,SH.DYN.MORT,"Mortality rate, under-5 (per 1,000 live births)",2015,4.9,under5_mortality
Cuba,CUB,SH.DYN.MORT,"Mortality rate, under-5 (per 1,000 live births)",2019,6.9,under5_mortality
Cuba,CUB,SH.DYN.MORT,"Mortality rate, under-5 (per 1,000 live births)",2018,6.6,under5_mortality
Cuba,CUB,SH.DYN.MORT,"Mortality rate, under-5 (per 1,000 live births)",2017,6.4,under5_mortality
Cuba,CUB,SH.DYN.MORT,"Mortality rate, under-5 (per 1,000 live births)",2016,6.3,under5_mortality
Cuba,CUB,SH.DYN.MORT,"Mortality rate, under-5 (per 1,000 live births)",2015,6.1,under5_mortality
Curacao,CUW,SH.DYN.MORT,"Mortality rate, under-5 (per 1,000 live births)",2019,,under5_mortality
Curacao,CUW,SH.DYN.MORT,"Mortality rate, under-5 (per 1,000 live births)",2018,,under5_mortality
Curacao,CUW,SH.DYN.MORT,"Mortality rate, under-5 (per 1,000 live births)",2017,,under5_mortality
Curacao,CUW,SH.DYN.MORT,"Mortality rate, under-5 (per 1,000 live births)",2016,,under5_mortality
Curacao,CUW,SH.DYN.MORT,"Mortality rate, under-5 (per 1,000 live births)",2015,,under5_mortality
Cyprus,CYP,SH.DYN.MORT,"Mortality rate, under-5 (per 1,000 live births)",2019,3.0,under5_mortality
Cyprus,CYP,SH.DYN.MORT,"Mortality rate, under-5 (per 1,000 live births)",2018,2.7,under5_mortality
Cyprus,CYP,SH.DYN.MORT,"Mortality rate, under-5 (per 1,000 live births)",2017,2.6,under5_mortality
Cyprus,CYP,SH.DYN.MORT,"Mortality rate, under-5 (per 1,000 live births)",2016,2.5,under5_mortality
Cyprus,CYP,SH.DYN.MORT,"Mortality rate, under-5 (per 1,000 live births)",2015,2.5,under5_mortality
Czechia,CZE,SH.DYN.MORT,"Mortality rate, under-5 (per 1,000 live births)",2019,3.0,under5_mortality
Czechia,CZE,SH.DYN.MORT,"Mortality rate, under-5 (per 1,000 live births)",2018,3.1,under5_mortality
Czechia,CZE,SH.DYN.MORT,"Mortality rate, under-5 (per 1,000 live births)",2017,3.2,under5_mortality
Czechia,CZE,SH.DYN.MORT,"Mortality rate, under-5 (per 1,000 live births)",2016,3.2,under5_mortality
Czechia,CZE,SH.DYN.MORT,"Mortality rate, under-5 (per 1,000 live births)",2015,3.2,under5_mortality
Denmark,DNK,SH.DYN.MORT,"Mortality rate, under-5 (per 1,000 live births)",2019,3.8,under5_mortality
Denmark,DNK,SH.DYN.MORT,"Mortality rate, under-5 (per 1,000 live births)",2018,3.9,under5_mortality
Denmark,DNK,SH.DYN.MORT,"Mortality rate, under-5 (per 1,000 live births)",2017,3.9,under5_mortality
Denmark,DNK,SH.DYN.MORT,"Mortality rate, under-5 (per 1,000 live births)",2016,4.0,under5_mortality
Denmark,DNK,SH.DYN.MORT,"Mortality rate, under-5 (per 1,000 live births)",2015,4.1,under5_mortality
Djibouti,DJI,SH.DYN.MORT,"Mortality rate, under-5 (per 1,000 live births)",2019,57.5,under5_mortality
Djibouti,DJI,SH.DYN.MORT,"Mortality rate, under-5 (per 1,000 live births)",2018,59.4,under5_mortality
Djibouti,DJI,SH.DYN.MORT,"Mortality rate, under-5 (per 1,000 live births)",2017,61.2,under5_mortality
Djibouti,DJI,SH.DYN.MORT,"Mortality rate, under-5 (per 1,000 live births)",2016,63.2,under5_mortality
Djibouti,DJI,SH.DYN.MORT,"Mortality rate, under-5 (per 1,000 live births)",2015,65.2,under5_mortality
Dominica,DMA,SH.DYN.MORT,"Mortality rate, under-5 (per 1,000 live births)",2019,33.0,under5_mortality
Dominica,DMA,SH.DYN.MORT,"Mortality rate, under-5 (per 1,000 live births)",2018,32.1,under5_mortality
Dominica,DMA,SH.DYN.MORT,"Mortality rate, under-5 (per 1,000 live births)",2017,31.1,under5_mortality
Dominica,DMA,SH.DYN.MORT,"Mortality rate, under-5 (per 1,000 live births)",2016,30.2,under5_mortality
Dominica,DMA,SH.DYN.MORT,"Mortality rate, under-5 (per 1,000 live births)",2015,29.2,under5_mortality
Dominican Republic,DOM,SH.DYN.MORT,"Mortality rate, under-5 (per 1,000 live births)",2019,34.4,under5_mortality
Dominican Republic,DOM,SH.DYN.MORT,"Mortality rate, under-5 (per 1,000 live births)",2018,34.7,under5_mortality
Dominican Republic,DOM,SH.DYN.MORT,"Mortality rate, under-5 (per 1,000 live births)",2017,34.9,under5_mortality
Dominican Republic,DOM,SH.DYN.MORT,"Mortality rate, under-5 (per 1,000 live births)",2016,34.9,under5_mortality
Dominican Republic,DOM,SH.DYN.MORT,"Mortality rate, under-5 (per 1,000 live births)",2015,34.9,under5_mortality
Ecuador,ECU,SH.DYN.MORT,"Mortality rate, under-5 (per 1,000 live births)",2019,13.8,under5_mortality
Ecuador,ECU,SH.DYN.MORT,"Mortality rate, under-5 (per 1,000 live births)",2018,14.1,under5_mortality
Ecuador,ECU,SH.DYN.MORT,"Mortality rate, under-5 (per 1,000 live births)",2017,14.4,under5_mortality
Ecuador,ECU,SH.DYN.MORT,"Mortality rate, under-5 (per 1,000 live births)",2016,14.8,under5_mortality
Ecuador,ECU,SH.DYN.MORT,"Mortality rate, under-5 (per 1,000 live births)",2015,15.3,under5_mortality
"Egypt, Arab Rep.",EGY,SH.DYN.MORT,"Mortality rate, under-5 (per 1,000 live births)",2019,24.8,under5_mortality
"Egypt, Arab Rep.",EGY,SH.DYN.MORT,"Mortality rate, under-5 (per 1,000 live births)",2018,25.2,under5_mortality
"Egypt, Arab Rep.",EGY,SH.DYN.MORT,"Mortality rate, under-5 (per 1,000 live births)",2017,25.6,under5_mortality
"Egypt, Arab Rep.",EGY,SH.DYN.MORT,"Mortality rate, under-5 (per 1,000 live births)",2016,26.0,under5_mortality
"Egypt, Arab Rep.",EGY,SH.DYN.MORT,"Mortality rate, under-5 (per 1,000 live births)",2015,26.5,under5_mortality
El Salvador,SLV,SH.DYN.MORT,"Mortality rate, under-5 (per 1,000 live births)",2019,12.2,under5_mortality
El Salvador,SLV,SH.DYN.MORT,"Mortality rate, under-5 (per 1,000 live births)",2018,12.7,under5_mortality
El Salvador,SLV,SH.DYN.MORT,"Mortality rate, under-5 (per 1,000 live births)",2017,13.3,under5_mortality
El Salvador,SLV,SH.DYN.MORT,"Mortality rate, under-5 (per 1,000 live births)",2016,13.9,under5_mortality
El Salvador,SLV,SH.DYN.MORT,"Mortality rate, under-5 (per 1,000 live births)",2015,14.6,under5_mortality
Equatorial Guinea,GNQ,SH.DYN.MORT,"Mortality rate, under-5 (per 1,000 live births)",2019,80.7,under5_mortality
Equatorial Guinea,GNQ,SH.DYN.MORT,"Mortality rate, under-5 (per 1,000 live births)",2018,83.2,under5_mortality
Equatorial Guinea,GNQ,SH.DYN.MORT,"Mortality rate, under-5 (per 1,000 live births)",2017,86.1,under5_mortality
Equatorial Guinea,GNQ,SH.DYN.MORT,"Mortality rate, under-5 (per 1,000 live births)",2016,89.0,under5_mortality
Equatorial Guinea,GNQ,SH.DYN.MORT,"Mortality rate, under-5 (per 1,000 live births)",2015,92.1,under5_mortality
Eritrea,ERI,SH.DYN.MORT,"Mortality rate, under-5 (per 1,000 live births)",2019,40.5,under5_mortality
Eritrea,ERI,SH.DYN.MORT,"Mortality rate, under-5 (per 1,000 live births)",2018,41.9,under5_mortality
Eritrea,ERI,SH.DYN.MORT,"Mortality rate, under-5 (per 1,000 live births)",2017,43.3,under5_mortality
Eritrea,ERI,SH.DYN.MORT,"Mortality rate, under-5 (per 1,000 live births)",2016,44.7,under5_mortality
Eritrea,ERI,SH.DYN.MORT,"Mortality rate, under-5 (per 1,000 live births)",2015,46.4,under5_mortality
Estonia,EST,SH.DYN.MORT,"Mortality rate, under-5 (per 1,000 live births)",2019,2.5,under5_mortality
Estonia,EST,SH.DYN.MORT,"Mortality rate, under-5 (per 1,000 live births)",2018,2.7,under5_mortality
Estonia,EST,SH.DYN.MORT,"Mortality rate, under-5 (per 1,000 live births)",2017,2.8,under5_mortality
Estonia,EST,SH.DYN.MORT,"Mortality rate, under-5 (per 1,000 live births)",2016,3.0,under5_mortality
Estonia,EST,SH.DYN.MORT,"Mortality rate, under-5 (per 1,000 live births)",2015,3.2,under5_mortality
Eswatini,SWZ,SH.DYN.MORT,"Mortality rate, under-5 (per 1,000 live births)",2019,51.5,under5_mortality
Eswatini,SWZ,SH.DYN.MORT,"Mortality rate, under-5 (per 1,000 live births)",2018,50.4,under5_mortality
Eswatini,SWZ,SH.DYN.MORT,"Mortality rate, under-5 (per 1,000 live births)",2017,53.6,under5_mortality
Eswatini,SWZ,SH.DYN.MORT,"Mortality rate, under-5 (per 1,000 live births)",2016,54.4,under5_mortality
Eswatini,SWZ,SH.DYN.MORT,"Mortality rate, under-5 (per 1,000 live births)",2015,57.5,under5_mortality
Ethiopia,ETH,SH.DYN.MORT,"Mortality rate, under-5 (per 1,000 live births)",2019,53.6,under5_mortality
Ethiopia,ETH,SH.DYN.MORT,"Mortality rate, under-5 (per 1,000 live births)",2018,55.8,under5_mortality
Ethiopia,ETH,SH.DYN.MORT,"Mortality rate, under-5 (per 1,000 live births)",2017,58.4,under5_mortality
Ethiopia,ETH,SH.DYN.MORT,"Mortality rate, under-5 (per 1,000 live births)",2016,61.3,under5_mortality
Ethiopia,ETH,SH.DYN.MORT,"Mortality rate, under-5 (per 1,000 live births)",2015,64.4,under5_mortality
Faroe Islands,FRO,SH.DYN.MORT,"Mortality rate, under-5 (per 1,000 live births)",2019,,under5_mortality
Faroe Islands,FRO,SH.DYN.MORT,"Mortality rate, under-5 (per 1,000 live births)",2018,,under5_mortality
Faroe Islands,FRO,SH.DYN.MORT,"Mortality rate, under-5 (per 1,000 live births)",2017,,under5_mortality
Faroe Islands,FRO,SH.DYN.MORT,"Mortality rate, under-5 (per 1,000 live births)",2016,,under5_mortality
Faroe Islands,FRO,SH.DYN.MORT,"Mortality rate, under-5 (per 1,000 live births)",2015,,under5_mortality
Fiji,FJI,SH.DYN.MORT,"Mortality rate, under-5 (per 1,000 live births)",2019,25.7,under5_mortality
Fiji,FJI,SH.DYN.MORT,"Mortality rate, under-5 (per 1,000 live births)",2018,24.2,under5_mortality
Fiji,FJI,SH.DYN.MORT,"Mortality rate, under-5 (per 1,000 live births)",2017,22.7,under5_mortality
Fiji,FJI,SH.DYN.MORT,"Mortality rate, under-5 (per 1,000 live births)",2016,21.6,under5_mortality
Fiji,FJI,SH.DYN.MORT,"Mortality rate, under-5 (per 1,000 live births)",2015,20.9,under5_mortality
Finland,FIN,SH.DYN.MORT,"Mortality rate, under-5 (per 1,000 live births)",2019,2.4,under5_mortality
Finland,FIN,SH.DYN.MORT,"Mortality rate, under-5 (per 1,000 live births)",2018,2.4,under5_mortality
Finland,FIN,SH.DYN.MORT,"Mortality rate, under-5 (per 1,000 live births)",2017,2.4,under5_mortality
Finland,FIN,SH.DYN.MORT,"Mortality rate, under-5 (per 1,000 live births)",2016,2.4,under5_mortality
Finland,FIN,SH.DYN.MORT,"Mortality rate, under-5 (per 1,000 live births)",2015,2.5,under5_mortality
France,FRA,SH.DYN.MORT,"Mortality rate, under-5 (per 1,000 live births)",2019,4.2,under5_mortality
France,FRA,SH.DYN.MORT,"Mortality rate, under-5 (per 1,000 live births)",2018,4.2,under5_mortality
France,FRA,SH.DYN.MORT,"Mortality rate, under-5 (per 1,000 live births)",2017,4.2,under5_mortality
France,FRA,SH.DYN.MORT,"Mortality rate, under-5 (per 1,000 live births)",2016,4.2,under5_mortality
France,FRA,SH.DYN.MORT,"Mortality rate, under-5 (per 1,000 live births)",2015,4.2,under5_mortality
French Polynesia,PYF,SH.DYN.MORT,"Mortality rate, under-5 (per 1,000 live births)",2019,,under5_mortality
French Polynesia,PYF,SH.DYN.MORT,"Mortality rate, under-5 (per 1,000 live births)",2018,,under5_mortality
French Polynesia,PYF,SH.DYN.MORT,"Mortality rate, under-5 (per 1,000 live births)",2017,,under5_mortality
French Polynesia,PYF,SH.DYN.MORT,"Mortality rate, under-5 (per 1,000 live births)",2016,,under5_mortality
French Polynesia,PYF,SH.DYN.MORT,"Mortality rate, under-5 (per 1,000 live births)",2015,,under5_mortality
Gabon,GAB,SH.DYN.MORT,"Mortality rate, under-5 (per 1,000 live births)",2019,38.5,under5_mortality
Gabon,GAB,SH.DYN.MORT,"Mortality rate, under-5 (per 1,000 live births)",2018,39.9,under5_mortality
Gabon,GAB,SH.DYN.MORT,"Mortality rate, under-5 (per 1,000 live births)",2017,41.4,under5_mortality
Gabon,GAB,SH.DYN.MORT,"Mortality rate, under-5 (per 1,000 live births)",2016,42.7,under5_mortality
Gabon,GAB,SH.DYN.MORT,"Mortality rate, under-5 (per 1,000 live births)",2015,44.4,under5_mortality
"Gambia, The",GMB,SH.DYN.MORT,"Mortality rate, under-5 (per 1,000 live births)",2019,50.4,under5_mortality
"Gambia, The",GMB,SH.DYN.MORT,"Mortality rate, under-5 (per 1,000 live births)",2018,52.3,under5_mortality
"Gambia, The",GMB,SH.DYN.MORT,"Mortality rate, under-5 (per 1,000 live births)",2017,54.3,under5_mortality
"Gambia, The",GMB,SH.DYN.MORT,"Mortality rate, under-5 (per 1,000 live births)",2016,56.6,under5_mortality
"Gambia, The",GMB,SH.DYN.MORT,"Mortality rate, under-5 (per 1,000 live births)",2015,58.9,under5_mortality
Georgia,GEO,SH.DYN.MORT,"Mortality rate, under-5 (per 1,000 live births)",2019,9.6,under5_mortality
Georgia,GEO,SH.DYN.MORT,"Mortality rate, under-5 (per 1,000 live births)",2018,9.8,under5_mortality
Georgia,GEO,SH.DYN.MORT,"Mortality rate, under-5 (per 1,000 live births)",2017,10.0,under5_mortality
Georgia,GEO,SH.DYN.MORT,"Mortality rate, under-5 (per 1,000 live births)",2016,10.2,under5_mortality
Georgia,GEO,SH.DYN.MORT,"Mortality rate, under-5 (per 1,000 live births)",2015,10.6,under5_mortality
Germany,DEU,SH.DYN.MORT,"Mortality rate, under-5 (per 1,000 live births)",2019,3.7,under5_mortality
Germany,DEU,SH.DYN.MORT,"Mortality rate, under-5 (per 1,000 live births)",2018,3.8,under5_mortality
Germany,DEU,SH.DYN.MORT,"Mortality rate, under-5 (per 1,000 live births)",2017,3.8,under5_mortality
Germany,DEU,SH.DYN.MORT,"Mortality rate, under-5 (per 1,000 live births)",2016,3.9,under5_mortality
Germany,DEU,SH.DYN.MORT,"Mortality rate, under-5 (per 1,000 live births)",2015,3.9,under5_mortality
Ghana,GHA,SH.DYN.MORT,"Mortality rate, under-5 (per 1,000 live births)",2019,44.1,under5_mortality
Ghana,GHA,SH.DYN.MORT,"Mortality rate, under-5 (per 1,000 live births)",2018,46.1,under5_mortality
Ghana,GHA,SH.DYN.MORT,"Mortality rate, under-5 (per 1,000 live births)",2017,48.2,under5_mortality
Ghana,GHA,SH.DYN.MORT,"Mortality rate, under-5 (per 1,000 live births)",2016,50.3,under5_mortality
Ghana,GHA,SH.DYN.MORT,"Mortality rate, under-5 (per 1,000 live births)",2015,52.5,under5_mortality
Gibraltar,GIB,SH.DYN.MORT,"Mortality rate, under-5 (per 1,000 live births)",2019,,under5_mortality
Gibraltar,GIB,SH.DYN.MORT,"Mortality rate, under-5 (per 1,000 live births)",2018,,under5_mortality
Gibraltar,GIB,SH.DYN.MORT,"Mortality rate, under-5 (per 1,000 live births)",2017,,under5_mortality
Gibraltar,GIB,SH.DYN.MORT,"Mortality rate, under-5 (per 1,000 live births)",2016,,under5_mortality
Gibraltar,GIB,SH.DYN.MORT,"Mortality rate, under-5 (per 1,000 live births)",2015,,under5_mortality
Greece,GRC,SH.DYN.MORT,"Mortality rate, under-5 (per 1,000 live births)",2019,4.1,under5_mortality
Greece,GRC,SH.DYN.MORT,"Mortality rate, under-5 (per 1,000 live births)",2018,4.2,under5_mortality
Greece,GRC,SH.DYN.MORT,"Mortality rate, under-5 (per 1,000 live births)",2017,4.3,under5_mortality
Greece,GRC,SH.DYN.MORT,"Mortality rate, under-5 (per 1,000 live births)",2016,4.3,under5_mortality
Greece,GRC,SH.DYN.MORT,"Mortality rate, under-5 (per 1,000 live births)",2015,4.3,under5_mortality
Greenland,GRL,SH.DYN.MORT,"Mortality rate, under-5 (per 1,000 live births)",2019,,under5_mortality
Greenland,GRL,SH.DYN.MORT,"Mortality rate, under-5 (per 1,000 live births)",2018,,under5_mortality
Greenland,GRL,SH.DYN.MORT,"Mortality rate, under-5 (per 1,000 live births)",2017,,under5_mortality
Greenland,GRL,SH.DYN.MORT,"Mortality rate, under-5 (per 1,000 live births)",2016,,under5_mortality
Greenland,GRL,SH.DYN.MORT,"Mortality rate, under-5 (per 1,000 live births)",2015,,under5_mortality
Grenada,GRD,SH.DYN.MORT,"Mortality rate, under-5 (per 1,000 live births)",2019,18.5,under5_mortality
Grenada,GRD,SH.DYN.MORT,"Mortality rate, under-5 (per 1,000 live births)",2018,18.3,under5_mortality
Grenada,GRD,SH.DYN.MORT,"Mortality rate, under-5 (per 1,000 live births)",2017,18.1,under5_mortality
Grenada,GRD,SH.DYN.MORT,"Mortality rate, under-5 (per 1,000 live births)",2016,17.8,under5_mortality
Grenada,GRD,SH.DYN.MORT,"Mortality rate, under-5 (per 1,000 live births)",2015,17.5,under5_mortality
Guam,GUM,SH.DYN.MORT,"Mortality rate, under-5 (per 1,000 live births)",2019,,under5_mortality
Guam,GUM,SH.DYN.MORT,"Mortality rate, under-5 (per 1,000 live births)",2018,,under5_mortality
Guam,GUM,SH.DYN.MORT,"Mortality rate, under-5 (per 1,000 live births)",2017,,under5_mortality
Guam,GUM,SH.DYN.MORT,"Mortality rate, under-5 (per 1,000 live births)",2016,,under5_mortality
Guam,GUM,SH.DYN.MORT,"Mortality rate, under-5 (per 1,000 live births)",2015,,under5_mortality
Guatemala,GTM,SH.DYN.MORT,"Mortality rate, under-5 (per 1,000 live births)",2019,24.3,under5_mortality
Guatemala,GTM,SH.DYN.MORT,"Mortality rate, under-5 (per 1,000 live births)",2018,25.1,under5_mortality
Guatemala,GTM,SH.DYN.MORT,"Mortality rate, under-5 (per 1,000 live births)",2017,26.1,under5_mortality
Guatemala,GTM,SH.DYN.MORT,"Mortality rate, under-5 (per 1,000 live births)",2016,27.0,under5_mortality
Guatemala,GTM,SH.DYN.MORT,"Mortality rate, under-5 (per 1,000 live births)",2015,28.1,under5_mortality
Guinea,GIN,SH.DYN.MORT,"Mortality rate, under-5 (per 1,000 live births)",2019,105.4,under5_mortality
Guinea,GIN,SH.DYN.MORT,"Mortality rate, under-5 (per 1,000 live births)",2018,107.5,under5_mortality
Guinea,GIN,SH.DYN.MORT,"Mortality rate, under-5 (per 1,000 live births)",2017,109.5,under5_mortality
Guinea,GIN,SH.DYN.MORT,"Mortality rate, under-5 (per 1,000 live births)",2016,111.4,under5_mortality
Guinea,GIN,SH.DYN.MORT,"Mortality rate, under-5 (per 1,000 live births)",2015,113.7,under5_mortality
Guinea-Bissau,GNB,SH.DYN.MORT,"Mortality rate, under-5 (per 1,000 live births)",2019,79.5,under5_mortality
Guinea-Bissau,GNB,SH.DYN.MORT,"Mortality rate, under-5 (per 1,000 live births)",2018,82.2,under5_mortality
Guinea-Bissau,GNB,SH.DYN.MORT,"Mortality rate, under-5 (per 1,000 live births)",2017,85.1,under5_mortality
Guinea-Bissau,GNB,SH.DYN.MORT,"Mortality rate, under-5 (per 1,000 live births)",2016,88.2,under5_mortality
Guinea-Bissau,GNB,SH.DYN.MORT,"Mortality rate, under-5 (per 1,000 live births)",2015,91.6,under5_mortality
Guyana,GUY,SH.DYN.MORT,"Mortality rate, under-5 (per 1,000 live births)",2019,29.6,under5_mortality
Guyana,GUY,SH.DYN.MORT,"Mortality rate, under-5 (per 1,000 live births)",2018,30.5,under5_mortality
Guyana,GUY,SH.DYN.MORT,"Mortality rate, under-5 (per 1,000 live births)",2017,31.4,under5_mortality
Guyana,GUY,SH.DYN.MORT,"Mortality rate, under-5 (per 1,000 live births)",2016,32.4,under5_mortality
Guyana,GUY,SH.DYN.MORT,"Mortality rate, under-5 (per 1,000 live births)",2015,33.3,under5_mortality
Haiti,HTI,SH.DYN.MORT,"Mortality rate, under-5 (per 1,000 live births)",2019,61.5,under5_mortality
Haiti,HTI,SH.DYN.MORT,"Mortality rate, under-5 (per 1,000 live births)",2018,63.4,under5_mortality
Haiti,HTI,SH.DYN.MORT,"Mortality rate, under-5 (per 1,000 live births)",2017,65.3,under5_mortality
Haiti,HTI,SH.DYN.MORT,"Mortality rate, under-5 (per 1,000 live births)",2016,67.2,under5_mortality
Haiti,HTI,SH.DYN.MORT,"Mortality rate, under-5 (per 1,000 live births)",2015,69.1,under5_mortality
Honduras,HND,SH.DYN.MORT,"Mortality rate, under-5 (per 1,000 live births)",2019,17.7,under5_mortality
Honduras,HND,SH.DYN.MORT,"Mortality rate, under-5 (per 1,000 live births)",2018,18.2,under5_mortality
Honduras,HND,SH.DYN.MORT,"Mortality rate, under-5 (per 1,000 live births)",2017,18.9,under5_mortality
Honduras,HND,SH.DYN.MORT,"Mortality rate, under-5 (per 1,000 live births)",2016,19.6,under5_mortality
Honduras,HND,SH.DYN.MORT,"Mortality rate, under-5 (per 1,000 live births)",2015,20.3,under5_mortality
"Hong Kong SAR, China",HKG,SH.DYN.MORT,"Mortality rate, under-5 (per 1,000 live births)",2019,,under5_mortality
"Hong Kong SAR, China",HKG,SH.DYN.MORT,"Mortality rate, under-5 (per 1,000 live births)",2018,,under5_mortality
"Hong Kong SAR, China",HKG,SH.DYN.MORT,"Mortality rate, under-5 (per 1,000 live births)",2017,,under5_mortality
"Hong Kong SAR, China",HKG,SH.DYN.MORT,"Mortality rate, under-5 (per 1,000 live births)",2016,,under5_mortality
"Hong Kong SAR, China",HKG,SH.DYN.MORT,"Mortality rate, under-5 (per 1,000 live births)",2015,,under5_mortality
Hungary,HUN,SH.DYN.MORT,"Mortality rate, under-5 (per 1,000 live births)",2019,4.1,under5_mortality
Hungary,HUN,SH.DYN.MORT,"Mortality rate, under-5 (per 1,000 live births)",2018,4.3,under5_mortality
Hungary,HUN,SH.DYN.MORT,"Mortality rate, under-5 (per 1,000 live births)",2017,4.5,under5_mortality
Hungary,HUN,SH.DYN.MORT,"Mortality rate, under-5 (per 1,000 live births)",2016,4.7,under5_mortality
Hungary,HUN,SH.DYN.MORT,"Mortality rate, under-5 (per 1,000 live births)",2015,5.1,under5_mortality
Iceland,ISL,SH.DYN.MORT,"Mortality rate, under-5 (per 1,000 live births)",2019,2.8,under5_mortality
Iceland,ISL,SH.DYN.MORT,"Mortality rate, under-5 (per 1,000 live births)",2018,2.7,under5_mortality
Iceland,ISL,SH.DYN.MORT,"Mortality rate, under-5 (per 1,000 live births)",2017,2.7,under5_mortality
Iceland,ISL,SH.DYN.MORT,"Mortality rate, under-5 (per 1,000 live births)",2016,2.6,under5_mortality
Iceland,ISL,SH.DYN.MORT,"Mortality rate, under-5 (per 1,000 live births)",2015,2.6,under5_mortality
India,IND,SH.DYN.MORT,"Mortality rate, under-5 (per 1,000 live births)",2019,34.9,under5_mortality
India,IND,SH.DYN.MORT,"Mortality rate, under-5 (per 1,000 live births)",2018,36.9,under5_mortality
India,IND,SH.DYN.MORT,"Mortality rate, under-5 (per 1,000 live births)",2017,39.0,under5_mortality
India,IND,SH.DYN.MORT,"Mortality rate, under-5 (per 1,000 live births)",2016,41.3,under5_mortality
India,IND,SH.DYN.MORT,"Mortality rate, under-5 (per 1,000 live births)",2015,43.7,under5_mortality
Indonesia,IDN,SH.DYN.MORT,"Mortality rate, under-5 (per 1,000 live births)",2019,21.8,under5_mortality
Indonesia,IDN,SH.DYN.MORT,"Mortality rate, under-5 (per 1,000 live births)",2018,22.8,under5_mortality
Indonesia,IDN,SH.DYN.MORT,"Mortality rate, under-5 (per 1,000 live births)",2017,23.8,under5_mortality
Indonesia,IDN,SH.DYN.MORT,"Mortality rate, under-5 (per 1,000 live births)",2016,25.0,under5_mortality
Indonesia,IDN,SH.DYN.MORT,"Mortality rate, under-5 (per 1,000 live births)",2015,26.1,under5_mortality
"Iran, Islamic Rep.",IRN,SH.DYN.MORT,"Mortality rate, under-5 (per 1,000 live births)",2019,13.4,under5_mortality
"Iran, Islamic Rep.",IRN,SH.DYN.MORT,"Mortality rate, under-5 (per 1,000 live births)",2018,13.9,under5_mortality
"Iran, Islamic Rep.",IRN,SH.DYN.MORT,"Mortality rate, under-5 (per 1,000 live births)",2017,14.4,under5_mortality
"Iran, Islamic Rep.",IRN,SH.DYN.MORT,"Mortality rate, under-5 (per 1,000 live births)",2016,14.9,under5_mortality
"Iran, Islamic Rep.",IRN,SH.DYN.MORT,"Mortality rate, under-5 (per 1,000 live births)",2015,15.5,under5_mortality
Iraq,IRQ,SH.DYN.MORT,"Mortality rate, under-5 (per 1,000 live births)",2019,25.7,under5_mortality
Iraq,IRQ,SH.DYN.MORT,"Mortality rate, under-5 (per 1,000 live births)",2018,26.5,under5_mortality
Iraq,IRQ,SH.DYN.MORT,"Mortality rate, under-5 (per 1,000 live births)",2017,27.5,under5_mortality
Iraq,IRQ,SH.DYN.MORT,"Mortality rate, under-5 (per 1,000 live births)",2016,28.4,under5_mortality
Iraq,IRQ,SH.DYN.MORT,"Mortality rate, under-5 (per 1,000 live births)",2015,29.3,under5_mortality
Ireland,IRL,SH.DYN.MORT,"Mortality rate, under-5 (per 1,000 live births)",2019,3.4,under5_mortality
Ireland,IRL,SH.DYN.MORT,"Mortality rate, under-5 (per 1,000 live births)",2018,3.4,under5_mortality
Ireland,IRL,SH.DYN.MORT,"Mortality rate, under-5 (per 1,000 live births)",2017,3.5,under5_mortality
Ireland,IRL,SH.DYN.MORT,"Mortality rate, under-5 (per 1,000 live births)",2016,3.6,under5_mortality
Ireland,IRL,SH.DYN.MORT,"Mortality rate, under-5 (per 1,000 live births)",2015,3.7,under5_mortality
Isle of Man,IMN,SH.DYN.MORT,"Mortality rate, under-5 (per 1,000 live births)",2019,,under5_mortality
Isle of Man,IMN,SH.DYN.MORT,"Mortality rate, under-5 (per 1,000 live births)",2018,,under5_mortality
Isle of Man,IMN,SH.DYN.MORT,"Mortality rate, under-5 (per 1,000 live births)",2017,,under5_mortality
Isle of Man,IMN,SH.DYN.MORT,"Mortality rate, under-5 (per 1,000 live births)",2016,,under5_mortality
Isle of Man,IMN,SH.DYN.MORT,"Mortality rate, under-5 (per 1,000 live births)",2015,,under5_mortality
Israel,ISR,SH.DYN.MORT,"Mortality rate, under-5 (per 1,000 live births)",2019,3.6,under5_mortality
Israel,ISR,SH.DYN.MORT,"Mortality rate, under-5 (per 1,000 live births)",2018,3.7,under5_mortality
Israel,ISR,SH.DYN.MORT,"Mortality rate, under-5 (per 1,000 live births)",2017,3.7,under5_mortality
Israel,ISR,SH.DYN.MORT,"Mortality rate, under-5 (per 1,000 live births)",2016,3.8,under5_mortality
Israel,ISR,SH.DYN.MORT,"Mortality rate, under-5 (per 1,000 live births)",2015,3.9,under5_mortality
Italy,ITA,SH.DYN.MORT,"Mortality rate, under-5 (per 1,000 live births)",2019,3.1,under5_mortality
Italy,ITA,SH.DYN.MORT,"Mortality rate, under-5 (per 1,000 live births)",2018,3.2,under5_mortality
Italy,ITA,SH.DYN.MORT,"Mortality rate, under-5 (per 1,000 live births)",2017,3.3,under5_mortality
Italy,ITA,SH.DYN.MORT,"Mortality rate, under-5 (per 1,000 live births)",2016,3.4,under5_mortality
Italy,ITA,SH.DYN.MORT,"Mortality rate, under-5 (per 1,000 live births)",2015,3.5,under5_mortality
Jamaica,JAM,SH.DYN.MORT,"Mortality rate, under-5 (per 1,000 live births)",2019,18.8,under5_mortality
Jamaica,JAM,SH.DYN.MORT,"Mortality rate, under-5 (per 1,000 live births)",2018,18.7,under5_mortality
Jamaica,JAM,SH.DYN.MORT,"Mortality rate, under-5 (per 1,000 live births)",2017,18.7,under5_mortality
Jamaica,JAM,SH.DYN.MORT,"Mortality rate, under-5 (per 1,000 live births)",2016,18.7,under5_mortality
Jamaica,JAM,SH.DYN.MORT,"Mortality rate, under-5 (per 1,000 live births)",2015,18.7,under5_mortality
Japan,JPN,SH.DYN.MORT,"Mortality rate, under-5 (per 1,000 live births)",2019,2.5,under5_mortality
Japan,JPN,SH.DYN.MORT,"Mortality rate, under-5 (per 1,000 live births)",2018,2.5,under5_mortality
Japan,JPN,SH.DYN.MORT,"Mortality rate, under-5 (per 1,000 live births)",2017,2.6,under5_mortality
Japan,JPN,SH.DYN.MORT,"Mortality rate, under-5 (per 1,000 live births)",2016,2.7,under5_mortality
Japan,JPN,SH.DYN.MORT,"Mortality rate, under-5 (per 1,000 live births)",2015,2.8,under5_mortality
Jordan,JOR,SH.DYN.MORT,"Mortality rate, under-5 (per 1,000 live births)",2019,14.9,under5_mortality
Jordan,JOR,SH.DYN.MORT,"Mortality rate, under-5 (per 1,000 live births)",2018,15.3,under5_mortality
Jordan,JOR,SH.DYN.MORT,"Mortality rate, under-5 (per 1,000 live births)",2017,15.7,under5_mortality
Jordan,JOR,SH.DYN.MORT,"Mortality rate, under-5 (per 1,000 live births)",2016,16.1,under5_mortality
Jordan,JOR,SH.DYN.MORT,"Mortality rate, under-5 (per 1,000 live births)",2015,16.5,under5_mortality
Kazakhstan,KAZ,SH.DYN.MORT,"Mortality rate, under-5 (per 1,000 live births)",2019,10.2,under5_mortality
Kazakhstan,KAZ,SH.DYN.MORT,"Mortality rate, under-5 (per 1,000 live births)",2018,10.3,under5_mortality
Kazakhstan,KAZ,SH.DYN.MORT,"Mortality rate, under-5 (per 1,000 live births)",2017,10.5,under5_mortality
Kazakhstan,KAZ,SH.DYN.MORT,"Mortality rate, under-5 (per 1,000 live births)",2016,11.0,under5_mortality
Kazakhstan,KAZ,SH.DYN.MORT,"Mortality rate, under-5 (per 1,000 live births)",2015,11.9,under5_mortality
Kenya,KEN,SH.DYN.MORT,"Mortality rate, under-5 (per 1,000 live births)",2019,42.7,under5_mortality
Kenya,KEN,SH.DYN.MORT,"Mortality rate, under-5 (per 1,000 live births)",2018,43.7,under5_mortality
Kenya,KEN,SH.DYN.MORT,"Mortality rate, under-5 (per 1,000 live births)",2017,44.7,under5_mortality
Kenya,KEN,SH.DYN.MORT,"Mortality rate, under-5 (per 1,000 live births)",2016,45.5,under5_mortality
Kenya,KEN,SH.DYN.MORT,"Mortality rate, under-5 (per 1,000 live births)",2015,46.8,under5_mortality
Kiribati,KIR,SH.DYN.MORT,"Mortality rate, under-5 (per 1,000 live births)",2019,59.1,under5_mortality
Kiribati,KIR,SH.DYN.MORT,"Mortality rate, under-5 (per 1,000 live births)",2018,59.6,under5_mortality
Kiribati,KIR,SH.DYN.MORT,"Mortality rate, under-5 (per 1,000 live births)",2017,59.6,under5_mortality
Kiribati,KIR,SH.DYN.MORT,"Mortality rate, under-5 (per 1,000 live births)",2016,59.1,under5_mortality
Kiribati,KIR,SH.DYN.MORT,"Mortality rate, under-5 (per 1,000 live births)",2015,58.6,under5_mortality
"Korea, Dem. People's Rep.",PRK,SH.DYN.MORT,"Mortality rate, under-5 (per 1,000 live births)",2019,17.7,under5_mortality
"Korea, Dem. People's Rep.",PRK,SH.DYN.MORT,"Mortality rate, under-5 (per 1,000 live births)",2018,18.4,under5_mortality
"Korea, Dem. People's Rep.",PRK,SH.DYN.MORT,"Mortality rate, under-5 (per 1,000 live births)",2017,19.1,under5_mortality
"Korea, Dem. People's Rep.",PRK,SH.DYN.MORT,"Mortality rate, under-5 (per 1,000 live births)",2016,20.6,under5_mortality
"Korea, Dem. People's Rep.",PRK,SH.DYN.MORT,"Mortality rate, under-5 (per 1,000 live births)",2015,21.4,under5_mortality
"Korea, Rep.",KOR,SH.DYN.MORT,"Mortality rate, under-5 (per 1,000 live births)",2019,3.1,under5_mortality
"Korea, Rep.",KOR,SH.DYN.MORT,"Mortality rate, under-5 (per 1,000 live births)",2018,3.2,under5_mortality
"Korea, Rep.",KOR,SH.DYN.MORT,"Mortality rate, under-5 (per 1,000 live births)",2017,3.3,under5_mortality
"Korea, Rep.",KOR,SH.DYN.MORT,"Mortality rate, under-5 (per 1,000 live births)",2016,3.4,under5_mortality
"Korea, Rep.",KOR,SH.DYN.MORT,"Mortality rate, under-5 (per 1,000 live births)",2015,3.5,under5_mortality
Kosovo,XKX,SH.DYN.MORT,"Mortality rate, under-5 (per 1,000 live births)",2019,11.2,under5_mortality
Kosovo,XKX,SH.DYN.MORT,"Mortality rate, under-5 (per 1,000 live births)",2018,11.9,under5_mortality
Kosovo,XKX,SH.DYN.MORT,"Mortality rate, under-5 (per 1,000 live births)",2017,12.6,under5_mortality
Kosovo,XKX,SH.DYN.MORT,"Mortality rate, under-5 (per 1,000 live births)",2016,13.4,under5_mortality
Kosovo,XKX,SH.DYN.MORT,"Mortality rate, under-5 (per 1,000 live births)",2015,14.3,under5_mortality
Kuwait,KWT,SH.DYN.MORT,"Mortality rate, under-5 (per 1,000 live births)",2019,8.9,under5_mortality
Kuwait,KWT,SH.DYN.MORT,"Mortality rate, under-5 (per 1,000 live births)",2018,8.9,under5_mortality
Kuwait,KWT,SH.DYN.MORT,"Mortality rate, under-5 (per 1,000 live births)",2017,8.9,under5_mortality
Kuwait,KWT,SH.DYN.MORT,"Mortality rate, under-5 (per 1,000 live births)",2016,9.0,under5_mortality
Kuwait,KWT,SH.DYN.MORT,"Mortality rate, under-5 (per 1,000 live births)",2015,9.1,under5_mortality
Kyrgyz Republic,KGZ,SH.DYN.MORT,"Mortality rate, under-5 (per 1,000 live births)",2019,18.3,under5_mortality
Kyrgyz Republic,KGZ,SH.DYN.MORT,"Mortality rate, under-5 (per 1,000 live births)",2018,19.0,under5_mortality
Kyrgyz Republic,KGZ,SH.DYN.MORT,"Mortality rate, under-5 (per 1,000 live births)",2017,20.0,under5_mortality
Kyrgyz Republic,KGZ,SH.DYN.MORT,"Mortality rate, under-5 (per 1,000 live births)",2016,21.1,under5_mortality
Kyrgyz Republic,KGZ,SH.DYN.MORT,"Mortality rate, under-5 (per 1,000 live births)",2015,22.3,under5_mortality
Lao PDR,LAO,SH.DYN.MORT,"Mortality rate, under-5 (per 1,000 live births)",2019,36.5,under5_mortality
Lao PDR,LAO,SH.DYN.MORT,"Mortality rate, under-5 (per 1,000 live births)",2018,38.3,under5_mortality
Lao PDR,LAO,SH.DYN.MORT,"Mortality rate, under-5 (per 1,000 live births)",2017,40.2,under5_mortality
Lao PDR,LAO,SH.DYN.MORT,"Mortality rate, under-5 (per 1,000 live births)",2016,42.2,under5_mortality
Lao PDR,LAO,SH.DYN.MORT,"Mortality rate, under-5 (per 1,000 live births)",2015,44.4,under5_mortality
Latvia,LVA,SH.DYN.MORT,"Mortality rate, under-5 (per 1,000 live births)",2019,3.9,under5_mortality
Latvia,LVA,SH.DYN.MORT,"Mortality rate, under-5 (per 1,000 live births)",2018,4.2,under5_mortality
Latvia,LVA,SH.DYN.MORT,"Mortality rate, under-5 (per 1,000 live births)",2017,4.5,under5_mortality
Latvia,LVA,SH.DYN.MORT,"Mortality rate, under-5 (per 1,000 live births)",2016,4.8,under5_mortality
Latvia,LVA,SH.DYN.MORT,"Mortality rate, under-5 (per 1,000 live births)",2015,5.1,under5_mortality
Lebanon,LBN,SH.DYN.MORT,"Mortality rate, under-5 (per 1,000 live births)",2019,14.5,under5_mortality
Lebanon,LBN,SH.DYN.MORT,"Mortality rate, under-5 (per 1,000 live births)",2018,14.0,under5_mortality
Lebanon,LBN,SH.DYN.MORT,"Mortality rate, under-5 (per 1,000 live births)",2017,13.5,under5_mortality
Lebanon,LBN,SH.DYN.MORT,"Mortality rate, under-5 (per 1,000 live births)",2016,13.2,under5_mortality
Lebanon,LBN,SH.DYN.MORT,"Mortality rate, under-5 (per 1,000 live births)",2015,12.9,under5_mortality
Lesotho,LSO,SH.DYN.MORT,"Mortality rate, under-5 (per 1,000 live births)",2019,68.1,under5_mortality
Lesotho,LSO,SH.DYN.MORT,"Mortality rate, under-5 (per 1,000 live births)",2018,68.8,under5_mortality
Lesotho,LSO,SH.DYN.MORT,"Mortality rate, under-5 (per 1,000 live births)",2017,70.1,under5_mortality
Lesotho,LSO,SH.DYN.MORT,"Mortality rate, under-5 (per 1,000 live births)",2016,71.4,under5_mortality
Lesotho,LSO,SH.DYN.MORT,"Mortality rate, under-5 (per 1,000 live births)",2015,75.1,under5_mortality
Liberia,LBR,SH.DYN.MORT,"Mortality rate, under-5 (per 1,000 live births)",2019,88.7,under5_mortality
Liberia,LBR,SH.DYN.MORT,"Mortality rate, under-5 (per 1,000 live births)",2018,89.4,under5_mortality
Liberia,LBR,SH.DYN.MORT,"Mortality rate, under-5 (per 1,000 live births)",2017,90.3,under5_mortality
Liberia,LBR,SH.DYN.MORT,"Mortality rate, under-5 (per 1,000 live births)",2016,91.5,under5_mortality
Liberia,LBR,SH.DYN.MORT,"Mortality rate, under-5 (per 1,000 live births)",2015,93.2,under5_mortality
Libya,LBY,SH.DYN.MORT,"Mortality rate, under-5 (per 1,000 live births)",2019,11.6,under5_mortality
Libya,LBY,SH.DYN.MORT,"Mortality rate, under-5 (per 1,000 live births)",2018,11.9,under5_mortality
Libya,LBY,SH.DYN.MORT,"Mortality rate, under-5 (per 1,000 live births)",2017,12.4,under5_mortality
Libya,LBY,SH.DYN.MORT,"Mortality rate, under-5 (per 1,000 live births)",2016,12.8,under5_mortality
Libya,LBY,SH.DYN.MORT,"Mortality rate, under-5 (per 1,000 live births)",2015,13.3,under5_mortality
Liechtenstein,LIE,SH.DYN.MORT,"Mortality rate, under-5 (per 1,000 live births)",2019,,under5_mortality
Liechtenstein,LIE,SH.DYN.MORT,"Mortality rate, under-5 (per 1,000 live births)",2018,,under5_mortality
Liechtenstein,LIE,SH.DYN.MORT,"Mortality rate, under-5 (per 1,000 live births)",2017,,under5_mortality
Liechtenstein,LIE,SH.DYN.MORT,"Mortality rate, under-5 (per 1,000 live births)",2016,,under5_mortality
Liechtenstein,LIE,SH.DYN.MORT,"Mortality rate, under-5 (per 1,000 live births)",2015,,under5_mortality
Lithuania,LTU,SH.DYN.MORT,"Mortality rate, under-5 (per 1,000 live births)",2019,3.9,under5_mortality
Lithuania,LTU,SH.DYN.MORT,"Mortality rate, under-5 (per 1,000 live births)",2018,4.2,under5_mortality
Lithuania,LTU,SH.DYN.MORT,"Mortality rate, under-5 (per 1,000 live births)",2017,4.5,under5_mortality
Lithuania,LTU,SH.DYN.MORT,"Mortality rate, under-5 (per 1,000 live births)",2016,4.8,under5_mortality
Lithuania,LTU,SH.DYN.MORT,"Mortality rate, under-5 (per 1,000 live births)",2015,5.0,under5_mortality
Luxembourg,LUX,SH.DYN.MORT,"Mortality rate, under-5 (per 1,000 live births)",2019,2.4,under5_mortality
Luxembourg,LUX,SH.DYN.MORT,"Mortality rate, under-5 (per 1,000 live births)",2018,2.4,under5_mortality
Luxembourg,LUX,SH.DYN.MORT,"Mortality rate, under-5 (per 1,000 live births)",2017,2.5,under5_mortality
Luxembourg,LUX,SH.DYN.MORT,"Mortality rate, under-5 (per 1,000 live births)",2016,2.5,under5_mortality
Luxembourg,LUX,SH.DYN.MORT,"Mortality rate, under-5 (per 1,000 live births)",2015,2.5,under5_mortality
"Macao SAR, China",MAC,SH.DYN.MORT,"Mortality rate, under-5 (per 1,000 live births)",2019,,under5_mortality
"Macao SAR, China",MAC,SH.DYN.MORT,"Mortality rate, under-5 (per 1,000 live births)",2018,,under5_mortality
"Macao SAR, China",MAC,SH.DYN.MORT,"Mortality rate, under-5 (per 1,000 live births)",2017,,under5_mortality
"Macao SAR, China",MAC,SH.DYN.MORT,"Mortality rate, under-5 (per 1,000 live births)",2016,,under5_mortality
"Macao SAR, China",MAC,SH.DYN.MORT,"Mortality rate, under-5 (per 1,000 live births)",2015,,under5_mortality
Madagascar,MDG,SH.DYN.MORT,"Mortality rate, under-5 (per 1,000 live births)",2019,65.0,under5_mortality
Madagascar,MDG,SH.DYN.MORT,"Mortality rate, under-5 (per 1,000 live births)",2018,64.9,under5_mortality
Madagascar,MDG,SH.DYN.MORT,"Mortality rate, under-5 (per 1,000 live births)",2017,64.9,under5_mortality
Madagascar,MDG,SH.DYN.MORT,"Mortality rate, under-5 (per 1,000 live births)",2016,64.9,under5_mortality
Madagascar,MDG,SH.DYN.MORT,"Mortality rate, under-5 (per 1,000 live births)",2015,65.3,under5_mortality
Malawi,MWI,SH.DYN.MORT,"Mortality rate, under-5 (per 1,000 live births)",2019,51.3,under5_mortality
Malawi,MWI,SH.DYN.MORT,"Mortality rate, under-5 (per 1,000 live births)",2018,52.0,under5_mortality
Malawi,MWI,SH.DYN.MORT,"Mortality rate, under-5 (per 1,000 live births)",2017,53.8,under5_mortality
Malawi,MWI,SH.DYN.MORT,"Mortality rate, under-5 (per 1,000 live births)",2016,55.8,under5_mortality
Malawi,MWI,SH.DYN.MORT,"Mortality rate, under-5 (per 1,000 live births)",2015,57.4,under5_mortality
Malaysia,MYS,SH.DYN.MORT,"Mortality rate, under-5 (per 1,000 live births)",2019,8.2,under5_mortality
Malaysia,MYS,SH.DYN.MORT,"Mortality rate, under-5 (per 1,000 live births)",2018,8.2,under5_mortality
Malaysia,MYS,SH.DYN.MORT,"Mortality rate, under-5 (per 1,000 live births)",2017,8.2,under5_mortality
Malaysia,MYS,SH.DYN.MORT,"Mortality rate, under-5 (per 1,000 live births)",2016,8.2,under5_mortality
Malaysia,MYS,SH.DYN.MORT,"Mortality rate, under-5 (per 1,000 live births)",2015,8.2,under5_mortality
Maldives,MDV,SH.DYN.MORT,"Mortality rate, under-5 (per 1,000 live births)",2019,7.4,under5_mortality
Maldives,MDV,SH.DYN.MORT,"Mortality rate, under-5 (per 1,000 live births)",2018,8.0,under5_mortality
Maldives,MDV,SH.DYN.MORT,"Mortality rate, under-5 (per 1,000 live births)",2017,8.6,under5_mortality
Maldives,MDV,SH.DYN.MORT,"Mortality rate, under-5 (per 1,000 live births)",2016,9.2,under5_mortality
Maldives,MDV,SH.DYN.MORT,"Mortality rate, under-5 (per 1,000 live births)",2015,9.9,under5_mortality
Mali,MLI,SH.DYN.MORT,"Mortality rate, under-5 (per 1,000 live births)",2019,91.9,under5_mortality
Mali,MLI,SH.DYN.MORT,"Mortality rate, under-5 (per 1,000 live births)",2018,96.2,under5_mortality
Mali,MLI,SH.DYN.MORT,"Mortality rate, under-5 (per 1,000 live births)",2017,100.6,under5_mortality
Mali,MLI,SH.DYN.MORT,"Mortality rate, under-5 (per 1,000 live births)",2016,105.1,under5_mortality
Mali,MLI,SH.DYN.MORT,"Mortality rate, under-5 (per 1,000 live births)",2015,109.7,under5_mortality
Malta,MLT,SH.DYN.MORT,"Mortality rate, under-5 (per 1,000 live births)",2019,6.1,under5_mortality
Malta,MLT,SH.DYN.MORT,"Mortality rate, under-5 (per 1,000 live births)",2018,6.3,under5_mortality
Malta,MLT,SH.DYN.MORT,"Mortality rate, under-5 (per 1,000 live births)",2017,6.4,under5_mortality
Malta,MLT,SH.DYN.MORT,"Mortality rate, under-5 (per 1,000 live births)",2016,6.5,under5_mortality
Malta,MLT,SH.DYN.MORT,"Mortality rate, under-5 (per 1,000 live births)",2015,6.6,under5_mortality
Marshall Islands,MHL,SH.DYN.MORT,"Mortality rate, under-5 (per 1,000 live births)",2019,31.2,under5_mortality
Marshall Islands,MHL,SH.DYN.MORT,"Mortality rate, under-5 (per 1,000 live births)",2018,32.2,under5_mortality
Marshall Islands,MHL,SH.DYN.MORT,"Mortality rate, under-5 (per 1,000 live births)",2017,33.2,under5_mortality
Marshall Islands,MHL,SH.DYN.MORT,"Mortality rate, under-5 (per 1,000 live births)",2016,34.2,under5_mortality
Marshall Islands,MHL,SH.DYN.MORT,"Mortality rate, under-5 (per 1,000 live births)",2015,35.2,under5_mortality
Mauritania,MRT,SH.DYN.MORT,"Mortality rate, under-5 (per 1,000 live births)",2019,43.4,under5_mortality
Mauritania,MRT,SH.DYN.MORT,"Mortality rate, under-5 (per 1,000 live births)",2018,44.7,under5_mortality
Mauritania,MRT,SH.DYN.MORT,"Mortality rate, under-5 (per 1,000 live births)",2017,46.2,under5_mortality
Mauritania,MRT,SH.DYN.MORT,"Mortality rate, under-5 (per 1,000 live births)",2016,47.7,under5_mortality
Mauritania,MRT,SH.DYN.MORT,"Mortality rate, under-5 (per 1,000 live births)",2015,49.1,under5_mortality
Mauritius,MUS,SH.DYN.MORT,"Mortality rate, under-5 (per 1,000 live births)",2019,15.7,under5_mortality
Mauritius,MUS,SH.DYN.MORT,"Mortality rate, under-5 (per 1,000 live births)",2018,15.4,under5_mortality
Mauritius,MUS,SH.DYN.MORT,"Mortality rate, under-5 (per 1,000 live births)",2017,15.0,under5_mortality
Mauritius,MUS,SH.DYN.MORT,"Mortality rate, under-5 (per 1,000 live births)",2016,14.6,under5_mortality
Mauritius,MUS,SH.DYN.MORT,"Mortality rate, under-5 (per 1,000 live births)",2015,14.5,under5_mortality
Mexico,MEX,SH.DYN.MORT,"Mortality rate, under-5 (per 1,000 live births)",2019,15.0,under5_mortality
Mexico,MEX,SH.DYN.MORT,"Mortality rate, under-5 (per 1,000 live births)",2018,15.4,under5_mortality
Mexico,MEX,SH.DYN.MORT,"Mortality rate, under-5 (per 1,000 live births)",2017,15.8,under5_mortality
Mexico,MEX,SH.DYN.MORT,"Mortality rate, under-5 (per 1,000 live births)",2016,16.2,under5_mortality
Mexico,MEX,SH.DYN.MORT,"Mortality rate, under-5 (per 1,000 live births)",2015,16.6,under5_mortality
"Micronesia, Fed. Sts.",FSM,SH.DYN.MORT,"Mortality rate, under-5 (per 1,000 live births)",2019,26.4,under5_mortality
"Micronesia, Fed. Sts.",FSM,SH.DYN.MORT,"Mortality rate, under-5 (per 1,000 live births)",2018,27.3,under5_mortality
"Micronesia, Fed. Sts.",FSM,SH.DYN.MORT,"Mortality rate, under-5 (per 1,000 live births)",2017,28.1,under5_mortality
"Micronesia, Fed. Sts.",FSM,SH.DYN.MORT,"Mortality rate, under-5 (per 1,000 live births)",2016,28.9,under5_mortality
"Micronesia, Fed. Sts.",FSM,SH.DYN.MORT,"Mortality rate, under-5 (per 1,000 live births)",2015,29.8,under5_mortality
Moldova,MDA,SH.DYN.MORT,"Mortality rate, under-5 (per 1,000 live births)",2019,15.5,under5_mortality
Moldova,MDA,SH.DYN.MORT,"Mortality rate, under-5 (per 1,000 live births)",2018,15.4,under5_mortality
Moldova,MDA,SH.DYN.MORT,"Mortality rate, under-5 (per 1,000 live births)",2017,15.4,under5_mortality
Moldova,MDA,SH.DYN.MORT,"Mortality rate, under-5 (per 1,000 live births)",2016,15.5,under5_mortality
Moldova,MDA,SH.DYN.MORT,"Mortality rate, under-5 (per 1,000 live births)",2015,15.6,under5_mortality
Monaco,MCO,SH.DYN.MORT,"Mortality rate, under-5 (per 1,000 live births)",2019,3.1,under5_mortality
Monaco,MCO,SH.DYN.MORT,"Mortality rate, under-5 (per 1,000 live births)",2018,3.2,under5_mortality
Monaco,MCO,SH.DYN.MORT,"Mortality rate, under-5 (per 1,000 live births)",2017,3.3,under5_mortality
Monaco,MCO,SH.DYN.MORT,"Mortality rate, under-5 (per 1,000 live births)",2016,3.4,under5_mortality
Monaco,MCO,SH.DYN.MORT,"Mortality rate, under-5 (per 1,000 live births)",2015,3.5,under5_mortality
Mongolia,MNG,SH.DYN.MORT,"Mortality rate, under-5 (per 1,000 live births)",2019,15.6,under5_mortality
Mongolia,MNG,SH.DYN.MORT,"Mortality rate, under-5 (per 1,000 live births)",2018,16.4,under5_mortality
Mongolia,MNG,SH.DYN.MORT,"Mortality rate, under-5 (per 1,000 live births)",2017,17.4,under5_mortality
Mongolia,MNG,SH.DYN.MORT,"Mortality rate, under-5 (per 1,000 live births)",2016,18.4,under5_mortality
Mongolia,MNG,SH.DYN.MORT,"Mortality rate, under-5 (per 1,000 live births)",2015,19.4,under5_mortality
Montenegro,MNE,SH.DYN.MORT,"Mortality rate, under-5 (per 1,000 live births)",2019,3.1,under5_mortality
Montenegro,MNE,SH.DYN.MORT,"Mortality rate, under-5 (per 1,000 live births)",2018,3.3,under5_mortality
Montenegro,MNE,SH.DYN.MORT,"Mortality rate, under-5 (per 1,000 live births)",2017,3.6,under5_mortality
Montenegro,MNE,SH.DYN.MORT,"Mortality rate, under-5 (per 1,000 live births)",2016,3.9,under5_mortality
Montenegro,MNE,SH.DYN.MORT,"Mortality rate, under-5 (per 1,000 live births)",2015,4.2,under5_mortality
Morocco,MAR,SH.DYN.MORT,"Mortality rate, under-5 (per 1,000 live births)",2019,19.1,under5_mortality
Morocco,MAR,SH.DYN.MORT,"Mortality rate, under-5 (per 1,000 live births)",2018,19.9,under5_mortality
Morocco,MAR,SH.DYN.MORT,"Mortality rate, under-5 (per 1,000 live births)",2017,20.8,under5_mortality
Morocco,MAR,SH.DYN.MORT,"Mortality rate, under-5 (per 1,000 live births)",2016,21.9,under5_mortality
Morocco,MAR,SH.DYN.MORT,"Mortality rate, under-5 (per 1,000 live births)",2015,23.1,under5_mortality
Mozambique,MOZ,SH.DYN.MORT,"Mortality rate, under-5 (per 1,000 live births)",2019,68.6,under5_mortality
Mozambique,MOZ,SH.DYN.MORT,"Mortality rate, under-5 (per 1,000 live births)",2018,70.2,under5_mortality
Mozambique,MOZ,SH.DYN.MORT,"Mortality rate, under-5 (per 1,000 live births)",2017,72.0,under5_mortality
Mozambique,MOZ,SH.DYN.MORT,"Mortality rate, under-5 (per 1,000 live births)",2016,73.3,under5_mortality
Mozambique,MOZ,SH.DYN.MORT,"Mortality rate, under-5 (per 1,000 live births)",2015,75.8,under5_mortality
Myanmar,MMR,SH.DYN.MORT,"Mortality rate, under-5 (per 1,000 live births)",2019,43.6,under5_mortality
Myanmar,MMR,SH.DYN.MORT,"Mortality rate, under-5 (per 1,000 live births)",2018,45.2,under5_mortality
Myanmar,MMR,SH.DYN.MORT,"Mortality rate, under-5 (per 1,000 live births)",2017,46.8,under5_mortality
Myanmar,MMR,SH.DYN.MORT,"Mortality rate, under-5 (per 1,000 live births)",2016,48.7,under5_mortality
Myanmar,MMR,SH.DYN.MORT,"Mortality rate, under-5 (per 1,000 live births)",2015,50.5,under5_mortality
Namibia,NAM,SH.DYN.MORT,"Mortality rate, under-5 (per 1,000 live births)",2019,46.6,under5_mortality
Namibia,NAM,SH.DYN.MORT,"Mortality rate, under-5 (per 1,000 live births)",2018,48.5,under5_mortality
Namibia,NAM,SH.DYN.MORT,"Mortality rate, under-5 (per 1,000 live births)",2017,49.8,under5_mortality
Namibia,NAM,SH.DYN.MORT,"Mortality rate, under-5 (per 1,000 live births)",2016,51.4,under5_mortality
Namibia,NAM,SH.DYN.MORT,"Mortality rate, under-5 (per 1,000 live births)",2015,51.8,under5_mortality
Nauru,NRU,SH.DYN.MORT,"Mortality rate, under-5 (per 1,000 live births)",2019,12.0,under5_mortality
Nauru,NRU,SH.DYN.MORT,"Mortality rate, under-5 (per 1,000 live births)",2018,13.1,under5_mortality
Nauru,NRU,SH.DYN.MORT,"Mortality rate, under-5 (per 1,000 live births)",2017,14.4,under5_mortality
Nauru,NRU,SH.DYN.MORT,"Mortality rate, under-5 (per 1,000 live births)",2016,15.9,under5_mortality
Nauru,NRU,SH.DYN.MORT,"Mortality rate, under-5 (per 1,000 live births)",2015,17.5,under5_mortality
Nepal,NPL,SH.DYN.MORT,"Mortality rate, under-5 (per 1,000 live births)",2019,31.0,under5_mortality
Nepal,NPL,SH.DYN.MORT,"Mortality rate, under-5 (per 1,000 live births)",2018,32.6,under5_mortality
Nepal,NPL,SH.DYN.MORT,"Mortality rate, under-5 (per 1,000 live births)",2017,34.2,under5_mortality
Nepal,NPL,SH.DYN.MORT,"Mortality rate, under-5 (per 1,000 live births)",2016,36.0,under5_mortality
Nepal,NPL,SH.DYN.MORT,"Mortality rate, under-5 (per 1,000 live births)",2015,37.8,under5_mortality
Netherlands,NLD,SH.DYN.MORT,"Mortality rate, under-5 (per 1,000 live births)",2019,4.0,under5_mortality
Netherlands,NLD,SH.DYN.MORT,"Mortality rate, under-5 (per 1,000 live births)",2018,4.0,under5_mortality
Netherlands,NLD,SH.DYN.MORT,"Mortality rate, under-5 (per 1,000 live births)",2017,4.0,under5_mortality
Netherlands,NLD,SH.DYN.MORT,"Mortality rate, under-5 (per 1,000 live births)",2016,4.1,under5_mortality
Netherlands,NLD,SH.DYN.MORT,"Mortality rate, under-5 (per 1,000 live births)",2015,4.1,under5_mortality
New Caledonia,NCL,SH.DYN.MORT,"Mortality rate, under-5 (per 1,000 live births)",2019,,under5_mortality
New Caledonia,NCL,SH.DYN.MORT,"Mortality rate, under-5 (per 1,000 live births)",2018,,under5_mortality
New Caledonia,NCL,SH.DYN.MORT,"Mortality rate, under-5 (per 1,000 live births)",2017,,under5_mortality
New Caledonia,NCL,SH.DYN.MORT,"Mortality rate, under-5 (per 1,000 live births)",2016,,under5_mortality
New Caledonia,NCL,SH.DYN.MORT,"Mortality rate, under-5 (per 1,000 live births)",2015,,under5_mortality
New Zealand,NZL,SH.DYN.MORT,"Mortality rate, under-5 (per 1,000 live births)",2019,5.2,under5_mortality
New Zealand,NZL,SH.DYN.MORT,"Mortality rate, under-5 (per 1,000 live births)",2018,5.3,under5_mortality
New Zealand,NZL,SH.DYN.MORT,"Mortality rate, under-5 (per 1,000 live births)",2017,5.4,under5_mortality
New Zealand,NZL,SH.DYN.MORT,"Mortality rate, under-5 (per 1,000 live births)",2016,5.5,under5_mortality
New Zealand,NZL,SH.DYN.MORT,"Mortality rate, under-5 (per 1,000 live births)",2015,5.6,under5_mortality
Nicaragua,NIC,SH.DYN.MORT,"Mortality rate, under-5 (per 1,000 live births)",2019,14.3,under5_mortality
Nicaragua,NIC,SH.DYN.MORT,"Mortality rate, under-5 (per 1,000 live births)",2018,14.6,under5_mortality
Nicaragua,NIC,SH.DYN.MORT,"Mortality rate, under-5 (per 1,000 live births)",2017,15.3,under5_mortality
Nicaragua,NIC,SH.DYN.MORT,"Mortality rate, under-5 (per 1,000 live births)",2016,16.1,under5_mortality
Nicaragua,NIC,SH.DYN.MORT,"Mortality rate, under-5 (per 1,000 live births)",2015,17.2,under5_mortality
Niger,NER,SH.DYN.MORT,"Mortality rate, under-5 (per 1,000 live births)",2019,120.8,under5_mortality
Niger,NER,SH.DYN.MORT,"Mortality rate, under-5 (per 1,000 live births)",2018,121.9,under5_mortality
Niger,NER,SH.DYN.MORT,"Mortality rate, under-5 (per 1,000 live births)",2017,123.1,under5_mortality
Niger,NER,SH.DYN.MORT,"Mortality rate, under-5 (per 1,000 live births)",2016,124.3,under5_mortality
Niger,NER,SH.DYN.MORT,"Mortality rate, under-5 (per 1,000 live births)",2015,125.4,under5_mortality
Nigeria,NGA,SH.DYN.MORT,"Mortality rate, under-5 (per 1,000 live births)",2019,117.4,under5_mortality
Nigeria,NGA,SH.DYN.MORT,"Mortality rate, under-5 (per 1,000 live births)",2018,117.2,under5_mortality
Nigeria,NGA,SH.DYN.MORT,"Mortality rate, under-5 (per 1,000 live births)",2017,117.2,under5_mortality
Nigeria,NGA,SH.DYN.MORT,"Mortality rate, under-5 (per 1,000 live births)",2016,117.4,under5_mortality
Nigeria,NGA,SH.DYN.MORT,"Mortality rate, under-5 (per 1,000 live births)",2015,117.8,under5_mortality
North Macedonia,MKD,SH.DYN.MORT,"Mortality rate, under-5 (per 1,000 live births)",2019,7.1,under5_mortality
North Macedonia,MKD,SH.DYN.MORT,"Mortality rate, under-5 (per 1,000 live births)",2018,8.4,under5_mortality
North Macedonia,MKD,SH.DYN.MORT,"Mortality rate, under-5 (per 1,000 live births)",2017,9.6,under5_mortality
North Macedonia,MKD,SH.DYN.MORT,"Mortality rate, under-5 (per 1,000 live births)",2016,10.6,under5_mortality
North Macedonia,MKD,SH.DYN.MORT,"Mortality rate, under-5 (per 1,000 live births)",2015,11.1,under5_mortality
Northern Mariana Islands,MNP,SH.DYN.MORT,"Mortality rate, under-5 (per 1,000 live births)",2019,,under5_mortality
Northern Mariana Islands,MNP,SH.DYN.MORT,"Mortality rate, under-5 (per 1,000 live births)",2018,,under5_mortality
Northern Mariana Islands,MNP,SH.DYN.MORT,"Mortality rate, under-5 (per 1,000 live births)",2017,,under5_mortality
Northern Mariana Islands,MNP,SH.DYN.MORT,"Mortality rate, under-5 (per 1,000 live births)",2016,,under5_mortality
Northern Mariana Islands,MNP,SH.DYN.MORT,"Mortality rate, under-5 (per 1,000 live births)",2015,,under5_mortality
Norway,NOR,SH.DYN.MORT,"Mortality rate, under-5 (per 1,000 live births)",2019,2.4,under5_mortality
Norway,NOR,SH.DYN.MORT,"Mortality rate, under-5 (per 1,000 live births)",2018,2.5,under5_mortality
Norway,NOR,SH.DYN.MORT,"Mortality rate, under-5 (per 1,000 live births)",2017,2.5,under5_mortality
Norway,NOR,SH.DYN.MORT,"Mortality rate, under-5 (per 1,000 live births)",2016,2.6,under5_mortality
Norway,NOR,SH.DYN.MORT,"Mortality rate, under-5 (per 1,000 live births)",2015,2.7,under5_mortality
Oman,OMN,SH.DYN.MORT,"Mortality rate, under-5 (per 1,000 live births)",2019,10.8,under5_mortality
Oman,OMN,SH.DYN.MORT,"Mortality rate, under-5 (per 1,000 live births)",2018,10.9,under5_mortality
Oman,OMN,SH.DYN.MORT,"Mortality rate, under-5 (per 1,000 live births)",2017,11.0,under5_mortality
Oman,OMN,SH.DYN.MORT,"Mortality rate, under-5 (per 1,000 live births)",2016,11.0,under5_mortality
Oman,OMN,SH.DYN.MORT,"Mortality rate, under-5 (per 1,000 live births)",2015,11.1,under5_mortality
Pakistan,PAK,SH.DYN.MORT,"Mortality rate, under-5 (per 1,000 live births)",2019,65.8,under5_mortality
Pakistan,PAK,SH.DYN.MORT,"Mortality rate, under-5 (per 1,000 live births)",2018,67.9,under5_mortality
Pakistan,PAK,SH.DYN.MORT,"Mortality rate, under-5 (per 1,000 live births)",2017,70.1,under5_mortality
Pakistan,PAK,SH.DYN.MORT,"Mortality rate, under-5 (per 1,000 live births)",2016,72.4,under5_mortality
Pakistan,PAK,SH.DYN.MORT,"Mortality rate, under-5 (per 1,000 live births)",2015,74.8,under5_mortality
Palau,PLW,SH.DYN.MORT,"Mortality rate, under-5 (per 1,000 live births)",2019,23.0,under5_mortality
Palau,PLW,SH.DYN.MORT,"Mortality rate, under-5 (per 1,000 live births)",2018,22.9,under5_mortality
Palau,PLW,SH.DYN.MORT,"Mortality rate, under-5 (per 1,000 live births)",2017,22.5,under5_mortality
Palau,PLW,SH.DYN.MORT,"Mortality rate, under-5 (per 1,000 live births)",2016,21.9,under5_mortality
Palau,PLW,SH.DYN.MORT,"Mortality rate, under-5 (per 1,000 live births)",2015,21.3,under5_mortality
Panama,PAN,SH.DYN.MORT,"Mortality rate, under-5 (per 1,000 live births)",2019,15.9,under5_mortality
Panama,PAN,SH.DYN.MORT,"Mortality rate, under-5 (per 1,000 live births)",2018,16.3,under5_mortality
Panama,PAN,SH.DYN.MORT,"Mortality rate, under-5 (per 1,000 live births)",2017,16.7,under5_mortality
Panama,PAN,SH.DYN.MORT,"Mortality rate, under-5 (per 1,000 live births)",2016,17.0,under5_mortality
Panama,PAN,SH.DYN.MORT,"Mortality rate, under-5 (per 1,000 live births)",2015,17.1,under5_mortality
Papua New Guinea,PNG,SH.DYN.MORT,"Mortality rate, under-5 (per 1,000 live births)",2019,46.1,under5_mortality
Papua New Guinea,PNG,SH.DYN.MORT,"Mortality rate, under-5 (per 1,000 live births)",2018,47.5,under5_mortality
Papua New Guinea,PNG,SH.DYN.MORT,"Mortality rate, under-5 (per 1,000 live births)",2017,48.9,under5_mortality
Papua New Guinea,PNG,SH.DYN.MORT,"Mortality rate, under-5 (per 1,000 live births)",2016,50.4,under5_mortality
Papua New Guinea,PNG,SH.DYN.MORT,"Mortality rate, under-5 (per 1,000 live births)",2015,57.3,under5_mortality
Paraguay,PRY,SH.DYN.MORT,"Mortality rate, under-5 (per 1,000 live births)",2019,19.2,under5_mortality
Paraguay,PRY,SH.DYN.MORT,"Mortality rate, under-5 (per 1,000 live births)",2018,19.9,under5_mortality
Paraguay,PRY,SH.DYN.MORT,"Mortality rate, under-5 (per 1,000 live births)",2017,20.5,under5_mortality
Paraguay,PRY,SH.DYN.MORT,"Mortality rate, under-5 (per 1,000 live births)",2016,21.2,under5_mortality
Paraguay,PRY,SH.DYN.MORT,"Mortality rate, under-5 (per 1,000 live births)",2015,21.9,under5_mortality
Peru,PER,SH.DYN.MORT,"Mortality rate, under-5 (per 1,000 live births)",2019,14.9,under5_mortality
Peru,PER,SH.DYN.MORT,"Mortality rate, under-5 (per 1,000 live births)",2018,15.3,under5_mortality
Peru,PER,SH.DYN.MORT,"Mortality rate, under-5 (per 1,000 live births)",2017,15.7,under5_mortality
Peru,PER,SH.DYN.MORT,"Mortality rate, under-5 (per 1,000 live births)",2016,16.1,under5_mortality
Peru,PER,SH.DYN.MORT,"Mortality rate, under-5 (per 1,000 live births)",2015,16.6,under5_mortality
Philippines,PHL,SH.DYN.MORT,"Mortality rate, under-5 (per 1,000 live births)",2019,28.0,under5_mortality
Philippines,PHL,SH.DYN.MORT,"Mortality rate, under-5 (per 1,000 live births)",2018,27.9,under5_mortality
Philippines,PHL,SH.DYN.MORT,"Mortality rate, under-5 (per 1,000 live births)",2017,27.8,under5_mortality
Philippines,PHL,SH.DYN.MORT,"Mortality rate, under-5 (per 1,000 live births)",2016,27.8,under5_mortality
Philippines,PHL,SH.DYN.MORT,"Mortality rate, under-5 (per 1,000 live births)",2015,27.9,under5_mortality
Poland,POL,SH.DYN.MORT,"Mortality rate, under-5 (per 1,000 live births)",2019,4.5,under5_mortality
Poland,POL,SH.DYN.MORT,"Mortality rate, under-5 (per 1,000 live births)",2018,4.5,under5_mortality
Poland,POL,SH.DYN.MORT,"Mortality rate, under-5 (per 1,000 live births)",2017,4.6,under5_mortality
Poland,POL,SH.DYN.MORT,"Mortality rate, under-5 (per 1,000 live births)",2016,4.8,under5_mortality
Poland,POL,SH.DYN.MORT,"Mortality rate, under-5 (per 1,000 live births)",2015,4.9,under5_mortality
Portugal,PRT,SH.DYN.MORT,"Mortality rate, under-5 (per 1,000 live births)",2019,3.5,under5_mortality
Portugal,PRT,SH.DYN.MORT,"Mortality rate, under-5 (per 1,000 live births)",2018,3.5,under5_mortality
Portugal,PRT,SH.DYN.MORT,"Mortality rate, under-5 (per 1,000 live births)",2017,3.6,under5_mortality
Portugal,PRT,SH.DYN.MORT,"Mortality rate, under-5 (per 1,000 live births)",2016,3.6,under5_mortality
Portugal,PRT,SH.DYN.MORT,"Mortality rate, under-5 (per 1,000 live births)",2015,3.6,under5_mortality
Puerto Rico (US),PRI,SH.DYN.MORT,"Mortality rate, under-5 (per 1,000 live births)",2019,,under5_mortality
Puerto Rico (US),PRI,SH.DYN.MORT,"Mortality rate, under-5 (per 1,000 live births)",2018,,under5_mortality
Puerto Rico (US),PRI,SH.DYN.MORT,"Mortality rate, under-5 (per 1,000 live births)",2017,,under5_mortality
Puerto Rico (US),PRI,SH.DYN.MORT,"Mortality rate, under-5 (per 1,000 live births)",2016,,under5_mortality
Puerto Rico (US),PRI,SH.DYN.MORT,"Mortality rate, under-5 (per 1,000 live births)",2015,,under5_mortality
Qatar,QAT,SH.DYN.MORT,"Mortality rate, under-5 (per 1,000 live births)",2019,6.6,under5_mortality
Qatar,QAT,SH.DYN.MORT,"Mortality rate, under-5 (per 1,000 live births)",2018,6.8,under5_mortality
Qatar,QAT,SH.DYN.MORT,"Mortality rate, under-5 (per 1,000 live births)",2017,7.1,under5_mortality
Qatar,QAT,SH.DYN.MORT,"Mortality rate, under-5 (per 1,000 live births)",2016,7.5,under5_mortality
Qatar,QAT,SH.DYN.MORT,"Mortality rate, under-5 (per 1,000 live births)",2015,7.8,under5_mortality
Romania,ROU,SH.DYN.MORT,"Mortality rate, under-5 (per 1,000 live births)",2019,6.8,under5_mortality
Romania,ROU,SH.DYN.MORT,"Mortality rate, under-5 (per 1,000 live births)",2018,7.3,under5_mortality
Romania,ROU,SH.DYN.MORT,"Mortality rate, under-5 (per 1,000 live births)",2017,7.9,under5_mortality
Romania,ROU,SH.DYN.MORT,"Mortality rate, under-5 (per 1,000 live births)",2016,8.5,under5_mortality
Romania,ROU,SH.DYN.MORT,"Mortality rate, under-5 (per 1,000 live births)",2015,9.2,under5_mortality
Russian Federation,RUS,SH.DYN.MORT,"Mortality rate, under-5 (per 1,000 live births)",2019,6.0,under5_mortality
Russian Federation,RUS,SH.DYN.MORT,"Mortality rate, under-5 (per 1,000 live births)",2018,6.4,under5_mortality
Russian Federation,RUS,SH.DYN.MORT,"Mortality rate, under-5 (per 1,000 live births)",2017,6.9,under5_mortality
Russian Federation,RUS,SH.DYN.MORT,"Mortality rate, under-5 (per 1,000 live births)",2016,7.5,under5_mortality
Russian Federation,RUS,SH.DYN.MORT,"Mortality rate, under-5 (per 1,000 live births)",2015,8.2,under5_mortality
Rwanda,RWA,SH.DYN.MORT,"Mortality rate, under-5 (per 1,000 live births)",2019,42.7,under5_mortality
Rwanda,RWA,SH.DYN.MORT,"Mortality rate, under-5 (per 1,000 live births)",2018,43.7,under5_mortality
Rwanda,RWA,SH.DYN.MORT,"Mortality rate, under-5 (per 1,000 live births)",2017,44.7,under5_mortality
Rwanda,RWA,SH.DYN.MORT,"Mortality rate, under-5 (per 1,000 live births)",2016,45.8,under5_mortality
Rwanda,RWA,SH.DYN.MORT,"Mortality rate, under-5 (per 1,000 live births)",2015,47.3,under5_mortality
Samoa,WSM,SH.DYN.MORT,"Mortality rate, under-5 (per 1,000 live births)",2019,20.0,under5_mortality
Samoa,WSM,SH.DYN.MORT,"Mortality rate, under-5 (per 1,000 live births)",2018,17.5,under5_mortality
Samoa,WSM,SH.DYN.MORT,"Mortality rate, under-5 (per 1,000 live births)",2017,17.8,under5_mortality
Samoa,WSM,SH.DYN.MORT,"Mortality rate, under-5 (per 1,000 live births)",2016,18.1,under5_mortality
Samoa,WSM,SH.DYN.MORT,"Mortality rate, under-5 (per 1,000 live births)",2015,18.3,under5_mortality
San Marino,SMR,SH.DYN.MORT,"Mortality rate, under-5 (per 1,000 live births)",2019,1.5,under5_mortality
San Marino,SMR,SH.DYN.MORT,"Mortality rate, under-5 (per 1,000 live births)",2018,1.6,under5_mortality
San Marino,SMR,SH.DYN.MORT,"Mortality rate, under-5 (per 1,000 live births)",2017,1.7,under5_mortality
San Marino,SMR,SH.DYN.MORT,"Mortality rate, under-5 (per 1,000 live births)",2016,1.8,under5_mortality
San Marino,SMR,SH.DYN.MORT,"Mortality rate, under-5 (per 1,000 live births)",2015,1.9,under5_mortality
Sao Tome and Principe,STP,SH.DYN.MORT,"Mortality rate, under-5 (per 1,000 live births)",2019,17.1,under5_mortality
Sao Tome and Principe,STP,SH.DYN.MORT,"Mortality rate, under-5 (per 1,000 live births)",2018,18.2,under5_mortality
Sao Tome and Principe,STP,SH.DYN.MORT,"Mortality rate, under-5 (per 1,000 live births)",2017,19.6,under5_mortality
Sao Tome and Principe,STP,SH.DYN.MORT,"Mortality rate, under-5 (per 1,000 live births)",2016,21.3,under5_mortality
Sao Tome and Principe,STP,SH.DYN.MORT,"Mortality rate, under-5 (per 1,000 live births)",2015,23.3,under5_mortality
Saudi Arabia,SAU,SH.DYN.MORT,"Mortality rate, under-5 (per 1,000 live births)",2019,7.2,under5_mortality
Saudi Arabia,SAU,SH.DYN.MORT,"Mortality rate, under-5 (per 1,000 live births)",2018,7.6,under5_mortality
Saudi Arabia,SAU,SH.DYN.MORT,"Mortality rate, under-5 (per 1,000 live births)",2017,8.0,under5_mortality
Saudi Arabia,SAU,SH.DYN.MORT,"Mortality rate, under-5 (per 1,000 live births)",2016,8.5,under5_mortality
Saudi Arabia,SAU,SH.DYN.MORT,"Mortality rate, under-5 (per 1,000 live births)",2015,9.0,under5_mortality
Senegal,SEN,SH.DYN.MORT,"Mortality rate, under-5 (per 1,000 live births)",2019,46.2,under5_mortality
Senegal,SEN,SH.DYN.MORT,"Mortality rate, under-5 (per 1,000 live births)",2018,47.9,under5_mortality
Senegal,SEN,SH.DYN.MORT,"Mortality rate, under-5 (per 1,000 live births)",2017,49.4,under5_mortality
Senegal,SEN,SH.DYN.MORT,"Mortality rate, under-5 (per 1,000 live births)",2016,50.8,under5_mortality
Senegal,SEN,SH.DYN.MORT,"Mortality rate, under-5 (per 1,000 live births)",2015,52.2,under5_mortality
Serbia,SRB,SH.DYN.MORT,"Mortality rate, under-5 (per 1,000 live births)",2019,5.6,under5_mortality
Serbia,SRB,SH.DYN.MORT,"Mortality rate, under-5 (per 1,000 live births)",2018,5.8,under5_mortality
Serbia,SRB,SH.DYN.MORT,"Mortality rate, under-5 (per 1,000 live births)",2017,5.9,under5_mortality
Serbia,SRB,SH.DYN.MORT,"Mortality rate, under-5 (per 1,000 live births)",2016,6.1,under5_mortality
Serbia,SRB,SH.DYN.MORT,"Mortality rate, under-5 (per 1,000 live births)",2015,6.3,under5_mortality
Seychelles,SYC,SH.DYN.MORT,"Mortality rate, under-5 (per 1,000 live births)",2019,14.8,under5_mortality
Seychelles,SYC,SH.DYN.MORT,"Mortality rate, under-5 (per 1,000 live births)",2018,14.8,under5_mortality
Seychelles,SYC,SH.DYN.MORT,"Mortality rate, under-5 (per 1,000 live births)",2017,14.7,under5_mortality
Seychelles,SYC,SH.DYN.MORT,"Mortality rate, under-5 (per 1,000 live births)",2016,14.7,under5_mortality
Seychelles,SYC,SH.DYN.MORT,"Mortality rate, under-5 (per 1,000 live births)",2015,14.6,under5_mortality
Sierra Leone,SLE,SH.DYN.MORT,"Mortality rate, under-5 (per 1,000 live births)",2019,108.3,under5_mortality
Sierra Leone,SLE,SH.DYN.MORT,"Mortality rate, under-5 (per 1,000 live births)",2018,112.4,under5_mortality
Sierra Leone,SLE,SH.DYN.MORT,"Mortality rate, under-5 (per 1,000 live births)",2017,117.0,under5_mortality
Sierra Leone,SLE,SH.DYN.MORT,"Mortality rate, under-5 (per 1,000 live births)",2016,121.8,under5_mortality
Sierra Leone,SLE,SH.DYN.MORT,"Mortality rate, under-5 (per 1,000 live births)",2015,136.8,under5_mortality
Singapore,SGP,SH.DYN.MORT,"Mortality rate, under-5 (per 1,000 live births)",2019,2.5,under5_mortality
Singapore,SGP,SH.DYN.MORT,"Mortality rate, under-5 (per 1,000 live births)",2018,2.5,under5_mortality
Singapore,SGP,SH.DYN.MORT,"Mortality rate, under-5 (per 1,000 live births)",2017,2.6,under5_mortality
Singapore,SGP,SH.DYN.MORT,"Mortality rate, under-5 (per 1,000 live births)",2016,2.6,under5_mortality
Singapore,SGP,SH.DYN.MORT,"Mortality rate, under-5 (per 1,000 live births)",2015,2.7,under5_mortality
Sint Maarten (Dutch part),SXM,SH.DYN.MORT,"Mortality rate, under-5 (per 1,000 live births)",2019,,under5_mortality
Sint Maarten (Dutch part),SXM,SH.DYN.MORT,"Mortality rate, under-5 (per 1,000 live births)",2018,,under5_mortality
Sint Maarten (Dutch part),SXM,SH.DYN.MORT,"Mortality rate, under-5 (per 1,000 live births)",2017,,under5_mortality
Sint Maarten (Dutch part),SXM,SH.DYN.MORT,"Mortality rate, under-5 (per 1,000 live births)",2016,,under5_mortality
Sint Maarten (Dutch part),SXM,SH.DYN.MORT,"Mortality rate, under-5 (per 1,000 live births)",2015,,under5_mortality
Slovak Republic,SVK,SH.DYN.MORT,"Mortality rate, under-5 (per 1,000 live births)",2019,5.9,under5_mortality
Slovak Republic,SVK,SH.DYN.MORT,"Mortality rate, under-5 (per 1,000 live births)",2018,5.9,under5_mortality
Slovak Republic,SVK,SH.DYN.MORT,"Mortality rate, under-5 (per 1,000 live births)",2017,6.0,under5_mortality
Slovak Republic,SVK,SH.DYN.MORT,"Mortality rate, under-5 (per 1,000 live births)",2016,6.1,under5_mortality
Slovak Republic,SVK,SH.DYN.MORT,"Mortality rate, under-5 (per 1,000 live births)",2015,6.2,under5_mortality
Slovenia,SVN,SH.DYN.MORT,"Mortality rate, under-5 (per 1,000 live births)",2019,2.4,under5_mortality
Slovenia,SVN,SH.DYN.MORT,"Mortality rate, under-5 (per 1,000 live births)",2018,2.4,under5_mortality
Slovenia,SVN,SH.DYN.MORT,"Mortality rate, under-5 (per 1,000 live births)",2017,2.5,under5_mortality
Slovenia,SVN,SH.DYN.MORT,"Mortality rate, under-5 (per 1,000 live births)",2016,2.5,under5_mortality
Slovenia,SVN,SH.DYN.MORT,"Mortality rate, under-5 (per 1,000 live births)",2015,2.6,under5_mortality
Solomon Islands,SLB,SH.DYN.MORT,"Mortality rate, under-5 (per 1,000 live births)",2019,23.1,under5_mortality
Solomon Islands,SLB,SH.DYN.MORT,"Mortality rate, under-5 (per 1,000 live births)",2018,23.6,under5_mortality
Solomon Islands,SLB,SH.DYN.MORT,"Mortality rate, under-5 (per 1,000 live births)",2017,24.1,under5_mortality
Solomon Islands,SLB,SH.DYN.MORT,"Mortality rate, under-5 (per 1,000 live births)",2016,24.6,under5_mortality
Solomon Islands,SLB,SH.DYN.MORT,"Mortality rate, under-5 (per 1,000 live births)",2015,25.0,under5_mortality
"Somalia, Fed. Rep.",SOM,SH.DYN.MORT,"Mortality rate, under-5 (per 1,000 live births)",2019,118.4,under5_mortality
"Somalia, Fed. Rep.",SOM,SH.DYN.MORT,"Mortality rate, under-5 (per 1,000 live births)",2018,136.4,under5_mortality
"Somalia, Fed. Rep.",SOM,SH.DYN.MORT,"Mortality rate, under-5 (per 1,000 live births)",2017,156.4,under5_mortality
"Somalia, Fed. Rep.",SOM,SH.DYN.MORT,"Mortality rate, under-5 (per 1,000 live births)",2016,130.2,under5_mortality
"Somalia, Fed. Rep.",SOM,SH.DYN.MORT,"Mortality rate, under-5 (per 1,000 live births)",2015,134.3,under5_mortality
South Africa,ZAF,SH.DYN.MORT,"Mortality rate, under-5 (per 1,000 live births)",2019,34.3,under5_mortality
South Africa,ZAF,SH.DYN.MORT,"Mortality rate, under-5 (per 1,000 live births)",2018,34.9,under5_mortality
South Africa,ZAF,SH.DYN.MORT,"Mortality rate, under-5 (per 1,000 live births)",2017,35.7,under5_mortality
South Africa,ZAF,SH.DYN.MORT,"Mortality rate, under-5 (per 1,000 live births)",2016,36.8,under5_mortality
South Africa,ZAF,SH.DYN.MORT,"Mortality rate, under-5 (per 1,000 live births)",2015,38.2,under5_mortality
South Sudan,SSD,SH.DYN.MORT,"Mortality rate, under-5 (per 1,000 live births)",2019,96.7,under5_mortality
South Sudan,SSD,SH.DYN.MORT,"Mortality rate, under-5 (per 1,000 live births)",2018,133.7,under5_mortality
South Sudan,SSD,SH.DYN.MORT,"Mortality rate, under-5 (per 1,000 live births)",2017,292.0,under5_mortality
South Sudan,SSD,SH.DYN.MORT,"Mortality rate, under-5 (per 1,000 live births)",2016,272.9,under5_mortality
South Sudan,SSD,SH.DYN.MORT,"Mortality rate, under-5 (per 1,000 live births)",2015,240.8,under5_mortality
Spain,ESP,SH.DYN.MORT,"Mortality rate, under-5 (per 1,000 live births)",2019,3.2,under5_mortality
Spain,ESP,SH.DYN.MORT,"Mortality rate, under-5 (per 1,000 live births)",2018,3.2,under5_mortality
Spain,ESP,SH.DYN.MORT,"Mortality rate, under-5 (per 1,000 live births)",2017,3.2,under5_mortality
Spain,ESP,SH.DYN.MORT,"Mortality rate, under-5 (per 1,000 live births)",2016,3.3,under5_mortality
Spain,ESP,SH.DYN.MORT,"Mortality rate, under-5 (per 1,000 live births)",2015,3.3,under5_mortality
Sri Lanka,LKA,SH.DYN.MORT,"Mortality rate, under-5 (per 1,000 live births)",2019,7.2,under5_mortality
Sri Lanka,LKA,SH.DYN.MORT,"Mortality rate, under-5 (per 1,000 live births)",2018,7.6,under5_mortality
Sri Lanka,LKA,SH.DYN.MORT,"Mortality rate, under-5 (per 1,000 live births)",2017,7.9,under5_mortality
Sri Lanka,LKA,SH.DYN.MORT,"Mortality rate, under-5 (per 1,000 live births)",2016,8.3,under5_mortality
Sri Lanka,LKA,SH.DYN.MORT,"Mortality rate, under-5 (per 1,000 live births)",2015,8.7,under5_mortality
St. Kitts and Nevis,KNA,SH.DYN.MORT,"Mortality rate, under-5 (per 1,000 live births)",2019,18.2,under5_mortality
St. Kitts and Nevis,KNA,SH.DYN.MORT,"Mortality rate, under-5 (per 1,000 live births)",2018,18.6,under5_mortality
St. Kitts and Nevis,KNA,SH.DYN.MORT,"Mortality rate, under-5 (per 1,000 live births)",2017,19.0,under5_mortality
St. Kitts and Nevis,KNA,SH.DYN.MORT,"Mortality rate, under-5 (per 1,000 live births)",2016,19.3,under5_mortality
St. Kitts and Nevis,KNA,SH.DYN.MORT,"Mortality rate, under-5 (per 1,000 live births)",2015,19.4,under5_mortality
St. Lucia,LCA,SH.DYN.MORT,"Mortality rate, under-5 (per 1,000 live births)",2019,18.2,under5_mortality
St. Lucia,LCA,SH.DYN.MORT,"Mortality rate, under-5 (per 1,000 live births)",2018,18.4,under5_mortality
St. Lucia,LCA,SH.DYN.MORT,"Mortality rate, under-5 (per 1,000 live births)",2017,18.5,under5_mortality
St. Lucia,LCA,SH.DYN.MORT,"Mortality rate, under-5 (per 1,000 live births)",2016,18.6,under5_mortality
St. Lucia,LCA,SH.DYN.MORT,"Mortality rate, under-5 (per 1,000 live births)",2015,18.7,under5_mortality
St. Martin (French part),MAF,SH.DYN.MORT,"Mortality rate, under-5 (per 1,000 live births)",2019,,under5_mortality
St. Martin (French part),MAF,SH.DYN.MORT,"Mortality rate, under-5 (per 1,000 live births)",2018,,under5_mortality
St. Martin (French part),MAF,SH.DYN.MORT,"Mortality rate, under-5 (per 1,000 live births)",2017,,under5_mortality
St. Martin (French part),MAF,SH.DYN.MORT,"Mortality rate, under-5 (per 1,000 live births)",2016,,under5_mortality
St. Martin (French part),MAF,SH.DYN.MORT,"Mortality rate, under-5 (per 1,000 live births)",2015,,under5_mortality
St. Vincent and the Grenadines,VCT,SH.DYN.MORT,"Mortality rate, under-5 (per 1,000 live births)",2019,14.3,under5_mortality
St. Vincent and the Grenadines,VCT,SH.DYN.MORT,"Mortality rate, under-5 (per 1,000 live births)",2018,15.0,under5_mortality
St. Vincent and the Grenadines,VCT,SH.DYN.MORT,"Mortality rate, under-5 (per 1,000 live births)",2017,15.8,under5_mortality
St. Vincent and the Grenadines,VCT,SH.DYN.MORT,"Mortality rate, under-5 (per 1,000 live births)",2016,16.6,under5_mortality
St. Vincent and the Grenadines,VCT,SH.DYN.MORT,"Mortality rate, under-5 (per 1,000 live births)",2015,17.4,under5_mortality
Sudan,SDN,SH.DYN.MORT,"Mortality rate, under-5 (per 1,000 live births)",2019,56.1,under5_mortality
Sudan,SDN,SH.DYN.MORT,"Mortality rate, under-5 (per 1,000 live births)",2018,57.8,under5_mortality
Sudan,SDN,SH.DYN.MORT,"Mortality rate, under-5 (per 1,000 live births)",2017,59.7,under5_mortality
Sudan,SDN,SH.DYN.MORT,"Mortality rate, under-5 (per 1,000 live births)",2016,61.6,under5_mortality
Sudan,SDN,SH.DYN.MORT,"Mortality rate, under-5 (per 1,000 live births)",2015,63.5,under5_mortality
Suriname,SUR,SH.DYN.MORT,"Mortality rate, under-5 (per 1,000 live births)",2019,18.4,under5_mortality
Suriname,SUR,SH.DYN.MORT,"Mortality rate, under-5 (per 1,000 live births)",2018,18.9,under5_mortality
Suriname,SUR,SH.DYN.MORT,"Mortality rate, under-5 (per 1,000 live births)",2017,19.5,under5_mortality
Suriname,SUR,SH.DYN.MORT,"Mortality rate, under-5 (per 1,000 live births)",2016,20.1,under5_mortality
Suriname,SUR,SH.DYN.MORT,"Mortality rate, under-5 (per 1,000 live births)",2015,20.6,under5_mortality
Sweden,SWE,SH.DYN.MORT,"Mortality rate, under-5 (per 1,000 live births)",2019,2.6,under5_mortality
Sweden,SWE,SH.DYN.MORT,"Mortality rate, under-5 (per 1,000 live births)",2018,2.7,under5_mortality
Sweden,SWE,SH.DYN.MORT,"Mortality rate, under-5 (per 1,000 live births)",2017,2.8,under5_mortality
Sweden,SWE,SH.DYN.MORT,"Mortality rate, under-5 (per 1,000 live births)",2016,2.8,under5_mortality
Sweden,SWE,SH.DYN.MORT,"Mortality rate, under-5 (per 1,000 live births)",2015,2.9,under5_mortality
Switzerland,CHE,SH.DYN.MORT,"Mortality rate, under-5 (per 1,000 live births)",2019,4.0,under5_mortality
Switzerland,CHE,SH.DYN.MORT,"Mortality rate, under-5 (per 1,000 live births)",2018,4.1,under5_mortality
Switzerland,CHE,SH.DYN.MORT,"Mortality rate, under-5 (per 1,000 live births)",2017,4.1,under5_mortality
Switzerland,CHE,SH.DYN.MORT,"Mortality rate, under-5 (per 1,000 live births)",2016,4.2,under5_mortality
Switzerland,CHE,SH.DYN.MORT,"Mortality rate, under-5 (per 1,000 live births)",2015,4.3,under5_mortality
Syrian Arab Republic,SYR,SH.DYN.MORT,"Mortality rate, under-5 (per 1,000 live births)",2019,24.6,under5_mortality
Syrian Arab Republic,SYR,SH.DYN.MORT,"Mortality rate, under-5 (per 1,000 live births)",2018,32.5,under5_mortality
Syrian Arab Republic,SYR,SH.DYN.MORT,"Mortality rate, under-5 (per 1,000 live births)",2017,32.9,under5_mortality
Syrian Arab Republic,SYR,SH.DYN.MORT,"Mortality rate, under-5 (per 1,000 live births)",2016,32.2,under5_mortality
Syrian Arab Republic,SYR,SH.DYN.MORT,"Mortality rate, under-5 (per 1,000 live births)",2015,37.1,under5_mortality
Tajikistan,TJK,SH.DYN.MORT,"Mortality rate, under-5 (per 1,000 live births)",2019,30.4,under5_mortality
Tajikistan,TJK,SH.DYN.MORT,"Mortality rate, under-5 (per 1,000 live births)",2018,30.7,under5_mortality
Tajikistan,TJK,SH.DYN.MORT,"Mortality rate, under-5 (per 1,000 live births)",2017,31.0,under5_mortality
Tajikistan,TJK,SH.DYN.MORT,"Mortality rate, under-5 (per 1,000 live births)",2016,31.5,under5_mortality
Tajikistan,TJK,SH.DYN.MORT,"Mortality rate, under-5 (per 1,000 live births)",2015,32.2,under5_mortality
Tanzania,TZA,SH.DYN.MORT,"Mortality rate, under-5 (per 1,000 live births)",2019,45.6,under5_mortality
Tanzania,TZA,SH.DYN.MORT,"Mortality rate, under-5 (per 1,000 live births)",2018,47.6,under5_mortality
Tanzania,TZA,SH.DYN.MORT,"Mortality rate, under-5 (per 1,000 live births)",2017,49.8,under5_mortality
Tanzania,TZA,SH.DYN.MORT,"Mortality rate, under-5 (per 1,000 live births)",2016,52.0,under5_mortality
Tanzania,TZA,SH.DYN.MORT,"Mortality rate, under-5 (per 1,000 live births)",2015,54.3,under5_mortality
Thailand,THA,SH.DYN.MORT,"Mortality rate, under-5 (per 1,000 live births)",2019,10.4,under5_mortality
Thailand,THA,SH.DYN.MORT,"Mortality rate, under-5 (per 1,000 live births)",2018,10.8,under5_mortality
Thailand,THA,SH.DYN.MORT,"Mortality rate, under-5 (per 1,000 live births)",2017,11.1,under5_mortality
Thailand,THA,SH.DYN.MORT,"Mortality rate, under-5 (per 1,000 live births)",2016,11.5,under5_mortality
Thailand,THA,SH.DYN.MORT,"Mortality rate, under-5 (per 1,000 live births)",2015,11.9,under5_mortality
Timor-Leste,TLS,SH.DYN.MORT,"Mortality rate, under-5 (per 1,000 live births)",2019,54.8,under5_mortality
Timor-Leste,TLS,SH.DYN.MORT,"Mortality rate, under-5 (per 1,000 live births)",2018,56.0,under5_mortality
Timor-Leste,TLS,SH.DYN.MORT,"Mortality rate, under-5 (per 1,000 live births)",2017,57.3,under5_mortality
Timor-Leste,TLS,SH.DYN.MORT,"Mortality rate, under-5 (per 1,000 live births)",2016,58.7,under5_mortality
Timor-Leste,TLS,SH.DYN.MORT,"Mortality rate, under-5 (per 1,000 live births)",2015,60.2,under5_mortality
Togo,TGO,SH.DYN.MORT,"Mortality rate, under-5 (per 1,000 live births)",2019,66.0,under5_mortality
Togo,TGO,SH.DYN.MORT,"Mortality rate, under-5 (per 1,000 live births)",2018,68.1,under5_mortality
Togo,TGO,SH.DYN.MORT,"Mortality rate, under-5 (per 1,000 live births)",2017,70.4,under5_mortality
Togo,TGO,SH.DYN.MORT,"Mortality rate, under-5 (per 1,000 live births)",2016,72.8,under5_mortality
Togo,TGO,SH.DYN.MORT,"Mortality rate, under-5 (per 1,000 live births)",2015,75.2,under5_mortality
Tonga,TON,SH.DYN.MORT,"Mortality rate, under-5 (per 1,000 live births)",2019,10.9,under5_mortality
Tonga,TON,SH.DYN.MORT,"Mortality rate, under-5 (per 1,000 live births)",2018,11.1,under5_mortality
Tonga,TON,SH.DYN.MORT,"Mortality rate, under-5 (per 1,000 live births)",2017,11.4,under5_mortality
Tonga,TON,SH.DYN.MORT,"Mortality rate, under-5 (per 1,000 live births)",2016,11.6,under5_mortality
Tonga,TON,SH.DYN.MORT,"Mortality rate, under-5 (per 1,000 live births)",2015,11.9,under5_mortality
Trinidad and Tobago,TTO,SH.DYN.MORT,"Mortality rate, under-5 (per 1,000 live births)",2019,21.2,under5_mortality
Trinidad and Tobago,TTO,SH.DYN.MORT,"Mortality rate, under-5 (per 1,000 live births)",2018,21.6,under5_mortality
Trinidad and Tobago,TTO,SH.DYN.MORT,"Mortality rate, under-5 (per 1,000 live births)",2017,22.0,under5_mortality
Trinidad and Tobago,TTO,SH.DYN.MORT,"Mortality rate, under-5 (per 1,000 live births)",2016,22.3,under5_mortality
Trinidad and Tobago,TTO,SH.DYN.MORT,"Mortality rate, under-5 (per 1,000 live births)",2015,22.7,under5_mortality
Tunisia,TUN,SH.DYN.MORT,"Mortality rate, under-5 (per 1,000 live births)",2019,16.9,under5_mortality
Tunisia,TUN,SH.DYN.MORT,"Mortality rate, under-5 (per 1,000 live births)",2018,17.5,under5_mortality
Tunisia,TUN,SH.DYN.MORT,"Mortality rate, under-5 (per 1,000 live births)",2017,17.9,under5_mortality
Tunisia,TUN,SH.DYN.MORT,"Mortality rate, under-5 (per 1,000 live births)",2016,18.1,under5_mortality
Tunisia,TUN,SH.DYN.MORT,"Mortality rate, under-5 (per 1,000 live births)",2015,18.2,under5_mortality
Turkiye,TUR,SH.DYN.MORT,"Mortality rate, under-5 (per 1,000 live births)",2019,11.3,under5_mortality
Turkiye,TUR,SH.DYN.MORT,"Mortality rate, under-5 (per 1,000 live births)",2018,11.7,under5_mortality
Turkiye,TUR,SH.DYN.MORT,"Mortality rate, under-5 (per 1,000 live births)",2017,12.2,under5_mortality
Turkiye,TUR,SH.DYN.MORT,"Mortality rate, under-5 (per 1,000 live births)",2016,12.7,under5_mortality
Turkiye,TUR,SH.DYN.MORT,"Mortality rate, under-5 (per 1,000 live births)",2015,13.3,under5_mortality
Turkmenistan,TKM,SH.DYN.MORT,"Mortality rate, under-5 (per 1,000 live births)",2019,43.5,under5_mortality
Turkmenistan,TKM,SH.DYN.MORT,"Mortality rate, under-5 (per 1,000 live births)",2018,43.8,under5_mortality
Turkmenistan,TKM,SH.DYN.MORT,"Mortality rate, under-5 (per 1,000 live births)",2017,43.8,under5_mortality
Turkmenistan,TKM,SH.DYN.MORT,"Mortality rate, under-5 (per 1,000 live births)",2016,43.5,under5_mortality
Turkmenistan,TKM,SH.DYN.MORT,"Mortality rate, under-5 (per 1,000 live births)",2015,43.2,under5_mortality
Turks and Caicos Islands,TCA,SH.DYN.MORT,"Mortality rate, under-5 (per 1,000 live births)",2019,5.5,under5_mortality
Turks and Caicos Islands,TCA,SH.DYN.MORT,"Mortality rate, under-5 (per 1,000 live births)",2018,5.6,under5_mortality
Turks and Caicos Islands,TCA,SH.DYN.MORT,"Mortality rate, under-5 (per 1,000 live births)",2017,5.8,under5_mortality
Turks and Caicos Islands,TCA,SH.DYN.MORT,"Mortality rate, under-5 (per 1,000 live births)",2016,6.0,under5_mortality
Turks and Caicos Islands,TCA,SH.DYN.MORT,"Mortality rate, under-5 (per 1,000 live births)",2015,6.2,under5_mortality
Tuvalu,TUV,SH.DYN.MORT,"Mortality rate, under-5 (per 1,000 live births)",2019,22.7,under5_mortality
Tuvalu,TUV,SH.DYN.MORT,"Mortality rate, under-5 (per 1,000 live births)",2018,23.5,under5_mortality
Tuvalu,TUV,SH.DYN.MORT,"Mortality rate, under-5 (per 1,000 live births)",2017,24.3,under5_mortality
Tuvalu,TUV,SH.DYN.MORT,"Mortality rate, under-5 (per 1,000 live births)",2016,25.2,under5_mortality
Tuvalu,TUV,SH.DYN.MORT,"Mortality rate, under-5 (per 1,000 live births)",2015,26.0,under5_mortality
Uganda,UGA,SH.DYN.MORT,"Mortality rate, under-5 (per 1,000 live births)",2019,51.6,under5_mortality
Uganda,UGA,SH.DYN.MORT,"Mortality rate, under-5 (per 1,000 live births)",2018,52.7,under5_mortality
Uganda,UGA,SH.DYN.MORT,"Mortality rate, under-5 (per 1,000 live births)",2017,54.0,under5_mortality
Uganda,UGA,SH.DYN.MORT,"Mortality rate, under-5 (per 1,000 live births)",2016,55.6,under5_mortality
Uganda,UGA,SH.DYN.MORT,"Mortality rate, under-5 (per 1,000 live births)",2015,57.9,under5_mortality
Ukraine,UKR,SH.DYN.MORT,"Mortality rate, under-5 (per 1,000 live births)",2019,8.5,under5_mortality
Ukraine,UKR,SH.DYN.MORT,"Mortality rate, under-5 (per 1,000 live births)",2018,8.7,under5_mortality
Ukraine,UKR,SH.DYN.MORT,"Mortality rate, under-5 (per 1,000 live births)",2017,8.9,under5_mortality
Ukraine,UKR,SH.DYN.MORT,"Mortality rate, under-5 (per 1,000 live births)",2016,9.1,under5_mortality
Ukraine,UKR,SH.DYN.MORT,"Mortality rate, under-5 (per 1,000 live births)",2015,9.5,under5_mortality
United Arab Emirates,ARE,SH.DYN.MORT,"Mortality rate, under-5 (per 1,000 live births)",2019,6.3,under5_mortality
United Arab Emirates,ARE,SH.DYN.MORT,"Mortality rate, under-5 (per 1,000 live births)",2018,6.7,under5_mortality
United Arab Emirates,ARE,SH.DYN.MORT,"Mortality rate, under-5 (per 1,000 live births)",2017,7.0,under5_mortality
United Arab Emirates,ARE,SH.DYN.MORT,"Mortality rate, under-5 (per 1,000 live births)",2016,7.3,under5_mortality
United Arab Emirates,ARE,SH.DYN.MORT,"Mortality rate, under-5 (per 1,000 live births)",2015,7.6,under5_mortality
United Kingdom,GBR,SH.DYN.MORT,"Mortality rate, under-5 (per 1,000 live births)",2019,4.4,under5_mortality
United Kingdom,GBR,SH.DYN.MORT,"Mortality rate, under-5 (per 1,000 live births)",2018,4.4,under5_mortality
United Kingdom,GBR,SH.DYN.MORT,"Mortality rate, under-5 (per 1,000 live births)",2017,4.4,under5_mortality
United Kingdom,GBR,SH.DYN.MORT,"Mortality rate, under-5 (per 1,000 live births)",2016,4.4,under5_mortality
United Kingdom,GBR,SH.DYN.MORT,"Mortality rate, under-5 (per 1,000 live births)",2015,4.5,under5_mortality
United States,USA,SH.DYN.MORT,"Mortality rate, under-5 (per 1,000 live births)",2019,6.5,under5_mortality
United States,USA,SH.DYN.MORT,"Mortality rate, under-5 (per 1,000 live births)",2018,6.5,under5_mortality
United States,USA,SH.DYN.MORT,"Mortality rate, under-5 (per 1,000 live births)",2017,6.6,under5_mortality
United States,USA,SH.DYN.MORT,"Mortality rate, under-5 (per 1,000 live births)",2016,6.7,under5_mortality
United States,USA,SH.DYN.MORT,"Mortality rate, under-5 (per 1,000 live births)",2015,6.8,under5_mortality
Uruguay,URY,SH.DYN.MORT,"Mortality rate, under-5 (per 1,000 live births)",2019,7.5,under5_mortality
Uruguay,URY,SH.DYN.MORT,"Mortality rate, under-5 (per 1,000 live births)",2018,7.7,under5_mortality
Uruguay,URY,SH.DYN.MORT,"Mortality rate, under-5 (per 1,000 live births)",2017,8.0,under5_mortality
Uruguay,URY,SH.DYN.MORT,"Mortality rate, under-5 (per 1,000 live births)",2016,8.4,under5_mortality
Uruguay,URY,SH.DYN.MORT,"Mortality rate, under-5 (per 1,000 live births)",2015,8.9,under5_mortality
Uzbekistan,UZB,SH.DYN.MORT,"Mortality rate, under-5 (per 1,000 live births)",2019,15.7,under5_mortality
Uzbekistan,UZB,SH.DYN.MORT,"Mortality rate, under-5 (per 1,000 live births)",2018,16.4,under5_mortality
Uzbekistan,UZB,SH.DYN.MORT,"Mortality rate, under-5 (per 1,000 live births)",2017,17.3,under5_mortality
Uzbekistan,UZB,SH.DYN.MORT,"Mortality rate, under-5 (per 1,000 live births)",2016,18.4,under5_mortality
Uzbekistan,UZB,SH.DYN.MORT,"Mortality rate, under-5 (per 1,000 live births)",2015,19.7,under5_mortality
Vanuatu,VUT,SH.DYN.MORT,"Mortality rate, under-5 (per 1,000 live births)",2019,18.1,under5_mortality
Vanuatu,VUT,SH.DYN.MORT,"Mortality rate, under-5 (per 1,000 live births)",2018,18.2,under5_mortality
Vanuatu,VUT,SH.DYN.MORT,"Mortality rate, under-5 (per 1,000 live births)",2017,18.3,under5_mortality
Vanuatu,VUT,SH.DYN.MORT,"Mortality rate, under-5 (per 1,000 live births)",2016,18.4,under5_mortality
Vanuatu,VUT,SH.DYN.MORT,"Mortality rate, under-5 (per 1,000 live births)",2015,18.6,under5_mortality
"Venezuela, RB",VEN,SH.DYN.MORT,"Mortality rate, under-5 (per 1,000 live births)",2019,24.2,under5_mortality
"Venezuela, RB",VEN,SH.DYN.MORT,"Mortality rate, under-5 (per 1,000 live births)",2018,24.2,under5_mortality
"Venezuela, RB",VEN,SH.DYN.MORT,"Mortality rate, under-5 (per 1,000 live births)",2017,24.2,under5_mortality
"Venezuela, RB",VEN,SH.DYN.MORT,"Mortality rate, under-5 (per 1,000 live births)",2016,24.2,under5_mortality
"Venezuela, RB",VEN,SH.DYN.MORT,"Mortality rate, under-5 (per 1,000 live births)",2015,19.1,under5_mortality
Viet Nam,VNM,SH.DYN.MORT,"Mortality rate, under-5 (per 1,000 live births)",2019,20.0,under5_mortality
Viet Nam,VNM,SH.DYN.MORT,"Mortality rate, under-5 (per 1,000 live births)",2018,20.5,under5_mortality
Viet Nam,VNM,SH.DYN.MORT,"Mortality rate, under-5 (per 1,000 live births)",2017,20.9,under5_mortality
Viet Nam,VNM,SH.DYN.MORT,"Mortality rate, under-5 (per 1,000 live births)",2016,21.3,under5_mortality
Viet Nam,VNM,SH.DYN.MORT,"Mortality rate, under-5 (per 1,000 live births)",2015,21.6,under5_mortality
Virgin Islands (U.S.),VIR,SH.DYN.MORT,"Mortality rate, under-5 (per 1,000 live births)",2019,,under5_mortality
Virgin Islands (U.S.),VIR,SH.DYN.MORT,"Mortality rate, under-5 (per 1,000 live births)",2018,,under5_mortality
Virgin Islands (U.S.),VIR,SH.DYN.MORT,"Mortality rate, under-5 (per 1,000 live births)",2017,,under5_mortality
Virgin Islands (U.S.),VIR,SH.DYN.MORT,"Mortality rate, under-5 (per 1,000 live births)",2016,,under5_mortality
Virgin Islands (U.S.),VIR,SH.DYN.MORT,"Mortality rate, under-5 (per 1,000 live births)",2015,,under5_mortality
West Bank and Gaza,PSE,SH.DYN.MORT,"Mortality rate, under-5 (per 1,000 live births)",2019,15.7,under5_mortality
West Bank and Gaza,PSE,SH.DYN.MORT,"Mortality rate, under-5 (per 1,000 live births)",2018,16.3,under5_mortality
West Bank and Gaza,PSE,SH.DYN.MORT,"Mortality rate, under-5 (per 1,000 live births)",2017,16.9,under5_mortality
West Bank and Gaza,PSE,SH.DYN.MORT,"Mortality rate, under-5 (per 1,000 live births)",2016,17.5,under5_mortality
West Bank and Gaza,PSE,SH.DYN.MORT,"Mortality rate, under-5 (per 1,000 live births)",2015,18.2,under5_mortality
"Yemen, Rep.",YEM,SH.DYN.MORT,"Mortality rate, under-5 (per 1,000 live births)",2019,46.1,under5_mortality
"Yemen, Rep.",YEM,SH.DYN.MORT,"Mortality rate, under-5 (per 1,000 live births)",2018,47.3,under5_mortality
"Yemen, Rep.",YEM,SH.DYN.MORT,"Mortality rate, under-5 (per 1,000 live births)",2017,47.5,under5_mortality
"Yemen, Rep.",YEM,SH.DYN.MORT,"Mortality rate, under-5 (per 1,000 live births)",2016,47.9,under5_mortality
"Yemen, Rep.",YEM,SH.DYN.MORT,"Mortality rate, under-5 (per 1,000 live births)",2015,49.3,under5_mortality
Zambia,ZMB,SH.DYN.MORT,"Mortality rate, under-5 (per 1,000 live births)",2019,53.5,under5_mortality
Zambia,ZMB,SH.DYN.MORT,"Mortality rate, under-5 (per 1,000 live births)",2018,54.7,under5_mortality
Zambia,ZMB,SH.DYN.MORT,"Mortality rate, under-5 (per 1,000 live births)",2017,55.2,under5_mortality
Zambia,ZMB,SH.DYN.MORT,"Mortality rate, under-5 (per 1,000 live births)",2016,57.1,under5_mortality
Zambia,ZMB,SH.DYN.MORT,"Mortality rate, under-5 (per 1,000 live births)",2015,60.2,under5_mortality
Zimbabwe,ZWE,SH.DYN.MORT,"Mortality rate, under-5 (per 1,000 live births)",2019,58.6,under5_mortality
Zimbabwe,ZWE,SH.DYN.MORT,"Mortality rate, under-5 (per 1,000 live births)",2018,56.3,under5_mortality
Zimbabwe,ZWE,SH.DYN.MORT,"Mortality rate, under-5 (per 1,000 live births)",2017,56.7,under5_mortality
Zimbabwe,ZWE,SH.DYN.MORT,"Mortality rate, under-5 (per 1,000 live births)",2016,57.5,under5_mortality
Zimbabwe,ZWE,SH.DYN.MORT,"Mortality rate, under-5 (per 1,000 live births)",2015,59.2,under5_mortality
