country,iso3,indicator_code,indicator_name,year,value,variable
Africa Eastern and Southern,AFE,SH.STA.DIAB.ZS,Diabetes prevalence (% of population ages 20 to 79),2019,,diabetes_prevalence
Africa Eastern and Southern,AFE,SH.STA.DIAB.ZS,Diabetes prevalence (% of population ages 20 to 79),2018,,diabetes_prevalence
Africa Eastern and Southern,AFE,SH.STA.DIAB.ZS,Diabetes prevalence (% of population ages 20 to 79),2017,,diabetes_prevalence
Africa Eastern and Southern,AFE,SH.STA.DIAB.ZS,Diabetes prevalence (% of population ages 20 to 79),2016,,diabetes_prevalence
Africa Eastern and Southern,AFE,SH.STA.DIAB.ZS,Diabetes prevalence (% of population ages 20 to 79),2015,,diabetes_prevalence
Africa Western and Central,AFW,SH.STA.DIAB.ZS,Diabetes prevalence (% of population ages 20 to 79),2019,,diabetes_prevalence
Africa Western and Central,AFW,SH.STA.DIAB.ZS,Diabetes prevalence (% of population ages 20 to 79),2018,,diabetes_prevalence
Africa Western and Central,AFW,SH.STA.DIAB.ZS,Diabetes prevalence (% of population ages 20 to 79),2017,,diabetes_prevalence
Africa Western and Central,AFW,SH.STA.DIAB.ZS,Diabetes prevalence (% of population ages 20 to 79),2016,,diabetes_prevalence
Africa Western and Central,AFW,SH.STA.DIAB.ZS,Diabetes prevalence (% of population ages 20 to 79),2015,,diabetes_prevalence
Arab World,ARB,SH.STA.DIAB.ZS,Diabetes prevalence (% of population ages 20 to 79),2019,,diabetes_prevalence
Arab World,ARB,SH.STA.DIAB.ZS,Diabetes prevalence (% of population ages 20 to 79),2018,,diabetes_prevalence
Arab World,ARB,SH.STA.DIAB.ZS,Diabetes prevalence (% of population ages 20 to 79),2017,,diabetes_prevalence
Arab World,ARB,SH.STA.DIAB.ZS,Diabetes prevalence (% of population ages 20 to 79),2016,,diabetes_prevalence
Arab World,ARB,SH.STA.DIAB.ZS,Diabetes prevalence (% of population ages 20 to 79),2015,,diabetes_prevalence
Caribbean small states,CSS,SH.STA.DIAB.ZS,Diabetes prevalence (% of population ages 20 to 79),2019,,diabetes_prevalence
Caribbean small states,CSS,SH.STA.DIAB.ZS,Diabetes prevalence (% of population ages 20 to 79),2018,,diabetes_prevalence
Caribbean small states,CSS,SH.STA.DIAB.ZS,Diabetes prevalence (% of population ages 20 to 79),2017,,diabetes_prevalence
Caribbean small states,CSS,SH.STA.DIAB.ZS,Diabetes prevalence (% of population ages 20 to 79),2016,,diabetes_prevalence
Caribbean small states,CSS,SH.STA.DIAB.ZS,Diabetes prevalence (% of population ages 20 to 79),2015,,diabetes_prevalence
Central Europe and the Baltics,CEB,SH.STA.DIAB.ZS,Diabetes prevalence (% of population ages 20 to 79),2019,,diabetes_prevalence
Central Europe and the Baltics,CEB,SH.STA.DIAB.ZS,Diabetes prevalence (% of population ages 20 to 79),2018,,diabetes_prevalence
Central Europe and the Baltics,CEB,SH.STA.DIAB.ZS,Diabetes prevalence (% of population ages 20 to 79),2017,,diabetes_prevalence
Central Europe and the Baltics,CEB,SH.STA.DIAB.ZS,Diabetes prevalence (% of population ages 20 to 79),2016,,diabetes_prevalence
Central Europe and the Baltics,CEB,SH.STA.DIAB.ZS,Diabetes prevalence (% of population ages 20 to 79),2015,,diabetes_prevalence
Early-demographic dividend,EAR,SH.STA.DIAB.ZS,Diabetes prevalence (% of population ages 20 to 79),2019,,diabetes_prevalence
Early-demographic dividend,EAR,SH.STA.DIAB.ZS,Diabetes prevalence (% of population ages 20 to 79),2018,,diabetes_prevalence
Early-demographic dividend,EAR,SH.STA.DIAB.ZS,Diabetes prevalence (% of population ages 20 to 79),2017,,diabetes_prevalence
Early-demographic dividend,EAR,SH.STA.DIAB.ZS,Diabetes prevalence (% of population ages 20 to 79),2016,,diabetes_prevalence
Early-demographic dividend,EAR,SH.STA.DIAB.ZS,Diabetes prevalence (% of population ages 20 to 79),2015,,diabetes_prevalence
East Asia & Pacific,EAS,SH.STA.DIAB.ZS,Diabetes prevalence (% of population ages 20 to 79),2019,,diabetes_prevalence
East Asia & Pacific,EAS,SH.STA.DIAB.ZS,Diabetes prevalence (% of population ages 20 to 79),2018,,diabetes_prevalence
East Asia & Pacific,EAS,SH.STA.DIAB.ZS,Diabetes prevalence (% of population ages 20 to 79),2017,,diabetes_prevalence
East Asia & Pacific,EAS,SH.STA.DIAB.ZS,Diabetes prevalence (% of population ages 20 to 79),2016,,diabetes_prevalence
East Asia & Pacific,EAS,SH.STA.DIAB.ZS,Diabetes prevalence (% of population ages 20 to 79),2015,,diabetes_prevalence
East Asia & Pacific (excluding high income),EAP,SH.STA.DIAB.ZS,Diabetes prevalence (% of population ages 20 to 79),2019,,diabetes_prevalence
East Asia & Pacific (excluding high income),EAP,SH.STA.DIAB.ZS,Diabetes prevalence (% of population ages 20 to 79),2018,,diabetes_prevalence
East Asia & Pacific (excluding high income),EAP,SH.STA.DIAB.ZS,Diabetes prevalence (% of population ages 20 to 79),2017,,diabetes_prevalence
East Asia & Pacific (excluding high income),EAP,SH.STA.DIAB.ZS,Diabetes prevalence (% of population ages 20 to 79),2016,,diabetes_prevalence
East Asia & Pacific (excluding high income),EAP,SH.STA.DIAB.ZS,Diabetes prevalence (% of population ages 20 to 79),2015,,diabetes_prevalence
East Asia & Pacific (IDA & IBRD countries),TEA,SH.STA.DIAB.ZS,Diabetes prevalence (% of population ages 20 to 79),2019,,diabetes_prevalence
East Asia & Pacific (IDA & IBRD countries),TEA,SH.STA.DIAB.ZS,Diabetes prevalence (% of population ages 20 to 79),2018,,diabetes_prevalence
East Asia & Pacific (IDA & IBRD countries),TEA,SH.STA.DIAB.ZS,Diabetes prevalence (% of population ages 20 to 79),2017,,diabetes_prevalence
East Asia & Pacific (IDA & IBRD countries),TEA,SH.STA.DIAB.ZS,Diabetes prevalence (% of population ages 20 to 79),2016,,diabetes_prevalence
East Asia & Pacific (IDA & IBRD countries),TEA,SH.STA.DIAB.ZS,Diabetes prevalence (% of population ages 20 to 79),2015,,diabetes_prevalence
Euro area,EMU,SH.STA.DIAB.ZS,Diabetes prevalence (% of population ages 20 to 79),2019,,diabetes_prevalence
Euro area,EMU,SH.STA.DIAB.ZS,Diabetes prevalence (% of population ages 20 to 79),2018,,diabetes_prevalence
Euro area,EMU,SH.STA.DIAB.ZS,Diabetes prevalence (% of population ages 20 to 79),2017,,diabetes_prevalence
Euro area,EMU,SH.STA.DIAB.ZS,Diabetes prevalence (% of population ages 20 to 79),2016,,diabetes_prevalence
Euro area,EMU,SH.STA.DIAB.ZS,Diabetes prevalence (% of population ages 20 to 79),2015,,diabetes_prevalence
Europe & Central Asia,ECS,SH.STA.DIAB.ZS,Diabetes prevalence (% of population ages 20 to 79),2019,,diabetes_prevalence
Europe & Central Asia,ECS,SH.STA.DIAB.ZS,Diabetes prevalence (% of population ages 20 to 79),2018,,diabetes_prevalence
Europe & Central Asia,ECS,SH.STA.DIAB.ZS,Diabetes prevalence (% of population ages 20 to 79),2017,,diabetes_prevalence
Europe & Central Asia,ECS,SH.STA.DIAB.ZS,Diabetes prevalence (% of population ages 20 to 79),2016,,diabetes_prevalence
Europe & Central Asia,ECS,SH.STA.DIAB.ZS,Diabetes prevalence (% of population ages 20 to 79),2015,,diabetes_prevalence
Europe & Central Asia (excluding high income),ECA,SH.STA.DIAB.ZS,Diabetes prevalence (% of population ages 20 to 79),2019,,diabetes_prevalence
Europe & Central Asia (excluding high income),ECA,SH.STA.DIAB.ZS,Diabetes prevalence (% of population ages 20 to 79),2018,,diabetes_prevalence
Europe & Central Asia (excluding high income),ECA,SH.STA.DIAB.ZS,Diabetes prevalence (% of population ages 20 to 79),2017,,diabetes_prevalence
Europe & Central Asia (excluding high income),ECA,SH.STA.DIAB.ZS,Diabetes prevalence (% of population ages 20 to 79),2016,,diabetes_prevalence
Europe & Central Asia (excluding high income),ECA,SH.STA.DIAB.ZS,Diabetes prevalence (% of population ages 20 to 79),2015,,diabetes_prevalence
Europe & Central Asia (IDA & IBRD countries),TEC,SH.STA.DIAB.ZS,Diabetes prevalence (% of population ages 20 to 79),2019,,diabetes_prevalence
Europe & Central Asia (IDA & IBRD countries),TEC,SH.STA.DIAB.ZS,Diabetes prevalence (% of population ages 20 to 79),2018,,diabetes_prevalence
Europe & Central Asia (IDA & IBRD countries),TEC,SH.STA.DIAB.ZS,Diabetes prevalence (% of population ages 20 to 79),2017,,diabetes_prevalence
Europe & Central Asia (IDA & IBRD countries),TEC,SH.STA.DIAB.ZS,Diabetes prevalence (% of population ages 20 to 79),2016,,diabetes_prevalence
Europe & Central Asia (IDA & IBRD countries),TEC,SH.STA.DIAB.ZS,Diabetes prevalence (% of population ages 20 to 79),2015,,diabetes_prevalence
European Union,EUU,SH.STA.DIAB.ZS,Diabetes prevalence (% of population ages 20 to 79),2019,,diabetes_prevalence
European Union,EUU,SH.STA.DIAB.ZS,Diabetes prevalence (% of population ages 20 to 79),2018,,diabetes_prevalence
European Union,EUU,SH.STA.DIAB.ZS,Diabetes prevalence (% of population ages 20 to 79),2017,,diabetes_prevalence
European Union,EUU,SH.STA.DIAB.ZS,Diabetes prevalence (% of population ages 20 to 79),2016,,diabetes_prevalence
European Union,EUU,SH.STA.DIAB.ZS,Diabetes prevalence (% of population ages 20 to 79),2015,,diabetes_prevalence
Fragile and conflict affected situations,FCS,SH.STA.DIAB.ZS,Diabetes prevalence (% of population ages 20 to 79),2019,,diabetes_prevalence
Fragile and conflict affected situations,FCS,SH.STA.DIAB.ZS,Diabetes prevalence (% of population ages 20 to 79),2018,,diabetes_prevalence
Fragile and conflict affected situations,FCS,SH.STA.DIAB.ZS,Diabetes prevalence (% of population ages 20 to 79),2017,,diabetes_prevalence
Fragile and conflict affected situations,FCS,SH.STA.DIAB.ZS,Diabetes prevalence (% of population ages 20 to 79),2016,,diabetes_prevalence
Fragile and conflict affected situations,FCS,SH.STA.DIAB.ZS,Diabetes prevalence (% of population ages 20 to 79),2015,,diabetes_prevalence
Heavily indebted poor countries (HIPC),HPC,SH.STA.DIAB.ZS,Diabetes prevalence (% of population ages 20 to 79),2019,,diabetes_prevalence
Heavily indebted poor countries (HIPC),HPC,SH.STA.DIAB.ZS,Diabetes prevalence (% of population ages 20 to 79),2018,,diabetes_prevalence
Heavily indebted poor countries (HIPC),HPC,SH.STA.DIAB.ZS,Diabetes prevalence (% of population ages 20 to 79),2017,,diabetes_prevalence
Heavily indebted poor countries (HIPC),HPC,SH.STA.DIAB.ZS,Diabetes prevalence (% of population ages 20 to 79),2016,,diabetes_prevalence
Heavily indebted poor countries (HIPC),HPC,SH.STA.DIAB.ZS,Diabetes prevalence (% of population ages 20 to 79),2015,,diabetes_prevalence
High income,,SH.STA.DIAB.ZS,Diabetes prevalence (% of population ages 20 to 79),2019,,diabetes_prevalence
High income,,SH.STA.DIAB.ZS,Diabetes prevalence (% of population ages 20 to 79),2018,,diabetes_prevalence
High income,,SH.STA.DIAB.ZS,Diabetes prevalence (% of population ages 20 to 79),2017,,diabetes_prevalence
High income,,SH.STA.DIAB.ZS,Diabetes prevalence (% of population ages 20 to 79),2016,,diabetes_prevalence
High income,,SH.STA.DIAB.ZS,Diabetes prevalence (% of population ages 20 to 79),2015,,diabetes_prevalence
IBRD only,IBD,SH.STA.DIAB.ZS,Diabetes prevalence (% of population ages 20 to 79),2019,,diabetes_prevalence
IBRD only,IBD,SH.STA.DIAB.ZS,Diabetes prevalence (% of population ages 20 to 79),2018,,diabetes_prevalence
IBRD only,IBD,SH.STA.DIAB.ZS,Diabetes prevalence (% of population ages 20 to 79),2017,,diabetes_prevalence
IBRD only,IBD,SH.STA.DIAB.ZS,Diabetes prevalence (% of population ages 20 to 79),2016,,diabetes_prevalence
IBRD only,IBD,SH.STA.DIAB.ZS,Diabetes prevalence (% of population ages 20 to 79),2015,,diabetes_prevalence
IDA & IBRD total,IBT,SH.STA.DIAB.ZS,Diabetes prevalence (% of population ages 20 to 79),2019,,diabetes_prevalence
IDA & IBRD total,IBT,SH.STA.DIAB.ZS,Diabetes prevalence (% of population ages 20 to 79),2018,,diabetes_prevalence
IDA & IBRD total,IBT,SH.STA.DIAB.ZS,Diabetes prevalence (% of population ages 20 to 79),2017,,diabetes_prevalence
IDA & IBRD total,IBT,SH.STA.DIAB.ZS,Diabetes prevalence (% of population ages 20 to 79),2016,,diabetes_prevalence
IDA & IBRD total,IBT,SH.STA.DIAB.ZS,Diabetes prevalence (% of population ages 20 to 79),2015,,diabetes_prevalence
IDA blend,IDB,SH.STA.DIAB.ZS,Diabetes prevalence (% of population ages 20 to 79),2019,,diabetes_prevalence
IDA blend,IDB,SH.STA.DIAB.ZS,Diabetes prevalence (% of population ages 20 to 79),2018,,diabetes_prevalence
IDA blend,IDB,SH.STA.DIAB.ZS,Diabetes prevalence (% of population ages 20 to 79),2017,,diabetes_prevalence
IDA blend,IDB,SH.STA.DIAB.ZS,Diabetes prevalence (% of population ages 20 to 79),2016,,diabetes_prevalence
IDA blend,IDB,SH.STA.DIAB.ZS,Diabetes prevalence (% of population ages 20 to 79),2015,,diabetes_prevalence
IDA only,IDX,SH.STA.DIAB.ZS,Diabetes prevalence (% of population ages 20 to 79),2019,,diabetes_prevalence
IDA only,IDX,SH.STA.DIAB.ZS,Diabetes prevalence (% of population ages 20 to 79),2018,,diabetes_prevalence
IDA only,IDX,SH.STA.DIAB.ZS,Diabetes prevalence (% of population ages 20 to 79),2017,,diabetes_prevalence
IDA only,IDX,SH.STA.DIAB.ZS,Diabetes prevalence (% of population ages 20 to 79),2016,,diabetes_prevalence
IDA only,IDX,SH.STA.DIAB.ZS,Diabetes prevalence (% of population ages 20 to 79),2015,,diabetes_prevalence
IDA total,IDA,SH.STA.DIAB.ZS,Diabetes prevalence (% of population ages 20 to 79),2019,,diabetes_prevalence
IDA total,IDA,SH.STA.DIAB.ZS,Diabetes prevalence (% of population ages 20 to 79),2018,,diabetes_prevalence
IDA total,IDA,SH.STA.DIAB.ZS,Diabetes prevalence (% of population ages 20 to 79),2017,,diabetes_prevalence
IDA total,IDA,SH.STA.DIAB.ZS,Diabetes prevalence (% of population ages 20 to 79),2016,,diabetes_prevalence
IDA total,IDA,SH.STA.DIAB.ZS,Diabetes prevalence (% of population ages 20 to 79),2015,,diabetes_prevalence
Late-demographic dividend,LTE,SH.STA.DIAB.ZS,Diabetes prevalence (% of population ages 20 to 79),2019,,diabetes_prevalence
Late-demographic dividend,LTE,SH.STA.DIAB.ZS,Diabetes prevalence (% of population ages 20 to 79),2018,,diabetes_prevalence
Late-demographic dividend,LTE,SH.STA.DIAB.ZS,Diabetes prevalence (% of population ages 20 to 79),2017,,diabetes_prevalence
Late-demographic dividend,LTE,SH.STA.DIAB.ZS,Diabetes prevalence (% of population ages 20 to 79),2016,,diabetes_prevalence
Late-demographic dividend,LTE,SH.STA.DIAB.ZS,Diabetes prevalence (% of population ages 20 to 79),2015,,diabetes_prevalence
Latin America & Caribbean,LCN,SH.STA.DIAB.ZS,Diabetes prevalence (% of population ages 20 to 79),2019,,diabetes_prevalence
Latin America & Caribbean,LCN,SH.STA.DIAB.ZS,Diabetes prevalence (% of population ages 20 to 79),2018,,diabetes_prevalence
Latin America & Caribbean,LCN,SH.STA.DIAB.ZS,Diabetes prevalence (% of population ages 20 to 79),2017,,diabetes_prevalence
Latin America & Caribbean,LCN,SH.STA.DIAB.ZS,Diabetes prevalence (% of population ages 20 to 79),2016,,diabetes_prevalence
Latin America & Caribbean,LCN,SH.STA.DIAB.ZS,Diabetes prevalence (% of population ages 20 to 79),2015,,diabetes_prevalence
Latin America & Caribbean (excluding high income),LAC,SH.STA.DIAB.ZS,Diabetes prevalence (% of population ages 20 to 79),2019,,diabetes_prevalence
Latin America & Caribbean (excluding high income),LAC,SH.STA.DIAB.ZS,Diabetes prevalence (% of population ages 20 to 79),2018,,diabetes_prevalence
Latin America & Caribbean (excluding high income),LAC,SH.STA.DIAB.ZS,Diabetes prevalence (% of population ages 20 to 79),2017,,diabetes_prevalence
Latin America & Caribbean (excluding high income),LAC,SH.STA.DIAB.ZS,Diabetes prevalence (% of population ages 20 to 79),2016,,diabetes_prevalence
Latin America & Caribbean (excluding high income),LAC,SH.STA.DIAB.ZS,Diabetes prevalence (% of population ages 20 to 79),2015,,diabetes_prevalence
Latin America & the Caribbean (IDA & IBRD countries),TLA,SH.STA.DIAB.ZS,Diabetes prevalence (% of population ages 20 to 79),2019,,diabetes_prevalence
Latin America & the Caribbean (IDA & IBRD countries),TLA,SH.STA.DIAB.ZS,Diabetes prevalence (% of population ages 20 to 79),2018,,diabetes_prevalence
Latin America & the Caribbean (IDA & IBRD countries),TLA,SH.STA.DIAB.ZS,Diabetes prevalence (% of population ages 20 to 79),2017,,diabetes_prevalence
Latin America & the Caribbean (IDA & IBRD countries),TLA,SH.STA.DIAB.ZS,Diabetes prevalence (% of population ages 20 to 79),2016,,diabetes_prevalence
Latin America & the Caribbean (IDA & IBRD countries),TLA,SH.STA.DIAB.ZS,Diabetes prevalence (% of population ages 20 to 79),2015,,diabetes_prevalence
Least developed countries: UN classification,LDC,SH.STA.DIAB.ZS,Diabetes prevalence (% of population ages 20 to 79),2019,,diabetes_prevalence
Least developed countries: UN classification,LDC,SH.STA.DIAB.ZS,Diabetes prevalence (% of population ages 20 to 79),2018,,diabetes_prevalence
Least developed countries: UN classification,LDC,SH.STA.DIAB.ZS,Diabetes prevalence (% of population ages 20 to 79),2017,,diabetes_prevalence
Least developed countries: UN classification,LDC,SH.STA.DIAB.ZS,Diabetes prevalence (% of population ages 20 to 79),2016,,diabetes_prevalence
Least developed countries: UN classification,LDC,SH.STA.DIAB.ZS,Diabetes prevalence (% of population ages 20 to 79),2015,,diabetes_prevalence
Low & middle income,LMY,SH.STA.DIAB.ZS,Diabetes prevalence (% of population ages 20 to 79),2019,,diabetes_prevalence
Low & middle income,LMY,SH.STA.DIAB.ZS,Diabetes prevalence (% of population ages 20 to 79),2018,,diabetes_prevalence
Low & middle income,LMY,SH.STA.DIAB.ZS,Diabetes prevalence (% of population ages 20 to 79),2017,,diabetes_prevalence
Low & middle income,LMY,SH.STA.DIAB.ZS,Diabetes prevalence (% of population ages 20 to 79),2016,,diabetes_prevalence
Low & middle income,LMY,SH.STA.DIAB.ZS,Diabetes prevalence (% of population ages 20 to 79),2015,,diabetes_prevalence
Low income,,SH.STA.DIAB.ZS,Diabetes prevalence (% of population ages 20 to 79),2019,,diabetes_prevalence
Low income,,SH.STA.DIAB.ZS,Diabetes prevalence (% of population ages 20 to 79),2018,,diabetes_prevalence
Low income,,SH.STA.DIAB.ZS,Diabetes prevalence (% of population ages 20 to 79),2017,,diabetes_prevalence
Low income,,SH.STA.DIAB.ZS,Diabetes prevalence (% of population ages 20 to 79),2016,,diabetes_prevalence
Low income,,SH.STA.DIAB.ZS,Diabetes prevalence (% of population ages 20 to 79),2015,,diabetes_prevalence
Lower middle income,,SH.STA.DIAB.ZS,Diabetes prevalence (% of population ages 20 to 79),2019,,diabetes_prevalence
Lower middle income,,SH.STA.DIAB.ZS,Diabetes prevalence (% of population ages 20 to 79),2018,,diabetes_prevalence
Lower middle income,,SH.STA.DIAB.ZS,Diabetes prevalence (% of population ages 20 to 79),2017,,diabetes_prevalence
Lower middle income,,SH.STA.DIAB.ZS,Diabetes prevalence (% of population ages 20 to 79),2016,,diabetes_prevalence
Lower middle income,,SH.STA.DIAB.ZS,Diabetes prevalence (% of population ages 20 to 79),2015,,diabetes_prevalence
"Middle East, North Africa, Afghanistan & Pakistan",MEA,SH.STA.DIAB.ZS,Diabetes prevalence (% of population ages 20 to 79),2019,,diabetes_prevalence
"Middle East, North Africa, Afghanistan & Pakistan",MEA,SH.STA.DIAB.ZS,Diabetes prevalence (% of population ages 20 to 79),2018,,diabetes_prevalence
"Middle East, North Africa, Afghanistan & Pakistan",MEA,SH.STA.DIAB.ZS,Diabetes prevalence (% of population ages 20 to 79),2017,,diabetes_prevalence
"Middle East, North Africa, Afghanistan & Pakistan",MEA,SH.STA.DIAB.ZS,Diabetes prevalence (% of population ages 20 to 79),2016,,diabetes_prevalence
"Middle East, North Africa, Afghanistan & Pakistan",MEA,SH.STA.DIAB.ZS,Diabetes prevalence (% of population ages 20 to 79),2015,,diabetes_prevalence
"Middle East, North Africa, Afghanistan & Pakistan (excluding high income)",MNA,SH.STA.DIAB.ZS,Diabetes prevalence (% of population ages 20 to 79),2019,,diabetes_prevalence
"Middle East, North Africa, Afghanistan & Pakistan (excluding high income)",MNA,SH.STA.DIAB.ZS,Diabetes prevalence (% of population ages 20 to 79),2018,,diabetes_prevalence
"Middle East, North Africa, Afghanistan & Pakistan (excluding high income)",MNA,SH.STA.DIAB.ZS,Diabetes prevalence (% of population ages 20 to 79),2017,,diabetes_prevalence
"Middle East, North Africa, Afghanistan & Pakistan (excluding high income)",MNA,SH.STA.DIAB.ZS,Diabetes prevalence (% of population ages 20 to 79),2016,,diabetes_prevalence
"Middle East, North Africa, Afghanistan & Pakistan (excluding high income)",MNA,SH.STA.DIAB.ZS,Diabetes prevalence (% of population ages 20 to 79),2015,,diabetes_prevalence
"Middle East, North Africa, Afghanistan & Pakistan (IDA & IBRD)",TMN,SH.STA.DIAB.ZS,Diabetes prevalence (% of population ages 20 to 79),2019,,diabetes_prevalence
"Middle East, North Africa, Afghanistan & Pakistan (IDA & IBRD)",TMN,SH.STA.DIAB.ZS,Diabetes prevalence (% of population ages 20 to 79),2018,,diabetes_prevalence
"Middle East, North Africa, Afghanistan & Pakistan (IDA & IBRD)",TMN,SH.STA.DIAB.ZS,Diabetes prevalence (% of population ages 20 to 79),2017,,diabetes_prevalence
"Middle East, North Africa, Afghanistan & Pakistan (IDA & IBRD)",TMN,SH.STA.DIAB.ZS,Diabetes prevalence (% of population ages 20 to 79),2016,,diabetes_prevalence
"Middle East, North Africa, Afghanistan & Pakistan (IDA & IBRD)",TMN,SH.STA.DIAB.ZS,Diabetes prevalence (% of population ages 20 to 79),2015,,diabetes_prevalence
Middle income,MIC,SH.STA.DIAB.ZS,Diabetes prevalence (% of population ages 20 to 79),2019,,diabetes_prevalence
Middle income,MIC,SH.STA.DIAB.ZS,Diabetes prevalence (% of population ages 20 to 79),2018,,diabetes_prevalence
Middle income,MIC,SH.STA.DIAB.ZS,Diabetes prevalence (% of population ages 20 to 79),2017,,diabetes_prevalence
Middle income,MIC,SH.STA.DIAB.ZS,Diabetes prevalence (% of population ages 20 to 79),2016,,diabetes_prevalence
Middle income,MIC,SH.STA.DIAB.ZS,Diabetes prevalence (% of population ages 20 to 79),2015,,diabetes_prevalence
North America,NAC,SH.STA.DIAB.ZS,Diabetes prevalence (% of population ages 20 to 79),2019,,diabetes_prevalence
North America,NAC,SH.STA.DIAB.ZS,Diabetes prevalence (% of population ages 20 to 79),2018,,diabetes_prevalence
North America,NAC,SH.STA.DIAB.ZS,Diabetes prevalence (% of population ages 20 to 79),2017,,diabetes_prevalence
North America,NAC,SH.STA.DIAB.ZS,Diabetes prevalence (% of population ages 20 to 79),2016,,diabetes_prevalence
North America,NAC,SH.STA.DIAB.ZS,Diabetes prevalence (% of population ages 20 to 79),2015,,diabetes_prevalence
Not classified,,SH.STA.DIAB.ZS,Diabetes prevalence (% of population ages 20 to 79),2019,,diabetes_prevalence
Not classified,,SH.STA.DIAB.ZS,Diabetes prevalence (% of population ages 20 to 79),2018,,diabetes_prevalence
Not classified,,SH.STA.DIAB.ZS,Diabetes prevalence (% of population ages 20 to 79),2017,,diabetes_prevalence
Not classified,,SH.STA.DIAB.ZS,Diabetes prevalence (% of population ages 20 to 79),2016,,diabetes_prevalence
Not classified,,SH.STA.DIAB.ZS,Diabetes prevalence (% of population ages 20 to 79),2015,,diabetes_prevalence
OECD members,OED,SH.STA.DIAB.ZS,Diabetes prevalence (% of population ages 20 to 79),2019,,diabetes_prevalence
OECD members,OED,SH.STA.DIAB.ZS,Diabetes prevalence (% of population ages 20 to 79),2018,,diabetes_prevalence
OECD members,OED,SH.STA.DIAB.ZS,Diabetes prevalence (% of population ages 20 to 79),2017,,diabetes_prevalence
OECD members,OED,SH.STA.DIAB.ZS,Diabetes prevalence (% of population ages 20 to 79),2016,,diabetes_prevalence
OECD members,OED,SH.STA.DIAB.ZS,Diabetes prevalence (% of population ages 20 to 79),2015,,diabetes_prevalence
Other small states,OSS,SH.STA.DIAB.ZS,Diabetes prevalence (% of population ages 20 to 79),2019,,diabetes_prevalence
Other small states,OSS,SH.STA.DIAB.ZS,Diabetes prevalence (% of population ages 20 to 79),2018,,diabetes_prevalence
Other small states,OSS,SH.STA.DIAB.ZS,Diabetes prevalence (% of population ages 20 to 79),2017,,diabetes_prevalence
Other small states,OSS,SH.STA.DIAB.ZS,Diabetes prevalence (% of population ages 20 to 79),2016,,diabetes_prevalence
Other small states,OSS,SH.STA.DIAB.ZS,Diabetes prevalence (% of population ages 20 to 79),2015,,diabetes_prevalence
Pacific island small states,PSS,SH.STA.DIAB.ZS,Diabetes prevalence (% of population ages 20 to 79),2019,,diabetes_prevalence
Pacific island small states,PSS,SH.STA.DIAB.ZS,Diabetes prevalence (% of population ages 20 to 79),2018,,diabetes_prevalence
Pacific island small states,PSS,SH.STA.DIAB.ZS,Diabetes prevalence (% of population ages 20 to 79),2017,,diabetes_prevalence
Pacific island small states,PSS,SH.STA.DIAB.ZS,Diabetes prevalence (% of population ages 20 to 79),2016,,diabetes_prevalence
Pacific island small states,PSS,SH.STA.DIAB.ZS,Diabetes prevalence (% of population ages 20 to 79),2015,,diabetes_prevalence
Post-demographic dividend,PST,SH.STA.DIAB.ZS,Diabetes prevalence (% of population ages 20 to 79),2019,,diabetes_prevalence
Post-demographic dividend,PST,SH.STA.DIAB.ZS,Diabetes prevalence (% of population ages 20 to 79),2018,,diabetes_prevalence
Post-demographic dividend,PST,SH.STA.DIAB.ZS,Diabetes prevalence (% of population ages 20 to 79),2017,,diabetes_prevalence
Post-demographic dividend,PST,SH.STA.DIAB.ZS,Diabetes prevalence (% of population ages 20 to 79),2016,,diabetes_prevalence
Post-demographic dividend,PST,SH.STA.DIAB.ZS,Diabetes prevalence (% of population ages 20 to 79),2015,,diabetes_prevalence
Pre-demographic dividend,PRE,SH.STA.DIAB.ZS,Diabetes prevalence (% of population ages 20 to 79),2019,,diabetes_prevalence
Pre-demographic dividend,PRE,SH.STA.DIAB.ZS,Diabetes prevalence (% of population ages 20 to 79),2018,,diabetes_prevalence
Pre-demographic dividend,PRE,SH.STA.DIAB.ZS,Diabetes prevalence (% of population ages 20 to 79),2017,,diabetes_prevalence
Pre-demographic dividend,PRE,SH.STA.DIAB.ZS,Diabetes prevalence (% of population ages 20 to 79),2016,,diabetes_prevalence
Pre-demographic dividend,PRE,SH.STA.DIAB.ZS,Diabetes prevalence (% of population ages 20 to 79),2015,,diabetes_prevalence
Small states,SST,SH.STA.DIAB.ZS,Diabetes prevalence (% of population ages 20 to 79),2019,,diabetes_prevalence
Small states,SST,SH.STA.DIAB.ZS,Diabetes prevalence (% of population ages 20 to 79),2018,,diabetes_prevalence
Small states,SST,SH.STA.DIAB.ZS,Diabetes prevalence (% of population ages 20 to 79),2017,,diabetes_prevalence
Small states,SST,SH.STA.DIAB.ZS,Diabetes prevalence (% of population ages 20 to 79),2016,,diabetes_prevalence
Small states,SST,SH.STA.DIAB.ZS,Diabetes prevalence (% of population ages 20 to 79),2015,,diabetes_prevalence
South Asia,SAS,SH.STA.DIAB.ZS,Diabetes prevalence (% of population ages 20 to 79),2019,,diabetes_prevalence
South Asia,SAS,SH.STA.DIAB.ZS,Diabetes prevalence (% of population ages 20 to 79),2018,,diabetes_prevalence
South Asia,SAS,SH.STA.DIAB.ZS,Diabetes prevalence (% of population ages 20 to 79),2017,,diabetes_prevalence
South Asia,SAS,SH.STA.DIAB.ZS,Diabetes prevalence (% of population ages 20 to 79),2016,,diabetes_prevalence
South Asia,SAS,SH.STA.DIAB.ZS,Diabetes prevalence (% of population ages 20 to 79),2015,,diabetes_prevalence
South Asia (IDA & IBRD),TSA,SH.STA.DIAB.ZS,Diabetes prevalence (% of population ages 20 to 79),2019,,diabetes_prevalence
South Asia (IDA & IBRD),TSA,SH.STA.DIAB.ZS,Diabetes prevalence (% of population ages 20 to 79),2018,,diabetes_prevalence
South Asia (IDA & IBRD),TSA,SH.STA.DIAB.ZS,Diabetes prevalence (% of population ages 20 to 79),2017,,diabetes_prevalence
South Asia (IDA & IBRD),TSA,SH.STA.DIAB.ZS,Diabetes prevalence (% of population ages 20 to 79),2016,,diabetes_prevalence
South Asia (IDA & IBRD),TSA,SH.STA.DIAB.ZS,Diabetes prevalence (% of population ages 20 to 79),2015,,diabetes_prevalence
Sub-Saharan Africa,SSF,SH.STA.DIAB.ZS,Diabetes prevalence (% of population ages 20 to 79),2019,,diabetes_prevalence
Sub-Saharan Africa,SSF,SH.STA.DIAB.ZS,Diabetes prevalence (% of population ages 20 to 79),2018,,diabetes_prevalence
Sub-Saharan Africa,SSF,SH.STA.DIAB.ZS,Diabetes prevalence (% of population ages 20 to 79),2017,,diabetes_prevalence
Sub-Saharan Africa,SSF,SH.STA.DIAB.ZS,Diabetes prevalence (% of population ages 20 to 79),2016,,diabetes_prevalence
Sub-Saharan Africa,SSF,SH.STA.DIAB.ZS,Diabetes prevalence (% of population ages 20 to 79),2015,,diabetes_prevalence
Sub-Saharan Africa (excluding high income),SSA,SH.STA.DIAB.ZS,Diabetes prevalence (% of population ages 20 to 79),2019,,diabetes_prevalence
Sub-Saharan Africa (excluding high income),SSA,SH.STA.DIAB.ZS,Diabetes prevalence (% of population ages 20 to 79),2018,,diabetes_prevalence
Sub-Saharan Africa (excluding high income),SSA,SH.STA.DIAB.ZS,Diabetes prevalence (% of population ages 20 to 79),2017,,diabetes_prevalence
Sub-Saharan Africa (excluding high income),SSA,SH.STA.DIAB.ZS,Diabetes prevalence (% of population ages 20 to 79),2016,,diabetes_prevalence
Sub-Saharan Africa (excluding high income),SSA,SH.STA.DIAB.ZS,Diabetes prevalence (% of population ages 20 to 79),2015,,diabetes_prevalence
Sub-Saharan Africa (IDA & IBRD countries),TSS,SH.STA.DIAB.ZS,Diabetes prevalence (% of population ages 20 to 79),2019,,diabetes_prevalence
Sub-Saharan Africa (IDA & IBRD countries),TSS,SH.STA.DIAB.ZS,Diabetes prevalence (% of population ages 20 to 79),2018,,diabetes_prevalence
Sub-Saharan Africa (IDA & IBRD countries),TSS,SH.STA.DIAB.ZS,Diabetes prevalence (% of population ages 20 to 79),2017,,diabetes_prevalence
Sub-Saharan Africa (IDA & IBRD countries),TSS,SH.STA.DIAB.ZS,Diabetes prevalence (% of population ages 20 to 79),2016,,diabetes_prevalence
Sub-Saharan Africa (IDA & IBRD countries),TSS,SH.STA.DIAB.ZS,Diabetes prevalence (% of population ages 20 to 79),2015,,diabetes_prevalence
Upper middle income,,SH.STA.DIAB.ZS,Diabetes prevalence (% of population ages 20 to 79),2019,,diabetes_prevalence
Upper middle income,,SH.STA.DIAB.ZS,Diabetes prevalence (% of population ages 20 to 79),2018,,diabetes_prevalence
Upper middle income,,SH.STA.DIAB.ZS,Diabetes prevalence (% of population ages 20 to 79),2017,,diabetes_prevalence
Upper middle income,,SH.STA.DIAB.ZS,Diabetes prevalence (% of population ages 20 to 79),2016,,diabetes_prevalence
Upper middle income,,SH.STA.DIAB.ZS,Diabetes prevalence (% of population ages 20 to 79),2015,,diabetes_prevalence
World,WLD,SH.STA.DIAB.ZS,Diabetes prevalence (% of population ages 20 to 79),2019,,diabetes_prevalence
World,WLD,SH.STA.DIAB.ZS,Diabetes prevalence (% of population ages 20 to 79),2018,,diabetes_prevalence
World,WLD,SH.STA.DIAB.ZS,Diabetes prevalence (% of population ages 20 to 79),2017,,diabetes_prevalence
World,WLD,SH.STA.DIAB.ZS,Diabetes prevalence (% of population ages 20 to 79),2016,,diabetes_prevalence
World,WLD,SH.STA.DIAB.ZS,Diabetes prevalence (% of population ages 20 to 79),2015,,diabetes_prevalence
Afghanistan,AFG,SH.STA.DIAB.ZS,Diabetes prevalence (% of population ages 20 to 79),2019,,diabetes_prevalence
Afghanistan,AFG,SH.STA.DIAB.ZS,Diabetes prevalence (% of population ages 20 to 79),2018,,diabetes_prevalence
Afghanistan,AFG,SH.STA.DIAB.ZS,Diabetes prevalence (% of population ages 20 to 79),2017,,diabetes_prevalence
Afghanistan,AFG,SH.STA.DIAB.ZS,Diabetes prevalence (% of population ages 20 to 79),2016,,diabetes_prevalence
Afghanistan,AFG,SH.STA.DIAB.ZS,Diabetes prevalence (% of population ages 20 to 79),2015,,diabetes_prevalence
Albania,ALB,SH.STA.DIAB.ZS,Diabetes prevalence (% of population ages 20 to 79),2019,,diabetes_prevalence
Albania,ALB,SH.STA.DIAB.ZS,Diabetes prevalence (% of population ages 20 to 79),2018,,diabetes_prevalence
Albania,ALB,SH.STA.DIAB.ZS,Diabetes prevalence (% of population ages 20 to 79),2017,,diabetes_prevalence
Albania,ALB,SH.STA.DIAB.ZS,Diabetes prevalence (% of population ages 20 to 79),2016,,diabetes_prevalence
Albania,ALB,SH.STA.DIAB.ZS,Diabetes prevalence (% of population ages 20 to 79),2015,,diabetes_prevalence
Algeria,DZA,SH.STA.DIAB.ZS,Diabetes prevalence (% of population ages 20 to 79),2019,,diabetes_prevalence
Algeria,DZA,SH.STA.DIAB.ZS,Diabetes prevalence (% of population ages 20 to 79),2018,,diabetes_prevalence
Algeria,DZA,SH.STA.DIAB.ZS,Diabetes prevalence (% of population ages 20 to 79),2017,,diabetes_prevalence
Algeria,DZA,SH.STA.DIAB.ZS,Diabetes prevalence (% of population ages 20 to 79),2016,,diabetes_prevalence
Algeria,DZA,SH.STA.DIAB.ZS,Diabetes prevalence (% of population ages 20 to 79),2015,,diabetes_prevalence
American Samoa,ASM,SH.STA.DIAB.ZS,Diabetes prevalence (% of population ages 20 to 79),2019,,diabetes_prevalence
American Samoa,ASM,SH.STA.DIAB.ZS,Diabetes prevalence (% of population ages 20 to 79),2018,,diabetes_prevalence
American Samoa,ASM,SH.STA.DIAB.ZS,Diabetes prevalence (% of population ages 20 to 79),2017,,diabetes_prevalence
American Samoa,ASM,SH.STA.DIAB.ZS,Diabetes prevalence (% of population ages 20 to 79),2016,,diabetes_prevalence
American Samoa,ASM,SH.STA.DIAB.ZS,Diabetes prevalence (% of population ages 20 to 79),2015,,diabetes_prevalence
Andorra,AND,SH.STA.DIAB.ZS,Diabetes prevalence (% of population ages 20 to 79),2019,,diabetes_prevalence
Andorra,AND,SH.STA.DIAB.ZS,Diabetes prevalence (% of population ages 20 to 79),2018,,diabetes_prevalence
Andorra,AND,SH.STA.DIAB.ZS,Diabetes prevalence (% of population ages 20 to 79),2017,,diabetes_prevalence
Andorra,AND,SH.STA.DIAB.ZS,Diabetes prevalence (% of population ages 20 to 79),2016,,diabetes_prevalence
Andorra,AND,SH.STA.DIAB.ZS,Diabetes prevalence (% of population ages 20 to 79),2015,,diabetes_prevalence
Angola,AGO,SH.STA.DIAB.ZS,Diabetes prevalence (% of population ages 20 to 79),2019,,diabetes_prevalence
Angola,AGO,SH.STA.DIAB.ZS,Diabetes prevalence (% of population ages 20 to 79),2018,,diabetes_prevalence
Angola,AGO,SH.STA.DIAB.ZS,Diabetes prevalence (% of population ages 20 to 79),2017,,diabetes_prevalence
Angola,AGO,SH.STA.DIAB.ZS,Diabetes prevalence (% of population ages 20 to 79),2016,,diabetes_prevalence
Angola,AGO,SH.STA.DIAB.ZS,Diabetes prevalence (% of population ages 20 to 79),2015,,diabetes_prevalence
Antigua and Barbuda,ATG,SH.STA.DIAB.ZS,Diabetes prevalence (% of population ages 20 to 79),2019,,diabetes_prevalence
Antigua and Barbuda,ATG,SH.STA.DIAB.ZS,Diabetes prevalence (% of population ages 20 to 79),2018,,diabetes_prevalence
Antigua and Barbuda,ATG,SH.STA.DIAB.ZS,Diabetes prevalence (% of population ages 20 to 79),2017,,diabetes_prevalence
Antigua and Barbuda,ATG,SH.STA.DIAB.ZS,Diabetes prevalence (% of population ages 20 to 79),2016,,diabetes_prevalence
Antigua and Barbuda,ATG,SH.STA.DIAB.ZS,Diabetes prevalence (% of population ages 20 to 79),2015,,diabetes_prevalence
Argentina,ARG,SH.STA.DIAB.ZS,Diabetes prevalence (% of population ages 20 to 79),2019,,diabetes_prevalence
Argentina,ARG,SH.STA.DIAB.ZS,Diabetes prevalence (% of population ages 20 to 79),2018,,diabetes_prevalence
Argentina,ARG,SH.STA.DIAB.ZS,Diabetes prevalence (% of population ages 20 to 79),2017,,diabetes_prevalence
Argentina,ARG,SH.STA.DIAB.ZS,Diabetes prevalence (% of population ages 20 to 79),2016,,diabetes_prevalence
Argentina,ARG,SH.STA.DIAB.ZS,Diabetes prevalence (% of population ages 20 to 79),2015,,diabetes_prevalence
Armenia,ARM,SH.STA.DIAB.ZS,Diabetes prevalence (% of population ages 20 to 79),2019,,diabetes_prevalence
Armenia,ARM,SH.STA.DIAB.ZS,Diabetes prevalence (% of population ages 20 to 79),2018,,diabetes_prevalence
Armenia,ARM,SH.STA.DIAB.ZS,Diabetes prevalence (% of population ages 20 to 79),2017,,diabetes_prevalence
Armenia,ARM,SH.STA.DIAB.ZS,Diabetes prevalence (% of population ages 20 to 79),2016,,diabetes_prevalence
Armenia,ARM,SH.STA.DIAB.ZS,Diabetes prevalence (% of population ages 20 to 79),2015,,diabetes_prevalence
Aruba,ABW,SH.STA.DIAB.ZS,Diabetes prevalence (% of population ages 20 to 79),2019,,diabetes_prevalence
Aruba,ABW,SH.STA.DIAB.ZS,Diabetes prevalence (% of population ages 20 to 79),2018,,diabetes_prevalence
Aruba,ABW,SH.STA.DIAB.ZS,Diabetes prevalence (% of population ages 20 to 79),2017,,diabetes_prevalence
Aruba,ABW,SH.STA.DIAB.ZS,Diabetes prevalence (% of population ages 20 to 79),2016,,diabetes_prevalence
Aruba,ABW,SH.STA.DIAB.ZS,Diabetes prevalence (% of population ages 20 to 79),2015,,diabetes_prevalence
Australia,AUS,SH.STA.DIAB.ZS,Diabetes prevalence (% of population ages 20 to 79),2019,,diabetes_prevalence
Australia,AUS,SH.STA.DIAB.ZS,Diabetes prevalence (% of population ages 20 to 79),2018,,diabetes_prevalence
Australia,AUS,SH.STA.DIAB.ZS,Diabetes prevalence (% of population ages 20 to 79),2017,,diabetes_prevalence
Australia,AUS,SH.STA.DIAB.ZS,Diabetes prevalence (% of population ages 20 to 79),2016,,diabetes_prevalence
Australia,AUS,SH.STA.DIAB.ZS,Diabetes prevalence (% of population ages 20 to 79),2015,,diabetes_prevalence
Austria,AUT,SH.STA.DIAB.ZS,Diabetes prevalence (% of population ages 20 to 79),2019,,diabetes_prevalence
Austria,AUT,SH.STA.DIAB.ZS,Diabetes prevalence (% of population ages 20 to 79),2018,,diabetes_prevalence
Austria,AUT,SH.STA.DIAB.ZS,Diabetes prevalence (% of population ages 20 to 79),2017,,diabetes_prevalence
Austria,AUT,SH.STA.DIAB.ZS,Diabetes prevalence (% of population ages 20 to 79),2016,,diabetes_prevalence
Austria,AUT,SH.STA.DIAB.ZS,Diabetes prevalence (% of population ages 20 to 79),2015,,diabetes_prevalence
Azerbaijan,AZE,SH.STA.DIAB.ZS,Diabetes prevalence (% of population ages 20 to 79),2019,,diabetes_prevalence
Azerbaijan,AZE,SH.STA.DIAB.ZS,Diabetes prevalence (% of population ages 20 to 79),2018,,diabetes_prevalence
Azerbaijan,AZE,SH.STA.DIAB.ZS,Diabetes prevalence (% of population ages 20 to 79),2017,,diabetes_prevalence
Azerbaijan,AZE,SH.STA.DIAB.ZS,Diabetes prevalence (% of population ages 20 to 79),2016,,diabetes_prevalence
Azerbaijan,AZE,SH.STA.DIAB.ZS,Diabetes prevalence (% of population ages 20 to 79),2015,,diabetes_prevalence
"Bahamas, The",BHS,SH.STA.DIAB.ZS,Diabetes prevalence (% of population ages 20 to 79),2019,,diabetes_prevalence
"Bahamas, The",BHS,SH.STA.DIAB.ZS,Diabetes prevalence (% of population ages 20 to 79),2018,,diabetes_prevalence
"Bahamas, The",BHS,SH.STA.DIAB.ZS,Diabetes prevalence (% of population ages 20 to 79),2017,,diabetes_prevalence
"Bahamas, The",BHS,SH.STA.DIAB.ZS,Diabetes prevalence (% of population ages 20 to 79),2016,,diabetes_prevalence
"Bahamas, The",BHS,SH.STA.DIAB.ZS,Diabetes prevalence (% of population ages 20 to 79),2015,,diabetes_prevalence
Bahrain,BHR,SH.STA.DIAB.ZS,Diabetes prevalence (% of population ages 20 to 79),2019,,diabetes_prevalence
Bahrain,BHR,SH.STA.DIAB.ZS,Diabetes prevalence (% of population ages 20 to 79),2018,,diabetes_prevalence
Bahrain,BHR,SH.STA.DIAB.ZS,Diabetes prevalence (% of population ages 20 to 79),2017,,diabetes_prevalence
Bahrain,BHR,SH.STA.DIAB.ZS,Diabetes prevalence (% of population ages 20 to 79),2016,,diabetes_prevalence
Bahrain,BHR,SH.STA.DIAB.ZS,Diabetes prevalence (% of population ages 20 to 79),2015,,diabetes_prevalence
Bangladesh,BGD,SH.STA.DIAB.ZS,Diabetes prevalence (% of population ages 20 to 79),2019,,diabetes_prevalence
Bangladesh,BGD,SH.STA.DIAB.ZS,Diabetes prevalence (% of population ages 20 to 79),2018,,diabetes_prevalence
Bangladesh,BGD,SH.STA.DIAB.ZS,Diabetes prevalence (% of population ages 20 to 79),2017,,diabetes_prevalence
Bangladesh,BGD,SH.STA.DIAB.ZS,Diabetes prevalence (% of population ages 20 to 79),2016,,diabetes_prevalence
Bangladesh,BGD,SH.STA.DIAB.ZS,Diabetes prevalence (% of population ages 20 to 79),2015,,diabetes_prevalence
Barbados,BRB,SH.STA.DIAB.ZS,Diabetes prevalence (% of population ages 20 to 79),2019,,diabetes_prevalence
Barbados,BRB,SH.STA.DIAB.ZS,Diabetes prevalence (% of population ages 20 to 79),2018,,diabetes_prevalence
Barbados,BRB,SH.STA.DIAB.ZS,Diabetes prevalence (% of population ages 20 to 79),2017,,diabetes_prevalence
Barbados,BRB,SH.STA.DIAB.ZS,Diabetes prevalence (% of population ages 20 to 79),2016,,diabetes_prevalence
Barbados,BRB,SH.STA.DIAB.ZS,Diabetes prevalence (% of population ages 20 to 79),2015,,diabetes_prevalence
Belarus,BLR,SH.STA.DIAB.ZS,Diabetes prevalence (% of population ages 20 to 79),2019,,diabetes_prevalence
Belarus,BLR,SH.STA.DIAB.ZS,Diabetes prevalence (% of population ages 20 to 79),2018,,diabetes_prevalence
Belarus,BLR,SH.STA.DIAB.ZS,Diabetes prevalence (% of population ages 20 to 79),2017,,diabetes_prevalence
Belarus,BLR,SH.STA.DIAB.ZS,Diabetes prevalence (% of population ages 20 to 79),2016,,diabetes_prevalence
Belarus,BLR,SH.STA.DIAB.ZS,Diabetes prevalence (% of population ages 20 to 79),2015,,diabetes_prevalence
Belgium,BEL,SH.STA.DIAB.ZS,Diabetes prevalence (% of population ages 20 to 79),2019,,diabetes_prevalence
Belgium,BEL,SH.STA.DIAB.ZS,Diabetes prevalence (% of population ages 20 to 79),2018,,diabetes_prevalence
Belgium,BEL,SH.STA.DIAB.ZS,Diabetes prevalence (% of population ages 20 to 79),2017,,diabetes_prevalence
Belgium,BEL,SH.STA.DIAB.ZS,Diabetes prevalence (% of population ages 20 to 79),2016,,diabetes_prevalence
Belgium,BEL,SH.STA.DIAB.ZS,Diabetes prevalence (% of population ages 20 to 79),2015,,diabetes_prevalence
Belize,BLZ,SH.STA.DIAB.ZS,Diabetes prevalence (% of population ages 20 to 79),2019,,diabetes_prevalence
Belize,BLZ,SH.STA.DIAB.ZS,Diabetes prevalence (% of population ages 20 to 79),2018,,diabetes_prevalence
Belize,BLZ,SH.STA.DIAB.ZS,Diabetes prevalence (% of population ages 20 to 79),2017,,diabetes_prevalence
Belize,BLZ,SH.STA.DIAB.ZS,Diabetes prevalence (% of population ages 20 to 79),2016,,diabetes_prevalence
Belize,BLZ,SH.STA.DIAB.ZS,Diabetes prevalence (% of population ages 20 to 79),2015,,diabetes_prevalence
Benin,BEN,SH.STA.DIAB.ZS,Diabetes prevalence (% of population ages 20 to 79),2019,,diabetes_prevalence
Benin,BEN,SH.STA.DIAB.ZS,Diabetes prevalence (% of population ages 20 to 79),2018,,diabetes_prevalence
Benin,BEN,SH.STA.DIAB.ZS,Diabetes prevalence (% of population ages 20 to 79),2017,,diabetes_prevalence
Benin,BEN,SH.STA.DIAB.ZS,Diabetes prevalence (% of population ages 20 to 79),2016,,diabetes_prevalence
Benin,BEN,SH.STA.DIAB.ZS,Diabetes prevalence (% of population ages 20 to 79),2015,,diabetes_prevalence
Bermuda,BMU,SH.STA.DIAB.ZS,Diabetes prevalence (% of population ages 20 to 79),2019,,diabetes_prevalence
Bermuda,BMU,SH.STA.DIAB.ZS,Diabetes prevalence (% of population ages 20 to 79),2018,,diabetes_prevalence
Bermuda,BMU,SH.STA.DIAB.ZS,Diabetes prevalence (% of population ages 20 to 79),2017,,diabetes_prevalence
Bermuda,BMU,SH.STA.DIAB.ZS,Diabetes prevalence (% of population ages 20 to 79),2016,,diabetes_prevalence
Bermuda,BMU,SH.STA.DIAB.ZS,Diabetes prevalence (% of population ages 20 to 79),2015,,diabetes_prevalence
Bhutan,BTN,SH.STA.DIAB.ZS,Diabetes prevalence (% of population ages 20 to 79),2019,,diabetes_prevalence
Bhutan,BTN,SH.STA.DIAB.ZS,Diabetes prevalence (% of population ages 20 to 79),2018,,diabetes_prevalence
Bhutan,BTN,SH.STA.DIAB.ZS,Diabetes prevalence (% of population ages 20 to 79),2017,,diabetes_prevalence
Bhutan,BTN,SH.STA.DIAB.ZS,Diabetes prevalence (% of population ages 20 to 79),2016,,diabetes_prevalence
Bhutan,BTN,SH.STA.DIAB.ZS,Diabetes prevalence (% of population ages 20 to 79),2015,,diabetes_prevalence
Bolivia,BOL,SH.STA.DIAB.ZS,Diabetes prevalence (% of population ages 20 to 79),2019,,diabetes_prevalence
Bolivia,BOL,SH.STA.DIAB.ZS,Diabetes prevalence (% of population ages 20 to 79),2018,,diabetes_prevalence
Bolivia,BOL,SH.STA.DIAB.ZS,Diabetes prevalence (% of population ages 20 to 79),2017,,diabetes_prevalence
Bolivia,BOL,SH.STA.DIAB.ZS,Diabetes prevalence (% of population ages 20 to 79),2016,,diabetes_prevalence
Bolivia,BOL,SH.STA.DIAB.ZS,Diabetes prevalence (% of population ages 20 to 79),2015,,diabetes_prevalence
Bosnia and Herzegovina,BIH,SH.STA.DIAB.ZS,Diabetes prevalence (% of population ages 20 to 79),2019,,diabetes_prevalence
Bosnia and Herzegovina,BIH,SH.STA.DIAB.ZS,Diabetes prevalence (% of population ages 20 to 79),2018,,diabetes_prevalence
Bosnia and Herzegovina,BIH,SH.STA.DIAB.ZS,Diabetes prevalence (% of population ages 20 to 79),2017,,diabetes_prevalence
Bosnia and Herzegovina,BIH,SH.STA.DIAB.ZS,Diabetes prevalence (% of population ages 20 to 79),2016,,diabetes_prevalence
Bosnia and Herzegovina,BIH,SH.STA.DIAB.ZS,Diabetes prevalence (% of population ages 20 to 79),2015,,diabetes_prevalence
Botswana,BWA,SH.STA.DIAB.ZS,Diabetes prevalence (% of population ages 20 to 79),2019,,diabetes_prevalence
Botswana,BWA,SH.STA.DIAB.ZS,Diabetes prevalence (% of population ages 20 to 79),2018,,diabetes_prevalence
Botswana,BWA,SH.STA.DIAB.ZS,Diabetes prevalence (% of population ages 20 to 79),2017,,diabetes_prevalence
Botswana,BWA,SH.STA.DIAB.ZS,Diabetes prevalence (% of population ages 20 to 79),2016,,diabetes_prevalence
Botswana,BWA,SH.STA.DIAB.ZS,Diabetes prevalence (% of population ages 20 to 79),2015,,diabetes_prevalence
Brazil,BRA,SH.STA.DIAB.ZS,Diabetes prevalence (% of population ages 20 to 79),2019,,diabetes_prevalence
Brazil,BRA,SH.STA.DIAB.ZS,Diabetes prevalence (% of population ages 20 to 79),2018,,diabetes_prevalence
Brazil,BRA,SH.STA.DIAB.ZS,Diabetes prevalence (% of population ages 20 to 79),2017,,diabetes_prevalence
Brazil,BRA,SH.STA.DIAB.ZS,Diabetes prevalence (% of population ages 20 to 79),2016,,diabetes_prevalence
Brazil,BRA,SH.STA.DIAB.ZS,Diabetes prevalence (% of population ages 20 to 79),2015,,diabetes_prevalence
British Virgin Islands,VGB,SH.STA.DIAB.ZS,Diabetes prevalence (% of population ages 20 to 79),2019,,diabetes_prevalence
British Virgin Islands,VGB,SH.STA.DIAB.ZS,Diabetes prevalence (% of population ages 20 to 79),2018,,diabetes_prevalence
British Virgin Islands,VGB,SH.STA.DIAB.ZS,Diabetes prevalence (% of population ages 20 to 79),2017,,diabetes_prevalence
British Virgin Islands,VGB,SH.STA.DIAB.ZS,Diabetes prevalence (% of population ages 20 to 79),2016,,diabetes_prevalence
British Virgin Islands,VGB,SH.STA.DIAB.ZS,Diabetes prevalence (% of population ages 20 to 79),2015,,diabetes_prevalence
Brunei Darussalam,BRN,SH.STA.DIAB.ZS,Diabetes prevalence (% of population ages 20 to 79),2019,,diabetes_prevalence
Brunei Darussalam,BRN,SH.STA.DIAB.ZS,Diabetes prevalence (% of population ages 20 to 79),2018,,diabetes_prevalence
Brunei Darussalam,BRN,SH.STA.DIAB.ZS,Diabetes prevalence (% of population ages 20 to 79),2017,,diabetes_prevalence
Brunei Darussalam,BRN,SH.STA.DIAB.ZS,Diabetes prevalence (% of population ages 20 to 79),2016,,diabetes_prevalence
Brunei Darussalam,BRN,SH.STA.DIAB.ZS,Diabetes prevalence (% of population ages 20 to 79),2015,,diabetes_prevalence
Bulgaria,BGR,SH.STA.DIAB.ZS,Diabetes prevalence (% of population ages 20 to 79),2019,,diabetes_prevalence
Bulgaria,BGR,SH.STA.DIAB.ZS,Diabetes prevalence (% of population ages 20 to 79),2018,,diabetes_prevalence
Bulgaria,BGR,SH.STA.DIAB.ZS,Diabetes prevalence (% of population ages 20 to 79),2017,,diabetes_prevalence
Bulgaria,BGR,SH.STA.DIAB.ZS,Diabetes prevalence (% of population ages 20 to 79),2016,,diabetes_prevalence
Bulgaria,BGR,SH.STA.DIAB.ZS,Diabetes prevalence (% of population ages 20 to 79),2015,,diabetes_prevalence
Burkina Faso,BFA,SH.STA.DIAB.ZS,Diabetes prevalence (% of population ages 20 to 79),2019,,diabetes_prevalence
Burkina Faso,BFA,SH.STA.DIAB.ZS,Diabetes prevalence (% of population ages 20 to 79),2018,,diabetes_prevalence
Burkina Faso,BFA,SH.STA.DIAB.ZS,Diabetes prevalence (% of population ages 20 to 79),2017,,diabetes_prevalence
Burkina Faso,BFA,SH.STA.DIAB.ZS,Diabetes prevalence (% of population ages 20 to 79),2016,,diabetes_prevalence
Burkina Faso,BFA,SH.STA.DIAB.ZS,Diabetes prevalence (% of population ages 20 to 79),2015,,diabetes_prevalence
Burundi,BDI,SH.STA.DIAB.ZS,Diabetes prevalence (% of population ages 20 to 79),2019,,diabetes_prevalence
Burundi,BDI,SH.STA.DIAB.ZS,Diabetes prevalence (% of population ages 20 to 79),2018,,diabetes_prevalence
Burundi,BDI,SH.STA.DIAB.ZS,Diabetes prevalence (% of population ages 20 to 79),2017,,diabetes_prevalence
Burundi,BDI,SH.STA.DIAB.ZS,Diabetes prevalence (% of population ages 20 to 79),2016,,diabetes_prevalence
Burundi,BDI,SH.STA.DIAB.ZS,Diabetes prevalence (% of population ages 20 to 79),2015,,diabetes_prevalence
Cabo Verde,CPV,SH.STA.DIAB.ZS,Diabetes prevalence (% of population ages 20 to 79),2019,,diabetes_prevalence
Cabo Verde,CPV,SH.STA.DIAB.ZS,Diabetes prevalence (% of population ages 20 to 79),2018,,diabetes_prevalence
Cabo Verde,CPV,SH.STA.DIAB.ZS,Diabetes prevalence (% of population ages 20 to 79),2017,,diabetes_prevalence
Cabo Verde,CPV,SH.STA.DIAB.ZS,Diabetes prevalence (% of population ages 20 to 79),2016,,diabetes_prevalence
Cabo Verde,CPV,SH.STA.DIAB.ZS,Diabetes prevalence (% of population ages 20 to 79),2015,,diabetes_prevalence
Cambodia,KHM,SH.STA.DIAB.ZS,Diabetes prevalence (% of population ages 20 to 79),2019,,diabetes_prevalence
Cambodia,KHM,SH.STA.DIAB.ZS,Diabetes prevalence (% of population ages 20 to 79),2018,,diabetes_prevalence
Cambodia,KHM,SH.STA.DIAB.ZS,Diabetes prevalence (% of population ages 20 to 79),2017,,diabetes_prevalence
Cambodia,KHM,SH.STA.DIAB.ZS,Diabetes prevalence (% of population ages 20 to 79),2016,,diabetes_prevalence
Cambodia,KHM,SH.STA.DIAB.ZS,Diabetes prevalence (% of population ages 20 to 79),2015,,diabetes_prevalence
Cameroon,CMR,SH.STA.DIAB.ZS,Diabetes prevalence (% of population ages 20 to 79),2019,,diabetes_prevalence
Cameroon,CMR,SH.STA.DIAB.ZS,Diabetes prevalence (% of population ages 20 to 79),2018,,diabetes_prevalence
Cameroon,CMR,SH.STA.DIAB.ZS,Diabetes prevalence (% of population ages 20 to 79),2017,,diabetes_prevalence
Cameroon,CMR,SH.STA.DIAB.ZS,Diabetes prevalence (% of population ages 20 to 79),2016,,diabetes_prevalence
Cameroon,CMR,SH.STA.DIAB.ZS,Diabetes prevalence (% of population ages 20 to 79),2015,,diabetes_prevalence
Canada,CAN,SH.STA.DIAB.ZS,Diabetes prevalence (% of population ages 20 to 79),2019,,diabetes_prevalence
Canada,CAN,SH.STA.DIAB.ZS,Diabetes prevalence (% of population ages 20 to 79),2018,,diabetes_prevalence
Canada,CAN,SH.STA.DIAB.ZS,Diabetes prevalence (% of population ages 20 to 79),2017,,diabetes_prevalence
Canada,CAN,SH.STA.DIAB.ZS,Diabetes prevalence (% of population ages 20 to 79),2016,,diabetes_prevalence
Canada,CAN,SH.STA.DIAB.ZS,Diabetes prevalence (% of population ages 20 to 79),2015,,diabetes_prevalence
Cayman Islands,CYM,SH.STA.DIAB.ZS,Diabetes prevalence (% of population ages 20 to 79),2019,,diabetes_prevalence
Cayman Islands,CYM,SH.STA.DIAB.ZS,Diabetes prevalence (% of population ages 20 to 79),2018,,diabetes_prevalence
Cayman Islands,CYM,SH.STA.DIAB.ZS,Diabetes prevalence (% of population ages 20 to 79),2017,,diabetes_prevalence
Cayman Islands,CYM,SH.STA.DIAB.ZS,Diabetes prevalence (% of population ages 20 to 79),2016,,diabetes_prevalence
Cayman Islands,CYM,SH.STA.DIAB.ZS,Diabetes prevalence (% of population ages 20 to 79),2015,,diabetes_prevalence
Central African Republic,CAF,SH.STA.DIAB.ZS,Diabetes prevalence (% of population ages 20 to 79),2019,,diabetes_prevalence
Central African Republic,CAF,SH.STA.DIAB.ZS,Diabetes prevalence (% of population ages 20 to 79),2018,,diabetes_prevalence
Central African Republic,CAF,SH.STA.DIAB.ZS,Diabetes prevalence (% of population ages 20 to 79),2017,,diabetes_prevalence
Central African Republic,CAF,SH.STA.DIAB.ZS,Diabetes prevalence (% of population ages 20 to 79),2016,,diabetes_prevalence
Central African Republic,CAF,SH.STA.DIAB.ZS,Diabetes prevalence (% of population ages 20 to 79),2015,,diabetes_prevalence
Chad,TCD,SH.STA.DIAB.ZS,Diabetes prevalence (% of population ages 20 to 79),2019,,diabetes_prevalence
Chad,TCD,SH.STA.DIAB.ZS,Diabetes prevalence (% of population ages 20 to 79),2018,,diabetes_prevalence
Chad,TCD,SH.STA.DIAB.ZS,Diabetes prevalence (% of population ages 20 to 79),2017,,diabetes_prevalence
Chad,TCD,SH.STA.DIAB.ZS,Diabetes prevalence (% of population ages 20 to 79),2016,,diabetes_prevalence
Chad,TCD,SH.STA.DIAB.ZS,Diabetes prevalence (% of population ages 20 to 79),2015,,diabetes_prevalence
Channel Islands,CHI,SH.STA.DIAB.ZS,Diabetes prevalence (% of population ages 20 to 79),2019,,diabetes_prevalence
Channel Islands,CHI,SH.STA.DIAB.ZS,Diabetes prevalence (% of population ages 20 to 79),2018,,diabetes_prevalence
Channel Islands,CHI,SH.STA.DIAB.ZS,Diabetes prevalence (% of population ages 20 to 79),2017,,diabetes_prevalence
Channel Islands,CHI,SH.STA.DIAB.ZS,Diabetes prevalence (% of population ages 20 to 79),2016,,diabetes_prevalence
Channel Islands,CHI,SH.STA.DIAB.ZS,Diabetes prevalence (% of population ages 20 to 79),2015,,diabetes_prevalence
Chile,CHL,SH.STA.DIAB.ZS,Diabetes prevalence (% of population ages 20 to 79),2019,,diabetes_prevalence
Chile,CHL,SH.STA.DIAB.ZS,Diabetes prevalence (% of population ages 20 to 79),2018,,diabetes_prevalence
Chile,CHL,SH.STA.DIAB.ZS,Diabetes prevalence (% of population ages 20 to 79),2017,,diabetes_prevalence
Chile,CHL,SH.STA.DIAB.ZS,Diabetes prevalence (% of population ages 20 to 79),2016,,diabetes_prevalence
Chile,CHL,SH.STA.DIAB.ZS,Diabetes prevalence (% of population ages 20 to 79),2015,,diabetes_prevalence
China,CHN,SH.STA.DIAB.ZS,Diabetes prevalence (% of population ages 20 to 79),2019,,diabetes_prevalence
China,CHN,SH.STA.DIAB.ZS,Diabetes prevalence (% of population ages 20 to 79),2018,,diabetes_prevalence
China,CHN,SH.STA.DIAB.ZS,Diabetes prevalence (% of population ages 20 to 79),2017,,diabetes_prevalence
China,CHN,SH.STA.DIAB.ZS,Diabetes prevalence (% of population ages 20 to 79),2016,,diabetes_prevalence
China,CHN,SH.STA.DIAB.ZS,Diabetes prevalence (% of population ages 20 to 79),2015,,diabetes_prevalence
Colombia,COL,SH.STA.DIAB.ZS,Diabetes prevalence (% of population ages 20 to 79),2019,,diabetes_prevalence
Colombia,COL,SH.STA.DIAB.ZS,Diabetes prevalence (% of population ages 20 to 79),2018,,diabetes_prevalence
Colombia,COL,SH.STA.DIAB.ZS,Diabetes prevalence (% of population ages 20 to 79),2017,,diabetes_prevalence
Colombia,COL,SH.STA.DIAB.ZS,Diabetes prevalence (% of population ages 20 to 79),2016,,diabetes_prevalence
Colombia,COL,SH.STA.DIAB.ZS,Diabetes prevalence (% of population ages 20 to 79),2015,,diabetes_prevalence
Comoros,COM,SH.STA.DIAB.ZS,Diabetes prevalence (% of population ages 20 to 79),2019,,diabetes_prevalence
Comoros,COM,SH.STA.DIAB.ZS,Diabetes prevalence (% of population ages 20 to 79),2018,,diabetes_prevalence
Comoros,COM,SH.STA.DIAB.ZS,Diabetes prevalence (% of population ages 20 to 79),2017,,diabetes_prevalence
Comoros,COM,SH.STA.DIAB.ZS,Diabetes prevalence (% of population ages 20 to 79),2016,,diabetes_prevalence
Comoros,COM,SH.STA.DIAB.ZS,Diabetes prevalence (% of population ages 20 to 79),2015,,diabetes_prevalence
"Congo, Dem. Rep.",COD,SH.STA.DIAB.ZS,Diabetes prevalence (% of population ages 20 to 79),2019,,diabetes_prevalence
"Congo, Dem. Rep.",COD,SH.STA.DIAB.ZS,Diabetes prevalence (% of population ages 20 to 79),2018,,diabetes_prevalence
"Congo, Dem. Rep.",COD,SH.STA.DIAB.ZS,Diabetes prevalence (% of population ages 20 to 79),2017,,diabetes_prevalence
"Congo, Dem. Rep.",COD,SH.STA.DIAB.ZS,Diabetes prevalence (% of population ages 20 to 79),2016,,diabetes_prevalence
"Congo, Dem. Rep.",COD,SH.STA.DIAB.ZS,Diabetes prevalence (% of population ages 20 to 79),2015,,diabetes_prevalence
"Congo, Rep.",COG,SH.STA.DIAB.ZS,Diabetes prevalence (% of population ages 20 to 79),2019,,diabetes_prevalence
"Congo, Rep.",COG,SH.STA.DIAB.ZS,Diabetes prevalence (% of population ages 20 to 79),2018,,diabetes_prevalence
"Congo, Rep.",COG,SH.STA.DIAB.ZS,Diabetes prevalence (% of population ages 20 to 79),2017,,diabetes_prevalence
"Congo, Rep.",COG,SH.STA.DIAB.ZS,Diabetes prevalence (% of population ages 20 to 79),2016,,diabetes_prevalence
"Congo, Rep.",COG,SH.STA.DIAB.ZS,Diabetes prevalence (% of population ages 20 to 79),2015,,diabetes_prevalence
Costa Rica,CRI,SH.STA.DIAB.ZS,Diabetes prevalence (% of population ages 20 to 79),2019,,diabetes_prevalence
Costa Rica,CRI,SH.STA.DIAB.ZS,Diabetes prevalence (% of population ages 20 to 79),2018,,diabetes_prevalence
Costa Rica,CRI,SH.STA.DIAB.ZS,Diabetes prevalence (% of population ages 20 to 79),2017,,diabetes_prevalence
Costa Rica,CRI,SH.STA.DIAB.ZS,Diabetes prevalence (% of population ages 20 to 79),2016,,diabetes_prevalence
Costa Rica,CRI,SH.STA.DIAB.ZS,Diabetes prevalence (% of population ages 20 to 79),2015,,diabetes_prevalence
Cote d'Ivoire,CIV,SH.STA.DIAB.ZS,Diabetes prevalence (% of population ages 20 to 79),2019,,diabetes_prevalence
Cote d'Ivoire,CIV,SH.STA.DIAB.ZS,Diabetes prevalence (% of population ages 20 to 79),2018,,diabetes_prevalence
Cote d'Ivoire,CIV,SH.STA.DIAB.ZS,Diabetes prevalence (% of population ages 20 to 79),2017,,diabetes_prevalence
Cote d'Ivoire,CIV,SH.STA.DIAB.ZS,Diabetes prevalence (% of population ages 20 to 79),2016,,diabetes_prevalence
Cote d'Ivoire,CIV,SH.STA.DIAB.ZS,Diabetes prevalence (% of population ages 20 to 79),2015,,diabetes_prevalence
Croatia,HRV,SH.STA.DIAB.ZS,Diabetes prevalence (% of population ages 20 to 79),2019,,diabetes_prevalence
Croatia,HRV,SH.STA.DIAB.ZS,Diabetes prevalence (% of population ages 20 to 79),2018,,diabetes_prevalence
Croatia,HRV,SH.STA.DIAB.ZS,Diabetes prevalence (% of population ages 20 to 79),2017,,diabetes_prevalence
Croatia,HRV,SH.STA.DIAB.ZS,Diabetes prevalence (% of population ages 20 to 79),2016,,diabetes_prevalence
Croatia,HRV,SH.STA.DIAB.ZS,Diabetes prevalence (% of population ages 20 to 79),2015,,diabetes_prevalence
Cuba,CUB,SH.STA.DIAB.ZS,Diabetes prevalence (% of population ages 20 to 79),2019,,diabetes_prevalence
Cuba,CUB,SH.STA.DIAB.ZS,Diabetes prevalence (% of population ages 20 to 79),2018,,diabetes_prevalence
Cuba,CUB,SH.STA.DIAB.ZS,Diabetes prevalence (% of population ages 20 to 79),2017,,diabetes_prevalence
Cuba,CUB,SH.STA.DIAB.ZS,Diabetes prevalence (% of population ages 20 to 79),2016,,diabetes_prevalence
Cuba,CUB,SH.STA.DIAB.ZS,Diabetes prevalence (% of population ages 20 to 79),2015,,diabetes_prevalence
Curacao,CUW,SH.STA.DIAB.ZS,Diabetes prevalence (% of population ages 20 to 79),2019,,diabetes_prevalence
Curacao,CUW,SH.STA.DIAB.ZS,Diabetes prevalence (% of population ages 20 to 79),2018,,diabetes_prevalence
Curacao,CUW,SH.STA.DIAB.ZS,Diabetes prevalence (% of population ages 20 to 79),2017,,diabetes_prevalence
Curacao,CUW,SH.STA.DIAB.ZS,Diabetes prevalence (% of population ages 20 to 79),2016,,diabetes_prevalence
Curacao,CUW,SH.STA.DIAB.ZS,Diabetes prevalence (% of population ages 20 to 79),2015,,diabetes_prevalence
Cyprus,CYP,SH.STA.DIAB.ZS,Diabetes prevalence (% of population ages 20 to 79),2019,,diabetes_prevalence
Cyprus,CYP,SH.STA.DIAB.ZS,Diabetes prevalence (% of population ages 20 to 79),2018,,diabetes_prevalence
Cyprus,CYP,SH.STA.DIAB.ZS,Diabetes prevalence (% of population ages 20 to 79),2017,,diabetes_prevalence
Cyprus,CYP,SH.STA.DIAB.ZS,Diabetes prevalence (% of population ages 20 to 79),2016,,diabetes_prevalence
Cyprus,CYP,SH.STA.DIAB.ZS,Diabetes prevalence (% of population ages 20 to 79),2015,,diabetes_prevalence
Czechia,CZE,SH.STA.DIAB.ZS,Diabetes prevalence (% of population ages 20 to 79),2019,,diabetes_prevalence
Czechia,CZE,SH.STA.DIAB.ZS,Diabetes prevalence (% of population ages 20 to 79),2018,,diabetes_prevalence
Czechia,CZE,SH.STA.DIAB.ZS,Diabetes prevalence (% of population ages 20 to 79),2017,,diabetes_prevalence
Czechia,CZE,SH.STA.DIAB.ZS,Diabetes prevalence (% of population ages 20 to 79),2016,,diabetes_prevalence
Czechia,CZE,SH.STA.DIAB.ZS,Diabetes prevalence (% of population ages 20 to 79),2015,,diabetes_prevalence
Denmark,DNK,SH.STA.DIAB.ZS,Diabetes prevalence (% of population ages 20 to 79),2019,,diabetes_prevalence
Denmark,DNK,SH.STA.DIAB.ZS,Diabetes prevalence (% of population ages 20 to 79),2018,,diabetes_prevalence
Denmark,DNK,SH.STA.DIAB.ZS,Diabetes prevalence (% of population ages 20 to 79),2017,,diabetes_prevalence
Denmark,DNK,SH.STA.DIAB.ZS,Diabetes prevalence (% of population ages 20 to 79),2016,,diabetes_prevalence
Denmark,DNK,SH.STA.DIAB.ZS,Diabetes prevalence (% of population ages 20 to 79),2015,,diabetes_prevalence
Djibouti,DJI,SH.STA.DIAB.ZS,Diabetes prevalence (% of population ages 20 to 79),2019,,diabetes_prevalence
Djibouti,DJI,SH.STA.DIAB.ZS,Diabetes prevalence (% of population ages 20 to 79),2018,,diabetes_prevalence
Djibouti,DJI,SH.STA.DIAB.ZS,Diabetes prevalence (% of population ages 20 to 79),2017,,diabetes_prevalence
Djibouti,DJI,SH.STA.DIAB.ZS,Diabetes prevalence (% of population ages 20 to 79),2016,,diabetes_prevalence
Djibouti,DJI,SH.STA.DIAB.ZS,Diabetes prevalence (% of population ages 20 to 79),2015,,diabetes_prevalence
Dominica,DMA,SH.STA.DIAB.ZS,Diabetes prevalence (% of population ages 20 to 79),2019,,diabetes_prevalence
Dominica,DMA,SH.STA.DIAB.ZS,Diabetes prevalence (% of population ages 20 to 79),2018,,diabetes_prevalence
Dominica,DMA,SH.STA.DIAB.ZS,Diabetes prevalence (% of population ages 20 to 79),2017,,diabetes_prevalence
Dominica,DMA,SH.STA.DIAB.ZS,Diabetes prevalence (% of population ages 20 to 79),2016,,diabetes_prevalence
Dominica,DMA,SH.STA.DIAB.ZS,Diabetes prevalence (% of population ages 20 to 79),2015,,diabetes_prevalence
Dominican Republic,DOM,SH.STA.DIAB.ZS,Diabetes prevalence (% of population ages 20 to 79),2019,,diabetes_prevalence
Dominican Republic,DOM,SH.STA.DIAB.ZS,Diabetes prevalence (% of population ages 20 to 79),2018,,diabetes_prevalence
Dominican Republic,DOM,SH.STA.DIAB.ZS,Diabetes prevalence (% of population ages 20 to 79),2017,,diabetes_prevalence
Dominican Republic,DOM,SH.STA.DIAB.ZS,Diabetes prevalence (% of population ages 20 to 79),2016,,diabetes_prevalence
Dominican Republic,DOM,SH.STA.DIAB.ZS,Diabetes prevalence (% of population ages 20 to 79),2015,,diabetes_prevalence
Ecuador,ECU,SH.STA.DIAB.ZS,Diabetes prevalence (% of population ages 20 to 79),2019,,diabetes_prevalence
Ecuador,ECU,SH.STA.DIAB.ZS,Diabetes prevalence (% of population ages 20 to 79),2018,,diabetes_prevalence
Ecuador,ECU,SH.STA.DIAB.ZS,Diabetes prevalence (% of population ages 20 to 79),2017,,diabetes_prevalence
Ecuador,ECU,SH.STA.DIAB.ZS,Diabetes prevalence (% of population ages 20 to 79),2016,,diabetes_prevalence
Ecuador,ECU,SH.STA.DIAB.ZS,Diabetes prevalence (% of population ages 20 to 79),2015,,diabetes_prevalence
"Egypt, Arab Rep.",EGY,SH.STA.DIAB.ZS,Diabetes prevalence (% of population ages 20 to 79),2019,,diabetes_prevalence
"Egypt, Arab Rep.",EGY,SH.STA.DIAB.ZS,Diabetes prevalence (% of population ages 20 to 79),2018,,diabetes_prevalence
"Egypt, Arab Rep.",EGY,SH.STA.DIAB.ZS,Diabetes prevalence (% of population ages 20 to 79),2017,,diabetes_prevalence
"Egypt, Arab Rep.",EGY,SH.STA.DIAB.ZS,Diabetes prevalence (% of population ages 20 to 79),2016,,diabetes_prevalence
"Egypt, Arab Rep.",EGY,SH.STA.DIAB.ZS,Diabetes prevalence (% of population ages 20 to 79),2015,,diabetes_prevalence
El Salvador,SLV,SH.STA.DIAB.ZS,Diabetes prevalence (% of population ages 20 to 79),2019,,diabetes_prevalence
El Salvador,SLV,SH.STA.DIAB.ZS,Diabetes prevalence (% of population ages 20 to 79),2018,,diabetes_prevalence
El Salvador,SLV,SH.STA.DIAB.ZS,Diabetes prevalence (% of population ages 20 to 79),2017,,diabetes_prevalence
El Salvador,SLV,SH.STA.DIAB.ZS,Diabetes prevalence (% of population ages 20 to 79),2016,,diabetes_prevalence
El Salvador,SLV,SH.STA.DIAB.ZS,Diabetes prevalence (% of population ages 20 to 79),2015,,diabetes_prevalence
Equatorial Guinea,GNQ,SH.STA.DIAB.ZS,Diabetes prevalence (% of population ages 20 to 79),2019,,diabetes_prevalence
Equatorial Guinea,GNQ,SH.STA.DIAB.ZS,Diabetes prevalence (% of population ages 20 to 79),2018,,diabetes_prevalence
Equatorial Guinea,GNQ,SH.STA.DIAB.ZS,Diabetes prevalence (% of population ages 20 to 79),2017,,diabetes_prevalence
Equatorial Guinea,GNQ,SH.STA.DIAB.ZS,Diabetes prevalence (% of population ages 20 to 79),2016,,diabetes_prevalence
Equatorial Guinea,GNQ,SH.STA.DIAB.ZS,Diabetes prevalence (% of population ages 20 to 79),2015,,diabetes_prevalence
Eritrea,ERI,SH.STA.DIAB.ZS,Diabetes prevalence (% of population ages 20 to 79),2019,,diabetes_prevalence
Eritrea,ERI,SH.STA.DIAB.ZS,Diabetes prevalence (% of population ages 20 to 79),2018,,diabetes_prevalence
Eritrea,ERI,SH.STA.DIAB.ZS,Diabetes prevalence (% of population ages 20 to 79),2017,,diabetes_prevalence
Eritrea,ERI,SH.STA.DIAB.ZS,Diabetes prevalence (% of population ages 20 to 79),2016,,diabetes_prevalence
Eritrea,ERI,SH.STA.DIAB.ZS,Diabetes prevalence (% of population ages 20 to 79),2015,,diabetes_prevalence
Estonia,EST,SH.STA.DIAB.ZS,Diabetes prevalence (% of population ages 20 to 79),2019,,diabetes_prevalence
Estonia,EST,SH.STA.DIAB.ZS,Diabetes prevalence (% of population ages 20 to 79),2018,,diabetes_prevalence
Estonia,EST,SH.STA.DIAB.ZS,Diabetes prevalence (% of population ages 20 to 79),2017,,diabetes_prevalence
Estonia,EST,SH.STA.DIAB.ZS,Diabetes prevalence (% of population ages 20 to 79),2016,,diabetes_prevalence
Estonia,EST,SH.STA.DIAB.ZS,Diabetes prevalence (% of population ages 20 to 79),2015,,diabetes_prevalence
Eswatini,SWZ,SH.STA.DIAB.ZS,Diabetes prevalence (% of population ages 20 to 79),2019,,diabetes_prevalence
Eswatini,SWZ,SH.STA.DIAB.ZS,Diabetes prevalence (% of population ages 20 to 79),2018,,diabetes_prevalence
Eswatini,SWZ,SH.STA.DIAB.ZS,Diabetes prevalence (% of population ages 20 to 79),2017,,diabetes_prevalence
Eswatini,SWZ,SH.STA.DIAB.ZS,Diabetes prevalence (% of population ages 20 to 79),2016,,diabetes_prevalence
Eswatini,SWZ,SH.STA.DIAB.ZS,Diabetes prevalence (% of population ages 20 to 79),2015,,diabetes_prevalence
Ethiopia,ETH,SH.STA.DIAB.ZS,Diabetes prevalence (% of population ages 20 to 79),2019,,diabetes_prevalence
Ethiopia,ETH,SH.STA.DIAB.ZS,Diabetes prevalence (% of population ages 20 to 79),2018,,diabetes_prevalence
Ethiopia,ETH,SH.STA.DIAB.ZS,Diabetes prevalence (% of population ages 20 to 79),2017,,diabetes_prevalence
Ethiopia,ETH,SH.STA.DIAB.ZS,Diabetes prevalence (% of population ages 20 to 79),2016,,diabetes_prevalence
Ethiopia,ETH,SH.STA.DIAB.ZS,Diabetes prevalence (% of population ages 20 to 79),2015,,diabetes_prevalence
Faroe Islands,FRO,SH.STA.DIAB.ZS,Diabetes prevalence (% of population ages 20 to 79),2019,,diabetes_prevalence
Faroe Islands,FRO,SH.STA.DIAB.ZS,Diabetes prevalence (% of population ages 20 to 79),2018,,diabetes_prevalence
Faroe Islands,FRO,SH.STA.DIAB.ZS,Diabetes prevalence (% of population ages 20 to 79),2017,,diabetes_prevalence
Faroe Islands,FRO,SH.STA.DIAB.ZS,Diabetes prevalence (% of population ages 20 to 79),2016,,diabetes_prevalence
Faroe Islands,FRO,SH.STA.DIAB.ZS,Diabetes prevalence (% of population ages 20 to 79),2015,,diabetes_prevalence
Fiji,FJI,SH.STA.DIAB.ZS,Diabetes prevalence (% of population ages 20 to 79),2019,,diabetes_prevalence
Fiji,FJI,SH.STA.DIAB.ZS,Diabetes prevalence (% of population ages 20 to 79),2018,,diabetes_prevalence
Fiji,FJI,SH.STA.DIAB.ZS,Diabetes prevalence (% of population ages 20 to 79),2017,,diabetes_prevalence
Fiji,FJI,SH.STA.DIAB.ZS,Diabetes prevalence (% of population ages 20 to 79),2016,,diabetes_prevalence
Fiji,FJI,SH.STA.DIAB.ZS,Diabetes prevalence (% of population ages 20 to 79),2015,,diabetes_prevalence
Finland,FIN,SH.STA.DIAB.ZS,Diabetes prevalence (% of population ages 20 to 79),2019,,diabetes_prevalence
Finland,FIN,SH.STA.DIAB.ZS,Diabetes prevalence (% of population ages 20 to 79),2018,,diabetes_prevalence
Finland,FIN,SH.STA.DIAB.ZS,Diabetes prevalence (% of population ages 20 to 79),2017,,diabetes_prevalence
Finland,FIN,SH.STA.DIAB.ZS,Diabetes prevalence (% of population ages 20 to 79),2016,,diabetes_prevalence
Finland,FIN,SH.STA.DIAB.ZS,Diabetes prevalence (% of population ages 20 to 79),2015,,diabetes_prevalence
France,FRA,SH.STA.DIAB.ZS,Diabetes prevalence (% of population ages 20 to 79),2019,,diabetes_prevalence
France,FRA,SH.STA.DIAB.ZS,Diabetes prevalence (% of population ages 20 to 79),2018,,diabetes_prevalence
France,FRA,SH.STA.DIAB.ZS,Diabetes prevalence (% of population ages 20 to 79),2017,,diabetes_prevalence
France,FRA,SH.STA.DIAB.ZS,Diabetes prevalence (% of population ages 20 to 79),2016,,diabetes_prevalence
France,FRA,SH.STA.DIAB.ZS,Diabetes prevalence (% of population ages 20 to 79),2015,,diabetes_prevalence
French Polynesia,PYF,SH.STA.DIAB.ZS,Diabetes prevalence (% of population ages 20 to 79),2019,,diabetes_prevalence
French Polynesia,PYF,SH.STA.DIAB.ZS,Diabetes prevalence (% of population ages 20 to 79),2018,,diabetes_prevalence
French Polynesia,PYF,SH.STA.DIAB.ZS,Diabetes prevalence (% of population ages 20 to 79),2017,,diabetes_prevalence
French Polynesia,PYF,SH.STA.DIAB.ZS,Diabetes prevalence (% of population ages 20 to 79),2016,,diabetes_prevalence
French Polynesia,PYF,SH.STA.DIAB.ZS,Diabetes prevalence (% of population ages 20 to 79),2015,,diabetes_prevalence
Gabon,GAB,SH.STA.DIAB.ZS,Diabetes prevalence (% of population ages 20 to 79),2019,,diabetes_prevalence
Gabon,GAB,SH.STA.DIAB.ZS,Diabetes prevalence (% of population ages 20 to 79),2018,,diabetes_prevalence
Gabon,GAB,SH.STA.DIAB.ZS,Diabetes prevalence (% of population ages 20 to 79),2017,,diabetes_prevalence
Gabon,GAB,SH.STA.DIAB.ZS,Diabetes prevalence (% of population ages 20 to 79),2016,,diabetes_prevalence
Gabon,GAB,SH.STA.DIAB.ZS,Diabetes prevalence (% of population ages 20 to 79),2015,,diabetes_prevalence
"Gambia, The",GMB,SH.STA.DIAB.ZS,Diabetes prevalence (% of population ages 20 to 79),2019,,diabetes_prevalence
"Gambia, The",GMB,SH.STA.DIAB.ZS,Diabetes prevalence (% of population ages 20 to 79),2018,,diabetes_prevalence
"Gambia, The",GMB,SH.STA.DIAB.ZS,Diabetes prevalence (% of population ages 20 to 79),2017,,diabetes_prevalence
"Gambia, The",GMB,SH.STA.DIAB.ZS,Diabetes prevalence (% of population ages 20 to 79),2016,,diabetes_prevalence
"Gambia, The",GMB,SH.STA.DIAB.ZS,Diabetes prevalence (% of population ages 20 to 79),2015,,diabetes_prevalence
Georgia,GEO,SH.STA.DIAB.ZS,Diabetes prevalence (% of population ages 20 to 79),2019,,diabetes_prevalence
Georgia,GEO,SH.STA.DIAB.ZS,Diabetes prevalence (% of population ages 20 to 79),2018,,diabetes_prevalence
Georgia,GEO,SH.STA.DIAB.ZS,Diabetes prevalence (% of population ages 20 to 79),2017,,diabetes_prevalence
Georgia,GEO,SH.STA.DIAB.ZS,Diabetes prevalence (% of population ages 20 to 79),2016,,diabetes_prevalence
Georgia,GEO,SH.STA.DIAB.ZS,Diabetes prevalence (% of population ages 20 to 79),2015,,diabetes_prevalence
Germany,DEU,SH.STA.DIAB.ZS,Diabetes prevalence (% of population ages 20 to 79),2019,,diabetes_prevalence
Germany,DEU,SH.STA.DIAB.ZS,Diabetes prevalence (% of population ages 20 to 79),2018,,diabetes_prevalence
Germany,DEU,SH.STA.DIAB.ZS,Diabetes prevalence (% of population ages 20 to 79),2017,,diabetes_prevalence
Germany,DEU,SH.STA.DIAB.ZS,Diabetes prevalence (% of population ages 20 to 79),2016,,diabetes_prevalence
Germany,DEU,SH.STA.DIAB.ZS,Diabetes prevalence (% of population ages 20 to 79),2015,,diabetes_prevalence
Ghana,GHA,SH.STA.DIAB.ZS,Diabetes prevalence (% of population ages 20 to 79),2019,,diabetes_prevalence
Ghana,GHA,SH.STA.DIAB.ZS,Diabetes prevalence (% of population ages 20 to 79),2018,,diabetes_prevalence
Ghana,GHA,SH.STA.DIAB.ZS,Diabetes prevalence (% of population ages 20 to 79),2017,,diabetes_prevalence
Ghana,GHA,SH.STA.DIAB.ZS,Diabetes prevalence (% of population ages 20 to 79),2016,,diabetes_prevalence
Ghana,GHA,SH.STA.DIAB.ZS,Diabetes prevalence (% of population ages 20 to 79),2015,,diabetes_prevalence
Gibraltar,GIB,SH.STA.DIAB.ZS,Diabetes prevalence (% of population ages 20 to 79),2019,,diabetes_prevalence
Gibraltar,GIB,SH.STA.DIAB.ZS,Diabetes prevalence (% of population ages 20 to 79),2018,,diabetes_prevalence
Gibraltar,GIB,SH.STA.DIAB.ZS,Diabetes prevalence (% of population ages 20 to 79),2017,,diabetes_prevalence
Gibraltar,GIB,SH.STA.DIAB.ZS,Diabetes prevalence (% of population ages 20 to 79),2016,,diabetes_prevalence
Gibraltar,GIB,SH.STA.DIAB.ZS,Diabetes prevalence (% of population ages 20 to 79),2015,,diabetes_prevalence
Greece,GRC,SH.STA.DIAB.ZS,Diabetes prevalence (% of population ages 20 to 79),2019,,diabetes_prevalence
Greece,GRC,SH.STA.DIAB.ZS,Diabetes prevalence (% of population ages 20 to 79),2018,,diabetes_prevalence
Greece,GRC,SH.STA.DIAB.ZS,Diabetes prevalence (% of population ages 20 to 79),2017,,diabetes_prevalence
Greece,GRC,SH.STA.DIAB.ZS,Diabetes prevalence (% of population ages 20 to 79),2016,,diabetes_prevalence
Greece,GRC,SH.STA.DIAB.ZS,Diabetes prevalence (% of population ages 20 to 79),2015,,diabetes_prevalence
Greenland,GRL,SH.STA.DIAB.ZS,Diabetes prevalence (% of population ages 20 to 79),2019,,diabetes_prevalence
Greenland,GRL,SH.STA.DIAB.ZS,Diabetes prevalence (% of population ages 20 to 79),2018,,diabetes_prevalence
Greenland,GRL,SH.STA.DIAB.ZS,Diabetes prevalence (% of population ages 20 to 79),2017,,diabetes_prevalence
Greenland,GRL,SH.STA.DIAB.ZS,Diabetes prevalence (% of population ages 20 to 79),2016,,diabetes_prevalence
Greenland,GRL,SH.STA.DIAB.ZS,Diabetes prevalence (% of population ages 20 to 79),2015,,diabetes_prevalence
Grenada,GRD,SH.STA.DIAB.ZS,Diabetes prevalence (% of population ages 20 to 79),2019,,diabetes_prevalence
Grenada,GRD,SH.STA.DIAB.ZS,Diabetes prevalence (% of population ages 20 to 79),2018,,diabetes_prevalence
Grenada,GRD,SH.STA.DIAB.ZS,Diabetes prevalence (% of population ages 20 to 79),2017,,diabetes_prevalence
Grenada,GRD,SH.STA.DIAB.ZS,Diabetes prevalence (% of population ages 20 to 79),2016,,diabetes_prevalence
Grenada,GRD,SH.STA.DIAB.ZS,Diabetes prevalence (% of population ages 20 to 79),2015,,diabetes_prevalence
Guam,GUM,SH.STA.DIAB.ZS,Diabetes prevalence (% of population ages 20 to 79),2019,,diabetes_prevalence
Guam,GUM,SH.STA.DIAB.ZS,Diabetes prevalence (% of population ages 20 to 79),2018,,diabetes_prevalence
Guam,GUM,SH.STA.DIAB.ZS,Diabetes prevalence (% of population ages 20 to 79),2017,,diabetes_prevalence
Guam,GUM,SH.STA.DIAB.ZS,Diabetes prevalence (% of population ages 20 to 79),2016,,diabetes_prevalence
Guam,GUM,SH.STA.DIAB.ZS,Diabetes prevalence (% of population ages 20 to 79),2015,,diabetes_prevalence
Guatemala,GTM,SH.STA.DIAB.ZS,Diabetes prevalence (% of population ages 20 to 79),2019,,diabetes_prevalence
Guatemala,GTM,SH.STA.DIAB.ZS,Diabetes prevalence (% of population ages 20 to 79),2018,,diabetes_prevalence
Guatemala,GTM,SH.STA.DIAB.ZS,Diabetes prevalence (% of population ages 20 to 79),2017,,diabetes_prevalence
Guatemala,GTM,SH.STA.DIAB.ZS,Diabetes prevalence (% of population ages 20 to 79),2016,,diabetes_prevalence
Guatemala,GTM,SH.STA.DIAB.ZS,Diabetes prevalence (% of population ages 20 to 79),2015,,diabetes_prevalence
Guinea,GIN,SH.STA.DIAB.ZS,Diabetes prevalence (% of population ages 20 to 79),2019,,diabetes_prevalence
Guinea,GIN,SH.STA.DIAB.ZS,Diabetes prevalence (% of population ages 20 to 79),2018,,diabetes_prevalence
Guinea,GIN,SH.STA.DIAB.ZS,Diabetes prevalence (% of population ages 20 to 79),2017,,diabetes_prevalence
Guinea,GIN,SH.STA.DIAB.ZS,Diabetes prevalence (% of population ages 20 to 79),2016,,diabetes_prevalence
Guinea,GIN,SH.STA.DIAB.ZS,Diabetes prevalence (% of population ages 20 to 79),2015,,diabetes_prevalence
Guinea-Bissau,GNB,SH.STA.DIAB.ZS,Diabetes prevalence (% of population ages 20 to 79),2019,,diabetes_prevalence
Guinea-Bissau,GNB,SH.STA.DIAB.ZS,Diabetes prevalence (% of population ages 20 to 79),2018,,diabetes_prevalence
Guinea-Bissau,GNB,SH.STA.DIAB.ZS,Diabetes prevalence (% of population ages 20 to 79),2017,,diabetes_prevalence
Guinea-Bissau,GNB,SH.STA.DIAB.ZS,Diabetes prevalence (% of population ages 20 to 79),2016,,diabetes_prevalence
Guinea-Bissau,GNB,SH.STA.DIAB.ZS,Diabetes prevalence (% of population ages 20 to 79),2015,,diabetes_prevalence
Guyana,GUY,SH.STA.DIAB.ZS,Diabetes prevalence (% of population ages 20 to 79),2019,,diabetes_prevalence
Guyana,GUY,SH.STA.DIAB.ZS,Diabetes prevalence (% of population ages 20 to 79),2018,,diabetes_prevalence
Guyana,GUY,SH.STA.DIAB.ZS,Diabetes prevalence (% of population ages 20 to 79),2017,,diabetes_prevalence
Guyana,GUY,SH.STA.DIAB.ZS,Diabetes prevalence (% of population ages 20 to 79),2016,,diabetes_prevalence
Guyana,GUY,SH.STA.DIAB.ZS,Diabetes prevalence (% of population ages 20 to 79),2015,,diabetes_prevalence
Haiti,HTI,SH.STA.DIAB.ZS,Diabetes prevalence (% of population ages 20 to 79),2019,,diabetes_prevalence
Haiti,HTI,SH.STA.DIAB.ZS,Diabetes prevalence (% of population ages 20 to 79),2018,,diabetes_prevalence
Haiti,HTI,SH.STA.DIAB.ZS,Diabetes prevalence (% of population ages 20 to 79),2017,,diabetes_prevalence
Haiti,HTI,SH.STA.DIAB.ZS,Diabetes prevalence (% of population ages 20 to 79),2016,,diabetes_prevalence
Haiti,HTI,SH.STA.DIAB.ZS,Diabetes prevalence (% of population ages 20 to 79),2015,,diabetes_prevalence
Honduras,HND,SH.STA.DIAB.ZS,Diabetes prevalence (% of population ages 20 to 79),2019,,diabetes_prevalence
Honduras,HND,SH.STA.DIAB.ZS,Diabetes prevalence (% of population ages 20 to 79),2018,,diabetes_prevalence
Honduras,HND,SH.STA.DIAB.ZS,Diabetes prevalence (% of population ages 20 to 79),2017,,diabetes_prevalence
Honduras,HND,SH.STA.DIAB.ZS,Diabetes prevalence (% of population ages 20 to 79),2016,,diabetes_prevalence
Honduras,HND,SH.STA.DIAB.ZS,Diabetes prevalence (% of population ages 20 to 79),2015,,diabetes_prevalence
"Hong Kong SAR, China",HKG,SH.STA.DIAB.ZS,Diabetes prevalence (% of population ages 20 to 79),2019,,diabetes_prevalence
"Hong Kong SAR, China",HKG,SH.STA.DIAB.ZS,Diabetes prevalence (% of population ages 20 to 79),2018,,diabetes_prevalence
"Hong Kong SAR, China",HKG,SH.STA.DIAB.ZS,Diabetes prevalence (% of population ages 20 to 79),2017,,diabetes_prevalence
"Hong Kong SAR, China",HKG,SH.STA.DIAB.ZS,Diabetes prevalence (% of population ages 20 to 79),2016,,diabetes_prevalence
"Hong Kong SAR, China",HKG,SH.STA.DIAB.ZS,Diabetes prevalence (% of population ages 20 to 79),2015,,diabetes_prevalence
Hungary,HUN,SH.STA.DIAB.ZS,Diabetes prevalence (% of population ages 20 to 79),2019,,diabetes_prevalence
Hungary,HUN,SH.STA.DIAB.ZS,Diabetes prevalence (% of population ages 20 to 79),2018,,diabetes_prevalence
Hungary,HUN,SH.STA.DIAB.ZS,Diabetes prevalence (% of population ages 20 to 79),2017,,diabetes_prevalence
Hungary,HUN,SH.STA.DIAB.ZS,Diabetes prevalence (% of population ages 20 to 79),2016,,diabetes_prevalence
Hungary,HUN,SH.STA.DIAB.ZS,Diabetes prevalence (% of population ages 20 to 79),2015,,diabetes_prevalence
Iceland,ISL,SH.STA.DIAB.ZS,Diabetes prevalence (% of population ages 20 to 79),2019,,diabetes_prevalence
Iceland,ISL,SH.STA.DIAB.ZS,Diabetes prevalence (% of population ages 20 to 79),2018,,diabetes_prevalence
Iceland,ISL,SH.STA.DIAB.ZS,Diabetes prevalence (% of population ages 20 to 79),2017,,diabetes_prevalence
Iceland,ISL,SH.STA.DIAB.ZS,Diabetes prevalence (% of population ages 20 to 79),2016,,diabetes_prevalence
Iceland,ISL,SH.STA.DIAB.ZS,Diabetes prevalence (% of population ages 20 to 79),2015,,diabetes_prevalence
India,IND,SH.STA.DIAB.ZS,Diabetes prevalence (% of population ages 20 to 79),2019,,diabetes_prevalence
India,IND,SH.STA.DIAB.ZS,Diabetes prevalence (% of population ages 20 to 79),2018,,diabetes_prevalence
India,IND,SH.STA.DIAB.ZS,Diabetes prevalence (% of population ages 20 to 79),2017,,diabetes_prevalence
India,IND,SH.STA.DIAB.ZS,Diabetes prevalence (% of population ages 20 to 79),2016,,diabetes_prevalence
India,IND,SH.STA.DIAB.ZS,Diabetes prevalence (% of population ages 20 to 79),2015,,diabetes_prevalence
Indonesia,IDN,SH.STA.DIAB.ZS,Diabetes prevalence (% of population ages 20 to 79),2019,,diabetes_prevalence
Indonesia,IDN,SH.STA.DIAB.ZS,Diabetes prevalence (% of population ages 20 to 79),2018,,diabetes_prevalence
Indonesia,IDN,SH.STA.DIAB.ZS,Diabetes prevalence (% of population ages 20 to 79),2017,,diabetes_prevalence
Indonesia,IDN,SH.STA.DIAB.ZS,Diabetes prevalence (% of population ages 20 to 79),2016,,diabetes_prevalence
Indonesia,IDN,SH.STA.DIAB.ZS,Diabetes prevalence (% of population ages 20 to 79),2015,,diabetes_prevalence
"Iran, Islamic Rep.",IRN,SH.STA.DIAB.ZS,Diabetes prevalence (% of population ages 20 to 79),2019,,diabetes_prevalence
"Iran, Islamic Rep.",IRN,SH.STA.DIAB.ZS,Diabetes prevalence (% of population ages 20 to 79),2018,,diabetes_prevalence
"Iran, Islamic Rep.",IRN,SH.STA.DIAB.ZS,Diabetes prevalence (% of population ages 20 to 79),2017,,diabetes_prevalence
"Iran, Islamic Rep.",IRN,SH.STA.DIAB.ZS,Diabetes prevalence (% of population ages 20 to 79),2016,,diabetes_prevalence
"Iran, Islamic Rep.",IRN,SH.STA.DIAB.ZS,Diabetes prevalence (% of population ages 20 to 79),2015,,diabetes_prevalence
Iraq,IRQ,SH.STA.DIAB.ZS,Diabetes prevalence (% of population ages 20 to 79),2019,,diabetes_prevalence
Iraq,IRQ,SH.STA.DIAB.ZS,Diabetes prevalence (% of population ages 20 to 79),2018,,diabetes_prevalence
Iraq,IRQ,SH.STA.DIAB.ZS,Diabetes prevalence (% of population ages 20 to 79),2017,,diabetes_prevalence
Iraq,IRQ,SH.STA.DIAB.ZS,Diabetes prevalence (% of population ages 20 to 79),2016,,diabetes_prevalence
Iraq,IRQ,SH.STA.DIAB.ZS,Diabetes prevalence (% of population ages 20 to 79),2015,,diabetes_prevalence
Ireland,IRL,SH.STA.DIAB.ZS,Diabetes prevalence (% of population ages 20 to 79),2019,,diabetes_prevalence
Ireland,IRL,SH.STA.DIAB.ZS,Diabetes prevalence (% of population ages 20 to 79),2018,,diabetes_prevalence
Ireland,IRL,SH.STA.DIAB.ZS,Diabetes prevalence (% of population ages 20 to 79),2017,,diabetes_prevalence
Ireland,IRL,SH.STA.DIAB.ZS,Diabetes prevalence (% of population ages 20 to 79),2016,,diabetes_prevalence
Ireland,IRL,SH.STA.DIAB.ZS,Diabetes prevalence (% of population ages 20 to 79),2015,,diabetes_prevalence
Isle of Man,IMN,SH.STA.DIAB.ZS,Diabetes prevalence (% of population ages 20 to 79),2019,,diabetes_prevalence
Isle of Man,IMN,SH.STA.DIAB.ZS,Diabetes prevalence (% of population ages 20 to 79),2018,,diabetes_prevalence
Isle of Man,IMN,SH.STA.DIAB.ZS,Diabetes prevalence (% of population ages 20 to 79),2017,,diabetes_prevalence
Isle of Man,IMN,SH.STA.DIAB.ZS,Diabetes prevalence (% of population ages 20 to 79),2016,,diabetes_prevalence
Isle of Man,IMN,SH.STA.DIAB.ZS,Diabetes prevalence (% of population ages 20 to 79),2015,,diabetes_prevalence
Israel,ISR,SH.STA.DIAB.ZS,Diabetes prevalence (% of population ages 20 to 79),2019,,diabetes_prevalence
Israel,ISR,SH.STA.DIAB.ZS,Diabetes prevalence (% of population ages 20 to 79),2018,,diabetes_prevalence
Israel,ISR,SH.STA.DIAB.ZS,Diabetes prevalence (% of population ages 20 to 79),2017,,diabetes_prevalence
Israel,ISR,SH.STA.DIAB.ZS,Diabetes prevalence (% of population ages 20 to 79),2016,,diabetes_prevalence
Israel,ISR,SH.STA.DIAB.ZS,Diabetes prevalence (% of population ages 20 to 79),2015,,diabetes_prevalence
Italy,ITA,SH.STA.DIAB.ZS,Diabetes prevalence (% of population ages 20 to 79),2019,,diabetes_prevalence
Italy,ITA,SH.STA.DIAB.ZS,Diabetes prevalence (% of population ages 20 to 79),2018,,diabetes_prevalence
Italy,ITA,SH.STA.DIAB.ZS,Diabetes prevalence (% of population ages 20 to 79),2017,,diabetes_prevalence
Italy,ITA,SH.STA.DIAB.ZS,Diabetes prevalence (% of population ages 20 to 79),2016,,diabetes_prevalence
Italy,ITA,SH.STA.DIAB.ZS,Diabetes prevalence (% of population ages 20 to 79),2015,,diabetes_prevalence
Jamaica,JAM,SH.STA.DIAB.ZS,Diabetes prevalence (% of population ages 20 to 79),2019,,diabetes_prevalence
Jamaica,JAM,SH.STA.DIAB.ZS,Diabetes prevalence (% of population ages 20 to 79),2018,,diabetes_prevalence
Jamaica,JAM,SH.STA.DIAB.ZS,Diabetes prevalence (% of population ages 20 to 79),2017,,diabetes_prevalence
Jamaica,JAM,SH.STA.DIAB.ZS,Diabetes prevalence (% of population ages 20 to 79),2016,,diabetes_prevalence
Jamaica,JAM,SH.STA.DIAB.ZS,Diabetes prevalence (% of population ages 20 to 79),2015,,diabetes_prevalence
Japan,JPN,SH.STA.DIAB.ZS,Diabetes prevalence (% of population ages 20 to 79),2019,,diabetes_prevalence
Japan,JPN,SH.STA.DIAB.ZS,Diabetes prevalence (% of population ages 20 to 79),2018,,diabetes_prevalence
Japan,JPN,SH.STA.DIAB.ZS,Diabetes prevalence (% of population ages 20 to 79),2017,,diabetes_prevalence
Japan,JPN,SH.STA.DIAB.ZS,Diabetes prevalence (% of population ages 20 to 79),2016,,diabetes_prevalence
Japan,JPN,SH.STA.DIAB.ZS,Diabetes prevalence (% of population ages 20 to 79),2015,,diabetes_prevalence
Jordan,JOR,SH.STA.DIAB.ZS,Diabetes prevalence (% of population ages 20 to 79),2019,,diabetes_prevalence
Jordan,JOR,SH.STA.DIAB.ZS,Diabetes prevalence (% of population ages 20 to 79),2018,,diabetes_prevalence
Jordan,JOR,SH.STA.DIAB.ZS,Diabetes prevalence (% of population ages 20 to 79),2017,,diabetes_prevalence
Jordan,JOR,SH.STA.DIAB.ZS,Diabetes prevalence (% of population ages 20 to 79),2016,,diabetes_prevalence
Jordan,JOR,SH.STA.DIAB.ZS,Diabetes prevalence (% of population ages 20 to 79),2015,,diabetes_prevalence
Kazakhstan,KAZ,SH.STA.DIAB.ZS,Diabetes prevalence (% of population ages 20 to 79),2019,,diabetes_prevalence
Kazakhstan,KAZ,SH.STA.DIAB.ZS,Diabetes prevalence (% of population ages 20 to 79),2018,,diabetes_prevalence
Kazakhstan,KAZ,SH.STA.DIAB.ZS,Diabetes prevalence (% of population ages 20 to 79),2017,,diabetes_prevalence
Kazakhstan,KAZ,SH.STA.DIAB.ZS,Diabetes prevalence (% of population ages 20 to 79),2016,,diabetes_prevalence
Kazakhstan,KAZ,SH.STA.DIAB.ZS,Diabetes prevalence (% of population ages 20 to 79),2015,,diabetes_prevalence
Kenya,KEN,SH.STA.DIAB.ZS,Diabetes prevalence (% of population ages 20 to 79),2019,,diabetes_prevalence
Kenya,KEN,SH.STA.DIAB.ZS,Diabetes prevalence (% of population ages 20 to 79),2018,,diabetes_prevalence
Kenya,KEN,SH.STA.DIAB.ZS,Diabetes prevalence (% of population ages 20 to 79),2017,,diabetes_prevalence
Kenya,KEN,SH.STA.DIAB.ZS,Diabetes prevalence (% of population ages 20 to 79),2016,,diabetes_prevalence
Kenya,KEN,SH.STA.DIAB.ZS,Diabetes prevalence (% of population ages 20 to 79),2015,,diabetes_prevalence
Kiribati,KIR,SH.STA.DIAB.ZS,Diabetes prevalence (% of population ages 20 to 79),2019,,diabetes_prevalence
Kiribati,KIR,SH.STA.DIAB.ZS,Diabetes prevalence (% of population ages 20 to 79),2018,,diabetes_prevalence
Kiribati,KIR,SH.STA.DIAB.ZS,Diabetes prevalence (% of population ages 20 to 79),2017,,diabetes_prevalence
Kiribati,KIR,SH.STA.DIAB.ZS,Diabetes prevalence (% of population ages 20 to 79),2016,,diabetes_prevalence
Kiribati,KIR,SH.STA.DIAB.ZS,Diabetes prevalence (% of population ages 20 to 79),2015,,diabetes_prevalence
"Korea, Dem. People's Rep.",PRK,SH.STA.DIAB.ZS,Diabetes prevalence (% of population ages 20 to 79),2019,,diabetes_prevalence
"Korea, Dem. People's Rep.",PRK,SH.STA.DIAB.ZS,Diabetes prevalence (% of population ages 20 to 79),2018,,diabetes_prevalence
"Korea, Dem. People's Rep.",PRK,SH.STA.DIAB.ZS,Diabetes prevalence (% of population ages 20 to 79),2017,,diabetes_prevalence
"Korea, Dem. People's Rep.",PRK,SH.STA.DIAB.ZS,Diabetes prevalence (% of population ages 20 to 79),2016,,diabetes_prevalence
"Korea, Dem. People's Rep.",PRK,SH.STA.DIAB.ZS,Diabetes prevalence (% of population ages 20 to 79),2015,,diabetes_prevalence
"Korea, Rep.",KOR,SH.STA.DIAB.ZS,Diabetes prevalence (% of population ages 20 to 79),2019,,diabetes_prevalence
"Korea, Rep.",KOR,SH.STA.DIAB.ZS,Diabetes prevalence (% of population ages 20 to 79),2018,,diabetes_prevalence
"Korea, Rep.",KOR,SH.STA.DIAB.ZS,Diabetes prevalence (% of population ages 20 to 79),2017,,diabetes_prevalence
"Korea, Rep.",KOR,SH.STA.DIAB.ZS,Diabetes prevalence (% of population ages 20 to 79),2016,,diabetes_prevalence
"Korea, Rep.",KOR,SH.STA.DIAB.ZS,Diabetes prevalence (% of population ages 20 to 79),2015,,diabetes_prevalence
Kosovo,XKX,SH.STA.DIAB.ZS,Diabetes prevalence (% of population ages 20 to 79),2019,,diabetes_prevalence
Kosovo,XKX,SH.STA.DIAB.ZS,Diabetes prevalence (% of population ages 20 to 79),2018,,diabetes_prevalence
Kosovo,XKX,SH.STA.DIAB.ZS,Diabetes prevalence (% of population ages 20 to 79),2017,,diabetes_prevalence
Kosovo,XKX,SH.STA.DIAB.ZS,Diabetes prevalence (% of population ages 20 to 79),2016,,diabetes_prevalence
Kosovo,XKX,SH.STA.DIAB.ZS,Diabetes prevalence (% of population ages 20 to 79),2015,,diabetes_prevalence
Kuwait,KWT,SH.STA.DIAB.ZS,Diabetes prevalence (% of population ages 20 to 79),2019,,diabetes_prevalence
Kuwait,KWT,SH.STA.DIAB.ZS,Diabetes prevalence (% of population ages 20 to 79),2018,,diabetes_prevalence
Kuwait,KWT,SH.STA.DIAB.ZS,Diabetes prevalence (% of population ages 20 to 79),2017,,diabetes_prevalence
Kuwait,KWT,SH.STA.DIAB.ZS,Diabetes prevalence (% of population ages 20 to 79),2016,,diabetes_prevalence
Kuwait,KWT,SH.STA.DIAB.ZS,Diabetes prevalence (% of population ages 20 to 79),2015,,diabetes_prevalence
Kyrgyz Republic,KGZ,SH.STA.DIAB.ZS,Diabetes prevalence (% of population ages 20 to 79),2019,,diabetes_prevalence
Kyrgyz Republic,KGZ,SH.STA.DIAB.ZS,Diabetes prevalence (% of population ages 20 to 79),2018,,diabetes_prevalence
Kyrgyz Republic,KGZ,SH.STA.DIAB.ZS,Diabetes prevalence (% of population ages 20 to 79),2017,,diabetes_prevalence
Kyrgyz Republic,KGZ,SH.STA.DIAB.ZS,Diabetes prevalence (% of population ages 20 to 79),2016,,diabetes_prevalence
Kyrgyz Republic,KGZ,SH.STA.DIAB.ZS,Diabetes prevalence (% of population ages 20 to 79),2015,,diabetes_prevalence
Lao PDR,LAO,SH.STA.DIAB.ZS,Diabetes prevalence (% of population ages 20 to 79),2019,,diabetes_prevalence
Lao PDR,LAO,SH.STA.DIAB.ZS,Diabetes prevalence (% of population ages 20 to 79),2018,,diabetes_prevalence
Lao PDR,LAO,SH.STA.DIAB.ZS,Diabetes prevalence (% of population ages 20 to 79),2017,,diabetes_prevalence
Lao PDR,LAO,SH.STA.DIAB.ZS,Diabetes prevalence (% of population ages 20 to 79),2016,,diabetes_prevalence
Lao PDR,LAO,SH.STA.DIAB.ZS,Diabetes prevalence (% of population ages 20 to 79),2015,,diabetes_prevalence
Latvia,LVA,SH.STA.DIAB.ZS,Diabetes prevalence (% of population ages 20 to 79),2019,,diabetes_prevalence
Latvia,LVA,SH.STA.DIAB.ZS,Diabetes prevalence (% of population ages 20 to 79),2018,,diabetes_prevalence
Latvia,LVA,SH.STA.DIAB.ZS,Diabetes prevalence (% of population ages 20 to 79),2017,,diabetes_prevalence
Latvia,LVA,SH.STA.DIAB.ZS,Diabetes prevalence (% of population ages 20 to 79),2016,,diabetes_prevalence
Latvia,LVA,SH.STA.DIAB.ZS,Diabetes prevalence (% of population ages 20 to 79),2015,,diabetes_prevalence
Lebanon,LBN,SH.STA.DIAB.ZS,Diabetes prevalence (% of population ages 20 to 79),2019,,diabetes_prevalence
Lebanon,LBN,SH.STA.DIAB.ZS,Diabetes prevalence (% of population ages 20 to 79),2018,,diabetes_prevalence
Lebanon,LBN,SH.STA.DIAB.ZS,Diabetes prevalence (% of population ages 20 to 79),2017,,diabetes_prevalence
Lebanon,LBN,SH.STA.DIAB.ZS,Diabetes prevalence (% of population ages 20 to 79),2016,,diabetes_prevalence
Lebanon,LBN,SH.STA.DIAB.ZS,Diabetes prevalence (% of population ages 20 to 79),2015,,diabetes_prevalence
Lesotho,LSO,SH.STA.DIAB.ZS,Diabetes prevalence (% of population ages 20 to 79),2019,,diabetes_prevalence
Lesotho,LSO,SH.STA.DIAB.ZS,Diabetes prevalence (% of population ages 20 to 79),2018,,diabetes_prevalence
Lesotho,LSO,SH.STA.DIAB.ZS,Diabetes prevalence (% of population ages 20 to 79),2017,,diabetes_prevalence
Lesotho,LSO,SH.STA.DIAB.ZS,Diabetes prevalence (% of population ages 20 to 79),2016,,diabetes_prevalence
Lesotho,LSO,SH.STA.DIAB.ZS,Diabetes prevalence (% of population ages 20 to 79),2015,,diabetes_prevalence
Liberia,LBR,SH.STA.DIAB.ZS,Diabetes prevalence (% of population ages 20 to 79),2019,,diabetes_prevalence
Liberia,LBR,SH.STA.DIAB.ZS,Diabetes prevalence (% of population ages 20 to 79),2018,,diabetes_prevalence
Liberia,LBR,SH.STA.DIAB.ZS,Diabetes prevalence (% of population ages 20 to 79),2017,,diabetes_prevalence
Liberia,LBR,SH.STA.DIAB.ZS,Diabetes prevalence (% of population ages 20 to 79),2016,,diabetes_prevalence
Liberia,LBR,SH.STA.DIAB.ZS,Diabetes prevalence (% of population ages 20 to 79),2015,,diabetes_prevalence
Libya,LBY,SH.STA.DIAB.ZS,Diabetes prevalence (% of population ages 20 to 79),2019,,diabetes_prevalence
Libya,LBY,SH.STA.DIAB.ZS,Diabetes prevalence (% of population ages 20 to 79),2018,,diabetes_prevalence
Libya,LBY,SH.STA.DIAB.ZS,Diabetes prevalence (% of population ages 20 to 79),2017,,diabetes_prevalence
Libya,LBY,SH.STA.DIAB.ZS,Diabetes prevalence (% of population ages 20 to 79),2016,,diabetes_prevalence
Libya,LBY,SH.STA.DIAB.ZS,Diabetes prevalence (% of population ages 20 to 79),2015,,diabetes_prevalence
Liechtenstein,LIE,SH.STA.DIAB.ZS,Diabetes prevalence (% of population ages 20 to 79),2019,,diabetes_prevalence
Liechtenstein,LIE,SH.STA.DIAB.ZS,Diabetes prevalence (% of population ages 20 to 79),2018,,diabetes_prevalence
Liechtenstein,LIE,SH.STA.DIAB.ZS,Diabetes prevalence (% of population ages 20 to 79),2017,,diabetes_prevalence
Liechtenstein,LIE,SH.STA.DIAB.ZS,Diabetes prevalence (% of population ages 20 to 79),2016,,diabetes_prevalence
Liechtenstein,LIE,SH.STA.DIAB.ZS,Diabetes prevalence (% of population ages 20 to 79),2015,,diabetes_prevalence
Lithuania,LTU,SH.STA.DIAB.ZS,Diabetes prevalence (% of population ages 20 to 79),2019,,diabetes_prevalence
Lithuania,LTU,SH.STA.DIAB.ZS,Diabetes prevalence (% of population ages 20 to 79),2018,,diabetes_prevalence
Lithuania,LTU,SH.STA.DIAB.ZS,Diabetes prevalence (% of population ages 20 to 79),2017,,diabetes_prevalence
Lithuania,LTU,SH.STA.DIAB.ZS,Diabetes prevalence (% of population ages 20 to 79),2016,,diabetes_prevalence
Lithuania,LTU,SH.STA.DIAB.ZS,Diabetes prevalence (% of population ages 20 to 79),2015,,diabetes_prevalence
Luxembourg,LUX,SH.STA.DIAB.ZS,Diabetes prevalence (% of population ages 20 to 79),2019,,diabetes_prevalence
Luxembourg,LUX,SH.STA.DIAB.ZS,Diabetes prevalence (% of population ages 20 to 79),2018,,diabetes_prevalence
Luxembourg,LUX,SH.STA.DIAB.ZS,Diabetes prevalence (% of population ages 20 to 79),2017,,diabetes_prevalence
Luxembourg,LUX,SH.STA.DIAB.ZS,Diabetes prevalence (% of population ages 20 to 79),2016,,diabetes_prevalence
Luxembourg,LUX,SH.STA.DIAB.ZS,Diabetes prevalence (% of population ages 20 to 79),2015,,diabetes_prevalence
"Macao SAR, China",MAC,SH.STA.DIAB.ZS,Diabetes prevalence (% of population ages 20 to 79),2019,,diabetes_prevalence
"Macao SAR, China",MAC,SH.STA.DIAB.ZS,Diabetes prevalence (% of population ages 20 to 79),2018,,diabetes_prevalence
"Macao SAR, China",MAC,SH.STA.DIAB.ZS,Diabetes prevalence (% of population ages 20 to 79),2017,,diabetes_prevalence
"Macao SAR, China",MAC,SH.STA.DIAB.ZS,Diabetes prevalence (% of population ages 20 to 79),2016,,diabetes_prevalence
"Macao SAR, China",MAC,SH.STA.DIAB.ZS,Diabetes prevalence (% of population ages 20 to 79),2015,,diabetes_prevalence
Madagascar,MDG,SH.STA.DIAB.ZS,Diabetes prevalence (% of population ages 20 to 79),2019,,diabetes_prevalence
Madagascar,MDG,SH.STA.DIAB.ZS,Diabetes prevalence (% of population ages 20 to 79),2018,,diabetes_prevalence
Madagascar,MDG,SH.STA.DIAB.ZS,Diabetes prevalence (% of population ages 20 to 79),2017,,diabetes_prevalence
Madagascar,MDG,SH.STA.DIAB.ZS,Diabetes prevalence (% of population ages 20 to 79),2016,,diabetes_prevalence
Madagascar,MDG,SH.STA.DIAB.ZS,Diabetes prevalence (% of population ages 20 to 79),2015,,diabetes_prevalence
Malawi,MWI,SH.STA.DIAB.ZS,Diabetes prevalence (% of population ages 20 to 79),2019,,diabetes_prevalence
Malawi,MWI,SH.STA.DIAB.ZS,Diabetes prevalence (% of population ages 20 to 79),2018,,diabetes_prevalence
Malawi,MWI,SH.STA.DIAB.ZS,Diabetes prevalence (% of population ages 20 to 79),2017,,diabetes_prevalence
Malawi,MWI,SH.STA.DIAB.ZS,Diabetes prevalence (% of population ages 20 to 79),2016,,diabetes_prevalence
Malawi,MWI,SH.STA.DIAB.ZS,Diabetes prevalence (% of population ages 20 to 79),2015,,diabetes_prevalence
Malaysia,MYS,SH.STA.DIAB.ZS,Diabetes prevalence (% of population ages 20 to 79),2019,,diabetes_prevalence
Malaysia,MYS,SH.STA.DIAB.ZS,Diabetes prevalence (% of population ages 20 to 79),2018,,diabetes_prevalence
Malaysia,MYS,SH.STA.DIAB.ZS,Diabetes prevalence (% of population ages 20 to 79),2017,,diabetes_prevalence
Malaysia,MYS,SH.STA.DIAB.ZS,Diabetes prevalence (% of population ages 20 to 79),2016,,diabetes_prevalence
Malaysia,MYS,SH.STA.DIAB.ZS,Diabetes prevalence (% of population ages 20 to 79),2015,,diabetes_prevalence
Maldives,MDV,SH.STA.DIAB.ZS,Diabetes prevalence (% of population ages 20 to 79),2019,,diabetes_prevalence
Maldives,MDV,SH.STA.DIAB.ZS,Diabetes prevalence (% of population ages 20 to 79),2018,,diabetes_prevalence
Maldives,MDV,SH.STA.DIAB.ZS,Diabetes prevalence (% of population ages 20 to 79),2017,,diabetes_prevalence
Maldives,MDV,SH.STA.DIAB.ZS,Diabetes prevalence (% of population ages 20 to 79),2016,,diabetes_prevalence
Maldives,MDV,SH.STA.DIAB.ZS,Diabetes prevalence (% of population ages 20 to 79),2015,,diabetes_prevalence
Mali,MLI,SH.STA.DIAB.ZS,Diabetes prevalence (% of population ages 20 to 79),2019,,diabetes_prevalence
Mali,MLI,SH.STA.DIAB.ZS,Diabetes prevalence (% of population ages 20 to 79),2018,,diabetes_prevalence
Mali,MLI,SH.STA.DIAB.ZS,Diabetes prevalence (% of population ages 20 to 79),2017,,diabetes_prevalence
Mali,MLI,SH.STA.DIAB.ZS,Diabetes prevalence (% of population ages 20 to 79),2016,,diabetes_prevalence
Mali,MLI,SH.STA.DIAB.ZS,Diabetes prevalence (% of population ages 20 to 79),2015,,diabetes_prevalence
Malta,MLT,SH.STA.DIAB.ZS,Diabetes prevalence (% of population ages 20 to 79),2019,,diabetes_prevalence
Malta,MLT,SH.STA.DIAB.ZS,Diabetes prevalence (% of population ages 20 to 79),2018,,diabetes_prevalence
Malta,MLT,SH.STA.DIAB.ZS,Diabetes prevalence (% of population ages 20 to 79),2017,,diabetes_prevalence
Malta,MLT,SH.STA.DIAB.ZS,Diabetes prevalence (% of population ages 20 to 79),2016,,diabetes_prevalence
Malta,MLT,SH.STA.DIAB.ZS,Diabetes prevalence (% of population ages 20 to 79),2015,,diabetes_prevalence
Marshall Islands,MHL,SH.STA.DIAB.ZS,Diabetes prevalence (% of population ages 20 to 79),2019,,diabetes_prevalence
Marshall Islands,MHL,SH.STA.DIAB.ZS,Diabetes prevalence (% of population ages 20 to 79),2018,,diabetes_prevalence
Marshall Islands,MHL,SH.STA.DIAB.ZS,Diabetes prevalence (% of population ages 20 to 79),2017,,diabetes_prevalence
Marshall Islands,MHL,SH.STA.DIAB.ZS,Diabetes prevalence (% of population ages 20 to 79),2016,,diabetes_prevalence
Marshall Islands,MHL,SH.STA.DIAB.ZS,Diabetes prevalence (% of population ages 20 to 79),2015,,diabetes_prevalence
Mauritania,MRT,SH.STA.DIAB.ZS,Diabetes prevalence (% of population ages 20 to 79),2019,,diabetes_prevalence
Mauritania,MRT,SH.STA.DIAB.ZS,Diabetes prevalence (% of population ages 20 to 79),2018,,diabetes_prevalence
Mauritania,MRT,SH.STA.DIAB.ZS,Diabetes prevalence (% of population ages 20 to 79),2017,,diabetes_prevalence
Mauritania,MRT,SH.STA.DIAB.ZS,Diabetes prevalence (% of population ages 20 to 79),2016,,diabetes_prevalence
Mauritania,MRT,SH.STA.DIAB.ZS,Diabetes prevalence (% of population ages 20 to 79),2015,,diabetes_prevalence
Mauritius,MUS,SH.STA.DIAB.ZS,Diabetes prevalence (% of population ages 20 to 79),2019,,diabetes_prevalence
Mauritius,MUS,SH.STA.DIAB.ZS,Diabetes prevalence (% of population ages 20 to 79),2018,,diabetes_prevalence
Mauritius,MUS,SH.STA.DIAB.ZS,Diabetes prevalence (% of population ages 20 to 79),2017,,diabetes_prevalence
Mauritius,MUS,SH.STA.DIAB.ZS,Diabetes prevalence (% of population ages 20 to 79),2016,,diabetes_prevalence
Mauritius,MUS,SH.STA.DIAB.ZS,Diabetes prevalence (% of population ages 20 to 79),2015,,diabetes_prevalence
Mexico,MEX,SH.STA.DIAB.ZS,Diabetes prevalence (% of population ages 20 to 79),2019,,diabetes_prevalence
Mexico,MEX,SH.STA.DIAB.ZS,Diabetes prevalence (% of population ages 20 to 79),2018,,diabetes_prevalence
Mexico,MEX,SH.STA.DIAB.ZS,Diabetes prevalence (% of population ages 20 to 79),2017,,diabetes_prevalence
Mexico,MEX,SH.STA.DIAB.ZS,Diabetes prevalence (% of population ages 20 to 79),2016,,diabetes_prevalence
Mexico,MEX,SH.STA.DIAB.ZS,Diabetes prevalence (% of population ages 20 to 79),2015,,diabetes_prevalence
"Micronesia, Fed. Sts.",FSM,SH.STA.DIAB.ZS,Diabetes prevalence (% of population ages 20 to 79),2019,,diabetes_prevalence
"Micronesia, Fed. Sts.",FSM,SH.STA.DIAB.ZS,Diabetes prevalence (% of population ages 20 to 79),2018,,diabetes_prevalence
"Micronesia, Fed. Sts.",FSM,SH.STA.DIAB.ZS,Diabetes prevalence (% of population ages 20 to 79),2017,,diabetes_prevalence
"Micronesia, Fed. Sts.",FSM,SH.STA.DIAB.ZS,Diabetes prevalence (% of population ages 20 to 79),2016,,diabetes_prevalence
"Micronesia, Fed. Sts.",FSM,SH.STA.DIAB.ZS,Diabetes prevalence (% of population ages 20 to 79),2015,,diabetes_prevalence
Moldova,MDA,SH.STA.DIAB.ZS,Diabetes prevalence (% of population ages 20 to 79),2019,,diabetes_prevalence
Moldova,MDA,SH.STA.DIAB.ZS,Diabetes prevalence (% of population ages 20 to 79),2018,,diabetes_prevalence
Moldova,MDA,SH.STA.DIAB.ZS,Diabetes prevalence (% of population ages 20 to 79),2017,,diabetes_prevalence
Moldova,MDA,SH.STA.DIAB.ZS,Diabetes prevalence (% of population ages 20 to 79),2016,,diabetes_prevalence
Moldova,MDA,SH.STA.DIAB.ZS,Diabetes prevalence (% of population ages 20 to 79),2015,,diabetes_prevalence
Monaco,MCO,SH.STA.DIAB.ZS,Diabetes prevalence (% of population ages 20 to 79),2019,,diabetes_prevalence
Monaco,MCO,SH.STA.DIAB.ZS,Diabetes prevalence (% of population ages 20 to 79),2018,,diabetes_prevalence
Monaco,MCO,SH.STA.DIAB.ZS,Diabetes prevalence (% of population ages 20 to 79),2017,,diabetes_prevalence
Monaco,MCO,SH.STA.DIAB.ZS,Diabetes prevalence (% of population ages 20 to 79),2016,,diabetes_prevalence
Monaco,MCO,SH.STA.DIAB.ZS,Diabetes prevalence (% of population ages 20 to 79),2015,,diabetes_prevalence
Mongolia,MNG,SH.STA.DIAB.ZS,Diabetes prevalence (% of population ages 20 to 79),2019,,diabetes_prevalence
Mongolia,MNG,SH.STA.DIAB.ZS,Diabetes prevalence (% of population ages 20 to 79),2018,,diabetes_prevalence
Mongolia,MNG,SH.STA.DIAB.ZS,Diabetes prevalence (% of population ages 20 to 79),2017,,diabetes_prevalence
Mongolia,MNG,SH.STA.DIAB.ZS,Diabetes prevalence (% of population ages 20 to 79),2016,,diabetes_prevalence
Mongolia,MNG,SH.STA.DIAB.ZS,Diabetes prevalence (% of population ages 20 to 79),2015,,diabetes_prevalence
Montenegro,MNE,SH.STA.DIAB.ZS,Diabetes prevalence (% of population ages 20 to 79),2019,,diabetes_prevalence
Montenegro,MNE,SH.STA.DIAB.ZS,Diabetes prevalence (% of population ages 20 to 79),2018,,diabetes_prevalence
Montenegro,MNE,SH.STA.DIAB.ZS,Diabetes prevalence (% of population ages 20 to 79),2017,,diabetes_prevalence
Montenegro,MNE,SH.STA.DIAB.ZS,Diabetes prevalence (% of population ages 20 to 79),2016,,diabetes_prevalence
Montenegro,MNE,SH.STA.DIAB.ZS,Diabetes prevalence (% of population ages 20 to 79),2015,,diabetes_prevalence
Morocco,MAR,SH.STA.DIAB.ZS,Diabetes prevalence (% of population ages 20 to 79),2019,,diabetes_prevalence
Morocco,MAR,SH.STA.DIAB.ZS,Diabetes prevalence (% of population ages 20 to 79),2018,,diabetes_prevalence
Morocco,MAR,SH.STA.DIAB.ZS,Diabetes prevalence (% of population ages 20 to 79),2017,,diabetes_prevalence
Morocco,MAR,SH.STA.DIAB.ZS,Diabetes prevalence (% of population ages 20 to 79),2016,,diabetes_prevalence
Morocco,MAR,SH.STA.DIAB.ZS,Diabetes prevalence (% of population ages 20 to 79),2015,,diabetes_prevalence
Mozambique,MOZ,SH.STA.DIAB.ZS,Diabetes prevalence (% of population ages 20 to 79),2019,,diabetes_prevalence
Mozambique,MOZ,SH.STA.DIAB.ZS,Diabetes prevalence (% of population ages 20 to 79),2018,,diabetes_prevalence
Mozambique,MOZ,SH.STA.DIAB.ZS,Diabetes prevalence (% of population ages 20 to 79),2017,,diabetes_prevalence
Mozambique,MOZ,SH.STA.DIAB.ZS,Diabetes prevalence (% of population ages 20 to 79),2016,,diabetes_prevalence
Mozambique,MOZ,SH.STA.DIAB.ZS,Diabetes prevalence (% of population ages 20 to 79),2015,,diabetes_prevalence
Myanmar,MMR,SH.STA.DIAB.ZS,Diabetes prevalence (% of population ages 20 to 79),2019,,diabetes_prevalence
Myanmar,MMR,SH.STA.DIAB.ZS,Diabetes prevalence (% of population ages 20 to 79),2018,,diabetes_prevalence
Myanmar,MMR,SH.STA.DIAB.ZS,Diabetes prevalence (% of population ages 20 to 79),2017,,diabetes_prevalence
Myanmar,MMR,SH.STA.DIAB.ZS,Diabetes prevalence (% of population ages 20 to 79),2016,,diabetes_prevalence
Myanmar,MMR,SH.STA.DIAB.ZS,Diabetes prevalence (% of population ages 20 to 79),2015,,diabetes_prevalence
Namibia,NAM,SH.STA.DIAB.ZS,Diabetes prevalence (% of population ages 20 to 79),2019,,diabetes_prevalence
Namibia,NAM,SH.STA.DIAB.ZS,Diabetes prevalence (% of population ages 20 to 79),2018,,diabetes_prevalence
Namibia,NAM,SH.STA.DIAB.ZS,Diabetes prevalence (% of population ages 20 to 79),2017,,diabetes_prevalence
Namibia,NAM,SH.STA.DIAB.ZS,Diabetes prevalence (% of population ages 20 to 79),2016,,diabetes_prevalence
Namibia,NAM,SH.STA.DIAB.ZS,Diabetes prevalence (% of population ages 20 to 79),2015,,diabetes_prevalence
Nauru,NRU,SH.STA.DIAB.ZS,Diabetes prevalence (% of population ages 20 to 79),2019,,diabetes_prevalence
Nauru,NRU,SH.STA.DIAB.ZS,Diabetes prevalence (% of population ages 20 to 79),2018,,diabetes_prevalence
Nauru,NRU,SH.STA.DIAB.ZS,Diabetes prevalence (% of population ages 20 to 79),2017,,diabetes_prevalence
Nauru,NRU,SH.STA.DIAB.ZS,Diabetes prevalence (% of population ages 20 to 79),2016,,diabetes_prevalence
Nauru,NRU,SH.STA.DIAB.ZS,Diabetes prevalence (% of population ages 20 to 79),2015,,diabetes_prevalence
Nepal,NPL,SH.STA.DIAB.ZS,Diabetes prevalence (% of population ages 20 to 79),2019,,diabetes_prevalence
Nepal,NPL,SH.STA.DIAB.ZS,Diabetes prevalence (% of population ages 20 to 79),2018,,diabetes_prevalence
Nepal,NPL,SH.STA.DIAB.ZS,Diabetes prevalence (% of population ages 20 to 79),2017,,diabetes_prevalence
Nepal,NPL,SH.STA.DIAB.ZS,Diabetes prevalence (% of population ages 20 to 79),2016,,diabetes_prevalence
Nepal,NPL,SH.STA.DIAB.ZS,Diabetes prevalence (% of population ages 20 to 79),2015,,diabetes_prevalence
Netherlands,NLD,SH.STA.DIAB.ZS,Diabetes prevalence (% of population ages 20 to 79),2019,,diabetes_prevalence
Netherlands,NLD,SH.STA.DIAB.ZS,Diabetes prevalence (% of population ages 20 to 79),2018,,diabetes_prevalence
Netherlands,NLD,SH.STA.DIAB.ZS,Diabetes prevalence (% of population ages 20 to 79),2017,,diabetes_prevalence
Netherlands,NLD,SH.STA.DIAB.ZS,Diabetes prevalence (% of population ages 20 to 79),2016,,diabetes_prevalence
Netherlands,NLD,SH.STA.DIAB.ZS,Diabetes prevalence (% of population ages 20 to 79),2015,,diabetes_prevalence
New Caledonia,NCL,SH.STA.DIAB.ZS,Diabetes prevalence (% of population ages 20 to 79),2019,,diabetes_prevalence
New Caledonia,NCL,SH.STA.DIAB.ZS,Diabetes prevalence (% of population ages 20 to 79),2018,,diabetes_prevalence
New Caledonia,NCL,SH.STA.DIAB.ZS,Diabetes prevalence (% of population ages 20 to 79),2017,,diabetes_prevalence
New Caledonia,NCL,SH.STA.DIAB.ZS,Diabetes prevalence (% of population ages 20 to 79),2016,,diabetes_prevalence
New Caledonia,NCL,SH.STA.DIAB.ZS,Diabetes prevalence (% of population ages 20 to 79),2015,,diabetes_prevalence
New Zealand,NZL,SH.STA.DIAB.ZS,Diabetes prevalence (% of population ages 20 to 79),2019,,diabetes_prevalence
New Zealand,NZL,SH.STA.DIAB.ZS,Diabetes prevalence (% of population ages 20 to 79),2018,,diabetes_prevalence
New Zealand,NZL,SH.STA.DIAB.ZS,Diabetes prevalence (% of population ages 20 to 79),2017,,diabetes_prevalence
New Zealand,NZL,SH.STA.DIAB.ZS,Diabetes prevalence (% of population ages 20 to 79),2016,,diabetes_prevalence
New Zealand,NZL,SH.STA.DIAB.ZS,Diabetes prevalence (% of population ages 20 to 79),2015,,diabetes_prevalence
Nicaragua,NIC,SH.STA.DIAB.ZS,Diabetes prevalence (% of population ages 20 to 79),2019,,diabetes_prevalence
Nicaragua,NIC,SH.STA.DIAB.ZS,Diabetes prevalence (% of population ages 20 to 79),2018,,diabetes_prevalence
Nicaragua,NIC,SH.STA.DIAB.ZS,Diabetes prevalence (% of population ages 20 to 79),2017,,diabetes_prevalence
Nicaragua,NIC,SH.STA.DIAB.ZS,Diabetes prevalence (% of population ages 20 to 79),2016,,diabetes_prevalence
Nicaragua,NIC,SH.STA.DIAB.ZS,Diabetes prevalence (% of population ages 20 to 79),2015,,diabetes_prevalence
Niger,NER,SH.STA.DIAB.ZS,Diabetes prevalence (% of population ages 20 to 79),2019,,diabetes_prevalence
Niger,NER,SH.STA.DIAB.ZS,Diabetes prevalence (% of population ages 20 to 79),2018,,diabetes_prevalence
Niger,NER,SH.STA.DIAB.ZS,Diabetes prevalence (% of population ages 20 to 79),2017,,diabetes_prevalence
Niger,NER,SH.STA.DIAB.ZS,Diabetes prevalence (% of population ages 20 to 79),2016,,diabetes_prevalence
Niger,NER,SH.STA.DIAB.ZS,Diabetes prevalence (% of population ages 20 to 79),2015,,diabetes_prevalence
Nigeria,NGA,SH.STA.DIAB.ZS,Diabetes prevalence (% of population ages 20 to 79),2019,,diabetes_prevalence
Nigeria,NGA,SH.STA.DIAB.ZS,Diabetes prevalence (% of population ages 20 to 79),2018,,diabetes_prevalence
Nigeria,NGA,SH.STA.DIAB.ZS,Diabetes prevalence (% of population ages 20 to 79),2017,,diabetes_prevalence
Nigeria,NGA,SH.STA.DIAB.ZS,Diabetes prevalence (% of population ages 20 to 79),2016,,diabetes_prevalence
Nigeria,NGA,SH.STA.DIAB.ZS,Diabetes prevalence (% of population ages 20 to 79),2015,,diabetes_prevalence
North Macedonia,MKD,SH.STA.DIAB.ZS,Diabetes prevalence (% of population ages 20 to 79),2019,,diabetes_prevalence
North Macedonia,MKD,SH.STA.DIAB.ZS,Diabetes prevalence (% of population ages 20 to 79),2018,,diabetes_prevalence
North Macedonia,MKD,SH.STA.DIAB.ZS,Diabetes prevalence (% of population ages 20 to 79),2017,,diabetes_prevalence
North Macedonia,MKD,SH.STA.DIAB.ZS,Diabetes prevalence (% of population ages 20 to 79),2016,,diabetes_prevalence
North Macedonia,MKD,SH.STA.DIAB.ZS,Diabetes prevalence (% of population ages 20 to 79),2015,,diabetes_prevalence
Northern Mariana Islands,MNP,SH.STA.DIAB.ZS,Diabetes prevalence (% of population ages 20 to 79),2019,,diabetes_prevalence
Northern Mariana Islands,MNP,SH.STA.DIAB.ZS,Diabetes prevalence (% of population ages 20 to 79),2018,,diabetes_prevalence
Northern Mariana Islands,MNP,SH.STA.DIAB.ZS,Diabetes prevalence (% of population ages 20 to 79),2017,,diabetes_prevalence
Northern Mariana Islands,MNP,SH.STA.DIAB.ZS,Diabetes prevalence (% of population ages 20 to 79),2016,,diabetes_prevalence
Northern Mariana Islands,MNP,SH.STA.DIAB.ZS,Diabetes prevalence (% of population ages 20 to 79),2015,,diabetes_prevalence
Norway,NOR,SH.STA.DIAB.ZS,Diabetes prevalence (% of population ages 20 to 79),2019,,diabetes_prevalence
Norway,NOR,SH.STA.DIAB.ZS,Diabetes prevalence (% of population ages 20 to 79),2018,,diabetes_prevalence
Norway,NOR,SH.STA.DIAB.ZS,Diabetes prevalence (% of population ages 20 to 79),2017,,diabetes_prevalence
Norway,NOR,SH.STA.DIAB.ZS,Diabetes prevalence (% of population ages 20 to 79),2016,,diabetes_prevalence
Norway,NOR,SH.STA.DIAB.ZS,Diabetes prevalence (% of population ages 20 to 79),2015,,diabetes_prevalence
Oman,OMN,SH.STA.DIAB.ZS,Diabetes prevalence (% of population ages 20 to 79),2019,,diabetes_prevalence
Oman,OMN,SH.STA.DIAB.ZS,Diabetes prevalence (% of population ages 20 to 79),2018,,diabetes_prevalence
Oman,OMN,SH.STA.DIAB.ZS,Diabetes prevalence (% of population ages 20 to 79),2017,,diabetes_prevalence
Oman,OMN,SH.STA.DIAB.ZS,Diabetes prevalence (% of population ages 20 to 79),2016,,diabetes_prevalence
Oman,OMN,SH.STA.DIAB.ZS,Diabetes prevalence (% of population ages 20 to 79),2015,,diabetes_prevalence
Pakistan,PAK,SH.STA.DIAB.ZS,Diabetes prevalence (% of population ages 20 to 79),2019,,diabetes_prevalence
Pakistan,PAK,SH.STA.DIAB.ZS,Diabetes prevalence (% of population ages 20 to 79),2018,,diabetes_prevalence
Pakistan,PAK,SH.STA.DIAB.ZS,Diabetes prevalence (% of population ages 20 to 79),2017,,diabetes_prevalence
Pakistan,PAK,SH.STA.DIAB.ZS,Diabetes prevalence (% of population ages 20 to 79),2016,,diabetes_prevalence
Pakistan,PAK,SH.STA.DIAB.ZS,Diabetes prevalence (% of population ages 20 to 79),2015,,diabetes_prevalence
Palau,PLW,SH.STA.DIAB.ZS,Diabetes prevalence (% of population ages 20 to 79),2019,,diabetes_prevalence
Palau,PLW,SH.STA.DIAB.ZS,Diabetes prevalence (% of population ages 20 to 79),2018,,diabetes_prevalence
Palau,PLW,SH.STA.DIAB.ZS,Diabetes prevalence (% of population ages 20 to 79),2017,,diabetes_prevalence
Palau,PLW,SH.STA.DIAB.ZS,Diabetes prevalence (% of population ages 20 to 79),2016,,diabetes_prevalence
Palau,PLW,SH.STA.DIAB.ZS,Diabetes prevalence (% of population ages 20 to 79),2015,,diabetes_prevalence
Panama,PAN,SH.STA.DIAB.ZS,Diabetes prevalence (% of population ages 20 to 79),2019,,diabetes_prevalence
Panama,PAN,SH.STA.DIAB.ZS,Diabetes prevalence (% of population ages 20 to 79),2018,,diabetes_prevalence
Panama,PAN,SH.STA.DIAB.ZS,Diabetes prevalence (% of population ages 20 to 79),2017,,diabetes_prevalence
Panama,PAN,SH.STA.DIAB.ZS,Diabetes prevalence (% of population ages 20 to 79),2016,,diabetes_prevalence
Panama,PAN,SH.STA.DIAB.ZS,Diabetes prevalence (% of population ages 20 to 79),2015,,diabetes_prevalence
Papua New Guinea,PNG,SH.STA.DIAB.ZS,Diabetes prevalence (% of population ages 20 to 79),2019,,diabetes_prevalence
Papua New Guinea,PNG,SH.STA.DIAB.ZS,Diabetes prevalence (% of population ages 20 to 79),2018,,diabetes_prevalence
Papua New Guinea,PNG,SH.STA.DIAB.ZS,Diabetes prevalence (% of population ages 20 to 79),2017,,diabetes_prevalence
Papua New Guinea,PNG,SH.STA.DIAB.ZS,Diabetes prevalence (% of population ages 20 to 79),2016,,diabetes_prevalence
Papua New Guinea,PNG,SH.STA.DIAB.ZS,Diabetes prevalence (% of population ages 20 to 79),2015,,diabetes_prevalence
Paraguay,PRY,SH.STA.DIAB.ZS,Diabetes prevalence (% of population ages 20 to 79),2019,,diabetes_prevalence
Paraguay,PRY,SH.STA.DIAB.ZS,Diabetes prevalence (% of population ages 20 to 79),2018,,diabetes_prevalence
Paraguay,PRY,SH.STA.DIAB.ZS,Diabetes prevalence (% of population ages 20 to 79),2017,,diabetes_prevalence
Paraguay,PRY,SH.STA.DIAB.ZS,Diabetes prevalence (% of population ages 20 to 79),2016,,diabetes_prevalence
Paraguay,PRY,SH.STA.DIAB.ZS,Diabetes prevalence (% of population ages 20 to 79),2015,,diabetes_prevalence
Peru,PER,SH.STA.DIAB.ZS,Diabetes prevalence (% of population ages 20 to 79),2019,,diabetes_prevalence
Peru,PER,SH.STA.DIAB.ZS,Diabetes prevalence (% of population ages 20 to 79),2018,,diabetes_prevalence
Peru,PER,SH.STA.DIAB.ZS,Diabetes prevalence (% of population ages 20 to 79),2017,,diabetes_prevalence
Peru,PER,SH.STA.DIAB.ZS,Diabetes prevalence (% of population ages 20 to 79),2016,,diabetes_prevalence
Peru,PER,SH.STA.DIAB.ZS,Diabetes prevalence (% of population ages 20 to 79),2015,,diabetes_prevalence
Philippines,PHL,SH.STA.DIAB.ZS,Diabetes prevalence (% of population ages 20 to 79),2019,,diabetes_prevalence
Philippines,PHL,SH.STA.DIAB.ZS,Diabetes prevalence (% of population ages 20 to 79),2018,,diabetes_prevalence
Philippines,PHL,SH.STA.DIAB.ZS,Diabetes prevalence (% of population ages 20 to 79),2017,,diabetes_prevalence
Philippines,PHL,SH.STA.DIAB.ZS,Diabetes prevalence (% of population ages 20 to 79),2016,,diabetes_prevalence
Philippines,PHL,SH.STA.DIAB.ZS,Diabetes prevalence (% of population ages 20 to 79),2015,,diabetes_prevalence
Poland,POL,SH.STA.DIAB.ZS,Diabetes prevalence (% of population ages 20 to 79),2019,,diabetes_prevalence
Poland,POL,SH.STA.DIAB.ZS,Diabetes prevalence (% of population ages 20 to 79),2018,,diabetes_prevalence
Poland,POL,SH.STA.DIAB.ZS,Diabetes prevalence (% of population ages 20 to 79),2017,,diabetes_prevalence
Poland,POL,SH.STA.DIAB.ZS,Diabetes prevalence (% of population ages 20 to 79),2016,,diabetes_prevalence
Poland,POL,SH.STA.DIAB.ZS,Diabetes prevalence (% of population ages 20 to 79),2015,,diabetes_prevalence
Portugal,PRT,SH.STA.DIAB.ZS,Diabetes prevalence (% of population ages 20 to 79),2019,,diabetes_prevalence
Portugal,PRT,SH.STA.DIAB.ZS,Diabetes prevalence (% of population ages 20 to 79),2018,,diabetes_prevalence
Portugal,PRT,SH.STA.DIAB.ZS,Diabetes prevalence (% of population ages 20 to 79),2017,,diabetes_prevalence
Portugal,PRT,SH.STA.DIAB.ZS,Diabetes prevalence (% of population ages 20 to 79),2016,,diabetes_prevalence
Portugal,PRT,SH.STA.DIAB.ZS,Diabetes prevalence (% of population ages 20 to 79),2015,,diabetes_prevalence
Puerto Rico (US),PRI,SH.STA.DIAB.ZS,Diabetes prevalence (% of population ages 20 to 79),2019,,diabetes_prevalence
Puerto Rico (US),PRI,SH.STA.DIAB.ZS,Diabetes prevalence (% of population ages 20 to 79),2018,,diabetes_prevalence
Puerto Rico (US),PRI,SH.STA.DIAB.ZS,Diabetes prevalence (% of population ages 20 to 79),2017,,diabetes_prevalence
Puerto Rico (US),PRI,SH.STA.DIAB.ZS,Diabetes prevalence (% of population ages 20 to 79),2016,,diabetes_prevalence
Puerto Rico (US),PRI,SH.STA.DIAB.ZS,Diabetes prevalence (% of population ages 20 to 79),2015,,diabetes_prevalence
Qatar,QAT,SH.STA.DIAB.ZS,Diabetes prevalence (% of population ages 20 to 79),2019,,diabetes_prevalence
Qatar,QAT,SH.STA.DIAB.ZS,Diabetes prevalence (% of population ages 20 to 79),2018,,diabetes_prevalence
Qatar,QAT,SH.STA.DIAB.ZS,Diabetes prevalence (% of population ages 20 to 79),2017,,diabetes_prevalence
Qatar,QAT,SH.STA.DIAB.ZS,Diabetes prevalence (% of population ages 20 to 79),2016,,diabetes_prevalence
Qatar,QAT,SH.STA.DIAB.ZS,Diabetes prevalence (% of population ages 20 to 79),2015,,diabetes_prevalence
Romania,ROU,SH.STA.DIAB.ZS,Diabetes prevalence (% of population ages 20 to 79),2019,,diabetes_prevalence
Romania,ROU,SH.STA.DIAB.ZS,Diabetes prevalence (% of population ages 20 to 79),2018,,diabetes_prevalence
Romania,ROU,SH.STA.DIAB.ZS,Diabetes prevalence (% of population ages 20 to 79),2017,,diabetes_prevalence
Romania,ROU,SH.STA.DIAB.ZS,Diabetes prevalence (% of population ages 20 to 79),2016,,diabetes_prevalence
Romania,ROU,SH.STA.DIAB.ZS,Diabetes prevalence (% of population ages 20 to 79),2015,,diabetes_prevalence
Russian Federation,RUS,SH.STA.DIAB.ZS,Diabetes prevalence (% of population ages 20 to 79),2019,,diabetes_prevalence
Russian Federation,RUS,SH.STA.DIAB.ZS,Diabetes prevalence (% of population ages 20 to 79),2018,,diabetes_prevalence
Russian Federation,RUS,SH.STA.DIAB.ZS,Diabetes prevalence (% of population ages 20 to 79),2017,,diabetes_prevalence
Russian Federation,RUS,SH.STA.DIAB.ZS,Diabetes prevalence (% of population ages 20 to 79),2016,,diabetes_prevalence
Russian Federation,RUS,SH.STA.DIAB.ZS,Diabetes prevalence (% of population ages 20 to 79),2015,,diabetes_prevalence
Rwanda,RWA,SH.STA.DIAB.ZS,Diabetes prevalence (% of population ages 20 to 79),2019,,diabetes_prevalence
Rwanda,RWA,SH.STA.DIAB.ZS,Diabetes prevalence (% of population ages 20 to 79),2018,,diabetes_prevalence
Rwanda,RWA,SH.STA.DIAB.ZS,Diabetes prevalence (% of population ages 20 to 79),2017,,diabetes_prevalence
Rwanda,RWA,SH.STA.DIAB.ZS,Diabetes prevalence (% of population ages 20 to 79),2016,,diabetes_prevalence
Rwanda,RWA,SH.STA.DIAB.ZS,Diabetes prevalence (% of population ages 20 to 79),2015,,diabetes_prevalence
Samoa,WSM,SH.STA.DIAB.ZS,Diabetes prevalence (% of population ages 20 to 79),2019,,diabetes_prevalence
Samoa,WSM,SH.STA.DIAB.ZS,Diabetes prevalence (% of population ages 20 to 79),2018,,diabetes_prevalence
Samoa,WSM,SH.STA.DIAB.ZS,Diabetes prevalence (% of population ages 20 to 79),2017,,diabetes_prevalence
Samoa,WSM,SH.STA.DIAB.ZS,Diabetes prevalence (% of population ages 20 to 79),2016,,diabetes_prevalence
Samoa,WSM,SH.STA.DIAB.ZS,Diabetes prevalence (% of population ages 20 to 79),2015,,diabetes_prevalence
San Marino,SMR,SH.STA.DIAB.ZS,Diabetes prevalence (% of population ages 20 to 79),2019,,diabetes_prevalence
San Marino,SMR,SH.STA.DIAB.ZS,Diabetes prevalence (% of population ages 20 to 79),2018,,diabetes_prevalence
San Marino,SMR,SH.STA.DIAB.ZS,Diabetes prevalence (% of population ages 20 to 79),2017,,diabetes_prevalence
San Marino,SMR,SH.STA.DIAB.ZS,Diabetes prevalence (% of population ages 20 to 79),2016,,diabetes_prevalence
San Marino,SMR,SH.STA.DIAB.ZS,Diabetes prevalence (% of population ages 20 to 79),2015,,diabetes_prevalence
Sao Tome and Principe,STP,SH.STA.DIAB.ZS,Diabetes prevalence (% of population ages 20 to 79),2019,,diabetes_prevalence
Sao Tome and Principe,STP,SH.STA.DIAB.ZS,Diabetes prevalence (% of population ages 20 to 79),2018,,diabetes_prevalence
Sao Tome and Principe,STP,SH.STA.DIAB.ZS,Diabetes prevalence (% of population ages 20 to 79),2017,,diabetes_prevalence
Sao Tome and Principe,STP,SH.STA.DIAB.ZS,Diabetes prevalence (% of population ages 20 to 79),2016,,diabetes_prevalence
Sao Tome and Principe,STP,SH.STA.DIAB.ZS,Diabetes prevalence (% of population ages 20 to 79),2015,,diabetes_prevalence
Saudi Arabia,SAU,SH.STA.DIAB.ZS,Diabetes prevalence (% of population ages 20 to 79),2019,,diabetes_prevalence
Saudi Arabia,SAU,SH.STA.DIAB.ZS,Diabetes prevalence (% of population ages 20 to 79),2018,,diabetes_prevalence
Saudi Arabia,SAU,SH.STA.DIAB.ZS,Diabetes prevalence (% of population ages 20 to 79),2017,,diabetes_prevalence
Saudi Arabia,SAU,SH.STA.DIAB.ZS,Diabetes prevalence (% of population ages 20 to 79),2016,,diabetes_prevalence
Saudi Arabia,SAU,SH.STA.DIAB.ZS,Diabetes prevalence (% of population ages 20 to 79),2015,,diabetes_prevalence
Senegal,SEN,SH.STA.DIAB.ZS,Diabetes prevalence (% of population ages 20 to 79),2019,,diabetes_prevalence
Senegal,SEN,SH.STA.DIAB.ZS,Diabetes prevalence (% of population ages 20 to 79),2018,,diabetes_prevalence
Senegal,SEN,SH.STA.DIAB.ZS,Diabetes prevalence (% of population ages 20 to 79),2017,,diabetes_prevalence
Senegal,SEN,SH.STA.DIAB.ZS,Diabetes prevalence (% of population ages 20 to 79),2016,,diabetes_prevalence
Senegal,SEN,SH.STA.DIAB.ZS,Diabetes prevalence (% of population ages 20 to 79),2015,,diabetes_prevalence
Serbia,SRB,SH.STA.DIAB.ZS,Diabetes prevalence (% of population ages 20 to 79),2019,,diabetes_prevalence
Serbia,SRB,SH.STA.DIAB.ZS,Diabetes prevalence (% of population ages 20 to 79),2018,,diabetes_prevalence
Serbia,SRB,SH.STA.DIAB.ZS,Diabetes prevalence (% of population ages 20 to 79),2017,,diabetes_prevalence
Serbia,SRB,SH.STA.DIAB.ZS,Diabetes prevalence (% of population ages 20 to 79),2016,,diabetes_prevalence
Serbia,SRB,SH.STA.DIAB.ZS,Diabetes prevalence (% of population ages 20 to 79),2015,,diabetes_prevalence
Seychelles,SYC,SH.STA.DIAB.ZS,Diabetes prevalence (% of population ages 20 to 79),2019,,diabetes_prevalence
Seychelles,SYC,SH.STA.DIAB.ZS,Diabetes prevalence (% of population ages 20 to 79),2018,,diabetes_prevalence
Seychelles,SYC,SH.STA.DIAB.ZS,Diabetes prevalence (% of population ages 20 to 79),2017,,diabetes_prevalence
Seychelles,SYC,SH.STA.DIAB.ZS,Diabetes prevalence (% of population ages 20 to 79),2016,,diabetes_prevalence
Seychelles,SYC,SH.STA.DIAB.ZS,Diabetes prevalence (% of population ages 20 to 79),2015,,diabetes_prevalence
Sierra Leone,SLE,SH.STA.DIAB.ZS,Diabetes prevalence (% of population ages 20 to 79),2019,,diabetes_prevalence
Sierra Leone,SLE,SH.STA.DIAB.ZS,Diabetes prevalence (% of population ages 20 to 79),2018,,diabetes_prevalence
Sierra Leone,SLE,SH.STA.DIAB.ZS,Diabetes prevalence (% of population ages 20 to 79),2017,,diabetes_prevalence
Sierra Leone,SLE,SH.STA.DIAB.ZS,Diabetes prevalence (% of population ages 20 to 79),2016,,diabetes_prevalence
Sierra Leone,SLE,SH.STA.DIAB.ZS,Diabetes prevalence (% of population ages 20 to 79),2015,,diabetes_prevalence
Singapore,SGP,SH.STA.DIAB.ZS,Diabetes prevalence (% of population ages 20 to 79),2019,,diabetes_prevalence
Singapore,SGP,SH.STA.DIAB.ZS,Diabetes prevalence (% of population ages 20 to 79),2018,,diabetes_prevalence
Singapore,SGP,SH.STA.DIAB.ZS,Diabetes prevalence (% of population ages 20 to 79),2017,,diabetes_prevalence
Singapore,SGP,SH.STA.DIAB.ZS,Diabetes prevalence (% of population ages 20 to 79),2016,,diabetes_prevalence
Singapore,SGP,SH.STA.DIAB.ZS,Diabetes prevalence (% of population ages 20 to 79),2015,,diabetes_prevalence
Sint Maarten (Dutch part),SXM,SH.STA.DIAB.ZS,Diabetes prevalence (% of population ages 20 to 79),2019,,diabetes_prevalence
Sint Maarten (Dutch part),SXM,SH.STA.DIAB.ZS,Diabetes prevalence (% of population ages 20 to 79),2018,,diabetes_prevalence
Sint Maarten (Dutch part),SXM,SH.STA.DIAB.ZS,Diabetes prevalence (% of population ages 20 to 79),2017,,diabetes_prevalence
Sint Maarten (Dutch part),SXM,SH.STA.DIAB.ZS,Diabetes prevalence (% of population ages 20 to 79),2016,,diabetes_prevalence
Sint Maarten (Dutch part),SXM,SH.STA.DIAB.ZS,Diabetes prevalence (% of population ages 20 to 79),2015,,diabetes_prevalence
Slovak Republic,SVK,SH.STA.DIAB.ZS,Diabetes prevalence (% of population ages 20 to 79),2019,,diabetes_prevalence
Slovak Republic,SVK,SH.STA.DIAB.ZS,Diabetes prevalence (% of population ages 20 to 79),2018,,diabetes_prevalence
Slovak Republic,SVK,SH.STA.DIAB.ZS,Diabetes prevalence (% of population ages 20 to 79),2017,,diabetes_prevalence
Slovak Republic,SVK,SH.STA.DIAB.ZS,Diabetes prevalence (% of population ages 20 to 79),2016,,diabetes_prevalence
Slovak Republic,SVK,SH.STA.DIAB.ZS,Diabetes prevalence (% of population ages 20 to 79),2015,,diabetes_prevalence
Slovenia,SVN,SH.STA.DIAB.ZS,Diabetes prevalence (% of population ages 20 to 79),2019,,diabetes_prevalence
Slovenia,SVN,SH.STA.DIAB.ZS,Diabetes prevalence (% of population ages 20 to 79),2018,,diabetes_prevalence
Slovenia,SVN,SH.STA.DIAB.ZS,Diabetes prevalence (% of population ages 20 to 79),2017,,diabetes_prevalence
Slovenia,SVN,SH.STA.DIAB.ZS,Diabetes prevalence (% of population ages 20 to 79),2016,,diabetes_prevalence
Slovenia,SVN,SH.STA.DIAB.ZS,Diabetes prevalence (% of population ages 20 to 79),2015,,diabetes_prevalence
Solomon Islands,SLB,SH.STA.DIAB.ZS,Diabetes prevalence (% of population ages 20 to 79),2019,,diabetes_prevalence
Solomon Islands,SLB,SH.STA.DIAB.ZS,Diabetes prevalence (% of population ages 20 to 79),2018,,diabetes_prevalence
Solomon Islands,SLB,SH.STA.DIAB.ZS,Diabetes prevalence (% of population ages 20 to 79),2017,,diabetes_prevalence
Solomon Islands,SLB,SH.STA.DIAB.ZS,Diabetes prevalence (% of population ages 20 to 79),2016,,diabetes_prevalence
Solomon Islands,SLB,SH.STA.DIAB.ZS,Diabetes prevalence (% of population ages 20 to 79),2015,,diabetes_prevalence
"Somalia, Fed. Rep.",SOM,SH.STA.DIAB.ZS,Diabetes prevalence (% of population ages 20 to 79),2019,,diabetes_prevalence
"Somalia, Fed. Rep.",SOM,SH.STA.DIAB.ZS,Diabetes prevalence (% of population ages 20 to 79),2018,,diabetes_prevalence
"Somalia, Fed. Rep.",SOM,SH.STA.DIAB.ZS,Diabetes prevalence (% of population ages 20 to 79),2017,,diabetes_prevalence
"Somalia, Fed. Rep.",SOM,SH.STA.DIAB.ZS,Diabetes prevalence (% of population ages 20 to 79),2016,,diabetes_prevalence
"Somalia, Fed. Rep.",SOM,SH.STA.DIAB.ZS,Diabetes prevalence (% of population ages 20 to 79),2015,,diabetes_prevalence
South Africa,ZAF,SH.STA.DIAB.ZS,Diabetes prevalence (% of population ages 20 to 79),2019,,diabetes_prevalence
South Africa,ZAF,SH.STA.DIAB.ZS,Diabetes prevalence (% of population ages 20 to 79),2018,,diabetes_prevalence
South Africa,ZAF,SH.STA.DIAB.ZS,Diabetes prevalence (% of population ages 20 to 79),2017,,diabetes_prevalence
South Africa,ZAF,SH.STA.DIAB.ZS,Diabetes prevalence (% of population ages 20 to 79),2016,,diabetes_prevalence
South Africa,ZAF,SH.STA.DIAB.ZS,Diabetes prevalence (% of population ages 20 to 79),2015,,diabetes_prevalence
South Sudan,SSD,SH.STA.DIAB.ZS,Diabetes prevalence (% of population ages 20 to 79),2019,,diabetes_prevalence
South Sudan,SSD,SH.STA.DIAB.ZS,Diabetes prevalence (% of population ages 20 to 79),2018,,diabetes_prevalence
South Sudan,SSD,SH.STA.DIAB.ZS,Diabetes prevalence (% of population ages 20 to 79),2017,,diabetes_prevalence
South Sudan,SSD,SH.STA.DIAB.ZS,Diabetes prevalence (% of population ages 20 to 79),2016,,diabetes_prevalence
South Sudan,SSD,SH.STA.DIAB.ZS,Diabetes prevalence (% of population ages 20 to 79),2015,,diabetes_prevalence
Spain,ESP,SH.STA.DIAB.ZS,Diabetes prevalence (% of population ages 20 to 79),2019,,diabetes_prevalence
Spain,ESP,SH.STA.DIAB.ZS,Diabetes prevalence (% of population ages 20 to 79),2018,,diabetes_prevalence
Spain,ESP,SH.STA.DIAB.ZS,Diabetes prevalence (% of population ages 20 to 79),2017,,diabetes_prevalence
Spain,ESP,SH.STA.DIAB.ZS,Diabetes prevalence (% of population ages 20 to 79),2016,,diabetes_prevalence
Spain,ESP,SH.STA.DIAB.ZS,Diabetes prevalence (% of population ages 20 to 79),2015,,diabetes_prevalence
Sri Lanka,LKA,SH.STA.DIAB.ZS,Diabetes prevalence (% of population ages 20 to 79),2019,,diabetes_prevalence
Sri Lanka,LKA,SH.STA.DIAB.ZS,Diabetes prevalence (% of population ages 20 to 79),2018,,diabetes_prevalence
Sri Lanka,LKA,SH.STA.DIAB.ZS,Diabetes prevalence (% of population ages 20 to 79),2017,,diabetes_prevalence
Sri Lanka,LKA,SH.STA.DIAB.ZS,Diabetes prevalence (% of population ages 20 to 79),2016,,diabetes_prevalence
Sri Lanka,LKA,SH.STA.DIAB.ZS,Diabetes prevalence (% of population ages 20 to 79),2015,,diabetes_prevalence
St. Kitts and Nevis,KNA,SH.STA.DIAB.ZS,Diabetes prevalence (% of population ages 20 to 79),2019,,diabetes_prevalence
St. Kitts and Nevis,KNA,SH.STA.DIAB.ZS,Diabetes prevalence (% of population ages 20 to 79),2018,,diabetes_prevalence
St. Kitts and Nevis,KNA,SH.STA.DIAB.ZS,Diabetes prevalence (% of population ages 20 to 79),2017,,diabetes_prevalence
St. Kitts and Nevis,KNA,SH.STA.DIAB.ZS,Diabetes prevalence (% of population ages 20 to 79),2016,,diabetes_prevalence
St. Kitts and Nevis,KNA,SH.STA.DIAB.ZS,Diabetes prevalence (% of population ages 20 to 79),2015,,diabetes_prevalence
St. Lucia,LCA,SH.STA.DIAB.ZS,Diabetes prevalence (% of population ages 20 to 79),2019,,diabetes_prevalence
St. Lucia,LCA,SH.STA.DIAB.ZS,Diabetes prevalence (% of population ages 20 to 79),2018,,diabetes_prevalence
St. Lucia,LCA,SH.STA.DIAB.ZS,Diabetes prevalence (% of population ages 20 to 79),2017,,diabetes_prevalence
St. Lucia,LCA,SH.STA.DIAB.ZS,Diabetes prevalence (% of population ages 20 to 79),2016,,diabetes_prevalence
St. Lucia,LCA,SH.STA.DIAB.ZS,Diabetes prevalence (% of population ages 20 to 79),2015,,diabetes_prevalence
St. Martin (French part),MAF,SH.STA.DIAB.ZS,Diabetes prevalence (% of population ages 20 to 79),2019,,diabetes_prevalence
St. Martin (French part),MAF,SH.STA.DIAB.ZS,Diabetes prevalence (% of population ages 20 to 79),2018,,diabetes_prevalence
St. Martin (French part),MAF,SH.STA.DIAB.ZS,Diabetes prevalence (% of population ages 20 to 79),2017,,diabetes_prevalence
St. Martin (French part),MAF,SH.STA.DIAB.ZS,Diabetes prevalence (% of population ages 20 to 79),2016,,diabetes_prevalence
St. Martin (French part),MAF,SH.STA.DIAB.ZS,Diabetes prevalence (% of population ages 20 to 79),2015,,diabetes_prevalence
St. Vincent and the Grenadines,VCT,SH.STA.DIAB.ZS,Diabetes prevalence (% of population ages 20 to 79),2019,,diabetes_prevalence
St. Vincent and the Grenadines,VCT,SH.STA.DIAB.ZS,Diabetes prevalence (% of population ages 20 to 79),2018,,diabetes_prevalence
St. Vincent and the Grenadines,VCT,SH.STA.DIAB.ZS,Diabetes prevalence (% of population ages 20 to 79),2017,,diabetes_prevalence
St. Vincent and the Grenadines,VCT,SH.STA.DIAB.ZS,Diabetes prevalence (% of population ages 20 to 79),2016,,diabetes_prevalence
St. Vincent and the Grenadines,VCT,SH.STA.DIAB.ZS,Diabetes prevalence (% of population ages 20 to 79),2015,,diabetes_prevalence
Sudan,SDN,SH.STA.DIAB.ZS,Diabetes prevalence (% of population ages 20 to 79),2019,,diabetes_prevalence
Sudan,SDN,SH.STA.DIAB.ZS,Diabetes prevalence (% of population ages 20 to 79),2018,,diabetes_prevalence
Sudan,SDN,SH.STA.DIAB.ZS,Diabetes prevalence (% of population ages 20 to 79),2017,,diabetes_prevalence
Sudan,SDN,SH.STA.DIAB.ZS,Diabetes prevalence (% of population ages 20 to 79),2016,,diabetes_prevalence
Sudan,SDN,SH.STA.DIAB.ZS,Diabetes prevalence (% of population ages 20 to 79),2015,,diabetes_prevalence
Suriname,SUR,SH.STA.DIAB.ZS,Diabetes prevalence (% of population ages 20 to 79),2019,,diabetes_prevalence
Suriname,SUR,SH.STA.DIAB.ZS,Diabetes prevalence (% of population ages 20 to 79),2018,,diabetes_prevalence
Suriname,SUR,SH.STA.DIAB.ZS,Diabetes prevalence (% of population ages 20 to 79),2017,,diabetes_prevalence
Suriname,SUR,SH.STA.DIAB.ZS,Diabetes prevalence (% of population ages 20 to 79),2016,,diabetes_prevalence
Suriname,SUR,SH.STA.DIAB.ZS,Diabetes prevalence (% of population ages 20 to 79),2015,,diabetes_prevalence
Sweden,SWE,SH.STA.DIAB.ZS,Diabetes prevalence (% of population ages 20 to 79),2019,,diabetes_prevalence
Sweden,SWE,SH.STA.DIAB.ZS,Diabetes prevalence (% of population ages 20 to 79),2018,,diabetes_prevalence
Sweden,SWE,SH.STA.DIAB.ZS,Diabetes prevalence (% of population ages 20 to 79),2017,,diabetes_prevalence
Sweden,SWE,SH.STA.DIAB.ZS,Diabetes prevalence (% of population ages 20 to 79),2016,,diabetes_prevalence
Sweden,SWE,SH.STA.DIAB.ZS,Diabetes prevalence (% of population ages 20 to 79),2015,,diabetes_prevalence
Switzerland,CHE,SH.STA.DIAB.ZS,Diabetes prevalence (% of population ages 20 to 79),2019,,diabetes_prevalence
Switzerland,CHE,SH.STA.DIAB.ZS,Diabetes prevalence (% of population ages 20 to 79),2018,,diabetes_prevalence
Switzerland,CHE,SH.STA.DIAB.ZS,Diabetes prevalence (% of population ages 20 to 79),2017,,diabetes_prevalence
Switzerland,CHE,SH.STA.DIAB.ZS,Diabetes prevalence (% of population ages 20 to 79),2016,,diabetes_prevalence
Switzerland,CHE,SH.STA.DIAB.ZS,Diabetes prevalence (% of population ages 20 to 79),2015,,diabetes_prevalence
Syrian Arab Republic,SYR,SH.STA.DIAB.ZS,Diabetes prevalence (% of population ages 20 to 79),2019,,diabetes_prevalence
Syrian Arab Republic,SYR,SH.STA.DIAB.ZS,Diabetes prevalence (% of population ages 20 to 79),2018,,diabetes_prevalence
Syrian Arab Republic,SYR,SH.STA.DIAB.ZS,Diabetes prevalence (% of population ages 20 to 79),2017,,diabetes_prevalence
Syrian Arab Republic,SYR,SH.STA.DIAB.ZS,Diabetes prevalence (% of population ages 20 to 79),2016,,diabetes_prevalence
Syrian Arab Republic,SYR,SH.STA.DIAB.ZS,Diabetes prevalence (% of population ages 20 to 79),2015,,diabetes_prevalence
Tajikistan,TJK,SH.STA.DIAB.ZS,Diabetes prevalence (% of population ages 20 to 79),2019,,diabetes_prevalence
Tajikistan,TJK,SH.STA.DIAB.ZS,Diabetes prevalence (% of population ages 20 to 79),2018,,diabetes_prevalence
Tajikistan,TJK,SH.STA.DIAB.ZS,Diabetes prevalence (% of population ages 20 to 79),2017,,diabetes_prevalence
Tajikistan,TJK,SH.STA.DIAB.ZS,Diabetes prevalence (% of population ages 20 to 79),2016,,diabetes_prevalence
Tajikistan,TJK,SH.STA.DIAB.ZS,Diabetes prevalence (% of population ages 20 to 79),2015,,diabetes_prevalence
Tanzania,TZA,SH.STA.DIAB.ZS,Diabetes prevalence (% of population ages 20 to 79),2019,,diabetes_prevalence
Tanzania,TZA,SH.STA.DIAB.ZS,Diabetes prevalence (% of population ages 20 to 79),2018,,diabetes_prevalence
Tanzania,TZA,SH.STA.DIAB.ZS,Diabetes prevalence (% of population ages 20 to 79),2017,,diabetes_prevalence
Tanzania,TZA,SH.STA.DIAB.ZS,Diabetes prevalence (% of population ages 20 to 79),2016,,diabetes_prevalence
Tanzania,TZA,SH.STA.DIAB.ZS,Diabetes prevalence (% of population ages 20 to 79),2015,,diabetes_prevalence
Thailand,THA,SH.STA.DIAB.ZS,Diabetes prevalence (% of population ages 20 to 79),2019,,diabetes_prevalence
Thailand,THA,SH.STA.DIAB.ZS,Diabetes prevalence (% of population ages 20 to 79),2018,,diabetes_prevalence
Thailand,THA,SH.STA.DIAB.ZS,Diabetes prevalence (% of population ages 20 to 79),2017,,diabetes_prevalence
Thailand,THA,SH.STA.DIAB.ZS,Diabetes prevalence (% of population ages 20 to 79),2016,,diabetes_prevalence
Thailand,THA,SH.STA.DIAB.ZS,Diabetes prevalence (% of population ages 20 to 79),2015,,diabetes_prevalence
Timor-Leste,TLS,SH.STA.DIAB.ZS,Diabetes prevalence (% of population ages 20 to 79),2019,,diabetes_prevalence
Timor-Leste,TLS,SH.STA.DIAB.ZS,Diabetes prevalence (% of population ages 20 to 79),2018,,diabetes_prevalence
Timor-Leste,TLS,SH.STA.DIAB.ZS,Diabetes prevalence (% of population ages 20 to 79),2017,,diabetes_prevalence
Timor-Leste,TLS,SH.STA.DIAB.ZS,Diabetes prevalence (% of population ages 20 to 79),2016,,diabetes_prevalence
Timor-Leste,TLS,SH.STA.DIAB.ZS,Diabetes prevalence (% of population ages 20 to 79),2015,,diabetes_prevalence
Togo,TGO,SH.STA.DIAB.ZS,Diabetes prevalence (% of population ages 20 to 79),2019,,diabetes_prevalence
Togo,TGO,SH.STA.DIAB.ZS,Diabetes prevalence (% of population ages 20 to 79),2018,,diabetes_prevalence
Togo,TGO,SH.STA.DIAB.ZS,Diabetes prevalence (% of population ages 20 to 79),2017,,diabetes_prevalence
Togo,TGO,SH.STA.DIAB.ZS,Diabetes prevalence (% of population ages 20 to 79),2016,,diabetes_prevalence
Togo,TGO,SH.STA.DIAB.ZS,Diabetes prevalence (% of population ages 20 to 79),2015,,diabetes_prevalence
Tonga,TON,SH.STA.DIAB.ZS,Diabetes prevalence (% of population ages 20 to 79),2019,,diabetes_prevalence
Tonga,TON,SH.STA.DIAB.ZS,Diabetes prevalence (% of population ages 20 to 79),2018,,diabetes_prevalence
Tonga,TON,SH.STA.DIAB.ZS,Diabetes prevalence (% of population ages 20 to 79),2017,,diabetes_prevalence
Tonga,TON,SH.STA.DIAB.ZS,Diabetes prevalence (% of population ages 20 to 79),2016,,diabetes_prevalence
Tonga,TON,SH.STA.DIAB.ZS,Diabetes prevalence (% of population ages 20 to 79),2015,,diabetes_prevalence
Trinidad and Tobago,TTO,SH.STA.DIAB.ZS,Diabetes prevalence (% of population ages 20 to 79),2019,,diabetes_prevalence
Trinidad and Tobago,TTO,SH.STA.DIAB.ZS,Diabetes prevalence (% of population ages 20 to 79),2018,,diabetes_prevalence
Trinidad and Tobago,TTO,SH.STA.DIAB.ZS,Diabetes prevalence (% of population ages 20 to 79),2017,,diabetes_prevalence
Trinidad and Tobago,TTO,SH.STA.DIAB.ZS,Diabetes prevalence (% of population ages 20 to 79),2016,,diabetes_prevalence
Trinidad and Tobago,TTO,SH.STA.DIAB.ZS,Diabetes prevalence (% of population ages 20 to 79),2015,,diabetes_prevalence
Tunisia,TUN,SH.STA.DIAB.ZS,Diabetes prevalence (% of population ages 20 to 79),2019,,diabetes_prevalence
Tunisia,TUN,SH.STA.DIAB.ZS,Diabetes prevalence (% of population ages 20 to 79),2018,,diabetes_prevalence
Tunisia,TUN,SH.STA.DIAB.ZS,Diabetes prevalence (% of population ages 20 to 79),2017,,diabetes_prevalence
Tunisia,TUN,SH.STA.DIAB.ZS,Diabetes prevalence (% of population ages 20 to 79),2016,,diabetes_prevalence
Tunisia,TUN,SH.STA.DIAB.ZS,Diabetes prevalence (% of population ages 20 to 79),2015,,diabetes_prevalence
Turkiye,TUR,SH.STA.DIAB.ZS,Diabetes prevalence (% of population ages 20 to 79),2019,,diabetes_prevalence
Turkiye,TUR,SH.STA.DIAB.ZS,Diabetes prevalence (% of population ages 20 to 79),2018,,diabetes_prevalence
Turkiye,TUR,SH.STA.DIAB.ZS,Diabetes prevalence (% of population ages 20 to 79),2017,,diabetes_prevalence
Turkiye,TUR,SH.STA.DIAB.ZS,Diabetes prevalence (% of population ages 20 to 79),2016,,diabetes_prevalence
Turkiye,TUR,SH.STA.DIAB.ZS,Diabetes prevalence (% of population ages 20 to 79),2015,,diabetes_prevalence
Turkmenistan,TKM,SH.STA.DIAB.ZS,Diabetes prevalence (% of population ages 20 to 79),2019,,diabetes_prevalence
Turkmenistan,TKM,SH.STA.DIAB.ZS,Diabetes prevalence (% of population ages 20 to 79),2018,,diabetes_prevalence
Turkmenistan,TKM,SH.STA.DIAB.ZS,Diabetes prevalence (% of population ages 20 to 79),2017,,diabetes_prevalence
Turkmenistan,TKM,SH.STA.DIAB.ZS,Diabetes prevalence (% of population ages 20 to 79),2016,,diabetes_prevalence
Turkmenistan,TKM,SH.STA.DIAB.ZS,Diabetes prevalence (% of population ages 20 to 79),2015,,diabetes_prevalence
Turks and Caicos Islands,TCA,SH.STA.DIAB.ZS,Diabetes prevalence (% of population ages 20 to 79),2019,,diabetes_prevalence
Turks and Caicos Islands,TCA,SH.STA.DIAB.ZS,Diabetes prevalence (% of population ages 20 to 79),2018,,diabetes_prevalence
Turks and Caicos Islands,TCA,SH.STA.DIAB.ZS,Diabetes prevalence (% of population ages 20 to 79),2017,,diabetes_prevalence
Turks and Caicos Islands,TCA,SH.STA.DIAB.ZS,Diabetes prevalence (% of population ages 20 to 79),2016,,diabetes_prevalence
Turks and Caicos Islands,TCA,SH.STA.DIAB.ZS,Diabetes prevalence (% of population ages 20 to 79),2015,,diabetes_prevalence
Tuvalu,TUV,SH.STA.DIAB.ZS,Diabetes prevalence (% of population ages 20 to 79),2019,,diabetes_prevalence
Tuvalu,TUV,SH.STA.DIAB.ZS,Diabetes prevalence (% of population ages 20 to 79),2018,,diabetes_prevalence
Tuvalu,TUV,SH.STA.DIAB.ZS,Diabetes prevalence (% of population ages 20 to 79),2017,,diabetes_prevalence
Tuvalu,TUV,SH.STA.DIAB.ZS,Diabetes prevalence (% of population ages 20 to 79),2016,,diabetes_prevalence
Tuvalu,TUV,SH.STA.DIAB.ZS,Diabetes prevalence (% of population ages 20 to 79),2015,,diabetes_prevalence
Uganda,UGA,SH.STA.DIAB.ZS,Diabetes prevalence (% of population ages 20 to 79),2019,,diabetes_prevalence
Uganda,UGA,SH.STA.DIAB.ZS,Diabetes prevalence (% of population ages 20 to 79),2018,,diabetes_prevalence
Uganda,UGA,SH.STA.DIAB.ZS,Diabetes prevalence (% of population ages 20 to 79),2017,,diabetes_prevalence
Uganda,UGA,SH.STA.DIAB.ZS,Diabetes prevalence (% of population ages 20 to 79),2016,,diabetes_prevalence
Uganda,UGA,SH.STA.DIAB.ZS,Diabetes prevalence (% of population ages 20 to 79),2015,,diabetes_prevalence
Ukraine,UKR,SH.STA.DIAB.ZS,Diabetes prevalence (% of population ages 20 to 79),2019,,diabetes_prevalence
Ukraine,UKR,SH.STA.DIAB.ZS,Diabetes prevalence (% of population ages 20 to 79),2018,,diabetes_prevalence
Ukraine,UKR,SH.STA.DIAB.ZS,Diabetes prevalence (% of population ages 20 to 79),2017,,diabetes_prevalence
Ukraine,UKR,SH.STA.DIAB.ZS,Diabetes prevalence (% of population ages 20 to 79),2016,,diabetes_prevalence
Ukraine,UKR,SH.STA.DIAB.ZS,Diabetes prevalence (% of population ages 20 to 79),2015,,diabetes_prevalence
United Arab Emirates,ARE,SH.STA.DIAB.ZS,Diabetes prevalence (% of population ages 20 to 79),2019,,diabetes_prevalence
United Arab Emirates,ARE,SH.STA.DIAB.ZS,Diabetes prevalence (% of population ages 20 to 79),2018,,diabetes_prevalence
United Arab Emirates,ARE,SH.STA.DIAB.ZS,Diabetes prevalence (% of population ages 20 to 79),2017,,diabetes_prevalence
United Arab Emirates,ARE,SH.STA.DIAB.ZS,Diabetes prevalence (% of population ages 20 to 79),2016,,diabetes_prevalence
United Arab Emirates,ARE,SH.STA.DIAB.ZS,Diabetes prevalence (% of population ages 20 to 79),2015,,diabetes_prevalence
United Kingdom,GBR,SH.STA.DIAB.ZS,Diabetes prevalence (% of population ages 20 to 79),2019,,diabetes_prevalence
United Kingdom,GBR,SH.STA.DIAB.ZS,Diabetes prevalence (% of population ages 20 to 79),2018,,diabetes_prevalence
United Kingdom,GBR,SH.STA.DIAB.ZS,Diabetes prevalence (% of population ages 20 to 79),2017,,diabetes_prevalence
United Kingdom,GBR,SH.STA.DIAB.ZS,Diabetes prevalence (% of population ages 20 to 79),2016,,diabetes_prevalence
United Kingdom,GBR,SH.STA.DIAB.ZS,Diabetes prevalence (% of population ages 20 to 79),2015,,diabetes_prevalence
United States,USA,SH.STA.DIAB.ZS,Diabetes prevalence (% of population ages 20 to 79),2019,,diabetes_prevalence
United States,USA,SH.STA.DIAB.ZS,Diabetes prevalence (% of population ages 20 to 79),2018,,diabetes_prevalence
United States,USA,SH.STA.DIAB.ZS,Diabetes prevalence (% of population ages 20 to 79),2017,,diabetes_prevalence
United States,USA,SH.STA.DIAB.ZS,Diabetes prevalence (% of population ages 20 to 79),2016,,diabetes_prevalence
United States,USA,SH.STA.DIAB.ZS,Diabetes prevalence (% of population ages 20 to 79),2015,,diabetes_prevalence
Uruguay,URY,SH.STA.DIAB.ZS,Diabetes prevalence (% of population ages 20 to 79),2019,,diabetes_prevalence
Uruguay,URY,SH.STA.DIAB.ZS,Diabetes prevalence (% of population ages 20 to 79),2018,,diabetes_prevalence
Uruguay,URY,SH.STA.DIAB.ZS,Diabetes prevalence (% of population ages 20 to 79),2017,,diabetes_prevalence
Uruguay,URY,SH.STA.DIAB.ZS,Diabetes prevalence (% of population ages 20 to 79),2016,,diabetes_prevalence
Uruguay,URY,SH.STA.DIAB.ZS,Diabetes prevalence (% of population ages 20 to 79),2015,,diabetes_prevalence
Uzbekistan,UZB,SH.STA.DIAB.ZS,Diabetes prevalence (% of population ages 20 to 79),2019,,diabetes_prevalence
Uzbekistan,UZB,SH.STA.DIAB.ZS,Diabetes prevalence (% of population ages 20 to 79),2018,,diabetes_prevalence
Uzbekistan,UZB,SH.STA.DIAB.ZS,Diabetes prevalence (% of population ages 20 to 79),2017,,diabetes_prevalence
Uzbekistan,UZB,SH.STA.DIAB.ZS,Diabetes prevalence (% of population ages 20 to 79),2016,,diabetes_prevalence
Uzbekistan,UZB,SH.STA.DIAB.ZS,Diabetes prevalence (% of population ages 20 to 79),2015,,diabetes_prevalence
Vanuatu,VUT,SH.STA.DIAB.ZS,Diabetes prevalence (% of population ages 20 to 79),2019,,diabetes_prevalence
Vanuatu,VUT,SH.STA.DIAB.ZS,Diabetes prevalence (% of population ages 20 to 79),2018,,diabetes_prevalence
Vanuatu,VUT,SH.STA.DIAB.ZS,Diabetes prevalence (% of population ages 20 to 79),2017,,diabetes_prevalence
Vanuatu,VUT,SH.STA.DIAB.ZS,Diabetes prevalence (% of population ages 20 to 79),2016,,diabetes_prevalence
Vanuatu,VUT,SH.STA.DIAB.ZS,Diabetes prevalence (% of population ages 20 to 79),2015,,diabetes_prevalence
"Venezuela, RB",VEN,SH.STA.DIAB.ZS,Diabetes prevalence (% of population ages 20 to 79),2019,,diabetes_prevalence
"Venezuela, RB",VEN,SH.STA.DIAB.ZS,Diabetes prevalence (% of population ages 20 to 79),2018,,diabetes_prevalence
"Venezuela, RB",VEN,SH.STA.DIAB.ZS,Diabetes prevalence (% of population ages 20 to 79),2017,,diabetes_prevalence
"Venezuela, RB",VEN,SH.STA.DIAB.ZS,Diabetes prevalence (% of population ages 20 to 79),2016,,diabetes_prevalence
"Venezuela, RB",VEN,SH.STA.DIAB.ZS,Diabetes prevalence (% of population ages 20 to 79),2015,,diabetes_prevalence
Viet Nam,VNM,SH.STA.DIAB.ZS,Diabetes prevalence (% of population ages 20 to 79),2019,,diabetes_prevalence
Viet Nam,VNM,SH.STA.DIAB.ZS,Diabetes prevalence (% of population ages 20 to 79),2018,,diabetes_prevalence
Viet Nam,VNM,SH.STA.DIAB.ZS,Diabetes prevalence (% of population ages 20 to 79),2017,,diabetes_prevalence
Viet Nam,VNM,SH.STA.DIAB.ZS,Diabetes prevalence (% of population ages 20 to 79),2016,,diabetes_prevalence
Viet Nam,VNM,SH.STA.DIAB.ZS,Diabetes prevalence (% of population ages 20 to 79),2015,,diabetes_prevalence
Virgin Islands (U.S.),VIR,SH.STA.DIAB.ZS,Diabetes prevalence (% of population ages 20 to 79),2019,,diabetes_prevalence
Virgin Islands (U.S.),VIR,SH.STA.DIAB.ZS,Diabetes prevalence (% of population ages 20 to 79),2018,,diabetes_prevalence
Virgin Islands (U.S.),VIR,SH.STA.DIAB.ZS,Diabetes prevalence (% of population ages 20 to 79),2017,,diabetes_prevalence
Virgin Islands (U.S.),VIR,SH.STA.DIAB.ZS,Diabetes prevalence (% of population ages 20 to 79),2016,,diabetes_prevalence
Virgin Islands (U.S.),VIR,SH.STA.DIAB.ZS,Diabetes prevalence (% of population ages 20 to 79),2015,,diabetes_prevalence
West Bank and Gaza,PSE,SH.STA.DIAB.ZS,Diabetes prevalence (% of population ages 20 to 79),2019,,diabetes_prevalence
West Bank and Gaza,PSE,SH.STA.DIAB.ZS,Diabetes prevalence (% of population ages 20 to 79),2018,,diabetes_prevalence
West Bank and Gaza,PSE,SH.STA.DIAB.ZS,Diabetes prevalence (% of population ages 20 to 79),2017,,diabetes_prevalence
West Bank and Gaza,PSE,SH.STA.DIAB.ZS,Diabetes prevalence (% of population ages 20 to 79),2016,,diabetes_prevalence
West Bank and Gaza,PSE,SH.STA.DIAB.ZS,Diabetes prevalence (% of population ages 20 to 79),2015,,diabetes_prevalence
"Yemen, Rep.",YEM,SH.STA.DIAB.ZS,Diabetes prevalence (% of population ages 20 to 79),2019,,diabetes_prevalence
"Yemen, Rep.",YEM,SH.STA.DIAB.ZS,Diabetes prevalence (% of population ages 20 to 79),2018,,diabetes_prevalence
"Yemen, Rep.",YEM,SH.STA.DIAB.ZS,Diabetes prevalence (% of population ages 20 to 79),2017,,diabetes_prevalence
"Yemen, Rep.",YEM,SH.STA.DIAB.ZS,Diabetes prevalence (% of population ages 20 to 79),2016,,diabetes_prevalence
"Yemen, Rep.",YEM,SH.STA.DIAB.ZS,Diabetes prevalence (% of population ages 20 to 79),2015,,diabetes_prevalence
Zambia,ZMB,SH.STA.DIAB.ZS,Diabetes prevalence (% of population ages 20 to 79),2019,,diabetes_prevalence
Zambia,ZMB,SH.STA.DIAB.ZS,Diabetes prevalence (% of population ages 20 to 79),2018,,diabetes_prevalence
Zambia,ZMB,SH.STA.DIAB.ZS,Diabetes prevalence (% of population ages 20 to 79),2017,,diabetes_prevalence
Zambia,ZMB,SH.STA.DIAB.ZS,Diabetes prevalence (% of population ages 20 to 79),2016,,diabetes_prevalence
Zambia,ZMB,SH.STA.DIAB.ZS,Diabetes prevalence (% of population ages 20 to 79),2015,,diabetes_prevalence
Zimbabwe,ZWE,SH.STA.DIAB.ZS,Diabetes prevalence (% of population ages 20 to 79),2019,,diabetes_prevalence
Zimbabwe,ZWE,SH.STA.DIAB.ZS,Diabetes prevalence (% of population ages 20 to 79),2018,,diabetes_prevalence
Zimbabwe,ZWE,SH.STA.DIAB.ZS,Diabetes prevalence (% of population ages 20 to 79),2017,,diabetes_prevalence
Zimbabwe,ZWE,SH.STA.DIAB.ZS,Diabetes prevalence (% of population ages 20 to 79),2016,,diabetes_prevalence
Zimbabwe,ZWE,SH.STA.DIAB.ZS,Diabetes prevalence (% of population ages 20 to 79),2015,,diabetes_prevalence
