country,iso3,indicator_code,indicator_name,year,value,unit,obs_status,decimal
Africa Eastern and Southern,AFE,SH.XPD.CHEX.PP.CD,"Current health expenditure per capita, PPP (current international $)",2019,204.63765108977,,,2
Africa Eastern and Southern,AFE,SH.XPD.CHEX.PP.CD,"Current health expenditure per capita, PPP (current international $)",2018,198.891049963471,,,2
Africa Eastern and Southern,AFE,SH.XPD.CHEX.PP.CD,"Current health expenditure per capita, PPP (current international $)",2017,205.631172886598,,,2
Africa Eastern and Southern,AFE,SH.XPD.CHEX.PP.CD,"Current health expenditure per capita, PPP (current international $)",2016,214.414171839249,,,2
Africa Eastern and Southern,AFE,SH.XPD.CHEX.PP.CD,"Current health expenditure per capita, PPP (current international $)",2015,206.948011545297,,,2
Africa Western and Central,AFW,SH.XPD.CHEX.PP.CD,"Current health expenditure per capita, PPP (current international $)",2019,149.483802797984,,,2
Africa Western and Central,AFW,SH.XPD.CHEX.PP.CD,"Current health expenditure per capita, PPP (current international $)",2018,138.879864524361,,,2
Africa Western and Central,AFW,SH.XPD.CHEX.PP.CD,"Current health expenditure per capita, PPP (current international $)",2017,152.910846656202,,,2
Africa Western and Central,AFW,SH.XPD.CHEX.PP.CD,"Current health expenditure per capita, PPP (current international $)",2016,153.781535453071,,,2
Africa Western and Central,AFW,SH.XPD.CHEX.PP.CD,"Current health expenditure per capita, PPP (current international $)",2015,157.764439294672,,,2
Arab World,ARB,SH.XPD.CHEX.PP.CD,"Current health expenditure per capita, PPP (current international $)",2019,774.990453687124,,,2
Arab World,ARB,SH.XPD.CHEX.PP.CD,"Current health expenditure per capita, PPP (current international $)",2018,759.58867446885,,,2
Arab World,ARB,SH.XPD.CHEX.PP.CD,"Current health expenditure per capita, PPP (current international $)",2017,763.017062380754,,,2
Arab World,ARB,SH.XPD.CHEX.PP.CD,"Current health expenditure per capita, PPP (current international $)",2016,755.505334366848,,,2
Arab World,ARB,SH.XPD.CHEX.PP.CD,"Current health expenditure per capita, PPP (current international $)",2015,741.988274469454,,,2
Caribbean small states,CSS,SH.XPD.CHEX.PP.CD,"Current health expenditure per capita, PPP (current international $)",2019,1330.26709326445,,,2
Caribbean small states,CSS,SH.XPD.CHEX.PP.CD,"Current health expenditure per capita, PPP (current international $)",2018,1218.58677831542,,,2
Caribbean small states,CSS,SH.XPD.CHEX.PP.CD,"Current health expenditure per capita, PPP (current international $)",2017,1179.16173664553,,,2
Caribbean small states,CSS,SH.XPD.CHEX.PP.CD,"Current health expenditure per capita, PPP (current international $)",2016,1113.18215568959,,,2
Caribbean small states,CSS,SH.XPD.CHEX.PP.CD,"Current health expenditure per capita, PPP (current international $)",2015,1065.05516554706,,,2
Central Europe and the Baltics,CEB,SH.XPD.CHEX.PP.CD,"Current health expenditure per capita, PPP (current international $)",2019,2352.43505900925,,,2
Central Europe and the Baltics,CEB,SH.XPD.CHEX.PP.CD,"Current health expenditure per capita, PPP (current international $)",2018,2086.43540662562,,,2
Central Europe and the Baltics,CEB,SH.XPD.CHEX.PP.CD,"Current health expenditure per capita, PPP (current international $)",2017,1956.51805710989,,,2
Central Europe and the Baltics,CEB,SH.XPD.CHEX.PP.CD,"Current health expenditure per capita, PPP (current international $)",2016,1837.07730177687,,,2
Central Europe and the Baltics,CEB,SH.XPD.CHEX.PP.CD,"Current health expenditure per capita, PPP (current international $)",2015,1691.67538769564,,,2
Early-demographic dividend,EAR,SH.XPD.CHEX.PP.CD,"Current health expenditure per capita, PPP (current international $)",2019,415.183070352389,,,2
Early-demographic dividend,EAR,SH.XPD.CHEX.PP.CD,"Current health expenditure per capita, PPP (current international $)",2018,405.403916498639,,,2
Early-demographic dividend,EAR,SH.XPD.CHEX.PP.CD,"Current health expenditure per capita, PPP (current international $)",2017,400.473838217005,,,2
Early-demographic dividend,EAR,SH.XPD.CHEX.PP.CD,"Current health expenditure per capita, PPP (current international $)",2016,399.106568750886,,,2
Early-demographic dividend,EAR,SH.XPD.CHEX.PP.CD,"Current health expenditure per capita, PPP (current international $)",2015,389.126739588314,,,2
East Asia & Pacific,EAS,SH.XPD.CHEX.PP.CD,"Current health expenditure per capita, PPP (current international $)",2019,1111.14427231454,,,2
East Asia & Pacific,EAS,SH.XPD.CHEX.PP.CD,"Current health expenditure per capita, PPP (current international $)",2018,1022.41111826177,,,2
East Asia & Pacific,EAS,SH.XPD.CHEX.PP.CD,"Current health expenditure per capita, PPP (current international $)",2017,951.326654991565,,,2
East Asia & Pacific,EAS,SH.XPD.CHEX.PP.CD,"Current health expenditure per capita, PPP (current international $)",2016,905.738330581697,,,2
East Asia & Pacific,EAS,SH.XPD.CHEX.PP.CD,"Current health expenditure per capita, PPP (current international $)",2015,874.873508037408,,,2
East Asia & Pacific (excluding high income),EAP,SH.XPD.CHEX.PP.CD,"Current health expenditure per capita, PPP (current international $)",2019,764.027591359603,,,2
East Asia & Pacific (excluding high income),EAP,SH.XPD.CHEX.PP.CD,"Current health expenditure per capita, PPP (current international $)",2018,686.431235972489,,,2
East Asia & Pacific (excluding high income),EAP,SH.XPD.CHEX.PP.CD,"Current health expenditure per capita, PPP (current international $)",2017,624.256508899565,,,2
East Asia & Pacific (excluding high income),EAP,SH.XPD.CHEX.PP.CD,"Current health expenditure per capita, PPP (current international $)",2016,583.73694309831,,,2
East Asia & Pacific (excluding high income),EAP,SH.XPD.CHEX.PP.CD,"Current health expenditure per capita, PPP (current international $)",2015,553.05575103683,,,2
East Asia & Pacific (IDA & IBRD countries),TEA,SH.XPD.CHEX.PP.CD,"Current health expenditure per capita, PPP (current international $)",2019,764.042611876842,,,2
East Asia & Pacific (IDA & IBRD countries),TEA,SH.XPD.CHEX.PP.CD,"Current health expenditure per capita, PPP (current international $)",2018,686.444669651098,,,2
East Asia & Pacific (IDA & IBRD countries),TEA,SH.XPD.CHEX.PP.CD,"Current health expenditure per capita, PPP (current international $)",2017,624.2705851921,,,2
East Asia & Pacific (IDA & IBRD countries),TEA,SH.XPD.CHEX.PP.CD,"Current health expenditure per capita, PPP (current international $)",2016,583.750591784588,,,2
East Asia & Pacific (IDA & IBRD countries),TEA,SH.XPD.CHEX.PP.CD,"Current health expenditure per capita, PPP (current international $)",2015,553.070828712859,,,2
Euro area,EMU,SH.XPD.CHEX.PP.CD,"Current health expenditure per capita, PPP (current international $)",2019,5176.55509162431,,,2
Euro area,EMU,SH.XPD.CHEX.PP.CD,"Current health expenditure per capita, PPP (current international $)",2018,4791.74886104123,,,2
Euro area,EMU,SH.XPD.CHEX.PP.CD,"Current health expenditure per capita, PPP (current international $)",2017,4596.88822499106,,,2
Euro area,EMU,SH.XPD.CHEX.PP.CD,"Current health expenditure per capita, PPP (current international $)",2016,4394.88332908915,,,2
Euro area,EMU,SH.XPD.CHEX.PP.CD,"Current health expenditure per capita, PPP (current international $)",2015,4162.81206348269,,,2
Europe & Central Asia,ECS,SH.XPD.CHEX.PP.CD,"Current health expenditure per capita, PPP (current international $)",2019,3289.23272566843,,,2
Europe & Central Asia,ECS,SH.XPD.CHEX.PP.CD,"Current health expenditure per capita, PPP (current international $)",2018,3028.30225190404,,,2
Europe & Central Asia,ECS,SH.XPD.CHEX.PP.CD,"Current health expenditure per capita, PPP (current international $)",2017,2896.52909033504,,,2
Europe & Central Asia,ECS,SH.XPD.CHEX.PP.CD,"Current health expenditure per capita, PPP (current international $)",2016,2771.03651540333,,,2
Europe & Central Asia,ECS,SH.XPD.CHEX.PP.CD,"Current health expenditure per capita, PPP (current international $)",2015,2642.43794544687,,,2
Europe & Central Asia (excluding high income),ECA,SH.XPD.CHEX.PP.CD,"Current health expenditure per capita, PPP (current international $)",2019,956.264498118964,,,2
Europe & Central Asia (excluding high income),ECA,SH.XPD.CHEX.PP.CD,"Current health expenditure per capita, PPP (current international $)",2018,876.553196811459,,,2
Europe & Central Asia (excluding high income),ECA,SH.XPD.CHEX.PP.CD,"Current health expenditure per capita, PPP (current international $)",2017,856.523527598365,,,2
Europe & Central Asia (excluding high income),ECA,SH.XPD.CHEX.PP.CD,"Current health expenditure per capita, PPP (current international $)",2016,837.419306527668,,,2
Europe & Central Asia (excluding high income),ECA,SH.XPD.CHEX.PP.CD,"Current health expenditure per capita, PPP (current international $)",2015,793.223734622285,,,2
Europe & Central Asia (IDA & IBRD countries),TEC,SH.XPD.CHEX.PP.CD,"Current health expenditure per capita, PPP (current international $)",2019,1385.00535843904,,,2
Europe & Central Asia (IDA & IBRD countries),TEC,SH.XPD.CHEX.PP.CD,"Current health expenditure per capita, PPP (current international $)",2018,1238.80984999875,,,2
Europe & Central Asia (IDA & IBRD countries),TEC,SH.XPD.CHEX.PP.CD,"Current health expenditure per capita, PPP (current international $)",2017,1164.81191807823,,,2
Europe & Central Asia (IDA & IBRD countries),TEC,SH.XPD.CHEX.PP.CD,"Current health expenditure per capita, PPP (current international $)",2016,1100.06577505087,,,2
Europe & Central Asia (IDA & IBRD countries),TEC,SH.XPD.CHEX.PP.CD,"Current health expenditure per capita, PPP (current international $)",2015,1056.69176359603,,,2
European Union,EUU,SH.XPD.CHEX.PP.CD,"Current health expenditure per capita, PPP (current international $)",2019,4673.57118012375,,,2
European Union,EUU,SH.XPD.CHEX.PP.CD,"Current health expenditure per capita, PPP (current international $)",2018,4312.10566422892,,,2
European Union,EUU,SH.XPD.CHEX.PP.CD,"Current health expenditure per capita, PPP (current international $)",2017,4126.2370029607,,,2
European Union,EUU,SH.XPD.CHEX.PP.CD,"Current health expenditure per capita, PPP (current international $)",2016,3936.20781017032,,,2
European Union,EUU,SH.XPD.CHEX.PP.CD,"Current health expenditure per capita, PPP (current international $)",2015,3718.69454141102,,,2
Fragile and conflict affected situations,FCS,SH.XPD.CHEX.PP.CD,"Current health expenditure per capita, PPP (current international $)",2019,206.130682071864,,,2
Fragile and conflict affected situations,FCS,SH.XPD.CHEX.PP.CD,"Current health expenditure per capita, PPP (current international $)",2018,203.335720200227,,,2
Fragile and conflict affected situations,FCS,SH.XPD.CHEX.PP.CD,"Current health expenditure per capita, PPP (current international $)",2017,202.391906854698,,,2
Fragile and conflict affected situations,FCS,SH.XPD.CHEX.PP.CD,"Current health expenditure per capita, PPP (current international $)",2016,203.514515530839,,,2
Fragile and conflict affected situations,FCS,SH.XPD.CHEX.PP.CD,"Current health expenditure per capita, PPP (current international $)",2015,191.705016177306,,,2
Heavily indebted poor countries (HIPC),HPC,SH.XPD.CHEX.PP.CD,"Current health expenditure per capita, PPP (current international $)",2019,133.902341414047,,,2
Heavily indebted poor countries (HIPC),HPC,SH.XPD.CHEX.PP.CD,"Current health expenditure per capita, PPP (current international $)",2018,124.580645786263,,,2
Heavily indebted poor countries (HIPC),HPC,SH.XPD.CHEX.PP.CD,"Current health expenditure per capita, PPP (current international $)",2017,124.976719606508,,,2
Heavily indebted poor countries (HIPC),HPC,SH.XPD.CHEX.PP.CD,"Current health expenditure per capita, PPP (current international $)",2016,127.050328699723,,,2
Heavily indebted poor countries (HIPC),HPC,SH.XPD.CHEX.PP.CD,"Current health expenditure per capita, PPP (current international $)",2015,120.420586213467,,,2
High income,,SH.XPD.CHEX.PP.CD,"Current health expenditure per capita, PPP (current international $)",2019,5697.05804238561,,,2
High income,,SH.XPD.CHEX.PP.CD,"Current health expenditure per capita, PPP (current international $)",2018,5394.45951106116,,,2
High income,,SH.XPD.CHEX.PP.CD,"Current health expenditure per capita, PPP (current international $)",2017,5179.12709538886,,,2
High income,,SH.XPD.CHEX.PP.CD,"Current health expenditure per capita, PPP (current international $)",2016,4993.12044187252,,,2
High income,,SH.XPD.CHEX.PP.CD,"Current health expenditure per capita, PPP (current international $)",2015,4808.58713828621,,,2
IBRD only,IBD,SH.XPD.CHEX.PP.CD,"Current health expenditure per capita, PPP (current international $)",2019,742.768029664946,,,2
IBRD only,IBD,SH.XPD.CHEX.PP.CD,"Current health expenditure per capita, PPP (current international $)",2018,690.49046843623,,,2
IBRD only,IBD,SH.XPD.CHEX.PP.CD,"Current health expenditure per capita, PPP (current international $)",2017,650.137709311751,,,2
IBRD only,IBD,SH.XPD.CHEX.PP.CD,"Current health expenditure per capita, PPP (current international $)",2016,623.534635259889,,,2
IBRD only,IBD,SH.XPD.CHEX.PP.CD,"Current health expenditure per capita, PPP (current international $)",2015,601.552244943625,,,2
IDA & IBRD total,IBT,SH.XPD.CHEX.PP.CD,"Current health expenditure per capita, PPP (current international $)",2019,587.393003977935,,,2
IDA & IBRD total,IBT,SH.XPD.CHEX.PP.CD,"Current health expenditure per capita, PPP (current international $)",2018,547.693337859676,,,2
IDA & IBRD total,IBT,SH.XPD.CHEX.PP.CD,"Current health expenditure per capita, PPP (current international $)",2017,518.899161970573,,,2
IDA & IBRD total,IBT,SH.XPD.CHEX.PP.CD,"Current health expenditure per capita, PPP (current international $)",2016,500.760448070061,,,2
IDA & IBRD total,IBT,SH.XPD.CHEX.PP.CD,"Current health expenditure per capita, PPP (current international $)",2015,484.095042465648,,,2
IDA blend,IDB,SH.XPD.CHEX.PP.CD,"Current health expenditure per capita, PPP (current international $)",2019,172.91083256913,,,2
IDA blend,IDB,SH.XPD.CHEX.PP.CD,"Current health expenditure per capita, PPP (current international $)",2018,164.558746715844,,,2
IDA blend,IDB,SH.XPD.CHEX.PP.CD,"Current health expenditure per capita, PPP (current international $)",2017,169.268322469335,,,2
IDA blend,IDB,SH.XPD.CHEX.PP.CD,"Current health expenditure per capita, PPP (current international $)",2016,164.710926644715,,,2
IDA blend,IDB,SH.XPD.CHEX.PP.CD,"Current health expenditure per capita, PPP (current international $)",2015,160.849542174225,,,2
IDA only,IDX,SH.XPD.CHEX.PP.CD,"Current health expenditure per capita, PPP (current international $)",2019,147.713360450115,,,2
IDA only,IDX,SH.XPD.CHEX.PP.CD,"Current health expenditure per capita, PPP (current international $)",2018,139.920427248214,,,2
IDA only,IDX,SH.XPD.CHEX.PP.CD,"Current health expenditure per capita, PPP (current international $)",2017,135.360474297647,,,2
IDA only,IDX,SH.XPD.CHEX.PP.CD,"Current health expenditure per capita, PPP (current international $)",2016,136.549201993217,,,2
IDA only,IDX,SH.XPD.CHEX.PP.CD,"Current health expenditure per capita, PPP (current international $)",2015,130.234605662463,,,2
IDA total,IDA,SH.XPD.CHEX.PP.CD,"Current health expenditure per capita, PPP (current international $)",2019,156.567718084584,,,2
IDA total,IDA,SH.XPD.CHEX.PP.CD,"Current health expenditure per capita, PPP (current international $)",2018,148.597231707543,,,2
IDA total,IDA,SH.XPD.CHEX.PP.CD,"Current health expenditure per capita, PPP (current international $)",2017,147.322851605594,,,2
IDA total,IDA,SH.XPD.CHEX.PP.CD,"Current health expenditure per capita, PPP (current international $)",2016,146.568110223298,,,2
IDA total,IDA,SH.XPD.CHEX.PP.CD,"Current health expenditure per capita, PPP (current international $)",2015,141.147643474732,,,2
Late-demographic dividend,LTE,SH.XPD.CHEX.PP.CD,"Current health expenditure per capita, PPP (current international $)",2019,1092.24515718988,,,2
Late-demographic dividend,LTE,SH.XPD.CHEX.PP.CD,"Current health expenditure per capita, PPP (current international $)",2018,986.179015632773,,,2
Late-demographic dividend,LTE,SH.XPD.CHEX.PP.CD,"Current health expenditure per capita, PPP (current international $)",2017,905.344768360007,,,2
Late-demographic dividend,LTE,SH.XPD.CHEX.PP.CD,"Current health expenditure per capita, PPP (current international $)",2016,847.484172206237,,,2
Late-demographic dividend,LTE,SH.XPD.CHEX.PP.CD,"Current health expenditure per capita, PPP (current international $)",2015,812.550808022596,,,2
Latin America & Caribbean,LCN,SH.XPD.CHEX.PP.CD,"Current health expenditure per capita, PPP (current international $)",2019,1311.00779091648,,,2
Latin America & Caribbean,LCN,SH.XPD.CHEX.PP.CD,"Current health expenditure per capita, PPP (current international $)",2018,1323.79821316182,,,2
Latin America & Caribbean,LCN,SH.XPD.CHEX.PP.CD,"Current health expenditure per capita, PPP (current international $)",2017,1269.21224613228,,,2
Latin America & Caribbean,LCN,SH.XPD.CHEX.PP.CD,"Current health expenditure per capita, PPP (current international $)",2016,1200.57771627317,,,2
Latin America & Caribbean,LCN,SH.XPD.CHEX.PP.CD,"Current health expenditure per capita, PPP (current international $)",2015,1185.42989412845,,,2
Latin America & Caribbean (excluding high income),LAC,SH.XPD.CHEX.PP.CD,"Current health expenditure per capita, PPP (current international $)",2019,1316.59747849101,,,2
Latin America & Caribbean (excluding high income),LAC,SH.XPD.CHEX.PP.CD,"Current health expenditure per capita, PPP (current international $)",2018,1274.81333869269,,,2
Latin America & Caribbean (excluding high income),LAC,SH.XPD.CHEX.PP.CD,"Current health expenditure per capita, PPP (current international $)",2017,1222.88683394469,,,2
Latin America & Caribbean (excluding high income),LAC,SH.XPD.CHEX.PP.CD,"Current health expenditure per capita, PPP (current international $)",2016,1160.610189957,,,2
Latin America & Caribbean (excluding high income),LAC,SH.XPD.CHEX.PP.CD,"Current health expenditure per capita, PPP (current international $)",2015,1152.01815120304,,,2
Latin America & the Caribbean (IDA & IBRD countries),TLA,SH.XPD.CHEX.PP.CD,"Current health expenditure per capita, PPP (current international $)",2019,1283.36681310325,,,2
Latin America & the Caribbean (IDA & IBRD countries),TLA,SH.XPD.CHEX.PP.CD,"Current health expenditure per capita, PPP (current international $)",2018,1295.92666539879,,,2
Latin America & the Caribbean (IDA & IBRD countries),TLA,SH.XPD.CHEX.PP.CD,"Current health expenditure per capita, PPP (current international $)",2017,1240.11055618282,,,2
Latin America & the Caribbean (IDA & IBRD countries),TLA,SH.XPD.CHEX.PP.CD,"Current health expenditure per capita, PPP (current international $)",2016,1168.6396265393,,,2
Latin America & the Caribbean (IDA & IBRD countries),TLA,SH.XPD.CHEX.PP.CD,"Current health expenditure per capita, PPP (current international $)",2015,1151.11659845855,,,2
Least developed countries: UN classification,LDC,SH.XPD.CHEX.PP.CD,"Current health expenditure per capita, PPP (current international $)",2019,132.642515171296,,,2
Least developed countries: UN classification,LDC,SH.XPD.CHEX.PP.CD,"Current health expenditure per capita, PPP (current international $)",2018,126.644511391405,,,2
Least developed countries: UN classification,LDC,SH.XPD.CHEX.PP.CD,"Current health expenditure per capita, PPP (current international $)",2017,122.827271449874,,,2
Least developed countries: UN classification,LDC,SH.XPD.CHEX.PP.CD,"Current health expenditure per capita, PPP (current international $)",2016,122.39493270963,,,2
Least developed countries: UN classification,LDC,SH.XPD.CHEX.PP.CD,"Current health expenditure per capita, PPP (current international $)",2015,114.930369789404,,,2
Low & middle income,LMY,SH.XPD.CHEX.PP.CD,"Current health expenditure per capita, PPP (current international $)",2019,549.768130885545,,,2
Low & middle income,LMY,SH.XPD.CHEX.PP.CD,"Current health expenditure per capita, PPP (current international $)",2018,513.288100107193,,,2
Low & middle income,LMY,SH.XPD.CHEX.PP.CD,"Current health expenditure per capita, PPP (current international $)",2017,487.696175815946,,,2
Low & middle income,LMY,SH.XPD.CHEX.PP.CD,"Current health expenditure per capita, PPP (current international $)",2016,473.33309884279,,,2
Low & middle income,LMY,SH.XPD.CHEX.PP.CD,"Current health expenditure per capita, PPP (current international $)",2015,457.82474908401,,,2
Low income,,SH.XPD.CHEX.PP.CD,"Current health expenditure per capita, PPP (current international $)",2019,121.225710498686,,,2
Low income,,SH.XPD.CHEX.PP.CD,"Current health expenditure per capita, PPP (current international $)",2018,114.644725394229,,,2
Low income,,SH.XPD.CHEX.PP.CD,"Current health expenditure per capita, PPP (current international $)",2017,116.368709212615,,,2
Low income,,SH.XPD.CHEX.PP.CD,"Current health expenditure per capita, PPP (current international $)",2016,121.003624365504,,,2
Low income,,SH.XPD.CHEX.PP.CD,"Current health expenditure per capita, PPP (current international $)",2015,111.470087482273,,,2
Lower middle income,,SH.XPD.CHEX.PP.CD,"Current health expenditure per capita, PPP (current international $)",2019,243.323857562347,,,2
Lower middle income,,SH.XPD.CHEX.PP.CD,"Current health expenditure per capita, PPP (current international $)",2018,225.914704587929,,,2
Lower middle income,,SH.XPD.CHEX.PP.CD,"Current health expenditure per capita, PPP (current international $)",2017,217.321051259991,,,2
Lower middle income,,SH.XPD.CHEX.PP.CD,"Current health expenditure per capita, PPP (current international $)",2016,223.199258846016,,,2
Lower middle income,,SH.XPD.CHEX.PP.CD,"Current health expenditure per capita, PPP (current international $)",2015,215.259512533327,,,2
"Middle East, North Africa, Afghanistan & Pakistan",MEA,SH.XPD.CHEX.PP.CD,"Current health expenditure per capita, PPP (current international $)",2019,652.995498863296,,,2
"Middle East, North Africa, Afghanistan & Pakistan",MEA,SH.XPD.CHEX.PP.CD,"Current health expenditure per capita, PPP (current international $)",2018,656.572193420925,,,2
"Middle East, North Africa, Afghanistan & Pakistan",MEA,SH.XPD.CHEX.PP.CD,"Current health expenditure per capita, PPP (current international $)",2017,669.10660420318,,,2
"Middle East, North Africa, Afghanistan & Pakistan",MEA,SH.XPD.CHEX.PP.CD,"Current health expenditure per capita, PPP (current international $)",2016,650.690004488026,,,2
"Middle East, North Africa, Afghanistan & Pakistan",MEA,SH.XPD.CHEX.PP.CD,"Current health expenditure per capita, PPP (current international $)",2015,639.24660314589,,,2
"Middle East, North Africa, Afghanistan & Pakistan (excluding high income)",MNA,SH.XPD.CHEX.PP.CD,"Current health expenditure per capita, PPP (current international $)",2019,442.670256834992,,,2
"Middle East, North Africa, Afghanistan & Pakistan (excluding high income)",MNA,SH.XPD.CHEX.PP.CD,"Current health expenditure per capita, PPP (current international $)",2018,453.188317253835,,,2
"Middle East, North Africa, Afghanistan & Pakistan (excluding high income)",MNA,SH.XPD.CHEX.PP.CD,"Current health expenditure per capita, PPP (current international $)",2017,466.041021982484,,,2
"Middle East, North Africa, Afghanistan & Pakistan (excluding high income)",MNA,SH.XPD.CHEX.PP.CD,"Current health expenditure per capita, PPP (current international $)",2016,452.677147283467,,,2
"Middle East, North Africa, Afghanistan & Pakistan (excluding high income)",MNA,SH.XPD.CHEX.PP.CD,"Current health expenditure per capita, PPP (current international $)",2015,447.029820803512,,,2
"Middle East, North Africa, Afghanistan & Pakistan (IDA & IBRD)",TMN,SH.XPD.CHEX.PP.CD,"Current health expenditure per capita, PPP (current international $)",2019,441.822188024157,,,2
"Middle East, North Africa, Afghanistan & Pakistan (IDA & IBRD)",TMN,SH.XPD.CHEX.PP.CD,"Current health expenditure per capita, PPP (current international $)",2018,452.416189321316,,,2
"Middle East, North Africa, Afghanistan & Pakistan (IDA & IBRD)",TMN,SH.XPD.CHEX.PP.CD,"Current health expenditure per capita, PPP (current international $)",2017,465.650331830571,,,2
"Middle East, North Africa, Afghanistan & Pakistan (IDA & IBRD)",TMN,SH.XPD.CHEX.PP.CD,"Current health expenditure per capita, PPP (current international $)",2016,452.255970351988,,,2
"Middle East, North Africa, Afghanistan & Pakistan (IDA & IBRD)",TMN,SH.XPD.CHEX.PP.CD,"Current health expenditure per capita, PPP (current international $)",2015,446.631269520556,,,2
Middle income,MIC,SH.XPD.CHEX.PP.CD,"Current health expenditure per capita, PPP (current international $)",2019,588.80575100752,,,2
Middle income,MIC,SH.XPD.CHEX.PP.CD,"Current health expenditure per capita, PPP (current international $)",2018,548.89311666665,,,2
Middle income,MIC,SH.XPD.CHEX.PP.CD,"Current health expenditure per capita, PPP (current international $)",2017,520.257896972817,,,2
Middle income,MIC,SH.XPD.CHEX.PP.CD,"Current health expenditure per capita, PPP (current international $)",2016,503.020103967724,,,2
Middle income,MIC,SH.XPD.CHEX.PP.CD,"Current health expenditure per capita, PPP (current international $)",2015,486.520204210706,,,2
North America,NAC,SH.XPD.CHEX.PP.CD,"Current health expenditure per capita, PPP (current international $)",2019,10039.3691160683,,,2
North America,NAC,SH.XPD.CHEX.PP.CD,"Current health expenditure per capita, PPP (current international $)",2018,9698.45810414351,,,2
North America,NAC,SH.XPD.CHEX.PP.CD,"Current health expenditure per capita, PPP (current international $)",2017,9361.49907055267,,,2
North America,NAC,SH.XPD.CHEX.PP.CD,"Current health expenditure per capita, PPP (current international $)",2016,9091.61343764649,,,2
North America,NAC,SH.XPD.CHEX.PP.CD,"Current health expenditure per capita, PPP (current international $)",2015,8758.80076218718,,,2
Not classified,,SH.XPD.CHEX.PP.CD,"Current health expenditure per capita, PPP (current international $)",2019,,,,2
Not classified,,SH.XPD.CHEX.PP.CD,"Current health expenditure per capita, PPP (current international $)",2018,,,,2
Not classified,,SH.XPD.CHEX.PP.CD,"Current health expenditure per capita, PPP (current international $)",2017,,,,2
Not classified,,SH.XPD.CHEX.PP.CD,"Current health expenditure per capita, PPP (current international $)",2016,,,,2
Not classified,,SH.XPD.CHEX.PP.CD,"Current health expenditure per capita, PPP (current international $)",2015,,,,2
OECD members,OED,SH.XPD.CHEX.PP.CD,"Current health expenditure per capita, PPP (current international $)",2019,5485.40832744695,,,2
OECD members,OED,SH.XPD.CHEX.PP.CD,"Current health expenditure per capita, PPP (current international $)",2018,5220.6812425351,,,2
OECD members,OED,SH.XPD.CHEX.PP.CD,"Current health expenditure per capita, PPP (current international $)",2017,5036.24801738653,,,2
OECD members,OED,SH.XPD.CHEX.PP.CD,"Current health expenditure per capita, PPP (current international $)",2016,4873.44719460951,,,2
OECD members,OED,SH.XPD.CHEX.PP.CD,"Current health expenditure per capita, PPP (current international $)",2015,4689.41944542059,,,2
Other small states,OSS,SH.XPD.CHEX.PP.CD,"Current health expenditure per capita, PPP (current international $)",2019,1522.45748676654,,,2
Other small states,OSS,SH.XPD.CHEX.PP.CD,"Current health expenditure per capita, PPP (current international $)",2018,1368.91733385582,,,2
Other small states,OSS,SH.XPD.CHEX.PP.CD,"Current health expenditure per capita, PPP (current international $)",2017,1290.81907194534,,,2
Other small states,OSS,SH.XPD.CHEX.PP.CD,"Current health expenditure per capita, PPP (current international $)",2016,1235.43419302608,,,2
Other small states,OSS,SH.XPD.CHEX.PP.CD,"Current health expenditure per capita, PPP (current international $)",2015,1148.01866922245,,,2
Pacific island small states,PSS,SH.XPD.CHEX.PP.CD,"Current health expenditure per capita, PPP (current international $)",2019,360.158264827891,,,2
Pacific island small states,PSS,SH.XPD.CHEX.PP.CD,"Current health expenditure per capita, PPP (current international $)",2018,338.575810155992,,,2
Pacific island small states,PSS,SH.XPD.CHEX.PP.CD,"Current health expenditure per capita, PPP (current international $)",2017,288.055404386211,,,2
Pacific island small states,PSS,SH.XPD.CHEX.PP.CD,"Current health expenditure per capita, PPP (current international $)",2016,285.374399357836,,,2
Pacific island small states,PSS,SH.XPD.CHEX.PP.CD,"Current health expenditure per capita, PPP (current international $)",2015,281.82534907881,,,2
Post-demographic dividend,PST,SH.XPD.CHEX.PP.CD,"Current health expenditure per capita, PPP (current international $)",2019,6416.04570221993,,,2
Post-demographic dividend,PST,SH.XPD.CHEX.PP.CD,"Current health expenditure per capita, PPP (current international $)",2018,6094.73227380499,,,2
Post-demographic dividend,PST,SH.XPD.CHEX.PP.CD,"Current health expenditure per capita, PPP (current international $)",2017,5861.24688420018,,,2
Post-demographic dividend,PST,SH.XPD.CHEX.PP.CD,"Current health expenditure per capita, PPP (current international $)",2016,5663.42830894895,,,2
Post-demographic dividend,PST,SH.XPD.CHEX.PP.CD,"Current health expenditure per capita, PPP (current international $)",2015,5448.50012587673,,,2
Pre-demographic dividend,PRE,SH.XPD.CHEX.PP.CD,"Current health expenditure per capita, PPP (current international $)",2019,155.426124725598,,,2
Pre-demographic dividend,PRE,SH.XPD.CHEX.PP.CD,"Current health expenditure per capita, PPP (current international $)",2018,147.546854002873,,,2
Pre-demographic dividend,PRE,SH.XPD.CHEX.PP.CD,"Current health expenditure per capita, PPP (current international $)",2017,151.437418163248,,,2
Pre-demographic dividend,PRE,SH.XPD.CHEX.PP.CD,"Current health expenditure per capita, PPP (current international $)",2016,153.222163961178,,,2
Pre-demographic dividend,PRE,SH.XPD.CHEX.PP.CD,"Current health expenditure per capita, PPP (current international $)",2015,142.439531287977,,,2
Small states,SST,SH.XPD.CHEX.PP.CD,"Current health expenditure per capita, PPP (current international $)",2019,1323.45599202603,,,2
Small states,SST,SH.XPD.CHEX.PP.CD,"Current health expenditure per capita, PPP (current international $)",2018,1196.96268616928,,,2
Small states,SST,SH.XPD.CHEX.PP.CD,"Current health expenditure per capita, PPP (current international $)",2017,1131.56294805682,,,2
Small states,SST,SH.XPD.CHEX.PP.CD,"Current health expenditure per capita, PPP (current international $)",2016,1080.92815116294,,,2
Small states,SST,SH.XPD.CHEX.PP.CD,"Current health expenditure per capita, PPP (current international $)",2015,1014.02114280435,,,2
South Asia,SAS,SH.XPD.CHEX.PP.CD,"Current health expenditure per capita, PPP (current international $)",2019,206.896913275398,,,2
South Asia,SAS,SH.XPD.CHEX.PP.CD,"Current health expenditure per capita, PPP (current international $)",2018,189.792137045782,,,2
South Asia,SAS,SH.XPD.CHEX.PP.CD,"Current health expenditure per capita, PPP (current international $)",2017,177.642635043336,,,2
South Asia,SAS,SH.XPD.CHEX.PP.CD,"Current health expenditure per capita, PPP (current international $)",2016,196.842665603417,,,2
South Asia,SAS,SH.XPD.CHEX.PP.CD,"Current health expenditure per capita, PPP (current international $)",2015,187.872209463386,,,2
South Asia (IDA & IBRD),TSA,SH.XPD.CHEX.PP.CD,"Current health expenditure per capita, PPP (current international $)",2019,206.896913275398,,,2
South Asia (IDA & IBRD),TSA,SH.XPD.CHEX.PP.CD,"Current health expenditure per capita, PPP (current international $)",2018,189.792137045782,,,2
South Asia (IDA & IBRD),TSA,SH.XPD.CHEX.PP.CD,"Current health expenditure per capita, PPP (current international $)",2017,177.642635043336,,,2
South Asia (IDA & IBRD),TSA,SH.XPD.CHEX.PP.CD,"Current health expenditure per capita, PPP (current international $)",2016,196.842665603417,,,2
South Asia (IDA & IBRD),TSA,SH.XPD.CHEX.PP.CD,"Current health expenditure per capita, PPP (current international $)",2015,187.872209463386,,,2
Sub-Saharan Africa,SSF,SH.XPD.CHEX.PP.CD,"Current health expenditure per capita, PPP (current international $)",2019,182.206301803444,,,2
Sub-Saharan Africa,SSF,SH.XPD.CHEX.PP.CD,"Current health expenditure per capita, PPP (current international $)",2018,174.44340469067,,,2
Sub-Saharan Africa,SSF,SH.XPD.CHEX.PP.CD,"Current health expenditure per capita, PPP (current international $)",2017,184.128170667899,,,2
Sub-Saharan Africa,SSF,SH.XPD.CHEX.PP.CD,"Current health expenditure per capita, PPP (current international $)",2016,189.424611220784,,,2
Sub-Saharan Africa,SSF,SH.XPD.CHEX.PP.CD,"Current health expenditure per capita, PPP (current international $)",2015,186.669796480259,,,2
Sub-Saharan Africa (excluding high income),SSA,SH.XPD.CHEX.PP.CD,"Current health expenditure per capita, PPP (current international $)",2019,194.489492121528,,,2
Sub-Saharan Africa (excluding high income),SSA,SH.XPD.CHEX.PP.CD,"Current health expenditure per capita, PPP (current international $)",2018,186.232023322981,,,2
Sub-Saharan Africa (excluding high income),SSA,SH.XPD.CHEX.PP.CD,"Current health expenditure per capita, PPP (current international $)",2017,197.005075189205,,,2
Sub-Saharan Africa (excluding high income),SSA,SH.XPD.CHEX.PP.CD,"Current health expenditure per capita, PPP (current international $)",2016,203.309660690033,,,2
Sub-Saharan Africa (excluding high income),SSA,SH.XPD.CHEX.PP.CD,"Current health expenditure per capita, PPP (current international $)",2015,200.771669012411,,,2
Sub-Saharan Africa (IDA & IBRD countries),TSS,SH.XPD.CHEX.PP.CD,"Current health expenditure per capita, PPP (current international $)",2019,182.206301803444,,,2
Sub-Saharan Africa (IDA & IBRD countries),TSS,SH.XPD.CHEX.PP.CD,"Current health expenditure per capita, PPP (current international $)",2018,174.44340469067,,,2
Sub-Saharan Africa (IDA & IBRD countries),TSS,SH.XPD.CHEX.PP.CD,"Current health expenditure per capita, PPP (current international $)",2017,184.128170667899,,,2
Sub-Saharan Africa (IDA & IBRD countries),TSS,SH.XPD.CHEX.PP.CD,"Current health expenditure per capita, PPP (current international $)",2016,189.424611220784,,,2
Sub-Saharan Africa (IDA & IBRD countries),TSS,SH.XPD.CHEX.PP.CD,"Current health expenditure per capita, PPP (current international $)",2015,186.669796480259,,,2
Upper middle income,,SH.XPD.CHEX.PP.CD,"Current health expenditure per capita, PPP (current international $)",2019,954.311544980458,,,2
Upper middle income,,SH.XPD.CHEX.PP.CD,"Current health expenditure per capita, PPP (current international $)",2018,888.172574339326,,,2
Upper middle income,,SH.XPD.CHEX.PP.CD,"Current health expenditure per capita, PPP (current international $)",2017,836.355284265782,,,2
Upper middle income,,SH.XPD.CHEX.PP.CD,"Current health expenditure per capita, PPP (current international $)",2016,793.071815096289,,,2
Upper middle income,,SH.XPD.CHEX.PP.CD,"Current health expenditure per capita, PPP (current international $)",2015,765.74839407949,,,2
World,WLD,SH.XPD.CHEX.PP.CD,"Current health expenditure per capita, PPP (current international $)",2019,1443.62556776673,,,2
World,WLD,SH.XPD.CHEX.PP.CD,"Current health expenditure per capita, PPP (current international $)",2018,1372.31158559088,,,2
World,WLD,SH.XPD.CHEX.PP.CD,"Current health expenditure per capita, PPP (current international $)",2017,1319.77400762298,,,2
World,WLD,SH.XPD.CHEX.PP.CD,"Current health expenditure per capita, PPP (current international $)",2016,1281.84680549975,,,2
World,WLD,SH.XPD.CHEX.PP.CD,"Current health expenditure per capita, PPP (current international $)",2015,1240.5654257453,,,2
Afghanistan,AFG,SH.XPD.CHEX.PP.CD,"Current health expenditure per capita, PPP (current international $)",2019,383.16489590585,,,2
Afghanistan,AFG,SH.XPD.CHEX.PP.CD,"Current health expenditure per capita, PPP (current international $)",2018,345.587947038119,,,2
Afghanistan,AFG,SH.XPD.CHEX.PP.CD,"Current health expenditure per capita, PPP (current international $)",2017,294.796437277569,,,2
Afghanistan,AFG,SH.XPD.CHEX.PP.CD,"Current health expenditure per capita, PPP (current international $)",2016,261.566866928026,,,2
Afghanistan,AFG,SH.XPD.CHEX.PP.CD,"Current health expenditure per capita, PPP (current international $)",2015,231.533667789642,,,2
Albania,ALB,SH.XPD.CHEX.PP.CD,"Current health expenditure per capita, PPP (current international $)",2019,992.412571745731,,,2
Albania,ALB,SH.XPD.CHEX.PP.CD,"Current health expenditure per capita, PPP (current international $)",2018,891.451398571055,,,2
Albania,ALB,SH.XPD.CHEX.PP.CD,"Current health expenditure per capita, PPP (current international $)",2017,832.955874831663,,,2
Albania,ALB,SH.XPD.CHEX.PP.CD,"Current health expenditure per capita, PPP (current international $)",2016,806.720912809582,,,2
Albania,ALB,SH.XPD.CHEX.PP.CD,"Current health expenditure per capita, PPP (current international $)",2015,749.185049076799,,,2
Algeria,DZA,SH.XPD.CHEX.PP.CD,"Current health expenditure per capita, PPP (current international $)",2019,752.603182302769,,,2
Algeria,DZA,SH.XPD.CHEX.PP.CD,"Current health expenditure per capita, PPP (current international $)",2018,814.347049542644,,,2
Algeria,DZA,SH.XPD.CHEX.PP.CD,"Current health expenditure per capita, PPP (current international $)",2017,802.658245120009,,,2
Algeria,DZA,SH.XPD.CHEX.PP.CD,"Current health expenditure per capita, PPP (current international $)",2016,806.379397232708,,,2
Algeria,DZA,SH.XPD.CHEX.PP.CD,"Current health expenditure per capita, PPP (current international $)",2015,874.606874516976,,,2
American Samoa,ASM,SH.XPD.CHEX.PP.CD,"Current health expenditure per capita, PPP (current international $)",2019,,,,2
American Samoa,ASM,SH.XPD.CHEX.PP.CD,"Current health expenditure per capita, PPP (current international $)",2018,,,,2
American Samoa,ASM,SH.XPD.CHEX.PP.CD,"Current health expenditure per capita, PPP (current international $)",2017,,,,2
American Samoa,ASM,SH.XPD.CHEX.PP.CD,"Current health expenditure per capita, PPP (current international $)",2016,,,,2
American Samoa,ASM,SH.XPD.CHEX.PP.CD,"Current health expenditure per capita, PPP (current international $)",2015,,,,2
Andorra,AND,SH.XPD.CHEX.PP.CD,"Current health expenditure per capita, PPP (current international $)",2019,4091.22994695037,,,2
Andorra,AND,SH.XPD.CHEX.PP.CD,"Current health expenditure per capita, PPP (current international $)",2018,4038.2356263127,,,2
Andorra,AND,SH.XPD.CHEX.PP.CD,"Current health expenditure per capita, PPP (current international $)",2017,3718.67391805742,,,2
Andorra,AND,SH.XPD.CHEX.PP.CD,"Current health expenditure per capita, PPP (current international $)",2016,3614.2044218708,,,2
Andorra,AND,SH.XPD.CHEX.PP.CD,"Current health expenditure per capita, PPP (current international $)",2015,3682.21309733743,,,2
Angola,AGO,SH.XPD.CHEX.PP.CD,"Current health expenditure per capita, PPP (current international $)",2019,188.941339836073,,,2
Angola,AGO,SH.XPD.CHEX.PP.CD,"Current health expenditure per capita, PPP (current international $)",2018,190.30933929081,,,2
Angola,AGO,SH.XPD.CHEX.PP.CD,"Current health expenditure per capita, PPP (current international $)",2017,195.202071011548,,,2
Angola,AGO,SH.XPD.CHEX.PP.CD,"Current health expenditure per capita, PPP (current international $)",2016,185.680811061882,,,2
Angola,AGO,SH.XPD.CHEX.PP.CD,"Current health expenditure per capita, PPP (current international $)",2015,185.525451226411,,,2
Antigua and Barbuda,ATG,SH.XPD.CHEX.PP.CD,"Current health expenditure per capita, PPP (current international $)",2019,1135.50146562144,,,2
Antigua and Barbuda,ATG,SH.XPD.CHEX.PP.CD,"Current health expenditure per capita, PPP (current international $)",2018,1149.30998636471,,,2
Antigua and Barbuda,ATG,SH.XPD.CHEX.PP.CD,"Current health expenditure per capita, PPP (current international $)",2017,998.922178816419,,,2
Antigua and Barbuda,ATG,SH.XPD.CHEX.PP.CD,"Current health expenditure per capita, PPP (current international $)",2016,1053.20425383685,,,2
Antigua and Barbuda,ATG,SH.XPD.CHEX.PP.CD,"Current health expenditure per capita, PPP (current international $)",2015,1030.25181508681,,,2
Argentina,ARG,SH.XPD.CHEX.PP.CD,"Current health expenditure per capita, PPP (current international $)",2019,2379.69410922038,,,2
Argentina,ARG,SH.XPD.CHEX.PP.CD,"Current health expenditure per capita, PPP (current international $)",2018,2483.24297206173,,,2
Argentina,ARG,SH.XPD.CHEX.PP.CD,"Current health expenditure per capita, PPP (current international $)",2017,2399.4439117441,,,2
Argentina,ARG,SH.XPD.CHEX.PP.CD,"Current health expenditure per capita, PPP (current international $)",2016,2021.34394435431,,,2
Argentina,ARG,SH.XPD.CHEX.PP.CD,"Current health expenditure per capita, PPP (current international $)",2015,2044.36740095168,,,2
Armenia,ARM,SH.XPD.CHEX.PP.CD,"Current health expenditure per capita, PPP (current international $)",2019,1738.55875811611,,,2
Armenia,ARM,SH.XPD.CHEX.PP.CD,"Current health expenditure per capita, PPP (current international $)",2018,1314.58826586654,,,2
Armenia,ARM,SH.XPD.CHEX.PP.CD,"Current health expenditure per capita, PPP (current international $)",2017,1278.00393260604,,,2
Armenia,ARM,SH.XPD.CHEX.PP.CD,"Current health expenditure per capita, PPP (current international $)",2016,1078.44064546615,,,2
Armenia,ARM,SH.XPD.CHEX.PP.CD,"Current health expenditure per capita, PPP (current international $)",2015,1015.35194765081,,,2
Aruba,ABW,SH.XPD.CHEX.PP.CD,"Current health expenditure per capita, PPP (current international $)",2019,,,,2
Aruba,ABW,SH.XPD.CHEX.PP.CD,"Current health expenditure per capita, PPP (current international $)",2018,,,,2
Aruba,ABW,SH.XPD.CHEX.PP.CD,"Current health expenditure per capita, PPP (current international $)",2017,,,,2
Aruba,ABW,SH.XPD.CHEX.PP.CD,"Current health expenditure per capita, PPP (current international $)",2016,,,,2
Aruba,ABW,SH.XPD.CHEX.PP.CD,"Current health expenditure per capita, PPP (current international $)",2015,,,,2
Australia,AUS,SH.XPD.CHEX.PP.CD,"Current health expenditure per capita, PPP (current international $)",2019,5464.56914820707,,,2
Australia,AUS,SH.XPD.CHEX.PP.CD,"Current health expenditure per capita, PPP (current international $)",2018,5319.0923121222,,,2
Australia,AUS,SH.XPD.CHEX.PP.CD,"Current health expenditure per capita, PPP (current international $)",2017,5095.82682017981,,,2
Australia,AUS,SH.XPD.CHEX.PP.CD,"Current health expenditure per capita, PPP (current international $)",2016,5026.32603186604,,,2
Australia,AUS,SH.XPD.CHEX.PP.CD,"Current health expenditure per capita, PPP (current international $)",2015,4760.54357572354,,,2
Austria,AUT,SH.XPD.CHEX.PP.CD,"Current health expenditure per capita, PPP (current international $)",2019,6428.20230300818,,,2
Austria,AUT,SH.XPD.CHEX.PP.CD,"Current health expenditure per capita, PPP (current international $)",2018,5968.05550478901,,,2
Austria,AUT,SH.XPD.CHEX.PP.CD,"Current health expenditure per capita, PPP (current international $)",2017,5710.79107264942,,,2
Austria,AUT,SH.XPD.CHEX.PP.CD,"Current health expenditure per capita, PPP (current international $)",2016,5533.68204105967,,,2
Austria,AUT,SH.XPD.CHEX.PP.CD,"Current health expenditure per capita, PPP (current international $)",2015,5247.51839437757,,,2
Azerbaijan,AZE,SH.XPD.CHEX.PP.CD,"Current health expenditure per capita, PPP (current international $)",2019,691.39652893836,,,2
Azerbaijan,AZE,SH.XPD.CHEX.PP.CD,"Current health expenditure per capita, PPP (current international $)",2018,580.508543069207,,,2
Azerbaijan,AZE,SH.XPD.CHEX.PP.CD,"Current health expenditure per capita, PPP (current international $)",2017,576.529979498239,,,2
Azerbaijan,AZE,SH.XPD.CHEX.PP.CD,"Current health expenditure per capita, PPP (current international $)",2016,635.626475256824,,,2
Azerbaijan,AZE,SH.XPD.CHEX.PP.CD,"Current health expenditure per capita, PPP (current international $)",2015,647.518914149671,,,2
"Bahamas, The",BHS,SH.XPD.CHEX.PP.CD,"Current health expenditure per capita, PPP (current international $)",2019,2019.86046681179,,,2
"Bahamas, The",BHS,SH.XPD.CHEX.PP.CD,"Current health expenditure per capita, PPP (current international $)",2018,2024.30778624769,,,2
"Bahamas, The",BHS,SH.XPD.CHEX.PP.CD,"Current health expenditure per capita, PPP (current international $)",2017,2225.69398687005,,,2
"Bahamas, The",BHS,SH.XPD.CHEX.PP.CD,"Current health expenditure per capita, PPP (current international $)",2016,1804.89526846391,,,2
"Bahamas, The",BHS,SH.XPD.CHEX.PP.CD,"Current health expenditure per capita, PPP (current international $)",2015,1661.91509973762,,,2
Bahrain,BHR,SH.XPD.CHEX.PP.CD,"Current health expenditure per capita, PPP (current international $)",2019,2139.14099265495,,,2
Bahrain,BHR,SH.XPD.CHEX.PP.CD,"Current health expenditure per capita, PPP (current international $)",2018,2057.76177205495,,,2
Bahrain,BHR,SH.XPD.CHEX.PP.CD,"Current health expenditure per capita, PPP (current international $)",2017,2186.97742649899,,,2
Bahrain,BHR,SH.XPD.CHEX.PP.CD,"Current health expenditure per capita, PPP (current international $)",2016,2183.97213531674,,,2
Bahrain,BHR,SH.XPD.CHEX.PP.CD,"Current health expenditure per capita, PPP (current international $)",2015,2283.39810616744,,,2
Bangladesh,BGD,SH.XPD.CHEX.PP.CD,"Current health expenditure per capita, PPP (current international $)",2019,128.629979474583,,,2
Bangladesh,BGD,SH.XPD.CHEX.PP.CD,"Current health expenditure per capita, PPP (current international $)",2018,127.164276133592,,,2
Bangladesh,BGD,SH.XPD.CHEX.PP.CD,"Current health expenditure per capita, PPP (current international $)",2017,115.581150215712,,,2
Bangladesh,BGD,SH.XPD.CHEX.PP.CD,"Current health expenditure per capita, PPP (current international $)",2016,109.412957923441,,,2
Bangladesh,BGD,SH.XPD.CHEX.PP.CD,"Current health expenditure per capita, PPP (current international $)",2015,95.7094284834595,,,2
Barbados,BRB,SH.XPD.CHEX.PP.CD,"Current health expenditure per capita, PPP (current international $)",2019,1064.64457971157,,,2
Barbados,BRB,SH.XPD.CHEX.PP.CD,"Current health expenditure per capita, PPP (current international $)",2018,1081.62166014438,,,2
Barbados,BRB,SH.XPD.CHEX.PP.CD,"Current health expenditure per capita, PPP (current international $)",2017,1074.33208757318,,,2
Barbados,BRB,SH.XPD.CHEX.PP.CD,"Current health expenditure per capita, PPP (current international $)",2016,1115.96201394759,,,2
Barbados,BRB,SH.XPD.CHEX.PP.CD,"Current health expenditure per capita, PPP (current international $)",2015,1084.60115958253,,,2
Belarus,BLR,SH.XPD.CHEX.PP.CD,"Current health expenditure per capita, PPP (current international $)",2019,1305.00109860036,,,2
Belarus,BLR,SH.XPD.CHEX.PP.CD,"Current health expenditure per capita, PPP (current international $)",2018,1102.02202824589,,,2
Belarus,BLR,SH.XPD.CHEX.PP.CD,"Current health expenditure per capita, PPP (current international $)",2017,1056.47330120896,,,2
Belarus,BLR,SH.XPD.CHEX.PP.CD,"Current health expenditure per capita, PPP (current international $)",2016,1050.702270065,,,2
Belarus,BLR,SH.XPD.CHEX.PP.CD,"Current health expenditure per capita, PPP (current international $)",2015,1096.81250685851,,,2
Belgium,BEL,SH.XPD.CHEX.PP.CD,"Current health expenditure per capita, PPP (current international $)",2019,6176.00593172252,,,2
Belgium,BEL,SH.XPD.CHEX.PP.CD,"Current health expenditure per capita, PPP (current international $)",2018,5782.49056208068,,,2
Belgium,BEL,SH.XPD.CHEX.PP.CD,"Current health expenditure per capita, PPP (current international $)",2017,5509.57633043985,,,2
Belgium,BEL,SH.XPD.CHEX.PP.CD,"Current health expenditure per capita, PPP (current international $)",2016,5285.85296978273,,,2
Belgium,BEL,SH.XPD.CHEX.PP.CD,"Current health expenditure per capita, PPP (current international $)",2015,5032.23017951923,,,2
Belize,BLZ,SH.XPD.CHEX.PP.CD,"Current health expenditure per capita, PPP (current international $)",2019,507.240209724953,,,2
Belize,BLZ,SH.XPD.CHEX.PP.CD,"Current health expenditure per capita, PPP (current international $)",2018,453.119819271393,,,2
Belize,BLZ,SH.XPD.CHEX.PP.CD,"Current health expenditure per capita, PPP (current international $)",2017,421.671241176752,,,2
Belize,BLZ,SH.XPD.CHEX.PP.CD,"Current health expenditure per capita, PPP (current international $)",2016,448.607851047382,,,2
Belize,BLZ,SH.XPD.CHEX.PP.CD,"Current health expenditure per capita, PPP (current international $)",2015,444.458802251332,,,2
Benin,BEN,SH.XPD.CHEX.PP.CD,"Current health expenditure per capita, PPP (current international $)",2019,94.5345382639284,,,2
Benin,BEN,SH.XPD.CHEX.PP.CD,"Current health expenditure per capita, PPP (current international $)",2018,101.821094387433,,,2
Benin,BEN,SH.XPD.CHEX.PP.CD,"Current health expenditure per capita, PPP (current international $)",2017,106.024654734519,,,2
Benin,BEN,SH.XPD.CHEX.PP.CD,"Current health expenditure per capita, PPP (current international $)",2016,102.893474066563,,,2
Benin,BEN,SH.XPD.CHEX.PP.CD,"Current health expenditure per capita, PPP (current international $)",2015,74.3508582501171,,,2
Bermuda,BMU,SH.XPD.CHEX.PP.CD,"Current health expenditure per capita, PPP (current international $)",2019,,,,2
Bermuda,BMU,SH.XPD.CHEX.PP.CD,"Current health expenditure per capita, PPP (current international $)",2018,,,,2
Bermuda,BMU,SH.XPD.CHEX.PP.CD,"Current health expenditure per capita, PPP (current international $)",2017,,,,2
Bermuda,BMU,SH.XPD.CHEX.PP.CD,"Current health expenditure per capita, PPP (current international $)",2016,,,,2
Bermuda,BMU,SH.XPD.CHEX.PP.CD,"Current health expenditure per capita, PPP (current international $)",2015,,,,2
Bhutan,BTN,SH.XPD.CHEX.PP.CD,"Current health expenditure per capita, PPP (current international $)",2019,417.631234872107,,,2
Bhutan,BTN,SH.XPD.CHEX.PP.CD,"Current health expenditure per capita, PPP (current international $)",2018,359.108306659599,,,2
Bhutan,BTN,SH.XPD.CHEX.PP.CD,"Current health expenditure per capita, PPP (current international $)",2017,352.284445101614,,,2
Bhutan,BTN,SH.XPD.CHEX.PP.CD,"Current health expenditure per capita, PPP (current international $)",2016,348.426859235791,,,2
Bhutan,BTN,SH.XPD.CHEX.PP.CD,"Current health expenditure per capita, PPP (current international $)",2015,334.923831761654,,,2
Bolivia,BOL,SH.XPD.CHEX.PP.CD,"Current health expenditure per capita, PPP (current international $)",2019,631.930127874865,,,2
Bolivia,BOL,SH.XPD.CHEX.PP.CD,"Current health expenditure per capita, PPP (current international $)",2018,591.229168070987,,,2
Bolivia,BOL,SH.XPD.CHEX.PP.CD,"Current health expenditure per capita, PPP (current international $)",2017,552.333472829502,,,2
Bolivia,BOL,SH.XPD.CHEX.PP.CD,"Current health expenditure per capita, PPP (current international $)",2016,515.772834448334,,,2
Bolivia,BOL,SH.XPD.CHEX.PP.CD,"Current health expenditure per capita, PPP (current international $)",2015,468.504622088813,,,2
Bosnia and Herzegovina,BIH,SH.XPD.CHEX.PP.CD,"Current health expenditure per capita, PPP (current international $)",2019,1466.50828884821,,,2
Bosnia and Herzegovina,BIH,SH.XPD.CHEX.PP.CD,"Current health expenditure per capita, PPP (current international $)",2018,1302.61539018975,,,2
Bosnia and Herzegovina,BIH,SH.XPD.CHEX.PP.CD,"Current health expenditure per capita, PPP (current international $)",2017,1201.05379642123,,,2
Bosnia and Herzegovina,BIH,SH.XPD.CHEX.PP.CD,"Current health expenditure per capita, PPP (current international $)",2016,1169.52029755028,,,2
Bosnia and Herzegovina,BIH,SH.XPD.CHEX.PP.CD,"Current health expenditure per capita, PPP (current international $)",2015,1120.60829265156,,,2
Botswana,BWA,SH.XPD.CHEX.PP.CD,"Current health expenditure per capita, PPP (current international $)",2019,975.314441195716,,,2
Botswana,BWA,SH.XPD.CHEX.PP.CD,"Current health expenditure per capita, PPP (current international $)",2018,953.477689114029,,,2
Botswana,BWA,SH.XPD.CHEX.PP.CD,"Current health expenditure per capita, PPP (current international $)",2017,1040.93516174345,,,2
Botswana,BWA,SH.XPD.CHEX.PP.CD,"Current health expenditure per capita, PPP (current international $)",2016,936.098224863847,,,2
Botswana,BWA,SH.XPD.CHEX.PP.CD,"Current health expenditure per capita, PPP (current international $)",2015,863.173293373375,,,2
Brazil,BRA,SH.XPD.CHEX.PP.CD,"Current health expenditure per capita, PPP (current international $)",2019,1545.03321144692,,,2
Brazil,BRA,SH.XPD.CHEX.PP.CD,"Current health expenditure per capita, PPP (current international $)",2018,1463.60459202537,,,2
Brazil,BRA,SH.XPD.CHEX.PP.CD,"Current health expenditure per capita, PPP (current international $)",2017,1378.92393296078,,,2
Brazil,BRA,SH.XPD.CHEX.PP.CD,"Current health expenditure per capita, PPP (current international $)",2016,1312.01325973184,,,2
Brazil,BRA,SH.XPD.CHEX.PP.CD,"Current health expenditure per capita, PPP (current international $)",2015,1320.48649469287,,,2
British Virgin Islands,VGB,SH.XPD.CHEX.PP.CD,"Current health expenditure per capita, PPP (current international $)",2019,,,,2
British Virgin Islands,VGB,SH.XPD.CHEX.PP.CD,"Current health expenditure per capita, PPP (current international $)",2018,,,,2
British Virgin Islands,VGB,SH.XPD.CHEX.PP.CD,"Current health expenditure per capita, PPP (current international $)",2017,,,,2
British Virgin Islands,VGB,SH.XPD.CHEX.PP.CD,"Current health expenditure per capita, PPP (current international $)",2016,,,,2
British Virgin Islands,VGB,SH.XPD.CHEX.PP.CD,"Current health expenditure per capita, PPP (current international $)",2015,,,,2
Brunei Darussalam,BRN,SH.XPD.CHEX.PP.CD,"Current health expenditure per capita, PPP (current international $)",2019,1547.28693124019,,,2
Brunei Darussalam,BRN,SH.XPD.CHEX.PP.CD,"Current health expenditure per capita, PPP (current international $)",2018,1574.03252064601,,,2
Brunei Darussalam,BRN,SH.XPD.CHEX.PP.CD,"Current health expenditure per capita, PPP (current international $)",2017,1399.79723457009,,,2
Brunei Darussalam,BRN,SH.XPD.CHEX.PP.CD,"Current health expenditure per capita, PPP (current international $)",2016,1444.38203713228,,,2
Brunei Darussalam,BRN,SH.XPD.CHEX.PP.CD,"Current health expenditure per capita, PPP (current international $)",2015,1496.89287932291,,,2
Bulgaria,BGR,SH.XPD.CHEX.PP.CD,"Current health expenditure per capita, PPP (current international $)",2019,1895.13629357267,,,2
Bulgaria,BGR,SH.XPD.CHEX.PP.CD,"Current health expenditure per capita, PPP (current international $)",2018,1753.56327690919,,,2
Bulgaria,BGR,SH.XPD.CHEX.PP.CD,"Current health expenditure per capita, PPP (current international $)",2017,1661.7176383074,,,2
Bulgaria,BGR,SH.XPD.CHEX.PP.CD,"Current health expenditure per capita, PPP (current international $)",2016,1537.63886097561,,,2
Bulgaria,BGR,SH.XPD.CHEX.PP.CD,"Current health expenditure per capita, PPP (current international $)",2015,1388.45076597855,,,2
Burkina Faso,BFA,SH.XPD.CHEX.PP.CD,"Current health expenditure per capita, PPP (current international $)",2019,119.856482115719,,,2
Burkina Faso,BFA,SH.XPD.CHEX.PP.CD,"Current health expenditure per capita, PPP (current international $)",2018,102.632669494356,,,2
Burkina Faso,BFA,SH.XPD.CHEX.PP.CD,"Current health expenditure per capita, PPP (current international $)",2017,124.941359803694,,,2
Burkina Faso,BFA,SH.XPD.CHEX.PP.CD,"Current health expenditure per capita, PPP (current international $)",2016,112.01351812403,,,2
Burkina Faso,BFA,SH.XPD.CHEX.PP.CD,"Current health expenditure per capita, PPP (current international $)",2015,86.8105637363947,,,2
Burundi,BDI,SH.XPD.CHEX.PP.CD,"Current health expenditure per capita, PPP (current international $)",2019,70.5143316631699,,,2
Burundi,BDI,SH.XPD.CHEX.PP.CD,"Current health expenditure per capita, PPP (current international $)",2018,54.9567533380086,,,2
Burundi,BDI,SH.XPD.CHEX.PP.CD,"Current health expenditure per capita, PPP (current international $)",2017,52.9257518800933,,,2
Burundi,BDI,SH.XPD.CHEX.PP.CD,"Current health expenditure per capita, PPP (current international $)",2016,54.5137586969562,,,2
Burundi,BDI,SH.XPD.CHEX.PP.CD,"Current health expenditure per capita, PPP (current international $)",2015,50.1679801684129,,,2
Cabo Verde,CPV,SH.XPD.CHEX.PP.CD,"Current health expenditure per capita, PPP (current international $)",2019,416.914882202261,,,2
Cabo Verde,CPV,SH.XPD.CHEX.PP.CD,"Current health expenditure per capita, PPP (current international $)",2018,378.838469588608,,,2
Cabo Verde,CPV,SH.XPD.CHEX.PP.CD,"Current health expenditure per capita, PPP (current international $)",2017,355.572632361054,,,2
Cabo Verde,CPV,SH.XPD.CHEX.PP.CD,"Current health expenditure per capita, PPP (current international $)",2016,320.590923360374,,,2
Cabo Verde,CPV,SH.XPD.CHEX.PP.CD,"Current health expenditure per capita, PPP (current international $)",2015,298.08394938776,,,2
Cambodia,KHM,SH.XPD.CHEX.PP.CD,"Current health expenditure per capita, PPP (current international $)",2019,311.269698199494,,,2
Cambodia,KHM,SH.XPD.CHEX.PP.CD,"Current health expenditure per capita, PPP (current international $)",2018,252.60001008287,,,2
Cambodia,KHM,SH.XPD.CHEX.PP.CD,"Current health expenditure per capita, PPP (current international $)",2017,215.603982186791,,,2
Cambodia,KHM,SH.XPD.CHEX.PP.CD,"Current health expenditure per capita, PPP (current international $)",2016,213.216076180385,,,2
Cambodia,KHM,SH.XPD.CHEX.PP.CD,"Current health expenditure per capita, PPP (current international $)",2015,201.242490733866,,,2
Cameroon,CMR,SH.XPD.CHEX.PP.CD,"Current health expenditure per capita, PPP (current international $)",2019,154.867547289945,,,2
Cameroon,CMR,SH.XPD.CHEX.PP.CD,"Current health expenditure per capita, PPP (current international $)",2018,145.177673314271,,,2
Cameroon,CMR,SH.XPD.CHEX.PP.CD,"Current health expenditure per capita, PPP (current international $)",2017,142.896369936198,,,2
Cameroon,CMR,SH.XPD.CHEX.PP.CD,"Current health expenditure per capita, PPP (current international $)",2016,145.897389866034,,,2
Cameroon,CMR,SH.XPD.CHEX.PP.CD,"Current health expenditure per capita, PPP (current international $)",2015,144.313662066752,,,2
Canada,CAN,SH.XPD.CHEX.PP.CD,"Current health expenditure per capita, PPP (current international $)",2019,5554.96352468819,,,2
Canada,CAN,SH.XPD.CHEX.PP.CD,"Current health expenditure per capita, PPP (current international $)",2018,5426.86325274867,,,2
Canada,CAN,SH.XPD.CHEX.PP.CD,"Current health expenditure per capita, PPP (current international $)",2017,5240.51940680873,,,2
Canada,CAN,SH.XPD.CHEX.PP.CD,"Current health expenditure per capita, PPP (current international $)",2016,5103.64665868687,,,2
Canada,CAN,SH.XPD.CHEX.PP.CD,"Current health expenditure per capita, PPP (current international $)",2015,4773.7481512308,,,2
Cayman Islands,CYM,SH.XPD.CHEX.PP.CD,"Current health expenditure per capita, PPP (current international $)",2019,,,,2
Cayman Islands,CYM,SH.XPD.CHEX.PP.CD,"Current health expenditure per capita, PPP (current international $)",2018,,,,2
Cayman Islands,CYM,SH.XPD.CHEX.PP.CD,"Current health expenditure per capita, PPP (current international $)",2017,,,,2
Cayman Islands,CYM,SH.XPD.CHEX.PP.CD,"Current health expenditure per capita, PPP (current international $)",2016,,,,2
Cayman Islands,CYM,SH.XPD.CHEX.PP.CD,"Current health expenditure per capita, PPP (current international $)",2015,,,,2
Central African Republic,CAF,SH.XPD.CHEX.PP.CD,"Current health expenditure per capita, PPP (current international $)",2019,78.3987851394366,,,2
Central African Republic,CAF,SH.XPD.CHEX.PP.CD,"Current health expenditure per capita, PPP (current international $)",2018,102.1814003234,,,2
Central African Republic,CAF,SH.XPD.CHEX.PP.CD,"Current health expenditure per capita, PPP (current international $)",2017,58.9096656675691,,,2
Central African Republic,CAF,SH.XPD.CHEX.PP.CD,"Current health expenditure per capita, PPP (current international $)",2016,44.9683528438324,,,2
Central African Republic,CAF,SH.XPD.CHEX.PP.CD,"Current health expenditure per capita, PPP (current international $)",2015,38.7075858688605,,,2
Chad,TCD,SH.XPD.CHEX.PP.CD,"Current health expenditure per capita, PPP (current international $)",2019,79.5967933640388,,,2
Chad,TCD,SH.XPD.CHEX.PP.CD,"Current health expenditure per capita, PPP (current international $)",2018,73.2799515768197,,,2
Chad,TCD,SH.XPD.CHEX.PP.CD,"Current health expenditure per capita, PPP (current international $)",2017,73.614673995706,,,2
Chad,TCD,SH.XPD.CHEX.PP.CD,"Current health expenditure per capita, PPP (current international $)",2016,78.6218434069875,,,2
Chad,TCD,SH.XPD.CHEX.PP.CD,"Current health expenditure per capita, PPP (current international $)",2015,80.8957594269927,,,2
Channel Islands,CHI,SH.XPD.CHEX.PP.CD,"Current health expenditure per capita, PPP (current international $)",2019,,,,2
Channel Islands,CHI,SH.XPD.CHEX.PP.CD,"Current health expenditure per capita, PPP (current international $)",2018,,,,2
Channel Islands,CHI,SH.XPD.CHEX.PP.CD,"Current health expenditure per capita, PPP (current international $)",2017,,,,2
Channel Islands,CHI,SH.XPD.CHEX.PP.CD,"Current health expenditure per capita, PPP (current international $)",2016,,,,2
Channel Islands,CHI,SH.XPD.CHEX.PP.CD,"Current health expenditure per capita, PPP (current international $)",2015,,,,2
Chile,CHL,SH.XPD.CHEX.PP.CD,"Current health expenditure per capita, PPP (current international $)",2019,2384.37378889567,,,2
Chile,CHL,SH.XPD.CHEX.PP.CD,"Current health expenditure per capita, PPP (current international $)",2018,2315.51811363117,,,2
Chile,CHL,SH.XPD.CHEX.PP.CD,"Current health expenditure per capita, PPP (current international $)",2017,2208.56177425467,,,2
Chile,CHL,SH.XPD.CHEX.PP.CD,"Current health expenditure per capita, PPP (current international $)",2016,1990.21504920164,,,2
Chile,CHL,SH.XPD.CHEX.PP.CD,"Current health expenditure per capita, PPP (current international $)",2015,1875.54597367726,,,2
China,CHN,SH.XPD.CHEX.PP.CD,"Current health expenditure per capita, PPP (current international $)",2019,917.221598271983,,,2
China,CHN,SH.XPD.CHEX.PP.CD,"Current health expenditure per capita, PPP (current international $)",2018,814.630086026044,,,2
China,CHN,SH.XPD.CHEX.PP.CD,"Current health expenditure per capita, PPP (current international $)",2017,735.992197794662,,,2
China,CHN,SH.XPD.CHEX.PP.CD,"Current health expenditure per capita, PPP (current international $)",2016,682.877229646934,,,2
China,CHN,SH.XPD.CHEX.PP.CD,"Current health expenditure per capita, PPP (current international $)",2015,647.362591709039,,,2
Colombia,COL,SH.XPD.CHEX.PP.CD,"Current health expenditure per capita, PPP (current international $)",2019,1267.67360960455,,,2
Colombia,COL,SH.XPD.CHEX.PP.CD,"Current health expenditure per capita, PPP (current international $)",2018,1176.14300930358,,,2
Colombia,COL,SH.XPD.CHEX.PP.CD,"Current health expenditure per capita, PPP (current international $)",2017,1105.77172747043,,,2
Colombia,COL,SH.XPD.CHEX.PP.CD,"Current health expenditure per capita, PPP (current international $)",2016,1056.38520605909,,,2
Colombia,COL,SH.XPD.CHEX.PP.CD,"Current health expenditure per capita, PPP (current international $)",2015,999.680002005233,,,2
Comoros,COM,SH.XPD.CHEX.PP.CD,"Current health expenditure per capita, PPP (current international $)",2019,170.594954583793,,,2
Comoros,COM,SH.XPD.CHEX.PP.CD,"Current health expenditure per capita, PPP (current international $)",2018,160.628833054798,,,2
Comoros,COM,SH.XPD.CHEX.PP.CD,"Current health expenditure per capita, PPP (current international $)",2017,176.34638765023,,,2
Comoros,COM,SH.XPD.CHEX.PP.CD,"Current health expenditure per capita, PPP (current international $)",2016,146.048632044847,,,2
Comoros,COM,SH.XPD.CHEX.PP.CD,"Current health expenditure per capita, PPP (current international $)",2015,135.702311793372,,,2
"Congo, Dem. Rep.",COD,SH.XPD.CHEX.PP.CD,"Current health expenditure per capita, PPP (current international $)",2019,40.2518066796635,,,2
"Congo, Dem. Rep.",COD,SH.XPD.CHEX.PP.CD,"Current health expenditure per capita, PPP (current international $)",2018,34.9995168487354,,,2
"Congo, Dem. Rep.",COD,SH.XPD.CHEX.PP.CD,"Current health expenditure per capita, PPP (current international $)",2017,41.7000529992785,,,2
"Congo, Dem. Rep.",COD,SH.XPD.CHEX.PP.CD,"Current health expenditure per capita, PPP (current international $)",2016,39.9035804383075,,,2
"Congo, Dem. Rep.",COD,SH.XPD.CHEX.PP.CD,"Current health expenditure per capita, PPP (current international $)",2015,34.1012416388131,,,2
"Congo, Rep.",COG,SH.XPD.CHEX.PP.CD,"Current health expenditure per capita, PPP (current international $)",2019,134.279775513188,,,2
"Congo, Rep.",COG,SH.XPD.CHEX.PP.CD,"Current health expenditure per capita, PPP (current international $)",2018,98.2080859925183,,,2
"Congo, Rep.",COG,SH.XPD.CHEX.PP.CD,"Current health expenditure per capita, PPP (current international $)",2017,105.105060401744,,,2
"Congo, Rep.",COG,SH.XPD.CHEX.PP.CD,"Current health expenditure per capita, PPP (current international $)",2016,104.185537356516,,,2
"Congo, Rep.",COG,SH.XPD.CHEX.PP.CD,"Current health expenditure per capita, PPP (current international $)",2015,110.763398855406,,,2
Costa Rica,CRI,SH.XPD.CHEX.PP.CD,"Current health expenditure per capita, PPP (current international $)",2019,1685.41120169222,,,2
Costa Rica,CRI,SH.XPD.CHEX.PP.CD,"Current health expenditure per capita, PPP (current international $)",2018,1566.32042725931,,,2
Costa Rica,CRI,SH.XPD.CHEX.PP.CD,"Current health expenditure per capita, PPP (current international $)",2017,1444.22597285557,,,2
Costa Rica,CRI,SH.XPD.CHEX.PP.CD,"Current health expenditure per capita, PPP (current international $)",2016,1405.03868172973,,,2
Costa Rica,CRI,SH.XPD.CHEX.PP.CD,"Current health expenditure per capita, PPP (current international $)",2015,1343.15949943622,,,2
Cote d'Ivoire,CIV,SH.XPD.CHEX.PP.CD,"Current health expenditure per capita, PPP (current international $)",2019,175.927259655428,,,2
Cote d'Ivoire,CIV,SH.XPD.CHEX.PP.CD,"Current health expenditure per capita, PPP (current international $)",2018,152.902803893692,,,2
Cote d'Ivoire,CIV,SH.XPD.CHEX.PP.CD,"Current health expenditure per capita, PPP (current international $)",2017,152.286810151245,,,2
Cote d'Ivoire,CIV,SH.XPD.CHEX.PP.CD,"Current health expenditure per capita, PPP (current international $)",2016,150.463424305056,,,2
Cote d'Ivoire,CIV,SH.XPD.CHEX.PP.CD,"Current health expenditure per capita, PPP (current international $)",2015,141.792156353083,,,2
Croatia,HRV,SH.XPD.CHEX.PP.CD,"Current health expenditure per capita, PPP (current international $)",2019,2223.27385961101,,,2
Croatia,HRV,SH.XPD.CHEX.PP.CD,"Current health expenditure per capita, PPP (current international $)",2018,1981.99927669685,,,2
Croatia,HRV,SH.XPD.CHEX.PP.CD,"Current health expenditure per capita, PPP (current international $)",2017,1831.40690663206,,,2
Croatia,HRV,SH.XPD.CHEX.PP.CD,"Current health expenditure per capita, PPP (current international $)",2016,1714.42560524265,,,2
Croatia,HRV,SH.XPD.CHEX.PP.CD,"Current health expenditure per capita, PPP (current international $)",2015,1569.18138814489,,,2
Cuba,CUB,SH.XPD.CHEX.PP.CD,"Current health expenditure per capita, PPP (current international $)",2019,2829.26141377499,,,2
Cuba,CUB,SH.XPD.CHEX.PP.CD,"Current health expenditure per capita, PPP (current international $)",2018,2765.1407428997,,,2
Cuba,CUB,SH.XPD.CHEX.PP.CD,"Current health expenditure per capita, PPP (current international $)",2017,2747.54602398462,,,2
Cuba,CUB,SH.XPD.CHEX.PP.CD,"Current health expenditure per capita, PPP (current international $)",2016,2819.10805743404,,,2
Cuba,CUB,SH.XPD.CHEX.PP.CD,"Current health expenditure per capita, PPP (current international $)",2015,2911.48277660782,,,2
Curacao,CUW,SH.XPD.CHEX.PP.CD,"Current health expenditure per capita, PPP (current international $)",2019,,,,2
Curacao,CUW,SH.XPD.CHEX.PP.CD,"Current health expenditure per capita, PPP (current international $)",2018,,,,2
Curacao,CUW,SH.XPD.CHEX.PP.CD,"Current health expenditure per capita, PPP (current international $)",2017,,,,2
Curacao,CUW,SH.XPD.CHEX.PP.CD,"Current health expenditure per capita, PPP (current international $)",2016,,,,2
Curacao,CUW,SH.XPD.CHEX.PP.CD,"Current health expenditure per capita, PPP (current international $)",2015,,,,2
Cyprus,CYP,SH.XPD.CHEX.PP.CD,"Current health expenditure per capita, PPP (current international $)",2019,3128.23170123149,,,2
Cyprus,CYP,SH.XPD.CHEX.PP.CD,"Current health expenditure per capita, PPP (current international $)",2018,2749.600564259,,,2
Cyprus,CYP,SH.XPD.CHEX.PP.CD,"Current health expenditure per capita, PPP (current international $)",2017,2513.52759121993,,,2
Cyprus,CYP,SH.XPD.CHEX.PP.CD,"Current health expenditure per capita, PPP (current international $)",2016,2353.11766931865,,,2
Cyprus,CYP,SH.XPD.CHEX.PP.CD,"Current health expenditure per capita, PPP (current international $)",2015,2136.11670471907,,,2
Czechia,CZE,SH.XPD.CHEX.PP.CD,"Current health expenditure per capita, PPP (current international $)",2019,3422.44715438304,,,2
Czechia,CZE,SH.XPD.CHEX.PP.CD,"Current health expenditure per capita, PPP (current international $)",2018,3075.20614608327,,,2
Czechia,CZE,SH.XPD.CHEX.PP.CD,"Current health expenditure per capita, PPP (current international $)",2017,2853.6094512212,,,2
Czechia,CZE,SH.XPD.CHEX.PP.CD,"Current health expenditure per capita, PPP (current international $)",2016,2671.87804066077,,,2
Czechia,CZE,SH.XPD.CHEX.PP.CD,"Current health expenditure per capita, PPP (current international $)",2015,2489.06836173485,,,2
Denmark,DNK,SH.XPD.CHEX.PP.CD,"Current health expenditure per capita, PPP (current international $)",2019,6171.19904427546,,,2
Denmark,DNK,SH.XPD.CHEX.PP.CD,"Current health expenditure per capita, PPP (current international $)",2018,5804.23468677854,,,2
Denmark,DNK,SH.XPD.CHEX.PP.CD,"Current health expenditure per capita, PPP (current international $)",2017,5589.87609875424,,,2
Denmark,DNK,SH.XPD.CHEX.PP.CD,"Current health expenditure per capita, PPP (current international $)",2016,5328.20487778812,,,2
Denmark,DNK,SH.XPD.CHEX.PP.CD,"Current health expenditure per capita, PPP (current international $)",2015,5074.47458938183,,,2
Djibouti,DJI,SH.XPD.CHEX.PP.CD,"Current health expenditure per capita, PPP (current international $)",2019,130.279623168379,,,2
Djibouti,DJI,SH.XPD.CHEX.PP.CD,"Current health expenditure per capita, PPP (current international $)",2018,128.646650831586,,,2
Djibouti,DJI,SH.XPD.CHEX.PP.CD,"Current health expenditure per capita, PPP (current international $)",2017,115.971571825083,,,2
Djibouti,DJI,SH.XPD.CHEX.PP.CD,"Current health expenditure per capita, PPP (current international $)",2016,121.498462994746,,,2
Djibouti,DJI,SH.XPD.CHEX.PP.CD,"Current health expenditure per capita, PPP (current international $)",2015,142.739335206199,,,2
Dominica,DMA,SH.XPD.CHEX.PP.CD,"Current health expenditure per capita, PPP (current international $)",2019,785.973467434478,,,2
Dominica,DMA,SH.XPD.CHEX.PP.CD,"Current health expenditure per capita, PPP (current international $)",2018,823.120477992979,,,2
Dominica,DMA,SH.XPD.CHEX.PP.CD,"Current health expenditure per capita, PPP (current international $)",2017,641.969789763985,,,2
Dominica,DMA,SH.XPD.CHEX.PP.CD,"Current health expenditure per capita, PPP (current international $)",2016,623.763979525853,,,2
Dominica,DMA,SH.XPD.CHEX.PP.CD,"Current health expenditure per capita, PPP (current international $)",2015,578.513206911355,,,2
Dominican Republic,DOM,SH.XPD.CHEX.PP.CD,"Current health expenditure per capita, PPP (current international $)",2019,863.429664885623,,,2
Dominican Republic,DOM,SH.XPD.CHEX.PP.CD,"Current health expenditure per capita, PPP (current international $)",2018,758.960216959216,,,2
Dominican Republic,DOM,SH.XPD.CHEX.PP.CD,"Current health expenditure per capita, PPP (current international $)",2017,748.919552659238,,,2
Dominican Republic,DOM,SH.XPD.CHEX.PP.CD,"Current health expenditure per capita, PPP (current international $)",2016,746.672543274099,,,2
Dominican Republic,DOM,SH.XPD.CHEX.PP.CD,"Current health expenditure per capita, PPP (current international $)",2015,701.025161825718,,,2
Ecuador,ECU,SH.XPD.CHEX.PP.CD,"Current health expenditure per capita, PPP (current international $)",2019,979.458593093136,,,2
Ecuador,ECU,SH.XPD.CHEX.PP.CD,"Current health expenditure per capita, PPP (current international $)",2018,954.677894268241,,,2
Ecuador,ECU,SH.XPD.CHEX.PP.CD,"Current health expenditure per capita, PPP (current international $)",2017,887.436487479888,,,2
Ecuador,ECU,SH.XPD.CHEX.PP.CD,"Current health expenditure per capita, PPP (current international $)",2016,825.702723437104,,,2
Ecuador,ECU,SH.XPD.CHEX.PP.CD,"Current health expenditure per capita, PPP (current international $)",2015,844.972347142966,,,2
"Egypt, Arab Rep.",EGY,SH.XPD.CHEX.PP.CD,"Current health expenditure per capita, PPP (current international $)",2019,614.660471610566,,,2
"Egypt, Arab Rep.",EGY,SH.XPD.CHEX.PP.CD,"Current health expenditure per capita, PPP (current international $)",2018,585.507219738966,,,2
"Egypt, Arab Rep.",EGY,SH.XPD.CHEX.PP.CD,"Current health expenditure per capita, PPP (current international $)",2017,594.79720776435,,,2
"Egypt, Arab Rep.",EGY,SH.XPD.CHEX.PP.CD,"Current health expenditure per capita, PPP (current international $)",2016,572.106177374588,,,2
"Egypt, Arab Rep.",EGY,SH.XPD.CHEX.PP.CD,"Current health expenditure per capita, PPP (current international $)",2015,581.864496371668,,,2
El Salvador,SLV,SH.XPD.CHEX.PP.CD,"Current health expenditure per capita, PPP (current international $)",2019,859.415342428711,,,2
El Salvador,SLV,SH.XPD.CHEX.PP.CD,"Current health expenditure per capita, PPP (current international $)",2018,766.010657011516,,,2
El Salvador,SLV,SH.XPD.CHEX.PP.CD,"Current health expenditure per capita, PPP (current international $)",2017,755.122853753257,,,2
El Salvador,SLV,SH.XPD.CHEX.PP.CD,"Current health expenditure per capita, PPP (current international $)",2016,736.857034491996,,,2
El Salvador,SLV,SH.XPD.CHEX.PP.CD,"Current health expenditure per capita, PPP (current international $)",2015,694.855934432273,,,2
Equatorial Guinea,GNQ,SH.XPD.CHEX.PP.CD,"Current health expenditure per capita, PPP (current international $)",2019,539.520567570667,,,2
Equatorial Guinea,GNQ,SH.XPD.CHEX.PP.CD,"Current health expenditure per capita, PPP (current international $)",2018,546.530225560603,,,2
Equatorial Guinea,GNQ,SH.XPD.CHEX.PP.CD,"Current health expenditure per capita, PPP (current international $)",2017,527.458823523635,,,2
Equatorial Guinea,GNQ,SH.XPD.CHEX.PP.CD,"Current health expenditure per capita, PPP (current international $)",2016,494.78497245156,,,2
Equatorial Guinea,GNQ,SH.XPD.CHEX.PP.CD,"Current health expenditure per capita, PPP (current international $)",2015,478.578837181104,,,2
Eritrea,ERI,SH.XPD.CHEX.PP.CD,"Current health expenditure per capita, PPP (current international $)",2019,91.3604340062524,,,2
Eritrea,ERI,SH.XPD.CHEX.PP.CD,"Current health expenditure per capita, PPP (current international $)",2018,81.07868546352,,,2
Eritrea,ERI,SH.XPD.CHEX.PP.CD,"Current health expenditure per capita, PPP (current international $)",2017,70.1693470941908,,,2
Eritrea,ERI,SH.XPD.CHEX.PP.CD,"Current health expenditure per capita, PPP (current international $)",2016,69.5212332917206,,,2
Eritrea,ERI,SH.XPD.CHEX.PP.CD,"Current health expenditure per capita, PPP (current international $)",2015,77.7990666445273,,,2
Estonia,EST,SH.XPD.CHEX.PP.CD,"Current health expenditure per capita, PPP (current international $)",2019,2702.26654885985,,,2
Estonia,EST,SH.XPD.CHEX.PP.CD,"Current health expenditure per capita, PPP (current international $)",2018,2441.55627685688,,,2
Estonia,EST,SH.XPD.CHEX.PP.CD,"Current health expenditure per capita, PPP (current international $)",2017,2234.29079645641,,,2
Estonia,EST,SH.XPD.CHEX.PP.CD,"Current health expenditure per capita, PPP (current international $)",2016,2098.46334890873,,,2
Estonia,EST,SH.XPD.CHEX.PP.CD,"Current health expenditure per capita, PPP (current international $)",2015,1938.98623101845,,,2
Eswatini,SWZ,SH.XPD.CHEX.PP.CD,"Current health expenditure per capita, PPP (current international $)",2019,756.407619815981,,,2
Eswatini,SWZ,SH.XPD.CHEX.PP.CD,"Current health expenditure per capita, PPP (current international $)",2018,627.798673592147,,,2
Eswatini,SWZ,SH.XPD.CHEX.PP.CD,"Current health expenditure per capita, PPP (current international $)",2017,591.261759030105,,,2
Eswatini,SWZ,SH.XPD.CHEX.PP.CD,"Current health expenditure per capita, PPP (current international $)",2016,593.221410414995,,,2
Eswatini,SWZ,SH.XPD.CHEX.PP.CD,"Current health expenditure per capita, PPP (current international $)",2015,615.778601788581,,,2
Ethiopia,ETH,SH.XPD.CHEX.PP.CD,"Current health expenditure per capita, PPP (current international $)",2019,72.7195873525421,,,2
Ethiopia,ETH,SH.XPD.CHEX.PP.CD,"Current health expenditure per capita, PPP (current international $)",2018,69.2233849696006,,,2
Ethiopia,ETH,SH.XPD.CHEX.PP.CD,"Current health expenditure per capita, PPP (current international $)",2017,69.2313317756209,,,2
Ethiopia,ETH,SH.XPD.CHEX.PP.CD,"Current health expenditure per capita, PPP (current international $)",2016,66.8780317493943,,,2
Ethiopia,ETH,SH.XPD.CHEX.PP.CD,"Current health expenditure per capita, PPP (current international $)",2015,62.4177160410784,,,2
Faroe Islands,FRO,SH.XPD.CHEX.PP.CD,"Current health expenditure per capita, PPP (current international $)",2019,,,,2
Faroe Islands,FRO,SH.XPD.CHEX.PP.CD,"Current health expenditure per capita, PPP (current international $)",2018,,,,2
Faroe Islands,FRO,SH.XPD.CHEX.PP.CD,"Current health expenditure per capita, PPP (current international $)",2017,,,,2
Faroe Islands,FRO,SH.XPD.CHEX.PP.CD,"Current health expenditure per capita, PPP (current international $)",2016,,,,2
Faroe Islands,FRO,SH.XPD.CHEX.PP.CD,"Current health expenditure per capita, PPP (current international $)",2015,,,,2
Fiji,FJI,SH.XPD.CHEX.PP.CD,"Current health expenditure per capita, PPP (current international $)",2019,566.103006768486,,,2
Fiji,FJI,SH.XPD.CHEX.PP.CD,"Current health expenditure per capita, PPP (current international $)",2018,543.040747048608,,,2
Fiji,FJI,SH.XPD.CHEX.PP.CD,"Current health expenditure per capita, PPP (current international $)",2017,408.548122667682,,,2
Fiji,FJI,SH.XPD.CHEX.PP.CD,"Current health expenditure per capita, PPP (current international $)",2016,393.058001010356,,,2
Fiji,FJI,SH.XPD.CHEX.PP.CD,"Current health expenditure per capita, PPP (current international $)",2015,390.106130344108,,,2
Finland,FIN,SH.XPD.CHEX.PP.CD,"Current health expenditure per capita, PPP (current international $)",2019,4821.26714325924,,,2
Finland,FIN,SH.XPD.CHEX.PP.CD,"Current health expenditure per capita, PPP (current international $)",2018,4484.34879202747,,,2
Finland,FIN,SH.XPD.CHEX.PP.CD,"Current health expenditure per capita, PPP (current international $)",2017,4341.44057268745,,,2
Finland,FIN,SH.XPD.CHEX.PP.CD,"Current health expenditure per capita, PPP (current international $)",2016,4213.80738451905,,,2
Finland,FIN,SH.XPD.CHEX.PP.CD,"Current health expenditure per capita, PPP (current international $)",2015,4099.9675611187,,,2
France,FRA,SH.XPD.CHEX.PP.CD,"Current health expenditure per capita, PPP (current international $)",2019,5719.34530056227,,,2
France,FRA,SH.XPD.CHEX.PP.CD,"Current health expenditure per capita, PPP (current international $)",2018,5255.3299112549,,,2
France,FRA,SH.XPD.CHEX.PP.CD,"Current health expenditure per capita, PPP (current international $)",2017,5099.71685090958,,,2
France,FRA,SH.XPD.CHEX.PP.CD,"Current health expenditure per capita, PPP (current international $)",2016,4967.77899034512,,,2
France,FRA,SH.XPD.CHEX.PP.CD,"Current health expenditure per capita, PPP (current international $)",2015,4711.86798705055,,,2
French Polynesia,PYF,SH.XPD.CHEX.PP.CD,"Current health expenditure per capita, PPP (current international $)",2019,,,,2
French Polynesia,PYF,SH.XPD.CHEX.PP.CD,"Current health expenditure per capita, PPP (current international $)",2018,,,,2
French Polynesia,PYF,SH.XPD.CHEX.PP.CD,"Current health expenditure per capita, PPP (current international $)",2017,,,,2
French Polynesia,PYF,SH.XPD.CHEX.PP.CD,"Current health expenditure per capita, PPP (current international $)",2016,,,,2
French Polynesia,PYF,SH.XPD.CHEX.PP.CD,"Current health expenditure per capita, PPP (current international $)",2015,,,,2
Gabon,GAB,SH.XPD.CHEX.PP.CD,"Current health expenditure per capita, PPP (current international $)",2019,441.545166637632,,,2
Gabon,GAB,SH.XPD.CHEX.PP.CD,"Current health expenditure per capita, PPP (current international $)",2018,423.610713909973,,,2
Gabon,GAB,SH.XPD.CHEX.PP.CD,"Current health expenditure per capita, PPP (current international $)",2017,411.455794024276,,,2
Gabon,GAB,SH.XPD.CHEX.PP.CD,"Current health expenditure per capita, PPP (current international $)",2016,435.006438618584,,,2
Gabon,GAB,SH.XPD.CHEX.PP.CD,"Current health expenditure per capita, PPP (current international $)",2015,380.1839701867,,,2
"Gambia, The",GMB,SH.XPD.CHEX.PP.CD,"Current health expenditure per capita, PPP (current international $)",2019,76.171854164051,,,2
"Gambia, The",GMB,SH.XPD.CHEX.PP.CD,"Current health expenditure per capita, PPP (current international $)",2018,72.5370024057233,,,2
"Gambia, The",GMB,SH.XPD.CHEX.PP.CD,"Current health expenditure per capita, PPP (current international $)",2017,68.3963876541443,,,2
"Gambia, The",GMB,SH.XPD.CHEX.PP.CD,"Current health expenditure per capita, PPP (current international $)",2016,64.3098295926833,,,2
"Gambia, The",GMB,SH.XPD.CHEX.PP.CD,"Current health expenditure per capita, PPP (current international $)",2015,63.2149503666416,,,2
Georgia,GEO,SH.XPD.CHEX.PP.CD,"Current health expenditure per capita, PPP (current international $)",2019,1201.65520322936,,,2
Georgia,GEO,SH.XPD.CHEX.PP.CD,"Current health expenditure per capita, PPP (current international $)",2018,1144.00984996743,,,2
Georgia,GEO,SH.XPD.CHEX.PP.CD,"Current health expenditure per capita, PPP (current international $)",2017,1173.32799010833,,,2
Georgia,GEO,SH.XPD.CHEX.PP.CD,"Current health expenditure per capita, PPP (current international $)",2016,1165.1821085307,,,2
Georgia,GEO,SH.XPD.CHEX.PP.CD,"Current health expenditure per capita, PPP (current international $)",2015,1043.96680383389,,,2
Germany,DEU,SH.XPD.CHEX.PP.CD,"Current health expenditure per capita, PPP (current international $)",2019,6779.50798127688,,,2
Germany,DEU,SH.XPD.CHEX.PP.CD,"Current health expenditure per capita, PPP (current international $)",2018,6302.0914218044,,,2
Germany,DEU,SH.XPD.CHEX.PP.CD,"Current health expenditure per capita, PPP (current international $)",2017,5989.48359744699,,,2
Germany,DEU,SH.XPD.CHEX.PP.CD,"Current health expenditure per capita, PPP (current international $)",2016,5669.81797337735,,,2
Germany,DEU,SH.XPD.CHEX.PP.CD,"Current health expenditure per capita, PPP (current international $)",2015,5336.07266430052,,,2
Ghana,GHA,SH.XPD.CHEX.PP.CD,"Current health expenditure per capita, PPP (current international $)",2019,195.353140757807,,,2
Ghana,GHA,SH.XPD.CHEX.PP.CD,"Current health expenditure per capita, PPP (current international $)",2018,134.537385964198,,,2
Ghana,GHA,SH.XPD.CHEX.PP.CD,"Current health expenditure per capita, PPP (current international $)",2017,138.988713329788,,,2
Ghana,GHA,SH.XPD.CHEX.PP.CD,"Current health expenditure per capita, PPP (current international $)",2016,169.893855002895,,,2
Ghana,GHA,SH.XPD.CHEX.PP.CD,"Current health expenditure per capita, PPP (current international $)",2015,235.842765374433,,,2
Gibraltar,GIB,SH.XPD.CHEX.PP.CD,"Current health expenditure per capita, PPP (current international $)",2019,,,,2
Gibraltar,GIB,SH.XPD.CHEX.PP.CD,"Current health expenditure per capita, PPP (current international $)",2018,,,,2
Gibraltar,GIB,SH.XPD.CHEX.PP.CD,"Current health expenditure per capita, PPP (current international $)",2017,,,,2
Gibraltar,GIB,SH.XPD.CHEX.PP.CD,"Current health expenditure per capita, PPP (current international $)",2016,,,,2
Gibraltar,GIB,SH.XPD.CHEX.PP.CD,"Current health expenditure per capita, PPP (current international $)",2015,,,,2
Greece,GRC,SH.XPD.CHEX.PP.CD,"Current health expenditure per capita, PPP (current international $)",2019,2590.84666689567,,,2
Greece,GRC,SH.XPD.CHEX.PP.CD,"Current health expenditure per capita, PPP (current international $)",2018,2403.16238251319,,,2
Greece,GRC,SH.XPD.CHEX.PP.CD,"Current health expenditure per capita, PPP (current international $)",2017,2324.13013595224,,,2
Greece,GRC,SH.XPD.CHEX.PP.CD,"Current health expenditure per capita, PPP (current international $)",2016,2322.72643625741,,,2
Greece,GRC,SH.XPD.CHEX.PP.CD,"Current health expenditure per capita, PPP (current international $)",2015,2192.77755589205,,,2
Greenland,GRL,SH.XPD.CHEX.PP.CD,"Current health expenditure per capita, PPP (current international $)",2019,,,,2
Greenland,GRL,SH.XPD.CHEX.PP.CD,"Current health expenditure per capita, PPP (current international $)",2018,,,,2
Greenland,GRL,SH.XPD.CHEX.PP.CD,"Current health expenditure per capita, PPP (current international $)",2017,,,,2
Greenland,GRL,SH.XPD.CHEX.PP.CD,"Current health expenditure per capita, PPP (current international $)",2016,,,,2
Greenland,GRL,SH.XPD.CHEX.PP.CD,"Current health expenditure per capita, PPP (current international $)",2015,,,,2
Grenada,GRD,SH.XPD.CHEX.PP.CD,"Current health expenditure per capita, PPP (current international $)",2019,811.00021791222,,,2
Grenada,GRD,SH.XPD.CHEX.PP.CD,"Current health expenditure per capita, PPP (current international $)",2018,732.340982581326,,,2
Grenada,GRD,SH.XPD.CHEX.PP.CD,"Current health expenditure per capita, PPP (current international $)",2017,700.401365654143,,,2
Grenada,GRD,SH.XPD.CHEX.PP.CD,"Current health expenditure per capita, PPP (current international $)",2016,620.382388588855,,,2
Grenada,GRD,SH.XPD.CHEX.PP.CD,"Current health expenditure per capita, PPP (current international $)",2015,614.059677543711,,,2
Guam,GUM,SH.XPD.CHEX.PP.CD,"Current health expenditure per capita, PPP (current international $)",2019,,,,2
Guam,GUM,SH.XPD.CHEX.PP.CD,"Current health expenditure per capita, PPP (current international $)",2018,,,,2
Guam,GUM,SH.XPD.CHEX.PP.CD,"Current health expenditure per capita, PPP (current international $)",2017,,,,2
Guam,GUM,SH.XPD.CHEX.PP.CD,"Current health expenditure per capita, PPP (current international $)",2016,,,,2
Guam,GUM,SH.XPD.CHEX.PP.CD,"Current health expenditure per capita, PPP (current international $)",2015,,,,2
Guatemala,GTM,SH.XPD.CHEX.PP.CD,"Current health expenditure per capita, PPP (current international $)",2019,664.114468722869,,,2
Guatemala,GTM,SH.XPD.CHEX.PP.CD,"Current health expenditure per capita, PPP (current international $)",2018,607.414140436215,,,2
Guatemala,GTM,SH.XPD.CHEX.PP.CD,"Current health expenditure per capita, PPP (current international $)",2017,586.57727669318,,,2
Guatemala,GTM,SH.XPD.CHEX.PP.CD,"Current health expenditure per capita, PPP (current international $)",2016,558.534545722638,,,2
Guatemala,GTM,SH.XPD.CHEX.PP.CD,"Current health expenditure per capita, PPP (current international $)",2015,536.578179396124,,,2
Guinea,GIN,SH.XPD.CHEX.PP.CD,"Current health expenditure per capita, PPP (current international $)",2019,126.989916621133,,,2
Guinea,GIN,SH.XPD.CHEX.PP.CD,"Current health expenditure per capita, PPP (current international $)",2018,106.338307620256,,,2
Guinea,GIN,SH.XPD.CHEX.PP.CD,"Current health expenditure per capita, PPP (current international $)",2017,105.203248892811,,,2
Guinea,GIN,SH.XPD.CHEX.PP.CD,"Current health expenditure per capita, PPP (current international $)",2016,121.718814610044,,,2
Guinea,GIN,SH.XPD.CHEX.PP.CD,"Current health expenditure per capita, PPP (current international $)",2015,112.098887155299,,,2
Guinea-Bissau,GNB,SH.XPD.CHEX.PP.CD,"Current health expenditure per capita, PPP (current international $)",2019,149.55163459338,,,2
Guinea-Bissau,GNB,SH.XPD.CHEX.PP.CD,"Current health expenditure per capita, PPP (current international $)",2018,149.85417712923,,,2
Guinea-Bissau,GNB,SH.XPD.CHEX.PP.CD,"Current health expenditure per capita, PPP (current international $)",2017,145.737250738822,,,2
Guinea-Bissau,GNB,SH.XPD.CHEX.PP.CD,"Current health expenditure per capita, PPP (current international $)",2016,151.948614137345,,,2
Guinea-Bissau,GNB,SH.XPD.CHEX.PP.CD,"Current health expenditure per capita, PPP (current international $)",2015,140.683848350167,,,2
Guyana,GUY,SH.XPD.CHEX.PP.CD,"Current health expenditure per capita, PPP (current international $)",2019,649.24653075756,,,2
Guyana,GUY,SH.XPD.CHEX.PP.CD,"Current health expenditure per capita, PPP (current international $)",2018,610.296102770992,,,2
Guyana,GUY,SH.XPD.CHEX.PP.CD,"Current health expenditure per capita, PPP (current international $)",2017,528.798863110039,,,2
Guyana,GUY,SH.XPD.CHEX.PP.CD,"Current health expenditure per capita, PPP (current international $)",2016,462.776657858581,,,2
Guyana,GUY,SH.XPD.CHEX.PP.CD,"Current health expenditure per capita, PPP (current international $)",2015,458.922703832091,,,2
Haiti,HTI,SH.XPD.CHEX.PP.CD,"Current health expenditure per capita, PPP (current international $)",2019,124.659399050747,,,2
Haiti,HTI,SH.XPD.CHEX.PP.CD,"Current health expenditure per capita, PPP (current international $)",2018,138.427887482294,,,2
Haiti,HTI,SH.XPD.CHEX.PP.CD,"Current health expenditure per capita, PPP (current international $)",2017,127.074180013647,,,2
Haiti,HTI,SH.XPD.CHEX.PP.CD,"Current health expenditure per capita, PPP (current international $)",2016,155.507005800786,,,2
Haiti,HTI,SH.XPD.CHEX.PP.CD,"Current health expenditure per capita, PPP (current international $)",2015,153.396223389899,,,2
Honduras,HND,SH.XPD.CHEX.PP.CD,"Current health expenditure per capita, PPP (current international $)",2019,424.797092392537,,,2
Honduras,HND,SH.XPD.CHEX.PP.CD,"Current health expenditure per capita, PPP (current international $)",2018,407.192635956151,,,2
Honduras,HND,SH.XPD.CHEX.PP.CD,"Current health expenditure per capita, PPP (current international $)",2017,393.821808545124,,,2
Honduras,HND,SH.XPD.CHEX.PP.CD,"Current health expenditure per capita, PPP (current international $)",2016,399.824176491681,,,2
Honduras,HND,SH.XPD.CHEX.PP.CD,"Current health expenditure per capita, PPP (current international $)",2015,362.634075316857,,,2
"Hong Kong SAR, China",HKG,SH.XPD.CHEX.PP.CD,"Current health expenditure per capita, PPP (current international $)",2019,,,,2
"Hong Kong SAR, China",HKG,SH.XPD.CHEX.PP.CD,"Current health expenditure per capita, PPP (current international $)",2018,,,,2
"Hong Kong SAR, China",HKG,SH.XPD.CHEX.PP.CD,"Current health expenditure per capita, PPP (current international $)",2017,,,,2
"Hong Kong SAR, China",HKG,SH.XPD.CHEX.PP.CD,"Current health expenditure per capita, PPP (current international $)",2016,,,,2
"Hong Kong SAR, China",HKG,SH.XPD.CHEX.PP.CD,"Current health expenditure per capita, PPP (current international $)",2015,,,,2
Hungary,HUN,SH.XPD.CHEX.PP.CD,"Current health expenditure per capita, PPP (current international $)",2019,2224.3043121549,,,2
Hungary,HUN,SH.XPD.CHEX.PP.CD,"Current health expenditure per capita, PPP (current international $)",2018,2112.94481327715,,,2
Hungary,HUN,SH.XPD.CHEX.PP.CD,"Current health expenditure per capita, PPP (current international $)",2017,1999.00851890888,,,2
Hungary,HUN,SH.XPD.CHEX.PP.CD,"Current health expenditure per capita, PPP (current international $)",2016,1959.38089676645,,,2
Hungary,HUN,SH.XPD.CHEX.PP.CD,"Current health expenditure per capita, PPP (current international $)",2015,1842.37776890944,,,2
Iceland,ISL,SH.XPD.CHEX.PP.CD,"Current health expenditure per capita, PPP (current international $)",2019,5227.25675080911,,,2
Iceland,ISL,SH.XPD.CHEX.PP.CD,"Current health expenditure per capita, PPP (current international $)",2018,4824.62936981898,,,2
Iceland,ISL,SH.XPD.CHEX.PP.CD,"Current health expenditure per capita, PPP (current international $)",2017,4629.7469996541,,,2
Iceland,ISL,SH.XPD.CHEX.PP.CD,"Current health expenditure per capita, PPP (current international $)",2016,4359.94793060117,,,2
Iceland,ISL,SH.XPD.CHEX.PP.CD,"Current health expenditure per capita, PPP (current international $)",2015,4000.06947783979,,,2
India,IND,SH.XPD.CHEX.PP.CD,"Current health expenditure per capita, PPP (current international $)",2019,211.166615797198,,,2
India,IND,SH.XPD.CHEX.PP.CD,"Current health expenditure per capita, PPP (current international $)",2018,191.946915727321,,,2
India,IND,SH.XPD.CHEX.PP.CD,"Current health expenditure per capita, PPP (current international $)",2017,180.407423467841,,,2
India,IND,SH.XPD.CHEX.PP.CD,"Current health expenditure per capita, PPP (current international $)",2016,203.266515244254,,,2
India,IND,SH.XPD.CHEX.PP.CD,"Current health expenditure per capita, PPP (current international $)",2015,195.065786039975,,,2
Indonesia,IDN,SH.XPD.CHEX.PP.CD,"Current health expenditure per capita, PPP (current international $)",2019,345.046001576198,,,2
Indonesia,IDN,SH.XPD.CHEX.PP.CD,"Current health expenditure per capita, PPP (current international $)",2018,326.103776326436,,,2
Indonesia,IDN,SH.XPD.CHEX.PP.CD,"Current health expenditure per capita, PPP (current international $)",2017,310.387468170017,,,2
Indonesia,IDN,SH.XPD.CHEX.PP.CD,"Current health expenditure per capita, PPP (current international $)",2016,310.081437615651,,,2
Indonesia,IDN,SH.XPD.CHEX.PP.CD,"Current health expenditure per capita, PPP (current international $)",2015,293.233792506128,,,2
"Iran, Islamic Rep.",IRN,SH.XPD.CHEX.PP.CD,"Current health expenditure per capita, PPP (current international $)",2019,832.175810194026,,,2
"Iran, Islamic Rep.",IRN,SH.XPD.CHEX.PP.CD,"Current health expenditure per capita, PPP (current international $)",2018,984.711822271363,,,2
"Iran, Islamic Rep.",IRN,SH.XPD.CHEX.PP.CD,"Current health expenditure per capita, PPP (current international $)",2017,1163.12432794892,,,2
"Iran, Islamic Rep.",IRN,SH.XPD.CHEX.PP.CD,"Current health expenditure per capita, PPP (current international $)",2016,1137.13457356271,,,2
"Iran, Islamic Rep.",IRN,SH.XPD.CHEX.PP.CD,"Current health expenditure per capita, PPP (current international $)",2015,1147.52076688832,,,2
Iraq,IRQ,SH.XPD.CHEX.PP.CD,"Current health expenditure per capita, PPP (current international $)",2019,522.044020300671,,,2
Iraq,IRQ,SH.XPD.CHEX.PP.CD,"Current health expenditure per capita, PPP (current international $)",2018,496.296129003672,,,2
Iraq,IRQ,SH.XPD.CHEX.PP.CD,"Current health expenditure per capita, PPP (current international $)",2017,422.367697072078,,,2
Iraq,IRQ,SH.XPD.CHEX.PP.CD,"Current health expenditure per capita, PPP (current international $)",2016,419.046763966849,,,2
Iraq,IRQ,SH.XPD.CHEX.PP.CD,"Current health expenditure per capita, PPP (current international $)",2015,313.40838756544,,,2
Ireland,IRL,SH.XPD.CHEX.PP.CD,"Current health expenditure per capita, PPP (current international $)",2019,6135.1734958403,,,2
Ireland,IRL,SH.XPD.CHEX.PP.CD,"Current health expenditure per capita, PPP (current international $)",2018,5873.42099364369,,,2
Ireland,IRL,SH.XPD.CHEX.PP.CD,"Current health expenditure per capita, PPP (current international $)",2017,5597.70178501849,,,2
Ireland,IRL,SH.XPD.CHEX.PP.CD,"Current health expenditure per capita, PPP (current international $)",2016,5399.14658879521,,,2
Ireland,IRL,SH.XPD.CHEX.PP.CD,"Current health expenditure per capita, PPP (current international $)",2015,5094.93823964345,,,2
Isle of Man,IMN,SH.XPD.CHEX.PP.CD,"Current health expenditure per capita, PPP (current international $)",2019,,,,2
Isle of Man,IMN,SH.XPD.CHEX.PP.CD,"Current health expenditure per capita, PPP (current international $)",2018,,,,2
Isle of Man,IMN,SH.XPD.CHEX.PP.CD,"Current health expenditure per capita, PPP (current international $)",2017,,,,2
Isle of Man,IMN,SH.XPD.CHEX.PP.CD,"Current health expenditure per capita, PPP (current international $)",2016,,,,2
Isle of Man,IMN,SH.XPD.CHEX.PP.CD,"Current health expenditure per capita, PPP (current international $)",2015,,,,2
Israel,ISR,SH.XPD.CHEX.PP.CD,"Current health expenditure per capita, PPP (current international $)",2019,3114.74855373886,,,2
Israel,ISR,SH.XPD.CHEX.PP.CD,"Current health expenditure per capita, PPP (current international $)",2018,3035.32613663784,,,2
Israel,ISR,SH.XPD.CHEX.PP.CD,"Current health expenditure per capita, PPP (current international $)",2017,2949.81977416572,,,2
Israel,ISR,SH.XPD.CHEX.PP.CD,"Current health expenditure per capita, PPP (current international $)",2016,2822.07615001507,,,2
Israel,ISR,SH.XPD.CHEX.PP.CD,"Current health expenditure per capita, PPP (current international $)",2015,2620.64548850889,,,2
Italy,ITA,SH.XPD.CHEX.PP.CD,"Current health expenditure per capita, PPP (current international $)",2019,4014.20880137632,,,2
Italy,ITA,SH.XPD.CHEX.PP.CD,"Current health expenditure per capita, PPP (current international $)",2018,3768.18979798478,,,2
Italy,ITA,SH.XPD.CHEX.PP.CD,"Current health expenditure per capita, PPP (current international $)",2017,3658.49323847264,,,2
Italy,ITA,SH.XPD.CHEX.PP.CD,"Current health expenditure per capita, PPP (current international $)",2016,3527.4122693418,,,2
Italy,ITA,SH.XPD.CHEX.PP.CD,"Current health expenditure per capita, PPP (current international $)",2015,3304.28620719502,,,2
Jamaica,JAM,SH.XPD.CHEX.PP.CD,"Current health expenditure per capita, PPP (current international $)",2019,702.766909108247,,,2
Jamaica,JAM,SH.XPD.CHEX.PP.CD,"Current health expenditure per capita, PPP (current international $)",2018,686.297073863773,,,2
Jamaica,JAM,SH.XPD.CHEX.PP.CD,"Current health expenditure per capita, PPP (current international $)",2017,685.918954338955,,,2
Jamaica,JAM,SH.XPD.CHEX.PP.CD,"Current health expenditure per capita, PPP (current international $)",2016,619.42826391912,,,2
Jamaica,JAM,SH.XPD.CHEX.PP.CD,"Current health expenditure per capita, PPP (current international $)",2015,594.375336798722,,,2
Japan,JPN,SH.XPD.CHEX.PP.CD,"Current health expenditure per capita, PPP (current international $)",2019,4679.33218824469,,,2
Japan,JPN,SH.XPD.CHEX.PP.CD,"Current health expenditure per capita, PPP (current international $)",2018,4522.3413919771,,,2
Japan,JPN,SH.XPD.CHEX.PP.CD,"Current health expenditure per capita, PPP (current international $)",2017,4413.18629236203,,,2
Japan,JPN,SH.XPD.CHEX.PP.CD,"Current health expenditure per capita, PPP (current international $)",2016,4324.3399171434,,,2
Japan,JPN,SH.XPD.CHEX.PP.CD,"Current health expenditure per capita, PPP (current international $)",2015,4392.67629747452,,,2
Jordan,JOR,SH.XPD.CHEX.PP.CD,"Current health expenditure per capita, PPP (current international $)",2019,666.863263209681,,,2
Jordan,JOR,SH.XPD.CHEX.PP.CD,"Current health expenditure per capita, PPP (current international $)",2018,631.419730156408,,,2
Jordan,JOR,SH.XPD.CHEX.PP.CD,"Current health expenditure per capita, PPP (current international $)",2017,658.735447420871,,,2
Jordan,JOR,SH.XPD.CHEX.PP.CD,"Current health expenditure per capita, PPP (current international $)",2016,610.296853083096,,,2
Jordan,JOR,SH.XPD.CHEX.PP.CD,"Current health expenditure per capita, PPP (current international $)",2015,669.035209462499,,,2
Kazakhstan,KAZ,SH.XPD.CHEX.PP.CD,"Current health expenditure per capita, PPP (current international $)",2019,799.701068382388,,,2
Kazakhstan,KAZ,SH.XPD.CHEX.PP.CD,"Current health expenditure per capita, PPP (current international $)",2018,707.173944574643,,,2
Kazakhstan,KAZ,SH.XPD.CHEX.PP.CD,"Current health expenditure per capita, PPP (current international $)",2017,731.764378703708,,,2
Kazakhstan,KAZ,SH.XPD.CHEX.PP.CD,"Current health expenditure per capita, PPP (current international $)",2016,787.931981928079,,,2
Kazakhstan,KAZ,SH.XPD.CHEX.PP.CD,"Current health expenditure per capita, PPP (current international $)",2015,683.639620397393,,,2
Kenya,KEN,SH.XPD.CHEX.PP.CD,"Current health expenditure per capita, PPP (current international $)",2019,204.779711565058,,,2
Kenya,KEN,SH.XPD.CHEX.PP.CD,"Current health expenditure per capita, PPP (current international $)",2018,180.83137769951,,,2
Kenya,KEN,SH.XPD.CHEX.PP.CD,"Current health expenditure per capita, PPP (current international $)",2017,166.504149084223,,,2
Kenya,KEN,SH.XPD.CHEX.PP.CD,"Current health expenditure per capita, PPP (current international $)",2016,186.209091093767,,,2
Kenya,KEN,SH.XPD.CHEX.PP.CD,"Current health expenditure per capita, PPP (current international $)",2015,175.250024188806,,,2
Kiribati,KIR,SH.XPD.CHEX.PP.CD,"Current health expenditure per capita, PPP (current international $)",2019,280.75992505431,,,2
Kiribati,KIR,SH.XPD.CHEX.PP.CD,"Current health expenditure per capita, PPP (current international $)",2018,291.571095261231,,,2
Kiribati,KIR,SH.XPD.CHEX.PP.CD,"Current health expenditure per capita, PPP (current international $)",2017,248.289192169522,,,2
Kiribati,KIR,SH.XPD.CHEX.PP.CD,"Current health expenditure per capita, PPP (current international $)",2016,222.911031779486,,,2
Kiribati,KIR,SH.XPD.CHEX.PP.CD,"Current health expenditure per capita, PPP (current international $)",2015,166.737065407313,,,2
"Korea, Dem. People's Rep.",PRK,SH.XPD.CHEX.PP.CD,"Current health expenditure per capita, PPP (current international $)",2019,,,,2
"Korea, Dem. People's Rep.",PRK,SH.XPD.CHEX.PP.CD,"Current health expenditure per capita, PPP (current international $)",2018,,,,2
"Korea, Dem. People's Rep.",PRK,SH.XPD.CHEX.PP.CD,"Current health expenditure per capita, PPP (current international $)",2017,,,,2
"Korea, Dem. People's Rep.",PRK,SH.XPD.CHEX.PP.CD,"Current health expenditure per capita, PPP (current international $)",2016,,,,2
"Korea, Dem. People's Rep.",PRK,SH.XPD.CHEX.PP.CD,"Current health expenditure per capita, PPP (current international $)",2015,,,,2
"Korea, Rep.",KOR,SH.XPD.CHEX.PP.CD,"Current health expenditure per capita, PPP (current international $)",2019,3578.35067272385,,,2
"Korea, Rep.",KOR,SH.XPD.CHEX.PP.CD,"Current health expenditure per capita, PPP (current international $)",2018,3246.98677712342,,,2
"Korea, Rep.",KOR,SH.XPD.CHEX.PP.CD,"Current health expenditure per capita, PPP (current international $)",2017,2926.77117938189,,,2
"Korea, Rep.",KOR,SH.XPD.CHEX.PP.CD,"Current health expenditure per capita, PPP (current international $)",2016,2760.95388600378,,,2
"Korea, Rep.",KOR,SH.XPD.CHEX.PP.CD,"Current health expenditure per capita, PPP (current international $)",2015,2573.42287690324,,,2
Kosovo,XKX,SH.XPD.CHEX.PP.CD,"Current health expenditure per capita, PPP (current international $)",2019,,,,2
Kosovo,XKX,SH.XPD.CHEX.PP.CD,"Current health expenditure per capita, PPP (current international $)",2018,,,,2
Kosovo,XKX,SH.XPD.CHEX.PP.CD,"Current health expenditure per capita, PPP (current international $)",2017,,,,2
Kosovo,XKX,SH.XPD.CHEX.PP.CD,"Current health expenditure per capita, PPP (current international $)",2016,,,,2
Kosovo,XKX,SH.XPD.CHEX.PP.CD,"Current health expenditure per capita, PPP (current international $)",2015,,,,2
Kuwait,KWT,SH.XPD.CHEX.PP.CD,"Current health expenditure per capita, PPP (current international $)",2019,2627.53137582571,,,2
Kuwait,KWT,SH.XPD.CHEX.PP.CD,"Current health expenditure per capita, PPP (current international $)",2018,2656.97664527563,,,2
Kuwait,KWT,SH.XPD.CHEX.PP.CD,"Current health expenditure per capita, PPP (current international $)",2017,2166.91221936293,,,2
Kuwait,KWT,SH.XPD.CHEX.PP.CD,"Current health expenditure per capita, PPP (current international $)",2016,1980.55759654093,,,2
Kuwait,KWT,SH.XPD.CHEX.PP.CD,"Current health expenditure per capita, PPP (current international $)",2015,1908.05147125182,,,2
Kyrgyz Republic,KGZ,SH.XPD.CHEX.PP.CD,"Current health expenditure per capita, PPP (current international $)",2019,229.016769144427,,,2
Kyrgyz Republic,KGZ,SH.XPD.CHEX.PP.CD,"Current health expenditure per capita, PPP (current international $)",2018,243.253259652794,,,2
Kyrgyz Republic,KGZ,SH.XPD.CHEX.PP.CD,"Current health expenditure per capita, PPP (current international $)",2017,310.694002593124,,,2
Kyrgyz Republic,KGZ,SH.XPD.CHEX.PP.CD,"Current health expenditure per capita, PPP (current international $)",2016,298.447210734546,,,2
Kyrgyz Republic,KGZ,SH.XPD.CHEX.PP.CD,"Current health expenditure per capita, PPP (current international $)",2015,298.825105142561,,,2
Lao PDR,LAO,SH.XPD.CHEX.PP.CD,"Current health expenditure per capita, PPP (current international $)",2019,202.090167288715,,,2
Lao PDR,LAO,SH.XPD.CHEX.PP.CD,"Current health expenditure per capita, PPP (current international $)",2018,168.177686819679,,,2
Lao PDR,LAO,SH.XPD.CHEX.PP.CD,"Current health expenditure per capita, PPP (current international $)",2017,180.343744916157,,,2
Lao PDR,LAO,SH.XPD.CHEX.PP.CD,"Current health expenditure per capita, PPP (current international $)",2016,159.194164190829,,,2
Lao PDR,LAO,SH.XPD.CHEX.PP.CD,"Current health expenditure per capita, PPP (current international $)",2015,149.331132502307,,,2
Latvia,LVA,SH.XPD.CHEX.PP.CD,"Current health expenditure per capita, PPP (current international $)",2019,2202.67592921734,,,2
Latvia,LVA,SH.XPD.CHEX.PP.CD,"Current health expenditure per capita, PPP (current international $)",2018,1903.76637656496,,,2
Latvia,LVA,SH.XPD.CHEX.PP.CD,"Current health expenditure per capita, PPP (current international $)",2017,1703.60435677457,,,2
Latvia,LVA,SH.XPD.CHEX.PP.CD,"Current health expenditure per capita, PPP (current international $)",2016,1631.07362884453,,,2
Latvia,LVA,SH.XPD.CHEX.PP.CD,"Current health expenditure per capita, PPP (current international $)",2015,1405.77567653213,,,2
Lebanon,LBN,SH.XPD.CHEX.PP.CD,"Current health expenditure per capita, PPP (current international $)",2019,1887.44589664451,,,2
Lebanon,LBN,SH.XPD.CHEX.PP.CD,"Current health expenditure per capita, PPP (current international $)",2018,1774.23340985972,,,2
Lebanon,LBN,SH.XPD.CHEX.PP.CD,"Current health expenditure per capita, PPP (current international $)",2017,1636.00512329959,,,2
Lebanon,LBN,SH.XPD.CHEX.PP.CD,"Current health expenditure per capita, PPP (current international $)",2016,1500.83443130369,,,2
Lebanon,LBN,SH.XPD.CHEX.PP.CD,"Current health expenditure per capita, PPP (current international $)",2015,1264.11017471595,,,2
Lesotho,LSO,SH.XPD.CHEX.PP.CD,"Current health expenditure per capita, PPP (current international $)",2019,560.029550106124,,,2
Lesotho,LSO,SH.XPD.CHEX.PP.CD,"Current health expenditure per capita, PPP (current international $)",2018,294.417590053725,,,2
Lesotho,LSO,SH.XPD.CHEX.PP.CD,"Current health expenditure per capita, PPP (current international $)",2017,282.689367218042,,,2
Lesotho,LSO,SH.XPD.CHEX.PP.CD,"Current health expenditure per capita, PPP (current international $)",2016,269.801639658203,,,2
Lesotho,LSO,SH.XPD.CHEX.PP.CD,"Current health expenditure per capita, PPP (current international $)",2015,283.111392694117,,,2
Liberia,LBR,SH.XPD.CHEX.PP.CD,"Current health expenditure per capita, PPP (current international $)",2019,147.957332868758,,,2
Liberia,LBR,SH.XPD.CHEX.PP.CD,"Current health expenditure per capita, PPP (current international $)",2018,179.382782608198,,,2
Liberia,LBR,SH.XPD.CHEX.PP.CD,"Current health expenditure per capita, PPP (current international $)",2017,161.616668084279,,,2
Liberia,LBR,SH.XPD.CHEX.PP.CD,"Current health expenditure per capita, PPP (current international $)",2016,157.762615323847,,,2
Liberia,LBR,SH.XPD.CHEX.PP.CD,"Current health expenditure per capita, PPP (current international $)",2015,170.118354189997,,,2
Libya,LBY,SH.XPD.CHEX.PP.CD,"Current health expenditure per capita, PPP (current international $)",2019,898.406175017023,,,2
Libya,LBY,SH.XPD.CHEX.PP.CD,"Current health expenditure per capita, PPP (current international $)",2018,918.759866574137,,,2
Libya,LBY,SH.XPD.CHEX.PP.CD,"Current health expenditure per capita, PPP (current international $)",2017,843.046920643763,,,2
Libya,LBY,SH.XPD.CHEX.PP.CD,"Current health expenditure per capita, PPP (current international $)",2016,1046.79491512027,,,2
Libya,LBY,SH.XPD.CHEX.PP.CD,"Current health expenditure per capita, PPP (current international $)",2015,1039.53068417024,,,2
Liechtenstein,LIE,SH.XPD.CHEX.PP.CD,"Current health expenditure per capita, PPP (current international $)",2019,8282.4199834937,,,2
Liechtenstein,LIE,SH.XPD.CHEX.PP.CD,"Current health expenditure per capita, PPP (current international $)",2018,7847.58521368834,,,2
Liechtenstein,LIE,SH.XPD.CHEX.PP.CD,"Current health expenditure per capita, PPP (current international $)",2017,7839.98843992816,,,2
Liechtenstein,LIE,SH.XPD.CHEX.PP.CD,"Current health expenditure per capita, PPP (current international $)",2016,7761.38782042429,,,2
Liechtenstein,LIE,SH.XPD.CHEX.PP.CD,"Current health expenditure per capita, PPP (current international $)",2015,7480.94324978967,,,2
Lithuania,LTU,SH.XPD.CHEX.PP.CD,"Current health expenditure per capita, PPP (current international $)",2019,2815.93414305712,,,2
Lithuania,LTU,SH.XPD.CHEX.PP.CD,"Current health expenditure per capita, PPP (current international $)",2018,2354.8026423149,,,2
Lithuania,LTU,SH.XPD.CHEX.PP.CD,"Current health expenditure per capita, PPP (current international $)",2017,2152.43769622925,,,2
Lithuania,LTU,SH.XPD.CHEX.PP.CD,"Current health expenditure per capita, PPP (current international $)",2016,2033.26878203374,,,2
Lithuania,LTU,SH.XPD.CHEX.PP.CD,"Current health expenditure per capita, PPP (current international $)",2015,1858.08305816395,,,2
Luxembourg,LUX,SH.XPD.CHEX.PP.CD,"Current health expenditure per capita, PPP (current international $)",2019,6700.66965094926,,,2
Luxembourg,LUX,SH.XPD.CHEX.PP.CD,"Current health expenditure per capita, PPP (current international $)",2018,6211.73061211437,,,2
Luxembourg,LUX,SH.XPD.CHEX.PP.CD,"Current health expenditure per capita, PPP (current international $)",2017,5961.60261392162,,,2
Luxembourg,LUX,SH.XPD.CHEX.PP.CD,"Current health expenditure per capita, PPP (current international $)",2016,5806.30467269822,,,2
Luxembourg,LUX,SH.XPD.CHEX.PP.CD,"Current health expenditure per capita, PPP (current international $)",2015,5546.68241910198,,,2
"Macao SAR, China",MAC,SH.XPD.CHEX.PP.CD,"Current health expenditure per capita, PPP (current international $)",2019,,,,2
"Macao SAR, China",MAC,SH.XPD.CHEX.PP.CD,"Current health expenditure per capita, PPP (current international $)",2018,,,,2
"Macao SAR, China",MAC,SH.XPD.CHEX.PP.CD,"Current health expenditure per capita, PPP (current international $)",2017,,,,2
"Macao SAR, China",MAC,SH.XPD.CHEX.PP.CD,"Current health expenditure per capita, PPP (current international $)",2016,,,,2
"Macao SAR, China",MAC,SH.XPD.CHEX.PP.CD,"Current health expenditure per capita, PPP (current international $)",2015,,,,2
Madagascar,MDG,SH.XPD.CHEX.PP.CD,"Current health expenditure per capita, PPP (current international $)",2019,50.0020813837951,,,2
Madagascar,MDG,SH.XPD.CHEX.PP.CD,"Current health expenditure per capita, PPP (current international $)",2018,65.2911445126751,,,2
Madagascar,MDG,SH.XPD.CHEX.PP.CD,"Current health expenditure per capita, PPP (current international $)",2017,74.2851924638939,,,2
Madagascar,MDG,SH.XPD.CHEX.PP.CD,"Current health expenditure per capita, PPP (current international $)",2016,83.2678618325415,,,2
Madagascar,MDG,SH.XPD.CHEX.PP.CD,"Current health expenditure per capita, PPP (current international $)",2015,74.9242056417763,,,2
Malawi,MWI,SH.XPD.CHEX.PP.CD,"Current health expenditure per capita, PPP (current international $)",2019,92.1473593931542,,,2
Malawi,MWI,SH.XPD.CHEX.PP.CD,"Current health expenditure per capita, PPP (current international $)",2018,93.8768674078598,,,2
Malawi,MWI,SH.XPD.CHEX.PP.CD,"Current health expenditure per capita, PPP (current international $)",2017,104.682218083719,,,2
Malawi,MWI,SH.XPD.CHEX.PP.CD,"Current health expenditure per capita, PPP (current international $)",2016,106.506745521317,,,2
Malawi,MWI,SH.XPD.CHEX.PP.CD,"Current health expenditure per capita, PPP (current international $)",2015,90.9372436984603,,,2
Malaysia,MYS,SH.XPD.CHEX.PP.CD,"Current health expenditure per capita, PPP (current international $)",2019,1111.03714581917,,,2
Malaysia,MYS,SH.XPD.CHEX.PP.CD,"Current health expenditure per capita, PPP (current international $)",2018,1044.88356956259,,,2
Malaysia,MYS,SH.XPD.CHEX.PP.CD,"Current health expenditure per capita, PPP (current international $)",2017,981.266335713221,,,2
Malaysia,MYS,SH.XPD.CHEX.PP.CD,"Current health expenditure per capita, PPP (current international $)",2016,935.790627376657,,,2
Malaysia,MYS,SH.XPD.CHEX.PP.CD,"Current health expenditure per capita, PPP (current international $)",2015,937.402287554636,,,2
Maldives,MDV,SH.XPD.CHEX.PP.CD,"Current health expenditure per capita, PPP (current international $)",2019,1731.33965747565,,,2
Maldives,MDV,SH.XPD.CHEX.PP.CD,"Current health expenditure per capita, PPP (current international $)",2018,1597.34706378512,,,2
Maldives,MDV,SH.XPD.CHEX.PP.CD,"Current health expenditure per capita, PPP (current international $)",2017,1808.65483358263,,,2
Maldives,MDV,SH.XPD.CHEX.PP.CD,"Current health expenditure per capita, PPP (current international $)",2016,1920.75895112192,,,2
Maldives,MDV,SH.XPD.CHEX.PP.CD,"Current health expenditure per capita, PPP (current international $)",2015,1552.10542612148,,,2
Mali,MLI,SH.XPD.CHEX.PP.CD,"Current health expenditure per capita, PPP (current international $)",2019,91.125148472922,,,2
Mali,MLI,SH.XPD.CHEX.PP.CD,"Current health expenditure per capita, PPP (current international $)",2018,83.9761350649616,,,2
Mali,MLI,SH.XPD.CHEX.PP.CD,"Current health expenditure per capita, PPP (current international $)",2017,80.3813146139896,,,2
Mali,MLI,SH.XPD.CHEX.PP.CD,"Current health expenditure per capita, PPP (current international $)",2016,80.0365339758319,,,2
Mali,MLI,SH.XPD.CHEX.PP.CD,"Current health expenditure per capita, PPP (current international $)",2015,80.5693365319561,,,2
Malta,MLT,SH.XPD.CHEX.PP.CD,"Current health expenditure per capita, PPP (current international $)",2019,4671.73258558382,,,2
Malta,MLT,SH.XPD.CHEX.PP.CD,"Current health expenditure per capita, PPP (current international $)",2018,3983.17941400563,,,2
Malta,MLT,SH.XPD.CHEX.PP.CD,"Current health expenditure per capita, PPP (current international $)",2017,3868.69149314605,,,2
Malta,MLT,SH.XPD.CHEX.PP.CD,"Current health expenditure per capita, PPP (current international $)",2016,3605.32616100169,,,2
Malta,MLT,SH.XPD.CHEX.PP.CD,"Current health expenditure per capita, PPP (current international $)",2015,3380.96255732967,,,2
Marshall Islands,MHL,SH.XPD.CHEX.PP.CD,"Current health expenditure per capita, PPP (current international $)",2019,785.810437994477,,,2
Marshall Islands,MHL,SH.XPD.CHEX.PP.CD,"Current health expenditure per capita, PPP (current international $)",2018,655.630563644184,,,2
Marshall Islands,MHL,SH.XPD.CHEX.PP.CD,"Current health expenditure per capita, PPP (current international $)",2017,492.487064674398,,,2
Marshall Islands,MHL,SH.XPD.CHEX.PP.CD,"Current health expenditure per capita, PPP (current international $)",2016,553.986321591644,,,2
Marshall Islands,MHL,SH.XPD.CHEX.PP.CD,"Current health expenditure per capita, PPP (current international $)",2015,529.299263500416,,,2
Mauritania,MRT,SH.XPD.CHEX.PP.CD,"Current health expenditure per capita, PPP (current international $)",2019,173.451859651611,,,2
Mauritania,MRT,SH.XPD.CHEX.PP.CD,"Current health expenditure per capita, PPP (current international $)",2018,156.558958908098,,,2
Mauritania,MRT,SH.XPD.CHEX.PP.CD,"Current health expenditure per capita, PPP (current international $)",2017,183.046116710118,,,2
Mauritania,MRT,SH.XPD.CHEX.PP.CD,"Current health expenditure per capita, PPP (current international $)",2016,149.237388481686,,,2
Mauritania,MRT,SH.XPD.CHEX.PP.CD,"Current health expenditure per capita, PPP (current international $)",2015,146.123351879781,,,2
Mauritius,MUS,SH.XPD.CHEX.PP.CD,"Current health expenditure per capita, PPP (current international $)",2019,1346.78438581637,,,2
Mauritius,MUS,SH.XPD.CHEX.PP.CD,"Current health expenditure per capita, PPP (current international $)",2018,1269.21370154106,,,2
Mauritius,MUS,SH.XPD.CHEX.PP.CD,"Current health expenditure per capita, PPP (current international $)",2017,1239.78175534862,,,2
Mauritius,MUS,SH.XPD.CHEX.PP.CD,"Current health expenditure per capita, PPP (current international $)",2016,1175.08263655347,,,2
Mauritius,MUS,SH.XPD.CHEX.PP.CD,"Current health expenditure per capita, PPP (current international $)",2015,1085.44737859004,,,2
Mexico,MEX,SH.XPD.CHEX.PP.CD,"Current health expenditure per capita, PPP (current international $)",2019,1111.3888501635,,,2
Mexico,MEX,SH.XPD.CHEX.PP.CD,"Current health expenditure per capita, PPP (current international $)",2018,1095.91173650131,,,2
Mexico,MEX,SH.XPD.CHEX.PP.CD,"Current health expenditure per capita, PPP (current international $)",2017,1088.31824132971,,,2
Mexico,MEX,SH.XPD.CHEX.PP.CD,"Current health expenditure per capita, PPP (current international $)",2016,1082.62991948582,,,2
Mexico,MEX,SH.XPD.CHEX.PP.CD,"Current health expenditure per capita, PPP (current international $)",2015,1054.36766735618,,,2
"Micronesia, Fed. Sts.",FSM,SH.XPD.CHEX.PP.CD,"Current health expenditure per capita, PPP (current international $)",2019,391.60317524172,,,2
"Micronesia, Fed. Sts.",FSM,SH.XPD.CHEX.PP.CD,"Current health expenditure per capita, PPP (current international $)",2018,375.116012883821,,,2
"Micronesia, Fed. Sts.",FSM,SH.XPD.CHEX.PP.CD,"Current health expenditure per capita, PPP (current international $)",2017,381.283853959096,,,2
"Micronesia, Fed. Sts.",FSM,SH.XPD.CHEX.PP.CD,"Current health expenditure per capita, PPP (current international $)",2016,395.030720834694,,,2
"Micronesia, Fed. Sts.",FSM,SH.XPD.CHEX.PP.CD,"Current health expenditure per capita, PPP (current international $)",2015,367.420135979722,,,2
Moldova,MDA,SH.XPD.CHEX.PP.CD,"Current health expenditure per capita, PPP (current international $)",2019,864.662968865747,,,2
Moldova,MDA,SH.XPD.CHEX.PP.CD,"Current health expenditure per capita, PPP (current international $)",2018,789.42537807563,,,2
Moldova,MDA,SH.XPD.CHEX.PP.CD,"Current health expenditure per capita, PPP (current international $)",2017,794.869290604907,,,2
Moldova,MDA,SH.XPD.CHEX.PP.CD,"Current health expenditure per capita, PPP (current international $)",2016,620.854217678566,,,2
Moldova,MDA,SH.XPD.CHEX.PP.CD,"Current health expenditure per capita, PPP (current international $)",2015,623.654913006427,,,2
Monaco,MCO,SH.XPD.CHEX.PP.CD,"Current health expenditure per capita, PPP (current international $)",2019,8562.61897042128,,,2
Monaco,MCO,SH.XPD.CHEX.PP.CD,"Current health expenditure per capita, PPP (current international $)",2018,8194.21868600292,,,2
Monaco,MCO,SH.XPD.CHEX.PP.CD,"Current health expenditure per capita, PPP (current international $)",2017,7889.57243326509,,,2
Monaco,MCO,SH.XPD.CHEX.PP.CD,"Current health expenditure per capita, PPP (current international $)",2016,8024.10189627759,,,2
Monaco,MCO,SH.XPD.CHEX.PP.CD,"Current health expenditure per capita, PPP (current international $)",2015,8144.8179301665,,,2
Mongolia,MNG,SH.XPD.CHEX.PP.CD,"Current health expenditure per capita, PPP (current international $)",2019,618.269176527698,,,2
Mongolia,MNG,SH.XPD.CHEX.PP.CD,"Current health expenditure per capita, PPP (current international $)",2018,565.673398471365,,,2
Mongolia,MNG,SH.XPD.CHEX.PP.CD,"Current health expenditure per capita, PPP (current international $)",2017,488.427796308164,,,2
Mongolia,MNG,SH.XPD.CHEX.PP.CD,"Current health expenditure per capita, PPP (current international $)",2016,489.036877585581,,,2
Mongolia,MNG,SH.XPD.CHEX.PP.CD,"Current health expenditure per capita, PPP (current international $)",2015,450.032129379922,,,2
Montenegro,MNE,SH.XPD.CHEX.PP.CD,"Current health expenditure per capita, PPP (current international $)",2019,2045.05965601786,,,2
Montenegro,MNE,SH.XPD.CHEX.PP.CD,"Current health expenditure per capita, PPP (current international $)",2018,1813.66918331414,,,2
Montenegro,MNE,SH.XPD.CHEX.PP.CD,"Current health expenditure per capita, PPP (current international $)",2017,1576.84444425745,,,2
Montenegro,MNE,SH.XPD.CHEX.PP.CD,"Current health expenditure per capita, PPP (current international $)",2016,1566.17858849711,,,2
Montenegro,MNE,SH.XPD.CHEX.PP.CD,"Current health expenditure per capita, PPP (current international $)",2015,1460.07615605329,,,2
Morocco,MAR,SH.XPD.CHEX.PP.CD,"Current health expenditure per capita, PPP (current international $)",2019,409.959564651381,,,2
Morocco,MAR,SH.XPD.CHEX.PP.CD,"Current health expenditure per capita, PPP (current international $)",2018,391.436808427118,,,2
Morocco,MAR,SH.XPD.CHEX.PP.CD,"Current health expenditure per capita, PPP (current international $)",2017,410.737776959502,,,2
Morocco,MAR,SH.XPD.CHEX.PP.CD,"Current health expenditure per capita, PPP (current international $)",2016,405.591247839095,,,2
Morocco,MAR,SH.XPD.CHEX.PP.CD,"Current health expenditure per capita, PPP (current international $)",2015,403.686473721367,,,2
Mozambique,MOZ,SH.XPD.CHEX.PP.CD,"Current health expenditure per capita, PPP (current international $)",2019,109.743746034701,,,2
Mozambique,MOZ,SH.XPD.CHEX.PP.CD,"Current health expenditure per capita, PPP (current international $)",2018,105.768990611897,,,2
Mozambique,MOZ,SH.XPD.CHEX.PP.CD,"Current health expenditure per capita, PPP (current international $)",2017,100.122707355274,,,2
Mozambique,MOZ,SH.XPD.CHEX.PP.CD,"Current health expenditure per capita, PPP (current international $)",2016,99.5028745650914,,,2
Mozambique,MOZ,SH.XPD.CHEX.PP.CD,"Current health expenditure per capita, PPP (current international $)",2015,87.1087646025602,,,2
Myanmar,MMR,SH.XPD.CHEX.PP.CD,"Current health expenditure per capita, PPP (current international $)",2019,232.581456277481,,,2
Myanmar,MMR,SH.XPD.CHEX.PP.CD,"Current health expenditure per capita, PPP (current international $)",2018,253.139121964291,,,2
Myanmar,MMR,SH.XPD.CHEX.PP.CD,"Current health expenditure per capita, PPP (current international $)",2017,220.83173177914,,,2
Myanmar,MMR,SH.XPD.CHEX.PP.CD,"Current health expenditure per capita, PPP (current international $)",2016,212.372626598124,,,2
Myanmar,MMR,SH.XPD.CHEX.PP.CD,"Current health expenditure per capita, PPP (current international $)",2015,231.926060209617,,,2
Namibia,NAM,SH.XPD.CHEX.PP.CD,"Current health expenditure per capita, PPP (current international $)",2019,851.214593142513,,,2
Namibia,NAM,SH.XPD.CHEX.PP.CD,"Current health expenditure per capita, PPP (current international $)",2018,849.538036294453,,,2
Namibia,NAM,SH.XPD.CHEX.PP.CD,"Current health expenditure per capita, PPP (current international $)",2017,861.58405416557,,,2
Namibia,NAM,SH.XPD.CHEX.PP.CD,"Current health expenditure per capita, PPP (current international $)",2016,950.890601470854,,,2
Namibia,NAM,SH.XPD.CHEX.PP.CD,"Current health expenditure per capita, PPP (current international $)",2015,1044.60998277259,,,2
Nauru,NRU,SH.XPD.CHEX.PP.CD,"Current health expenditure per capita, PPP (current international $)",2019,1232.93938976916,,,2
Nauru,NRU,SH.XPD.CHEX.PP.CD,"Current health expenditure per capita, PPP (current international $)",2018,1080.66001015268,,,2
Nauru,NRU,SH.XPD.CHEX.PP.CD,"Current health expenditure per capita, PPP (current international $)",2017,1127.53312182201,,,2
Nauru,NRU,SH.XPD.CHEX.PP.CD,"Current health expenditure per capita, PPP (current international $)",2016,1139.03417542211,,,2
Nauru,NRU,SH.XPD.CHEX.PP.CD,"Current health expenditure per capita, PPP (current international $)",2015,1402.09846117139,,,2
Nepal,NPL,SH.XPD.CHEX.PP.CD,"Current health expenditure per capita, PPP (current international $)",2019,189.397470625068,,,2
Nepal,NPL,SH.XPD.CHEX.PP.CD,"Current health expenditure per capita, PPP (current international $)",2018,179.151252330732,,,2
Nepal,NPL,SH.XPD.CHEX.PP.CD,"Current health expenditure per capita, PPP (current international $)",2017,170.204968572494,,,2
Nepal,NPL,SH.XPD.CHEX.PP.CD,"Current health expenditure per capita, PPP (current international $)",2016,161.418749208597,,,2
Nepal,NPL,SH.XPD.CHEX.PP.CD,"Current health expenditure per capita, PPP (current international $)",2015,161.650878659451,,,2
Netherlands,NLD,SH.XPD.CHEX.PP.CD,"Current health expenditure per capita, PPP (current international $)",2019,6217.20444233328,,,2
Netherlands,NLD,SH.XPD.CHEX.PP.CD,"Current health expenditure per capita, PPP (current international $)",2018,5811.23524725746,,,2
Netherlands,NLD,SH.XPD.CHEX.PP.CD,"Current health expenditure per capita, PPP (current international $)",2017,5584.75454072083,,,2
Netherlands,NLD,SH.XPD.CHEX.PP.CD,"Current health expenditure per capita, PPP (current international $)",2016,5274.39381296365,,,2
Netherlands,NLD,SH.XPD.CHEX.PP.CD,"Current health expenditure per capita, PPP (current international $)",2015,5205.19864503666,,,2
New Caledonia,NCL,SH.XPD.CHEX.PP.CD,"Current health expenditure per capita, PPP (current international $)",2019,,,,2
New Caledonia,NCL,SH.XPD.CHEX.PP.CD,"Current health expenditure per capita, PPP (current international $)",2018,,,,2
New Caledonia,NCL,SH.XPD.CHEX.PP.CD,"Current health expenditure per capita, PPP (current international $)",2017,,,,2
New Caledonia,NCL,SH.XPD.CHEX.PP.CD,"Current health expenditure per capita, PPP (current international $)",2016,,,,2
New Caledonia,NCL,SH.XPD.CHEX.PP.CD,"Current health expenditure per capita, PPP (current international $)",2015,,,,2
New Zealand,NZL,SH.XPD.CHEX.PP.CD,"Current health expenditure per capita, PPP (current international $)",2019,3887.60313149013,,,2
New Zealand,NZL,SH.XPD.CHEX.PP.CD,"Current health expenditure per capita, PPP (current international $)",2018,3644.26369262413,,,2
New Zealand,NZL,SH.XPD.CHEX.PP.CD,"Current health expenditure per capita, PPP (current international $)",2017,3641.16995624678,,,2
New Zealand,NZL,SH.XPD.CHEX.PP.CD,"Current health expenditure per capita, PPP (current international $)",2016,3505.99363874375,,,2
New Zealand,NZL,SH.XPD.CHEX.PP.CD,"Current health expenditure per capita, PPP (current international $)",2015,3337.03693948086,,,2
Nicaragua,NIC,SH.XPD.CHEX.PP.CD,"Current health expenditure per capita, PPP (current international $)",2019,508.41669907259,,,2
Nicaragua,NIC,SH.XPD.CHEX.PP.CD,"Current health expenditure per capita, PPP (current international $)",2018,504.45122712888,,,2
Nicaragua,NIC,SH.XPD.CHEX.PP.CD,"Current health expenditure per capita, PPP (current international $)",2017,518.418452994573,,,2
Nicaragua,NIC,SH.XPD.CHEX.PP.CD,"Current health expenditure per capita, PPP (current international $)",2016,473.458808670543,,,2
Nicaragua,NIC,SH.XPD.CHEX.PP.CD,"Current health expenditure per capita, PPP (current international $)",2015,433.896697362062,,,2
Niger,NER,SH.XPD.CHEX.PP.CD,"Current health expenditure per capita, PPP (current international $)",2019,80.5839260541877,,,2
Niger,NER,SH.XPD.CHEX.PP.CD,"Current health expenditure per capita, PPP (current international $)",2018,67.5165256872818,,,2
Niger,NER,SH.XPD.CHEX.PP.CD,"Current health expenditure per capita, PPP (current international $)",2017,67.3673334143531,,,2
Niger,NER,SH.XPD.CHEX.PP.CD,"Current health expenditure per capita, PPP (current international $)",2016,53.6339011496023,,,2
Niger,NER,SH.XPD.CHEX.PP.CD,"Current health expenditure per capita, PPP (current international $)",2015,62.6787226799257,,,2
Nigeria,NGA,SH.XPD.CHEX.PP.CD,"Current health expenditure per capita, PPP (current international $)",2019,160.09311654049,,,2
Nigeria,NGA,SH.XPD.CHEX.PP.CD,"Current health expenditure per capita, PPP (current international $)",2018,157.105270993209,,,2
Nigeria,NGA,SH.XPD.CHEX.PP.CD,"Current health expenditure per capita, PPP (current international $)",2017,187.264875900133,,,2
Nigeria,NGA,SH.XPD.CHEX.PP.CD,"Current health expenditure per capita, PPP (current international $)",2016,183.201497764993,,,2
Nigeria,NGA,SH.XPD.CHEX.PP.CD,"Current health expenditure per capita, PPP (current international $)",2015,185.883651818011,,,2
North Macedonia,MKD,SH.XPD.CHEX.PP.CD,"Current health expenditure per capita, PPP (current international $)",2019,1412.93528345454,,,2
North Macedonia,MKD,SH.XPD.CHEX.PP.CD,"Current health expenditure per capita, PPP (current international $)",2018,1172.94149598749,,,2
North Macedonia,MKD,SH.XPD.CHEX.PP.CD,"Current health expenditure per capita, PPP (current international $)",2017,1080.98605724113,,,2
North Macedonia,MKD,SH.XPD.CHEX.PP.CD,"Current health expenditure per capita, PPP (current international $)",2016,1020.48589956132,,,2
North Macedonia,MKD,SH.XPD.CHEX.PP.CD,"Current health expenditure per capita, PPP (current international $)",2015,921.047465171462,,,2
Northern Mariana Islands,MNP,SH.XPD.CHEX.PP.CD,"Current health expenditure per capita, PPP (current international $)",2019,,,,2
Northern Mariana Islands,MNP,SH.XPD.CHEX.PP.CD,"Current health expenditure per capita, PPP (current international $)",2018,,,,2
Northern Mariana Islands,MNP,SH.XPD.CHEX.PP.CD,"Current health expenditure per capita, PPP (current international $)",2017,,,,2
Northern Mariana Islands,MNP,SH.XPD.CHEX.PP.CD,"Current health expenditure per capita, PPP (current international $)",2016,,,,2
Northern Mariana Islands,MNP,SH.XPD.CHEX.PP.CD,"Current health expenditure per capita, PPP (current international $)",2015,,,,2
Norway,NOR,SH.XPD.CHEX.PP.CD,"Current health expenditure per capita, PPP (current international $)",2019,7432.08519121522,,,2
Norway,NOR,SH.XPD.CHEX.PP.CD,"Current health expenditure per capita, PPP (current international $)",2018,7019.0837494867,,,2
Norway,NOR,SH.XPD.CHEX.PP.CD,"Current health expenditure per capita, PPP (current international $)",2017,6630.84188021868,,,2
Norway,NOR,SH.XPD.CHEX.PP.CD,"Current health expenditure per capita, PPP (current international $)",2016,6267.08488170414,,,2
Norway,NOR,SH.XPD.CHEX.PP.CD,"Current health expenditure per capita, PPP (current international $)",2015,6144.9073964344,,,2
Oman,OMN,SH.XPD.CHEX.PP.CD,"Current health expenditure per capita, PPP (current international $)",2019,1417.92392005672,,,2
Oman,OMN,SH.XPD.CHEX.PP.CD,"Current health expenditure per capita, PPP (current international $)",2018,1214.52221034966,,,2
Oman,OMN,SH.XPD.CHEX.PP.CD,"Current health expenditure per capita, PPP (current international $)",2017,1329.36051510578,,,2
Oman,OMN,SH.XPD.CHEX.PP.CD,"Current health expenditure per capita, PPP (current international $)",2016,1391.9580818469,,,2
Oman,OMN,SH.XPD.CHEX.PP.CD,"Current health expenditure per capita, PPP (current international $)",2015,1470.53207169293,,,2
Pakistan,PAK,SH.XPD.CHEX.PP.CD,"Current health expenditure per capita, PPP (current international $)",2019,143.437200359894,,,2
Pakistan,PAK,SH.XPD.CHEX.PP.CD,"Current health expenditure per capita, PPP (current international $)",2018,140.839066362795,,,2
Pakistan,PAK,SH.XPD.CHEX.PP.CD,"Current health expenditure per capita, PPP (current international $)",2017,133.450895237765,,,2
Pakistan,PAK,SH.XPD.CHEX.PP.CD,"Current health expenditure per capita, PPP (current international $)",2016,119.022003421659,,,2
Pakistan,PAK,SH.XPD.CHEX.PP.CD,"Current health expenditure per capita, PPP (current international $)",2015,111.779544365698,,,2
Palau,PLW,SH.XPD.CHEX.PP.CD,"Current health expenditure per capita, PPP (current international $)",2019,2219.45788648548,,,2
Palau,PLW,SH.XPD.CHEX.PP.CD,"Current health expenditure per capita, PPP (current international $)",2018,1997.06288485293,,,2
Palau,PLW,SH.XPD.CHEX.PP.CD,"Current health expenditure per capita, PPP (current international $)",2017,1933.40024149129,,,2
Palau,PLW,SH.XPD.CHEX.PP.CD,"Current health expenditure per capita, PPP (current international $)",2016,1804.79369489364,,,2
Palau,PLW,SH.XPD.CHEX.PP.CD,"Current health expenditure per capita, PPP (current international $)",2015,1752.5420601077,,,2
Panama,PAN,SH.XPD.CHEX.PP.CD,"Current health expenditure per capita, PPP (current international $)",2019,2701.98235560497,,,2
Panama,PAN,SH.XPD.CHEX.PP.CD,"Current health expenditure per capita, PPP (current international $)",2018,2466.83642513601,,,2
Panama,PAN,SH.XPD.CHEX.PP.CD,"Current health expenditure per capita, PPP (current international $)",2017,2407.87885995687,,,2
Panama,PAN,SH.XPD.CHEX.PP.CD,"Current health expenditure per capita, PPP (current international $)",2016,2156.96874093884,,,2
Panama,PAN,SH.XPD.CHEX.PP.CD,"Current health expenditure per capita, PPP (current international $)",2015,1899.97147994564,,,2
Papua New Guinea,PNG,SH.XPD.CHEX.PP.CD,"Current health expenditure per capita, PPP (current international $)",2019,94.4051191124841,,,2
Papua New Guinea,PNG,SH.XPD.CHEX.PP.CD,"Current health expenditure per capita, PPP (current international $)",2018,89.9487253489161,,,2
Papua New Guinea,PNG,SH.XPD.CHEX.PP.CD,"Current health expenditure per capita, PPP (current international $)",2017,87.4757775449895,,,2
Papua New Guinea,PNG,SH.XPD.CHEX.PP.CD,"Current health expenditure per capita, PPP (current international $)",2016,88.8599758716686,,,2
Papua New Guinea,PNG,SH.XPD.CHEX.PP.CD,"Current health expenditure per capita, PPP (current international $)",2015,66.7453690597115,,,2
Paraguay,PRY,SH.XPD.CHEX.PP.CD,"Current health expenditure per capita, PPP (current international $)",2019,1013.22716269637,,,2
Paraguay,PRY,SH.XPD.CHEX.PP.CD,"Current health expenditure per capita, PPP (current international $)",2018,953.678569417218,,,2
Paraguay,PRY,SH.XPD.CHEX.PP.CD,"Current health expenditure per capita, PPP (current international $)",2017,923.766064349854,,,2
Paraguay,PRY,SH.XPD.CHEX.PP.CD,"Current health expenditure per capita, PPP (current international $)",2016,889.795309247411,,,2
Paraguay,PRY,SH.XPD.CHEX.PP.CD,"Current health expenditure per capita, PPP (current international $)",2015,848.439222472206,,,2
Peru,PER,SH.XPD.CHEX.PP.CD,"Current health expenditure per capita, PPP (current international $)",2019,709.342868059496,,,2
Peru,PER,SH.XPD.CHEX.PP.CD,"Current health expenditure per capita, PPP (current international $)",2018,679.840135403432,,,2
Peru,PER,SH.XPD.CHEX.PP.CD,"Current health expenditure per capita, PPP (current international $)",2017,621.620109136811,,,2
Peru,PER,SH.XPD.CHEX.PP.CD,"Current health expenditure per capita, PPP (current international $)",2016,604.265407844917,,,2
Peru,PER,SH.XPD.CHEX.PP.CD,"Current health expenditure per capita, PPP (current international $)",2015,578.203049484522,,,2
Philippines,PHL,SH.XPD.CHEX.PP.CD,"Current health expenditure per capita, PPP (current international $)",2019,371.819121076887,,,2
Philippines,PHL,SH.XPD.CHEX.PP.CD,"Current health expenditure per capita, PPP (current international $)",2018,330.45005495488,,,2
Philippines,PHL,SH.XPD.CHEX.PP.CD,"Current health expenditure per capita, PPP (current international $)",2017,307.875665292074,,,2
Philippines,PHL,SH.XPD.CHEX.PP.CD,"Current health expenditure per capita, PPP (current international $)",2016,291.97294660237,,,2
Philippines,PHL,SH.XPD.CHEX.PP.CD,"Current health expenditure per capita, PPP (current international $)",2015,268.757499478344,,,2
Poland,POL,SH.XPD.CHEX.PP.CD,"Current health expenditure per capita, PPP (current international $)",2019,2292.10627205968,,,2
Poland,POL,SH.XPD.CHEX.PP.CD,"Current health expenditure per capita, PPP (current international $)",2018,2021.77060101869,,,2
Poland,POL,SH.XPD.CHEX.PP.CD,"Current health expenditure per capita, PPP (current international $)",2017,1972.36793970352,,,2
Poland,POL,SH.XPD.CHEX.PP.CD,"Current health expenditure per capita, PPP (current international $)",2016,1856.86220963737,,,2
Poland,POL,SH.XPD.CHEX.PP.CD,"Current health expenditure per capita, PPP (current international $)",2015,1717.35929009022,,,2
Portugal,PRT,SH.XPD.CHEX.PP.CD,"Current health expenditure per capita, PPP (current international $)",2019,3584.05951113954,,,2
Portugal,PRT,SH.XPD.CHEX.PP.CD,"Current health expenditure per capita, PPP (current international $)",2018,3271.17675042273,,,2
Portugal,PRT,SH.XPD.CHEX.PP.CD,"Current health expenditure per capita, PPP (current international $)",2017,3061.95497198541,,,2
Portugal,PRT,SH.XPD.CHEX.PP.CD,"Current health expenditure per capita, PPP (current international $)",2016,2957.01364650161,,,2
Portugal,PRT,SH.XPD.CHEX.PP.CD,"Current health expenditure per capita, PPP (current international $)",2015,2754.23640534913,,,2
Puerto Rico (US),PRI,SH.XPD.CHEX.PP.CD,"Current health expenditure per capita, PPP (current international $)",2019,,,,2
Puerto Rico (US),PRI,SH.XPD.CHEX.PP.CD,"Current health expenditure per capita, PPP (current international $)",2018,,,,2
Puerto Rico (US),PRI,SH.XPD.CHEX.PP.CD,"Current health expenditure per capita, PPP (current international $)",2017,,,,2
Puerto Rico (US),PRI,SH.XPD.CHEX.PP.CD,"Current health expenditure per capita, PPP (current international $)",2016,,,,2
Puerto Rico (US),PRI,SH.XPD.CHEX.PP.CD,"Current health expenditure per capita, PPP (current international $)",2015,,,,2
Qatar,QAT,SH.XPD.CHEX.PP.CD,"Current health expenditure per capita, PPP (current international $)",2019,3228.73510571489,,,2
Qatar,QAT,SH.XPD.CHEX.PP.CD,"Current health expenditure per capita, PPP (current international $)",2018,3045.97515429022,,,2
Qatar,QAT,SH.XPD.CHEX.PP.CD,"Current health expenditure per capita, PPP (current international $)",2017,3002.03810876146,,,2
Qatar,QAT,SH.XPD.CHEX.PP.CD,"Current health expenditure per capita, PPP (current international $)",2016,3042.27123414266,,,2
Qatar,QAT,SH.XPD.CHEX.PP.CD,"Current health expenditure per capita, PPP (current international $)",2015,3601.23643818727,,,2
Romania,ROU,SH.XPD.CHEX.PP.CD,"Current health expenditure per capita, PPP (current international $)",2019,1912.92415472355,,,2
Romania,ROU,SH.XPD.CHEX.PP.CD,"Current health expenditure per capita, PPP (current international $)",2018,1626.59128981218,,,2
Romania,ROU,SH.XPD.CHEX.PP.CD,"Current health expenditure per capita, PPP (current international $)",2017,1394.10595037734,,,2
Romania,ROU,SH.XPD.CHEX.PP.CD,"Current health expenditure per capita, PPP (current international $)",2016,1210.83316276544,,,2
Romania,ROU,SH.XPD.CHEX.PP.CD,"Current health expenditure per capita, PPP (current international $)",2015,1066.21562150552,,,2
Russian Federation,RUS,SH.XPD.CHEX.PP.CD,"Current health expenditure per capita, PPP (current international $)",2019,1759.39899967257,,,2
Russian Federation,RUS,SH.XPD.CHEX.PP.CD,"Current health expenditure per capita, PPP (current international $)",2018,1547.65846553133,,,2
Russian Federation,RUS,SH.XPD.CHEX.PP.CD,"Current health expenditure per capita, PPP (current international $)",2017,1395.60260403165,,,2
Russian Federation,RUS,SH.XPD.CHEX.PP.CD,"Current health expenditure per capita, PPP (current international $)",2016,1284.14735597687,,,2
Russian Federation,RUS,SH.XPD.CHEX.PP.CD,"Current health expenditure per capita, PPP (current international $)",2015,1285.21134694727,,,2
Rwanda,RWA,SH.XPD.CHEX.PP.CD,"Current health expenditure per capita, PPP (current international $)",2019,114.814024310661,,,2
Rwanda,RWA,SH.XPD.CHEX.PP.CD,"Current health expenditure per capita, PPP (current international $)",2018,115.991216590163,,,2
Rwanda,RWA,SH.XPD.CHEX.PP.CD,"Current health expenditure per capita, PPP (current international $)",2017,105.7980752588,,,2
Rwanda,RWA,SH.XPD.CHEX.PP.CD,"Current health expenditure per capita, PPP (current international $)",2016,111.397438778553,,,2
Rwanda,RWA,SH.XPD.CHEX.PP.CD,"Current health expenditure per capita, PPP (current international $)",2015,118.424316858654,,,2
Samoa,WSM,SH.XPD.CHEX.PP.CD,"Current health expenditure per capita, PPP (current international $)",2019,374.886150587197,,,2
Samoa,WSM,SH.XPD.CHEX.PP.CD,"Current health expenditure per capita, PPP (current international $)",2018,301.658035902364,,,2
Samoa,WSM,SH.XPD.CHEX.PP.CD,"Current health expenditure per capita, PPP (current international $)",2017,324.330437050893,,,2
Samoa,WSM,SH.XPD.CHEX.PP.CD,"Current health expenditure per capita, PPP (current international $)",2016,346.38789762176,,,2
Samoa,WSM,SH.XPD.CHEX.PP.CD,"Current health expenditure per capita, PPP (current international $)",2015,341.68405601797,,,2
San Marino,SMR,SH.XPD.CHEX.PP.CD,"Current health expenditure per capita, PPP (current international $)",2019,4686.13902537544,,,2
San Marino,SMR,SH.XPD.CHEX.PP.CD,"Current health expenditure per capita, PPP (current international $)",2018,4508.41574590536,,,2
San Marino,SMR,SH.XPD.CHEX.PP.CD,"Current health expenditure per capita, PPP (current international $)",2017,4263.17398488492,,,2
San Marino,SMR,SH.XPD.CHEX.PP.CD,"Current health expenditure per capita, PPP (current international $)",2016,4329.29183561985,,,2
San Marino,SMR,SH.XPD.CHEX.PP.CD,"Current health expenditure per capita, PPP (current international $)",2015,3998.18938903122,,,2
Sao Tome and Principe,STP,SH.XPD.CHEX.PP.CD,"Current health expenditure per capita, PPP (current international $)",2019,255.160046462553,,,2
Sao Tome and Principe,STP,SH.XPD.CHEX.PP.CD,"Current health expenditure per capita, PPP (current international $)",2018,233.275836334633,,,2
Sao Tome and Principe,STP,SH.XPD.CHEX.PP.CD,"Current health expenditure per capita, PPP (current international $)",2017,256.541219326376,,,2
Sao Tome and Principe,STP,SH.XPD.CHEX.PP.CD,"Current health expenditure per capita, PPP (current international $)",2016,250.481901875886,,,2
Sao Tome and Principe,STP,SH.XPD.CHEX.PP.CD,"Current health expenditure per capita, PPP (current international $)",2015,206.126920521897,,,2
Saudi Arabia,SAU,SH.XPD.CHEX.PP.CD,"Current health expenditure per capita, PPP (current international $)",2019,3030.81669592521,,,2
Saudi Arabia,SAU,SH.XPD.CHEX.PP.CD,"Current health expenditure per capita, PPP (current international $)",2018,3011.30378763351,,,2
Saudi Arabia,SAU,SH.XPD.CHEX.PP.CD,"Current health expenditure per capita, PPP (current international $)",2017,3109.85545125676,,,2
Saudi Arabia,SAU,SH.XPD.CHEX.PP.CD,"Current health expenditure per capita, PPP (current international $)",2016,3034.69504464027,,,2
Saudi Arabia,SAU,SH.XPD.CHEX.PP.CD,"Current health expenditure per capita, PPP (current international $)",2015,3036.18967984046,,,2
Senegal,SEN,SH.XPD.CHEX.PP.CD,"Current health expenditure per capita, PPP (current international $)",2019,163.988432134395,,,2
Senegal,SEN,SH.XPD.CHEX.PP.CD,"Current health expenditure per capita, PPP (current international $)",2018,149.805101797199,,,2
Senegal,SEN,SH.XPD.CHEX.PP.CD,"Current health expenditure per capita, PPP (current international $)",2017,134.665685998117,,,2
Senegal,SEN,SH.XPD.CHEX.PP.CD,"Current health expenditure per capita, PPP (current international $)",2016,131.985944069484,,,2
Senegal,SEN,SH.XPD.CHEX.PP.CD,"Current health expenditure per capita, PPP (current international $)",2015,131.086486936583,,,2
Serbia,SRB,SH.XPD.CHEX.PP.CD,"Current health expenditure per capita, PPP (current international $)",2019,1701.65775251246,,,2
Serbia,SRB,SH.XPD.CHEX.PP.CD,"Current health expenditure per capita, PPP (current international $)",2018,1507.56363488042,,,2
Serbia,SRB,SH.XPD.CHEX.PP.CD,"Current health expenditure per capita, PPP (current international $)",2017,1361.73048306877,,,2
Serbia,SRB,SH.XPD.CHEX.PP.CD,"Current health expenditure per capita, PPP (current international $)",2016,1338.00127952034,,,2
Serbia,SRB,SH.XPD.CHEX.PP.CD,"Current health expenditure per capita, PPP (current international $)",2015,1312.5111832535,,,2
Seychelles,SYC,SH.XPD.CHEX.PP.CD,"Current health expenditure per capita, PPP (current international $)",2019,1207.54493757174,,,2
Seychelles,SYC,SH.XPD.CHEX.PP.CD,"Current health expenditure per capita, PPP (current international $)",2018,1192.28502707875,,,2
Seychelles,SYC,SH.XPD.CHEX.PP.CD,"Current health expenditure per capita, PPP (current international $)",2017,1170.62258342928,,,2
Seychelles,SYC,SH.XPD.CHEX.PP.CD,"Current health expenditure per capita, PPP (current international $)",2016,1170.74482845445,,,2
Seychelles,SYC,SH.XPD.CHEX.PP.CD,"Current health expenditure per capita, PPP (current international $)",2015,940.509809515496,,,2
Sierra Leone,SLE,SH.XPD.CHEX.PP.CD,"Current health expenditure per capita, PPP (current international $)",2019,154.274229757054,,,2
Sierra Leone,SLE,SH.XPD.CHEX.PP.CD,"Current health expenditure per capita, PPP (current international $)",2018,139.926057014635,,,2
Sierra Leone,SLE,SH.XPD.CHEX.PP.CD,"Current health expenditure per capita, PPP (current international $)",2017,152.097540853594,,,2
Sierra Leone,SLE,SH.XPD.CHEX.PP.CD,"Current health expenditure per capita, PPP (current international $)",2016,262.825738388584,,,2
Sierra Leone,SLE,SH.XPD.CHEX.PP.CD,"Current health expenditure per capita, PPP (current international $)",2015,315.226844600824,,,2
Singapore,SGP,SH.XPD.CHEX.PP.CD,"Current health expenditure per capita, PPP (current international $)",2019,4670.46220567088,,,2
Singapore,SGP,SH.XPD.CHEX.PP.CD,"Current health expenditure per capita, PPP (current international $)",2018,4237.40946621123,,,2
Singapore,SGP,SH.XPD.CHEX.PP.CD,"Current health expenditure per capita, PPP (current international $)",2017,4180.32763407743,,,2
Singapore,SGP,SH.XPD.CHEX.PP.CD,"Current health expenditure per capita, PPP (current international $)",2016,3958.32382350048,,,2
Singapore,SGP,SH.XPD.CHEX.PP.CD,"Current health expenditure per capita, PPP (current international $)",2015,3650.03509193405,,,2
Sint Maarten (Dutch part),SXM,SH.XPD.CHEX.PP.CD,"Current health expenditure per capita, PPP (current international $)",2019,,,,2
Sint Maarten (Dutch part),SXM,SH.XPD.CHEX.PP.CD,"Current health expenditure per capita, PPP (current international $)",2018,,,,2
Sint Maarten (Dutch part),SXM,SH.XPD.CHEX.PP.CD,"Current health expenditure per capita, PPP (current international $)",2017,,,,2
Sint Maarten (Dutch part),SXM,SH.XPD.CHEX.PP.CD,"Current health expenditure per capita, PPP (current international $)",2016,,,,2
Sint Maarten (Dutch part),SXM,SH.XPD.CHEX.PP.CD,"Current health expenditure per capita, PPP (current international $)",2015,,,,2
Slovak Republic,SVK,SH.XPD.CHEX.PP.CD,"Current health expenditure per capita, PPP (current international $)",2019,2350.36598550736,,,2
Slovak Republic,SVK,SH.XPD.CHEX.PP.CD,"Current health expenditure per capita, PPP (current international $)",2018,2092.63844486791,,,2
Slovak Republic,SVK,SH.XPD.CHEX.PP.CD,"Current health expenditure per capita, PPP (current international $)",2017,2038.17442479971,,,2
Slovak Republic,SVK,SH.XPD.CHEX.PP.CD,"Current health expenditure per capita, PPP (current international $)",2016,2110.68929808851,,,2
Slovak Republic,SVK,SH.XPD.CHEX.PP.CD,"Current health expenditure per capita, PPP (current international $)",2015,2033.76661924823,,,2
Slovenia,SVN,SH.XPD.CHEX.PP.CD,"Current health expenditure per capita, PPP (current international $)",2019,3642.58734890772,,,2
Slovenia,SVN,SH.XPD.CHEX.PP.CD,"Current health expenditure per capita, PPP (current international $)",2018,3236.61402075633,,,2
Slovenia,SVN,SH.XPD.CHEX.PP.CD,"Current health expenditure per capita, PPP (current international $)",2017,2988.78390180399,,,2
Slovenia,SVN,SH.XPD.CHEX.PP.CD,"Current health expenditure per capita, PPP (current international $)",2016,2878.2903397979,,,2
Slovenia,SVN,SH.XPD.CHEX.PP.CD,"Current health expenditure per capita, PPP (current international $)",2015,2689.42033520024,,,2
Solomon Islands,SLB,SH.XPD.CHEX.PP.CD,"Current health expenditure per capita, PPP (current international $)",2019,111.464399089855,,,2
Solomon Islands,SLB,SH.XPD.CHEX.PP.CD,"Current health expenditure per capita, PPP (current international $)",2018,96.376726098392,,,2
Solomon Islands,SLB,SH.XPD.CHEX.PP.CD,"Current health expenditure per capita, PPP (current international $)",2017,102.226617379208,,,2
Solomon Islands,SLB,SH.XPD.CHEX.PP.CD,"Current health expenditure per capita, PPP (current international $)",2016,109.66458916692,,,2
Solomon Islands,SLB,SH.XPD.CHEX.PP.CD,"Current health expenditure per capita, PPP (current international $)",2015,104.819583639622,,,2
"Somalia, Fed. Rep.",SOM,SH.XPD.CHEX.PP.CD,"Current health expenditure per capita, PPP (current international $)",2019,36.1147180008777,,,2
"Somalia, Fed. Rep.",SOM,SH.XPD.CHEX.PP.CD,"Current health expenditure per capita, PPP (current international $)",2018,39.4856095260646,,,2
"Somalia, Fed. Rep.",SOM,SH.XPD.CHEX.PP.CD,"Current health expenditure per capita, PPP (current international $)",2017,42.2444179689043,,,2
"Somalia, Fed. Rep.",SOM,SH.XPD.CHEX.PP.CD,"Current health expenditure per capita, PPP (current international $)",2016,37.4867276163693,,,2
"Somalia, Fed. Rep.",SOM,SH.XPD.CHEX.PP.CD,"Current health expenditure per capita, PPP (current international $)",2015,42.4954033478793,,,2
South Africa,ZAF,SH.XPD.CHEX.PP.CD,"Current health expenditure per capita, PPP (current international $)",2019,1101.85879152286,,,2
South Africa,ZAF,SH.XPD.CHEX.PP.CD,"Current health expenditure per capita, PPP (current international $)",2018,1078.72936758807,,,2
South Africa,ZAF,SH.XPD.CHEX.PP.CD,"Current health expenditure per capita, PPP (current international $)",2017,1095.93107908959,,,2
South Africa,ZAF,SH.XPD.CHEX.PP.CD,"Current health expenditure per capita, PPP (current international $)",2016,1092.30655173817,,,2
South Africa,ZAF,SH.XPD.CHEX.PP.CD,"Current health expenditure per capita, PPP (current international $)",2015,1078.90839908691,,,2
South Sudan,SSD,SH.XPD.CHEX.PP.CD,"Current health expenditure per capita, PPP (current international $)",2019,67.813202984697,,,2
South Sudan,SSD,SH.XPD.CHEX.PP.CD,"Current health expenditure per capita, PPP (current international $)",2018,73.8580968928116,,,2
South Sudan,SSD,SH.XPD.CHEX.PP.CD,"Current health expenditure per capita, PPP (current international $)",2017,85.7357375945615,,,2
South Sudan,SSD,SH.XPD.CHEX.PP.CD,"Current health expenditure per capita, PPP (current international $)",2016,,,,2
South Sudan,SSD,SH.XPD.CHEX.PP.CD,"Current health expenditure per capita, PPP (current international $)",2015,,,,2
Spain,ESP,SH.XPD.CHEX.PP.CD,"Current health expenditure per capita, PPP (current international $)",2019,4075.97609213283,,,2
Spain,ESP,SH.XPD.CHEX.PP.CD,"Current health expenditure per capita, PPP (current international $)",2018,3731.49996051404,,,2
Spain,ESP,SH.XPD.CHEX.PP.CD,"Current health expenditure per capita, PPP (current international $)",2017,3598.63989037334,,,2
Spain,ESP,SH.XPD.CHEX.PP.CD,"Current health expenditure per capita, PPP (current international $)",2016,3343.15398260259,,,2
Spain,ESP,SH.XPD.CHEX.PP.CD,"Current health expenditure per capita, PPP (current international $)",2015,3233.04254906521,,,2
Sri Lanka,LKA,SH.XPD.CHEX.PP.CD,"Current health expenditure per capita, PPP (current international $)",2019,508.187128619671,,,2
Sri Lanka,LKA,SH.XPD.CHEX.PP.CD,"Current health expenditure per capita, PPP (current international $)",2018,502.817357470847,,,2
Sri Lanka,LKA,SH.XPD.CHEX.PP.CD,"Current health expenditure per capita, PPP (current international $)",2017,440.332064852212,,,2
Sri Lanka,LKA,SH.XPD.CHEX.PP.CD,"Current health expenditure per capita, PPP (current international $)",2016,458.012241088255,,,2
Sri Lanka,LKA,SH.XPD.CHEX.PP.CD,"Current health expenditure per capita, PPP (current international $)",2015,434.534712526724,,,2
St. Kitts and Nevis,KNA,SH.XPD.CHEX.PP.CD,"Current health expenditure per capita, PPP (current international $)",2019,1685.24700642748,,,2
St. Kitts and Nevis,KNA,SH.XPD.CHEX.PP.CD,"Current health expenditure per capita, PPP (current international $)",2018,1507.56783729756,,,2
St. Kitts and Nevis,KNA,SH.XPD.CHEX.PP.CD,"Current health expenditure per capita, PPP (current international $)",2017,1562.11407677112,,,2
St. Kitts and Nevis,KNA,SH.XPD.CHEX.PP.CD,"Current health expenditure per capita, PPP (current international $)",2016,1532.75463071355,,,2
St. Kitts and Nevis,KNA,SH.XPD.CHEX.PP.CD,"Current health expenditure per capita, PPP (current international $)",2015,1377.86622518412,,,2
St. Lucia,LCA,SH.XPD.CHEX.PP.CD,"Current health expenditure per capita, PPP (current international $)",2019,802.761281908728,,,2
St. Lucia,LCA,SH.XPD.CHEX.PP.CD,"Current health expenditure per capita, PPP (current international $)",2018,744.915640251481,,,2
St. Lucia,LCA,SH.XPD.CHEX.PP.CD,"Current health expenditure per capita, PPP (current international $)",2017,718.740076724795,,,2
St. Lucia,LCA,SH.XPD.CHEX.PP.CD,"Current health expenditure per capita, PPP (current international $)",2016,690.469941850936,,,2
St. Lucia,LCA,SH.XPD.CHEX.PP.CD,"Current health expenditure per capita, PPP (current international $)",2015,657.236944482248,,,2
St. Martin (French part),MAF,SH.XPD.CHEX.PP.CD,"Current health expenditure per capita, PPP (current international $)",2019,,,,2
St. Martin (French part),MAF,SH.XPD.CHEX.PP.CD,"Current health expenditure per capita, PPP (current international $)",2018,,,,2
St. Martin (French part),MAF,SH.XPD.CHEX.PP.CD,"Current health expenditure per capita, PPP (current international $)",2017,,,,2
St. Martin (French part),MAF,SH.XPD.CHEX.PP.CD,"Current health expenditure per capita, PPP (current international $)",2016,,,,2
St. Martin (French part),MAF,SH.XPD.CHEX.PP.CD,"Current health expenditure per capita, PPP (current international $)",2015,,,,2
St. Vincent and the Grenadines,VCT,SH.XPD.CHEX.PP.CD,"Current health expenditure per capita, PPP (current international $)",2019,652.950598378042,,,2
St. Vincent and the Grenadines,VCT,SH.XPD.CHEX.PP.CD,"Current health expenditure per capita, PPP (current international $)",2018,624.908344167368,,,2
St. Vincent and the Grenadines,VCT,SH.XPD.CHEX.PP.CD,"Current health expenditure per capita, PPP (current international $)",2017,574.243923762403,,,2
St. Vincent and the Grenadines,VCT,SH.XPD.CHEX.PP.CD,"Current health expenditure per capita, PPP (current international $)",2016,552.755632357705,,,2
St. Vincent and the Grenadines,VCT,SH.XPD.CHEX.PP.CD,"Current health expenditure per capita, PPP (current international $)",2015,509.352355932971,,,2
Sudan,SDN,SH.XPD.CHEX.PP.CD,"Current health expenditure per capita, PPP (current international $)",2019,185.395502138004,,,2
Sudan,SDN,SH.XPD.CHEX.PP.CD,"Current health expenditure per capita, PPP (current international $)",2018,193.980606423347,,,2
Sudan,SDN,SH.XPD.CHEX.PP.CD,"Current health expenditure per capita, PPP (current international $)",2017,257.267417620149,,,2
Sudan,SDN,SH.XPD.CHEX.PP.CD,"Current health expenditure per capita, PPP (current international $)",2016,295.637808958523,,,2
Sudan,SDN,SH.XPD.CHEX.PP.CD,"Current health expenditure per capita, PPP (current international $)",2015,242.307120164143,,,2
Suriname,SUR,SH.XPD.CHEX.PP.CD,"Current health expenditure per capita, PPP (current international $)",2019,1657.5370444742,,,2
Suriname,SUR,SH.XPD.CHEX.PP.CD,"Current health expenditure per capita, PPP (current international $)",2018,1179.48791645552,,,2
Suriname,SUR,SH.XPD.CHEX.PP.CD,"Current health expenditure per capita, PPP (current international $)",2017,935.093162021564,,,2
Suriname,SUR,SH.XPD.CHEX.PP.CD,"Current health expenditure per capita, PPP (current international $)",2016,867.481983819115,,,2
Suriname,SUR,SH.XPD.CHEX.PP.CD,"Current health expenditure per capita, PPP (current international $)",2015,960.883634272431,,,2
Sweden,SWE,SH.XPD.CHEX.PP.CD,"Current health expenditure per capita, PPP (current international $)",2019,6267.40709725547,,,2
Sweden,SWE,SH.XPD.CHEX.PP.CD,"Current health expenditure per capita, PPP (current international $)",2018,5923.98800416487,,,2
Sweden,SWE,SH.XPD.CHEX.PP.CD,"Current health expenditure per capita, PPP (current international $)",2017,5670.29230803845,,,2
Sweden,SWE,SH.XPD.CHEX.PP.CD,"Current health expenditure per capita, PPP (current international $)",2016,5550.52327747152,,,2
Sweden,SWE,SH.XPD.CHEX.PP.CD,"Current health expenditure per capita, PPP (current international $)",2015,5360.91054780113,,,2
Switzerland,CHE,SH.XPD.CHEX.PP.CD,"Current health expenditure per capita, PPP (current international $)",2019,8422.36020773627,,,2
Switzerland,CHE,SH.XPD.CHEX.PP.CD,"Current health expenditure per capita, PPP (current international $)",2018,7914.50417870183,,,2
Switzerland,CHE,SH.XPD.CHEX.PP.CD,"Current health expenditure per capita, PPP (current international $)",2017,7755.17727442833,,,2
Switzerland,CHE,SH.XPD.CHEX.PP.CD,"Current health expenditure per capita, PPP (current international $)",2016,7543.55137038756,,,2
Switzerland,CHE,SH.XPD.CHEX.PP.CD,"Current health expenditure per capita, PPP (current international $)",2015,7166.58637587459,,,2
Syrian Arab Republic,SYR,SH.XPD.CHEX.PP.CD,"Current health expenditure per capita, PPP (current international $)",2019,147.85173987164,,,2
Syrian Arab Republic,SYR,SH.XPD.CHEX.PP.CD,"Current health expenditure per capita, PPP (current international $)",2018,142.539399813054,,,2
Syrian Arab Republic,SYR,SH.XPD.CHEX.PP.CD,"Current health expenditure per capita, PPP (current international $)",2017,131.753554357242,,,2
Syrian Arab Republic,SYR,SH.XPD.CHEX.PP.CD,"Current health expenditure per capita, PPP (current international $)",2016,140.306631314019,,,2
Syrian Arab Republic,SYR,SH.XPD.CHEX.PP.CD,"Current health expenditure per capita, PPP (current international $)",2015,136.468407386385,,,2
Tajikistan,TJK,SH.XPD.CHEX.PP.CD,"Current health expenditure per capita, PPP (current international $)",2019,240.388074935462,,,2
Tajikistan,TJK,SH.XPD.CHEX.PP.CD,"Current health expenditure per capita, PPP (current international $)",2018,215.260701328284,,,2
Tajikistan,TJK,SH.XPD.CHEX.PP.CD,"Current health expenditure per capita, PPP (current international $)",2017,206.78412651806,,,2
Tajikistan,TJK,SH.XPD.CHEX.PP.CD,"Current health expenditure per capita, PPP (current international $)",2016,202.905221649611,,,2
Tajikistan,TJK,SH.XPD.CHEX.PP.CD,"Current health expenditure per capita, PPP (current international $)",2015,195.141655256829,,,2
Tanzania,TZA,SH.XPD.CHEX.PP.CD,"Current health expenditure per capita, PPP (current international $)",2019,112.110169779351,,,2
Tanzania,TZA,SH.XPD.CHEX.PP.CD,"Current health expenditure per capita, PPP (current international $)",2018,110.040920459283,,,2
Tanzania,TZA,SH.XPD.CHEX.PP.CD,"Current health expenditure per capita, PPP (current international $)",2017,97.8238508702979,,,2
Tanzania,TZA,SH.XPD.CHEX.PP.CD,"Current health expenditure per capita, PPP (current international $)",2016,93.639033509879,,,2
Tanzania,TZA,SH.XPD.CHEX.PP.CD,"Current health expenditure per capita, PPP (current international $)",2015,82.0802315119814,,,2
Thailand,THA,SH.XPD.CHEX.PP.CD,"Current health expenditure per capita, PPP (current international $)",2019,756.757118622001,,,2
Thailand,THA,SH.XPD.CHEX.PP.CD,"Current health expenditure per capita, PPP (current international $)",2018,730.379120444958,,,2
Thailand,THA,SH.XPD.CHEX.PP.CD,"Current health expenditure per capita, PPP (current international $)",2017,677.059967108563,,,2
Thailand,THA,SH.XPD.CHEX.PP.CD,"Current health expenditure per capita, PPP (current international $)",2016,656.681703204639,,,2
Thailand,THA,SH.XPD.CHEX.PP.CD,"Current health expenditure per capita, PPP (current international $)",2015,608.321119856769,,,2
Timor-Leste,TLS,SH.XPD.CHEX.PP.CD,"Current health expenditure per capita, PPP (current international $)",2019,227.525172616155,,,2
Timor-Leste,TLS,SH.XPD.CHEX.PP.CD,"Current health expenditure per capita, PPP (current international $)",2018,228.005085028467,,,2
Timor-Leste,TLS,SH.XPD.CHEX.PP.CD,"Current health expenditure per capita, PPP (current international $)",2017,235.663232502379,,,2
Timor-Leste,TLS,SH.XPD.CHEX.PP.CD,"Current health expenditure per capita, PPP (current international $)",2016,235.337335893425,,,2
Timor-Leste,TLS,SH.XPD.CHEX.PP.CD,"Current health expenditure per capita, PPP (current international $)",2015,238.975313867873,,,2
Togo,TGO,SH.XPD.CHEX.PP.CD,"Current health expenditure per capita, PPP (current international $)",2019,130.948207354988,,,2
Togo,TGO,SH.XPD.CHEX.PP.CD,"Current health expenditure per capita, PPP (current international $)",2018,127.348479655682,,,2
Togo,TGO,SH.XPD.CHEX.PP.CD,"Current health expenditure per capita, PPP (current international $)",2017,129.101001104481,,,2
Togo,TGO,SH.XPD.CHEX.PP.CD,"Current health expenditure per capita, PPP (current international $)",2016,127.292865119562,,,2
Togo,TGO,SH.XPD.CHEX.PP.CD,"Current health expenditure per capita, PPP (current international $)",2015,117.430109041544,,,2
Tonga,TON,SH.XPD.CHEX.PP.CD,"Current health expenditure per capita, PPP (current international $)",2019,330.578304140424,,,2
Tonga,TON,SH.XPD.CHEX.PP.CD,"Current health expenditure per capita, PPP (current international $)",2018,347.392176354852,,,2
Tonga,TON,SH.XPD.CHEX.PP.CD,"Current health expenditure per capita, PPP (current international $)",2017,310.881064640392,,,2
Tonga,TON,SH.XPD.CHEX.PP.CD,"Current health expenditure per capita, PPP (current international $)",2016,274.215784964383,,,2
Tonga,TON,SH.XPD.CHEX.PP.CD,"Current health expenditure per capita, PPP (current international $)",2015,231.881912048992,,,2
Trinidad and Tobago,TTO,SH.XPD.CHEX.PP.CD,"Current health expenditure per capita, PPP (current international $)",2019,1868.7148208513,,,2
Trinidad and Tobago,TTO,SH.XPD.CHEX.PP.CD,"Current health expenditure per capita, PPP (current international $)",2018,1763.08906550386,,,2
Trinidad and Tobago,TTO,SH.XPD.CHEX.PP.CD,"Current health expenditure per capita, PPP (current international $)",2017,1756.74513417454,,,2
Trinidad and Tobago,TTO,SH.XPD.CHEX.PP.CD,"Current health expenditure per capita, PPP (current international $)",2016,1722.16377993058,,,2
Trinidad and Tobago,TTO,SH.XPD.CHEX.PP.CD,"Current health expenditure per capita, PPP (current international $)",2015,1592.09228229998,,,2
Tunisia,TUN,SH.XPD.CHEX.PP.CD,"Current health expenditure per capita, PPP (current international $)",2019,752.760828733922,,,2
Tunisia,TUN,SH.XPD.CHEX.PP.CD,"Current health expenditure per capita, PPP (current international $)",2018,703.082554065748,,,2
Tunisia,TUN,SH.XPD.CHEX.PP.CD,"Current health expenditure per capita, PPP (current international $)",2017,698.279298384224,,,2
Tunisia,TUN,SH.XPD.CHEX.PP.CD,"Current health expenditure per capita, PPP (current international $)",2016,686.860868225976,,,2
Tunisia,TUN,SH.XPD.CHEX.PP.CD,"Current health expenditure per capita, PPP (current international $)",2015,669.961007011244,,,2
Turkiye,TUR,SH.XPD.CHEX.PP.CD,"Current health expenditure per capita, PPP (current international $)",2019,1200.39248868231,,,2
Turkiye,TUR,SH.XPD.CHEX.PP.CD,"Current health expenditure per capita, PPP (current international $)",2018,1124.65599319441,,,2
Turkiye,TUR,SH.XPD.CHEX.PP.CD,"Current health expenditure per capita, PPP (current international $)",2017,1139.10260447613,,,2
Turkiye,TUR,SH.XPD.CHEX.PP.CD,"Current health expenditure per capita, PPP (current international $)",2016,1110.57942653774,,,2
Turkiye,TUR,SH.XPD.CHEX.PP.CD,"Current health expenditure per capita, PPP (current international $)",2015,1040.8461041687,,,2
Turkmenistan,TKM,SH.XPD.CHEX.PP.CD,"Current health expenditure per capita, PPP (current international $)",2019,1007.80714290941,,,2
Turkmenistan,TKM,SH.XPD.CHEX.PP.CD,"Current health expenditure per capita, PPP (current international $)",2018,964.908875567351,,,2
Turkmenistan,TKM,SH.XPD.CHEX.PP.CD,"Current health expenditure per capita, PPP (current international $)",2017,935.906104766592,,,2
Turkmenistan,TKM,SH.XPD.CHEX.PP.CD,"Current health expenditure per capita, PPP (current international $)",2016,855.665751812155,,,2
Turkmenistan,TKM,SH.XPD.CHEX.PP.CD,"Current health expenditure per capita, PPP (current international $)",2015,800.770845675657,,,2
Turks and Caicos Islands,TCA,SH.XPD.CHEX.PP.CD,"Current health expenditure per capita, PPP (current international $)",2019,,,,2
Turks and Caicos Islands,TCA,SH.XPD.CHEX.PP.CD,"Current health expenditure per capita, PPP (current international $)",2018,,,,2
Turks and Caicos Islands,TCA,SH.XPD.CHEX.PP.CD,"Current health expenditure per capita, PPP (current international $)",2017,,,,2
Turks and Caicos Islands,TCA,SH.XPD.CHEX.PP.CD,"Current health expenditure per capita, PPP (current international $)",2016,,,,2
Turks and Caicos Islands,TCA,SH.XPD.CHEX.PP.CD,"Current health expenditure per capita, PPP (current international $)",2015,,,,2
Tuvalu,TUV,SH.XPD.CHEX.PP.CD,"Current health expenditure per capita, PPP (current international $)",2019,1159.87921961577,,,2
Tuvalu,TUV,SH.XPD.CHEX.PP.CD,"Current health expenditure per capita, PPP (current international $)",2018,813.092764200228,,,2
Tuvalu,TUV,SH.XPD.CHEX.PP.CD,"Current health expenditure per capita, PPP (current international $)",2017,1032.44095857565,,,2
Tuvalu,TUV,SH.XPD.CHEX.PP.CD,"Current health expenditure per capita, PPP (current international $)",2016,738.703691779155,,,2
Tuvalu,TUV,SH.XPD.CHEX.PP.CD,"Current health expenditure per capita, PPP (current international $)",2015,507.531687817905,,,2
Uganda,UGA,SH.XPD.CHEX.PP.CD,"Current health expenditure per capita, PPP (current international $)",2019,98.2212867499935,,,2
Uganda,UGA,SH.XPD.CHEX.PP.CD,"Current health expenditure per capita, PPP (current international $)",2018,97.9594687665194,,,2
Uganda,UGA,SH.XPD.CHEX.PP.CD,"Current health expenditure per capita, PPP (current international $)",2017,90.7056887613826,,,2
Uganda,UGA,SH.XPD.CHEX.PP.CD,"Current health expenditure per capita, PPP (current international $)",2016,111.678899331241,,,2
Uganda,UGA,SH.XPD.CHEX.PP.CD,"Current health expenditure per capita, PPP (current international $)",2015,116.622069083477,,,2
Ukraine,UKR,SH.XPD.CHEX.PP.CD,"Current health expenditure per capita, PPP (current international $)",2019,953.68413708251,,,2
Ukraine,UKR,SH.XPD.CHEX.PP.CD,"Current health expenditure per capita, PPP (current international $)",2018,893.6309938762,,,2
Ukraine,UKR,SH.XPD.CHEX.PP.CD,"Current health expenditure per capita, PPP (current international $)",2017,813.704638495788,,,2
Ukraine,UKR,SH.XPD.CHEX.PP.CD,"Current health expenditure per capita, PPP (current international $)",2016,777.953065501439,,,2
Ukraine,UKR,SH.XPD.CHEX.PP.CD,"Current health expenditure per capita, PPP (current international $)",2015,733.095386435762,,,2
United Arab Emirates,ARE,SH.XPD.CHEX.PP.CD,"Current health expenditure per capita, PPP (current international $)",2019,3409.700148469,,,2
United Arab Emirates,ARE,SH.XPD.CHEX.PP.CD,"Current health expenditure per capita, PPP (current international $)",2018,3076.76825892095,,,2
United Arab Emirates,ARE,SH.XPD.CHEX.PP.CD,"Current health expenditure per capita, PPP (current international $)",2017,2724.26767839967,,,2
United Arab Emirates,ARE,SH.XPD.CHEX.PP.CD,"Current health expenditure per capita, PPP (current international $)",2016,2609.56776026083,,,2
United Arab Emirates,ARE,SH.XPD.CHEX.PP.CD,"Current health expenditure per capita, PPP (current international $)",2015,2437.34971906404,,,2
United Kingdom,GBR,SH.XPD.CHEX.PP.CD,"Current health expenditure per capita, PPP (current international $)",2019,4983.83652854371,,,2
United Kingdom,GBR,SH.XPD.CHEX.PP.CD,"Current health expenditure per capita, PPP (current international $)",2018,4614.18696766086,,,2
United Kingdom,GBR,SH.XPD.CHEX.PP.CD,"Current health expenditure per capita, PPP (current international $)",2017,4470.11052488707,,,2
United Kingdom,GBR,SH.XPD.CHEX.PP.CD,"Current health expenditure per capita, PPP (current international $)",2016,4348.86937179224,,,2
United Kingdom,GBR,SH.XPD.CHEX.PP.CD,"Current health expenditure per capita, PPP (current international $)",2015,4225.91644790382,,,2
United States,USA,SH.XPD.CHEX.PP.CD,"Current health expenditure per capita, PPP (current international $)",2019,10550.2206945449,,,2
United States,USA,SH.XPD.CHEX.PP.CD,"Current health expenditure per capita, PPP (current international $)",2018,10180.4823229849,,,2
United States,USA,SH.XPD.CHEX.PP.CD,"Current health expenditure per capita, PPP (current international $)",2017,9822.60605528924,,,2
United States,USA,SH.XPD.CHEX.PP.CD,"Current health expenditure per capita, PPP (current international $)",2016,9535.60048808215,,,2
United States,USA,SH.XPD.CHEX.PP.CD,"Current health expenditure per capita, PPP (current international $)",2015,9200.93133248374,,,2
Uruguay,URY,SH.XPD.CHEX.PP.CD,"Current health expenditure per capita, PPP (current international $)",2019,2382.5011862554,,,2
Uruguay,URY,SH.XPD.CHEX.PP.CD,"Current health expenditure per capita, PPP (current international $)",2018,2170.42529748692,,,2
Uruguay,URY,SH.XPD.CHEX.PP.CD,"Current health expenditure per capita, PPP (current international $)",2017,2057.79634057803,,,2
Uruguay,URY,SH.XPD.CHEX.PP.CD,"Current health expenditure per capita, PPP (current international $)",2016,1973.08320128514,,,2
Uruguay,URY,SH.XPD.CHEX.PP.CD,"Current health expenditure per capita, PPP (current international $)",2015,1844.45287445441,,,2
Uzbekistan,UZB,SH.XPD.CHEX.PP.CD,"Current health expenditure per capita, PPP (current international $)",2019,413.124220570838,,,2
Uzbekistan,UZB,SH.XPD.CHEX.PP.CD,"Current health expenditure per capita, PPP (current international $)",2018,370.070955230189,,,2
Uzbekistan,UZB,SH.XPD.CHEX.PP.CD,"Current health expenditure per capita, PPP (current international $)",2017,336.869156219709,,,2
Uzbekistan,UZB,SH.XPD.CHEX.PP.CD,"Current health expenditure per capita, PPP (current international $)",2016,326.247841833681,,,2
Uzbekistan,UZB,SH.XPD.CHEX.PP.CD,"Current health expenditure per capita, PPP (current international $)",2015,322.025456246766,,,2
Vanuatu,VUT,SH.XPD.CHEX.PP.CD,"Current health expenditure per capita, PPP (current international $)",2019,115.886075074508,,,2
Vanuatu,VUT,SH.XPD.CHEX.PP.CD,"Current health expenditure per capita, PPP (current international $)",2018,111.228350635711,,,2
Vanuatu,VUT,SH.XPD.CHEX.PP.CD,"Current health expenditure per capita, PPP (current international $)",2017,90.6379342990143,,,2
Vanuatu,VUT,SH.XPD.CHEX.PP.CD,"Current health expenditure per capita, PPP (current international $)",2016,91.6090347466137,,,2
Vanuatu,VUT,SH.XPD.CHEX.PP.CD,"Current health expenditure per capita, PPP (current international $)",2015,124.431724580644,,,2
"Venezuela, RB",VEN,SH.XPD.CHEX.PP.CD,"Current health expenditure per capita, PPP (current international $)",2019,79.0201669439367,,,2
"Venezuela, RB",VEN,SH.XPD.CHEX.PP.CD,"Current health expenditure per capita, PPP (current international $)",2018,,,,2
"Venezuela, RB",VEN,SH.XPD.CHEX.PP.CD,"Current health expenditure per capita, PPP (current international $)",2017,,,,2
"Venezuela, RB",VEN,SH.XPD.CHEX.PP.CD,"Current health expenditure per capita, PPP (current international $)",2016,,,,2
"Venezuela, RB",VEN,SH.XPD.CHEX.PP.CD,"Current health expenditure per capita, PPP (current international $)",2015,,,,2
Viet Nam,VNM,SH.XPD.CHEX.PP.CD,"Current health expenditure per capita, PPP (current international $)",2019,548.604320121117,,,2
Viet Nam,VNM,SH.XPD.CHEX.PP.CD,"Current health expenditure per capita, PPP (current international $)",2018,503.180098442379,,,2
Viet Nam,VNM,SH.XPD.CHEX.PP.CD,"Current health expenditure per capita, PPP (current international $)",2017,457.583170691958,,,2
Viet Nam,VNM,SH.XPD.CHEX.PP.CD,"Current health expenditure per capita, PPP (current international $)",2016,407.834094831029,,,2
Viet Nam,VNM,SH.XPD.CHEX.PP.CD,"Current health expenditure per capita, PPP (current international $)",2015,361.439607536507,,,2
Virgin Islands (U.S.),VIR,SH.XPD.CHEX.PP.CD,"Current health expenditure per capita, PPP (current international $)",2019,,,,2
Virgin Islands (U.S.),VIR,SH.XPD.CHEX.PP.CD,"Current health expenditure per capita, PPP (current international $)",2018,,,,2
Virgin Islands (U.S.),VIR,SH.XPD.CHEX.PP.CD,"Current health expenditure per capita, PPP (current international $)",2017,,,,2
Virgin Islands (U.S.),VIR,SH.XPD.CHEX.PP.CD,"Current health expenditure per capita, PPP (current international $)",2016,,,,2
Virgin Islands (U.S.),VIR,SH.XPD.CHEX.PP.CD,"Current health expenditure per capita, PPP (current international $)",2015,,,,2
West Bank and Gaza,PSE,SH.XPD.CHEX.PP.CD,"Current health expenditure per capita, PPP (current international $)",2019,564.995186886873,,,2
West Bank and Gaza,PSE,SH.XPD.CHEX.PP.CD,"Current health expenditure per capita, PPP (current international $)",2018,565.376816612453,,,2
West Bank and Gaza,PSE,SH.XPD.CHEX.PP.CD,"Current health expenditure per capita, PPP (current international $)",2017,523.249404940482,,,2
West Bank and Gaza,PSE,SH.XPD.CHEX.PP.CD,"Current health expenditure per capita, PPP (current international $)",2016,514.542791976022,,,2
West Bank and Gaza,PSE,SH.XPD.CHEX.PP.CD,"Current health expenditure per capita, PPP (current international $)",2015,505.932246673966,,,2
"Yemen, Rep.",YEM,SH.XPD.CHEX.PP.CD,"Current health expenditure per capita, PPP (current international $)",2019,202.296642359338,,,2
"Yemen, Rep.",YEM,SH.XPD.CHEX.PP.CD,"Current health expenditure per capita, PPP (current international $)",2018,166.310950767992,,,2
"Yemen, Rep.",YEM,SH.XPD.CHEX.PP.CD,"Current health expenditure per capita, PPP (current international $)",2017,148.990257092829,,,2
"Yemen, Rep.",YEM,SH.XPD.CHEX.PP.CD,"Current health expenditure per capita, PPP (current international $)",2016,150.424616804221,,,2
"Yemen, Rep.",YEM,SH.XPD.CHEX.PP.CD,"Current health expenditure per capita, PPP (current international $)",2015,142.581345354991,,,2
Zambia,ZMB,SH.XPD.CHEX.PP.CD,"Current health expenditure per capita, PPP (current international $)",2019,227.006291136825,,,2
Zambia,ZMB,SH.XPD.CHEX.PP.CD,"Current health expenditure per capita, PPP (current international $)",2018,164.195587044866,,,2
Zambia,ZMB,SH.XPD.CHEX.PP.CD,"Current health expenditure per capita, PPP (current international $)",2017,162.172789641641,,,2
Zambia,ZMB,SH.XPD.CHEX.PP.CD,"Current health expenditure per capita, PPP (current international $)",2016,148.081336743733,,,2
Zambia,ZMB,SH.XPD.CHEX.PP.CD,"Current health expenditure per capita, PPP (current international $)",2015,147.84147758589,,,2
Zimbabwe,ZWE,SH.XPD.CHEX.PP.CD,"Current health expenditure per capita, PPP (current international $)",2019,89.9650704925146,,,2
Zimbabwe,ZWE,SH.XPD.CHEX.PP.CD,"Current health expenditure per capita, PPP (current international $)",2018,114.424872322475,,,2
Zimbabwe,ZWE,SH.XPD.CHEX.PP.CD,"Current health expenditure per capita, PPP (current international $)",2017,149.767935707889,,,2
Zimbabwe,ZWE,SH.XPD.CHEX.PP.CD,"Current health expenditure per capita, PPP (current international $)",2016,203.009155175829,,,2
Zimbabwe,ZWE,SH.XPD.CHEX.PP.CD,"Current health expenditure per capita, PPP (current international $)",2015,197.229218750743,,,2
