scheme,draw,alpha_capacity,alpha_preparedness,alpha_vulnerability,alpha_equity_access,profile_agreement_with_baseline,spearman_efficiency_vs_baseline,spearman_capacity_vs_baseline
dirichlet_moderate,0,0.36105110029313026,0.19986944906811463,0.1576065428972755,0.28147290774147976,0.9528301886792453,0.9833841348212711,0.9744766607048391
dirichlet_moderate,1,0.4377179623705482,0.30305920580175816,0.05414856121924411,0.20507427060844965,0.9433962264150944,0.9934705393354661,0.9482580547648437
dirichlet_moderate,2,0.22744296750180856,0.21788398544183596,0.43187826108117716,0.12279478597517829,0.9150943396226415,0.9763105524346929,0.9519157618963651
dirichlet_moderate,3,0.24641522373422237,0.22787379985104714,0.2693063542482386,0.2564046221664918,0.9339622641509434,0.9917273345592866,0.9522482807265032
dirichlet_moderate,4,0.2540775440622811,0.2604114523178599,0.2810436044467987,0.20446739917306014,0.9811320754716981,0.9945688591077412,0.9911227548681261
dirichlet_moderate,5,0.27715196202342957,0.19411825917843759,0.15349485293790988,0.37523492586022306,0.9811320754716981,0.9948308436405775,0.9849862710028465
dirichlet_moderate,6,0.27277658349242445,0.3320028332191513,0.19080537351231575,0.2044152097761085,0.9716981132075472,0.9936922185555583,0.9839987908406176
dirichlet_moderate,7,0.2588248403254091,0.3032334745828996,0.08521352751578282,0.3527281575759085,0.9716981132075472,0.9961306899765725,0.9789908557321712
dirichlet_moderate,8,0.24439734515644418,0.35300675916684204,0.20487510961016145,0.19772078606655238,0.9622641509433962,0.9829609290374588,0.9870317656246064
dirichlet_moderate,9,0.3277507845086911,0.08185922905302746,0.2893107506079044,0.30107923583037716,0.9622641509433962,0.9918684031538907,0.968723077310628
dirichlet_moderate,10,0.5159129306427782,0.1327026122784395,0.23798815158082431,0.1133963054979579,0.9339622641509434,0.9956873315363881,0.9427362269189107
dirichlet_moderate,11,0.09506176062346672,0.4612251056130874,0.25984212690343306,0.18387100686001281,0.9150943396226415,0.9842607753734539,0.8855631407914956
dirichlet_moderate,12,0.17800986202385283,0.13354870308676384,0.4971958861644977,0.19124554872488564,0.9245283018867925,0.993138020505328,0.9358843237524247
dirichlet_moderate,13,0.1942712843554194,0.324435189035608,0.119016616308753,0.3622769103002195,0.9622641509433962,0.9907499307252438,0.9571252235685317
dirichlet_moderate,14,0.3290017858638111,0.29053250038737205,0.19606955051061714,0.1843961632381998,0.9056603773584906,0.9887648940726,0.923913645867446
dirichlet_moderate,15,0.2711650925781928,0.34893830149285027,0.22407572089101885,0.1558208850379381,0.9622641509433962,0.9817013880142076,0.9748192558631635
dirichlet_moderate,16,0.2064828335674921,0.4563648658325722,0.13495133513745627,0.20220096546247945,0.9528301886792453,0.9852281028793108,0.9755044461798121
dirichlet_moderate,17,0.40032303317174595,0.25879700144595635,0.20052419961824913,0.14035576576404843,0.9245283018867925,0.9727133032722877,0.9703151371640175
dirichlet_moderate,18,0.29101806259814555,0.2984149088207129,0.14863467001893627,0.2619323585622053,0.9433962264150944,0.9863768042925158,0.9689951381716503
dirichlet_moderate,19,0.2816564017417282,0.32544029459511736,0.20444661710925005,0.18845668655390452,0.9433962264150944,0.9899942061112931,0.9853893241302869
dirichlet_moderate,20,0.27627378501785355,0.2167081600116896,0.3148772036450952,0.1921408513253616,0.9622641509433962,0.9940851953548127,0.9841096304506639
dirichlet_moderate,21,0.23860891752643054,0.18995801600269446,0.24871445213788507,0.32271861433298976,0.9716981132075472,0.9937929818374184,0.9718971206892209
dirichlet_moderate,22,0.14068999217362002,0.2194827916891451,0.2828822025970706,0.3569450135401643,0.9339622641509434,0.9805526866010026,0.932911806937552
dirichlet_moderate,23,0.4128406614272002,0.1468542296594231,0.18106480261196145,0.25924030630141537,0.9339622641509434,0.9877975665667431,0.9738519283573067
dirichlet_moderate,24,0.18997028582873823,0.26236899475586317,0.17313989867763893,0.3745208207377597,0.9811320754716981,0.9925032118296093,0.9850568053001486
dirichlet_moderate,25,0.2041542915961183,0.12327990292084114,0.19322460718033568,0.47934119830270494,0.9716981132075472,0.9747890268786055,0.9312693654432325
dirichlet_moderate,26,0.07648465271202286,0.3003280199873944,0.1818542918086733,0.4413330354919095,0.9339622641509434,0.9725823110058694,0.8597072826661964
dirichlet_moderate,27,0.31520127930694275,0.2713655585939351,0.2176383290952979,0.19579483300382433,0.9622641509433962,0.9937123712119303,0.9807139078519788
dirichlet_moderate,28,0.08621632455965586,0.2729490237844405,0.17748221616295518,0.4633524354929483,0.7075471698113207,0.9812983348867673,0.4339723404791294
dirichlet_moderate,29,0.3164979410752015,0.22809864053031176,0.2131001209924768,0.24230329740200995,0.9528301886792453,0.9891175655591103,0.9844623019371741
dirichlet_moderate,30,0.24727825612734272,0.08411315084589983,0.3531580476870403,0.31545054533971717,0.9339622641509434,0.9864674912461898,0.9540217144872409
dirichlet_moderate,31,0.3058885373556418,0.18545809485201345,0.29685497634387187,0.2117983914484728,0.9433962264150944,0.9946293170768571,0.950837594780462
dirichlet_moderate,32,0.21527740409744794,0.3442717357809162,0.21372711561850305,0.2267237445031327,0.9905660377358491,0.9948812252815075,0.9804720759755146
dirichlet_moderate,33,0.3671377559586926,0.22352306384690085,0.1558248185113909,0.25351436168301567,0.9339622641509434,0.9889160389953902,0.9578809481824823
dirichlet_moderate,34,0.2578826715452273,0.15001368444564656,0.24002931174673425,0.35207433226239176,0.9433962264150944,0.9863163463233998,0.9767942161876213
dirichlet_moderate,35,0.33743748441136656,0.14813074743946222,0.18452734976799112,0.32990441838118006,0.9622641509433962,0.9855606217094491,0.9833639821648992
dirichlet_moderate,36,0.1573313037363726,0.17243381104317362,0.42290044006659167,0.24733444515386216,0.8867924528301887,0.9879184825049752,0.9148449505000378
dirichlet_moderate,37,0.5167321030654716,0.10033600342671516,0.2817780124339879,0.10115388107382525,0.9245283018867925,0.9895710003274806,0.9219689145275461
dirichlet_moderate,38,0.3707261782530842,0.13493824037559912,0.12523419542103748,0.3691013859502793,0.9528301886792453,0.9889966496208782,0.9709600221679221
dirichlet_moderate,39,0.26833147274938285,0.29031200304919585,0.2101706095114037,0.23118591469001756,0.9622641509433962,0.9901957326750133,0.9756253621180442
dirichlet_moderate,40,0.22895008049468052,0.332560841545546,0.24957049935941517,0.18891857860035838,0.9622641509433962,0.9959090107564803,0.9759175756354386
dirichlet_moderate,41,0.23154962026614465,0.17115655997233545,0.27699905352996396,0.32029476623155595,0.9150943396226415,0.9591606418621054,0.9458800413129457
dirichlet_moderate,42,0.18013091689286953,0.2118560438583085,0.46336955339976166,0.14464348584906014,0.9150943396226415,0.9848653550646144,0.9307857016903041
dirichlet_moderate,43,0.352388465416971,0.15604505923065412,0.2593583354445348,0.23220813990784012,0.9433962264150944,0.9865884071844221,0.9555835453560722
dirichlet_moderate,44,0.25469506004212084,0.2397970614336084,0.2634041109378329,0.24210376758643795,0.9716981132075472,0.9951432098143436,0.9797062750333778
dirichlet_moderate,45,0.24459707881431672,0.2891946707028959,0.27362075697344995,0.1925874935093374,0.9811320754716981,0.9925535934705393,0.9879890168022772
dirichlet_moderate,46,0.2123157008981008,0.26052924756239426,0.3786985923691963,0.1484564591703088,0.9716981132075472,0.9939642794165806,0.9781948258054765
dirichlet_moderate,47,0.38768714896761874,0.3318216424033881,0.14251325228575548,0.1379779563432379,0.9622641509433962,0.9893997027483186,0.9302315036400735
dirichlet_moderate,48,0.16009340829190652,0.32682413599962457,0.33904947967758264,0.17403297603088627,0.8018867924528302,0.9696299468473689,0.6452930951961106
dirichlet_moderate,49,0.34112648879716945,0.3090167618476753,0.1304074536165019,0.2194492957386533,0.9811320754716981,0.9927148147215156,0.9727435322568457
dirichlet_moderate,50,0.22911298593773932,0.28536967002399394,0.35139194717369343,0.13412539686457348,0.9433962264150944,0.9873642844547447,0.9732473486661459
dirichlet_moderate,51,0.1748830801644595,0.2980333538048999,0.356335343723824,0.17074822230681652,0.9528301886792453,0.993339547069048,0.9317530291961609
dirichlet_moderate,52,0.20229385692962362,0.4960362748687979,0.10289250368958437,0.1987773645119939,0.9528301886792453,0.9895911529838527,0.9680378869939794
dirichlet_moderate,53,0.2103612145494722,0.3238276618487511,0.10251929755484938,0.36329182604692717,0.9622641509433962,0.9828803184119708,0.9668287276116583
dirichlet_moderate,54,0.11925639452076885,0.16253890723170666,0.303000004997572,0.41520469324995257,0.9433962264150944,0.9804922286318866,0.9445398896642063
dirichlet_moderate,55,0.15454197313254664,0.3292591202603929,0.23451201175970415,0.2816868948473564,0.9339622641509434,0.9840995541224777,0.9807038315237928
dirichlet_moderate,56,0.15765182245293083,0.27373572076512703,0.4099499102504291,0.15866254653151307,0.9528301886792453,0.9880998564123233,0.9526916391666878
dirichlet_moderate,57,0.21128592036411073,0.3208611359190066,0.20977823061985906,0.2580747130970235,0.9245283018867925,0.9838879512305716,0.9199133435776004
dirichlet_moderate,58,0.257208336500748,0.11422737612208926,0.23354559514008277,0.3950186922370801,0.9811320754716981,0.9920497770612389,0.9772174219714336
dirichlet_moderate,59,0.23450755214668173,0.18798341031704682,0.3101846932482656,0.26732434428800583,0.9528301886792453,0.9934806156636522,0.9455273698264354
dirichlet_moderate,60,0.06801821703811381,0.20488914642725936,0.24831962408475244,0.47877301244987436,0.8018867924528302,0.9762198654810187,0.5792226112804495
dirichlet_moderate,61,0.28989887126271663,0.18441622849696596,0.3542881926716675,0.17139670756864986,0.9339622641509434,0.9825377232536463,0.93738569665214
dirichlet_moderate,62,0.21104673236279015,0.2363294319248003,0.15952601028554325,0.3930978254268664,0.9433962264150944,0.9789908557321712,0.9422827921505403
dirichlet_moderate,63,0.09738441806542537,0.4141696340087446,0.2471292625186998,0.24131668540713017,0.9150943396226415,0.9905987858024536,0.8989747336070736
dirichlet_moderate,64,0.20656430604567785,0.1011032780000252,0.4295920571604706,0.2627403587938264,0.8773584905660378,0.9630601808700909,0.7683955966445828
dirichlet_moderate,65,0.09817941478481731,0.3184586383022849,0.18925452298787573,0.3941074239250221,0.9622641509433962,0.9732977303070761,0.949739275008187
dirichlet_moderate,66,0.16752221536924022,0.3745586227397938,0.2002348276509477,0.2576843342400183,0.9716981132075472,0.9895911529838527,0.9773584905660377
dirichlet_moderate,67,0.45704801243051396,0.3066584308617693,0.12064476947346803,0.1156487872342488,0.9433962264150944,0.9904476408796634,0.949618359069955
dirichlet_moderate,68,0.2905446027292536,0.3198957638377182,0.2071647693890173,0.18239486404401095,0.9716981132075472,0.9879688641459052,0.964319721893342
dirichlet_moderate,69,0.14133865396144007,0.34650849136277007,0.3411359139167257,0.17101694075906426,0.9528301886792453,0.9922513036249592,0.9707887245887599
dirichlet_moderate,70,0.40002840094639447,0.2016518437554167,0.2723259332210625,0.12599382207712634,0.9056603773584906,0.9768849031412954,0.9311786784895585
dirichlet_moderate,71,0.24740740791279087,0.17979649151174756,0.3909365438054591,0.18185955677000248,0.9245283018867925,0.9936922185555583,0.9242360883693982
dirichlet_moderate,72,0.16930515804015547,0.28694197850748787,0.39570784157270184,0.14804502187965496,0.9622641509433962,0.9925334408141673,0.972128876237499
dirichlet_moderate,73,0.14083226626585385,0.30322429461151656,0.1685991189126238,0.38734432021000575,0.9339622641509434,0.9791923822958913,0.9376980628259063
dirichlet_moderate,74,0.23254956342821606,0.4284856008916766,0.1113617349095736,0.2276031007705338,0.9905660377358491,0.9923419905786333,0.9767236818903191
dirichlet_moderate,75,0.20042061261614938,0.2695459848923959,0.40083882245426267,0.12919458003719198,0.9245283018867925,0.9899539007985491,0.9510391213441822
dirichlet_moderate,76,0.288806889655287,0.2876922077082903,0.25908379346512367,0.1644171091712991,0.9622641509433962,0.9913444340882183,0.9818626092651839
dirichlet_moderate,77,0.4363552081570129,0.37323626852024266,0.04551945242881514,0.14488907089392936,0.8867924528301887,0.9727838375695896,0.9108950298511223
dirichlet_moderate,78,0.23000203186725046,0.22644918173069553,0.24486797536829968,0.29868081103375427,0.9811320754716981,0.9963926745094088,0.9941053480111848
dirichlet_moderate,79,0.19073576617482857,0.21391537122959367,0.16217796839165766,0.4331708942039201,0.9339622641509434,0.9719071970174068,0.939804015416782
dirichlet_moderate,80,0.20998846329820664,0.4196949927240778,0.24527238021028225,0.1250441637674333,0.9528301886792453,0.9903569539259893,0.9772879562687357
dirichlet_moderate,81,0.33307888280592163,0.3095162448720729,0.2049475014075321,0.15245737091447348,0.9622641509433962,0.9824470362999722,0.9659722397158474
dirichlet_moderate,82,0.1980982277742834,0.15292317746166384,0.37985712528648713,0.2691214694775656,0.9245283018867925,0.9934705393354661,0.9537194246416606
dirichlet_moderate,83,0.232128826739407,0.3638888918391307,0.1277109875860173,0.27627129383544524,0.9811320754716981,0.9872735975010706,0.9896314582965968
dirichlet_moderate,84,0.20647684725465648,0.3512650323217786,0.1388200540244307,0.30343806639913434,0.9433962264150944,0.984331309670756,0.9672519333954707
dirichlet_moderate,85,0.26597024925328405,0.1798628307288108,0.26353634074949384,0.2906305792684114,0.9716981132075472,0.9918280978411467,0.9867697810917702
dirichlet_moderate,86,0.3131489049715197,0.06537274718936875,0.07321128222377438,0.5482670656153373,0.9056603773584906,0.9803511600372824,0.9030657228505933
dirichlet_moderate,87,0.31708586278184936,0.2744647116367218,0.199810816454581,0.20863860912684773,0.9433962264150944,0.9840491724815477,0.9670806358163084
dirichlet_moderate,88,0.27763222667010884,0.1514989706869523,0.28415213122480804,0.28671667141813084,0.9528301886792453,0.9935309973045822,0.9831120739602489
dirichlet_moderate,89,0.14373466245813524,0.2967277365829103,0.39408123478179136,0.16545636617716317,0.839622641509434,0.9797768093306799,0.7582890394740156
dirichlet_moderate,90,0.38343354664775675,0.1763485058609069,0.21802373726284588,0.22219421022849037,0.9245283018867925,0.9933697760536061,0.957397284429554
dirichlet_moderate,91,0.41814406069584087,0.16546555998181126,0.20755265461878647,0.20883772470356143,0.9245283018867925,0.9867597047635841,0.9684107111368617
dirichlet_moderate,92,0.1814289912878184,0.2545659772317442,0.34414362705228185,0.21986140442815563,0.9433962264150944,0.9914552736982644,0.9778320779907801
dirichlet_moderate,93,0.19861072460864446,0.27433149387911043,0.3002969780177007,0.22676080349454433,0.9622641509433962,0.9942464166057889,0.9603597249162406
dirichlet_moderate,94,0.07244654415444664,0.11863982435217889,0.3701420187893355,0.43877161270403897,0.9528301886792453,0.9824873416127163,0.8763433005012973
dirichlet_moderate,95,0.23036141800069504,0.26400826505149105,0.37977820677435326,0.12585211017346065,0.9339622641509434,0.9848452024082426,0.9705468927122957
dirichlet_moderate,96,0.1770367996732173,0.14726394686535538,0.3037771118442165,0.3719221416172107,0.9622641509433962,0.9914754263546364,0.9777212383807341
dirichlet_moderate,97,0.24169042200916965,0.2486615651744647,0.29531710221244206,0.21433091060392365,0.9150943396226415,0.9769252084540394,0.9103206791445196
dirichlet_moderate,98,0.16637903244154326,0.2886309297590439,0.36850168657572113,0.17648835122369178,0.9622641509433962,0.9946494697332292,0.970879411542434
dirichlet_moderate,99,0.15789759256102268,0.29602649372117307,0.3168933431145004,0.2291825706033038,0.9716981132075472,0.9908003123661737,0.9695694888782528
dirichlet_moderate,100,0.27770852913316574,0.18439918512725256,0.20251764289173904,0.3353746428478428,0.8962264150943396,0.972128876237499,0.9658210947930573
dirichlet_moderate,101,0.23227783194219873,0.3238192669503155,0.3655940483173272,0.0783088527901584,0.9528301886792453,0.9894601607174346,0.9499911832128373
dirichlet_moderate,102,0.20670077708440407,0.22344491224307222,0.25562193151741763,0.3142323791551061,0.9716981132075472,0.9828803184119708,0.9724412424112654
dirichlet_moderate,103,0.3042859347304921,0.32500846578943177,0.18452072956608126,0.1861848699139948,0.9622641509433962,0.9924125248759351,0.9780739098672443
dirichlet_moderate,104,0.17825164219233006,0.200225628740277,0.2802122977748482,0.34131043129254485,0.9905660377358491,0.9905181751769656,0.9647832329898984
dirichlet_moderate,105,0.26899787594640223,0.257421556051236,0.288275009589739,0.1853055584126226,0.9811320754716981,0.991032067914452,0.982033906844346
dirichlet_moderate,106,0.30841251039950457,0.22549338859123147,0.3387357345367691,0.12735836647249493,0.8584905660377359,0.9644607904879461,0.8806358163085372
dirichlet_moderate,107,0.5375634000302643,0.17696904815280642,0.07651648521301517,0.208951066603914,0.9716981132075472,0.9879285588331613,0.95296370002771
dirichlet_moderate,108,0.2971856640586093,0.2677753475822157,0.17412443692318158,0.26091455143599346,0.9622641509433962,0.9919792427639369,0.9747285689094893
dirichlet_moderate,109,0.23435346425761708,0.15914772062058938,0.38029802880881086,0.22620078631298263,0.9339622641509434,0.9864171096052599,0.9686726956696979
dirichlet_moderate,110,0.3493538264695671,0.2557000515076049,0.2629011253316471,0.132044996691181,0.9622641509433962,0.9913444340882183,0.9670101015190066
dirichlet_moderate,111,0.4074840719323385,0.09904398559388503,0.12523293675750505,0.3682390057162714,0.9339622641509434,0.9850668816283347,0.9606519384336348
dirichlet_moderate,112,0.09008419935599056,0.30170513901817775,0.4231325649091464,0.18507809671668526,0.9245283018867925,0.9906793964279416,0.8629317076857194
dirichlet_moderate,113,0.21451577119635423,0.33710346116291684,0.14104906880117357,0.3073316988395553,0.9811320754716981,0.9923319142504471,0.9740232259364687
dirichlet_moderate,114,0.16652123130675,0.37052406111739644,0.31706967982877804,0.14588502774707549,0.9245283018867925,0.9873038264856286,0.9199133435776004
dirichlet_moderate,115,0.12283913682840049,0.24740905230616111,0.3909281986982084,0.23882361216722994,0.9150943396226415,0.9925838224550974,0.8841121495327103
dirichlet_moderate,116,0.34366781460339174,0.17240694652402533,0.24559989857270959,0.23832534029987348,0.9622641509433962,0.9939743557447667,0.9760082625891126
dirichlet_moderate,117,0.41744198264661725,0.20477252302384646,0.14625678233548337,0.23152871199405278,0.9716981132075472,0.9782552837745925,0.9794644431569136
dirichlet_moderate,118,0.23389475395573578,0.3064665024971728,0.14825236755999252,0.3113863759870989,0.9716981132075472,0.9912940524472882,0.9803310073809104
dirichlet_moderate,119,0.1801118570163894,0.27855232430992755,0.2699376124272087,0.2713982062464744,0.9433962264150944,0.9914955790110084,0.9517041590044588
dirichlet_moderate,120,0.3132821423463947,0.1427155782186468,0.33673141697796694,0.2072708624569916,0.9433962264150944,0.9943774088722069,0.9624757538353025
dirichlet_moderate,121,0.1417457648281,0.33003358351488526,0.24972478506649123,0.27849586659052344,0.9905660377358491,0.9929163412852356,0.9785172683074288
dirichlet_moderate,122,0.12299575234080035,0.24817387744625863,0.381016772839825,0.247813597373116,0.9150943396226415,0.9824470362999722,0.8597375116507545
dirichlet_moderate,123,0.18897624254544057,0.379291045761624,0.23469875221173198,0.19703395948120345,0.9245283018867925,0.9845630652190341,0.9646824697080384
dirichlet_moderate,124,0.23756512908099914,0.47322067093797615,0.17581241425760138,0.11340178572342344,0.9433962264150944,0.992160616671285,0.9457389727183414
dirichlet_moderate,125,0.34050288863796346,0.1832739944331634,0.08979897490757222,0.38642414202130115,0.9528301886792453,0.9864271859334459,0.960853464997355
dirichlet_moderate,126,0.22909103304636574,0.13534154033455442,0.23189373689612328,0.4036736897229564,0.9622641509433962,0.9786079552611029,0.9593621684258257
dirichlet_moderate,127,0.26670738152584283,0.1602200142951741,0.3816364147167992,0.19143618946218377,0.9528301886792453,0.9906491674433837,0.9719575786583369
dirichlet_moderate,128,0.39877324757704835,0.11205878452760519,0.31693444038283897,0.1722335275125075,0.8962264150943396,0.9820036778597879,0.9369524145401416
dirichlet_moderate,129,0.2729104549603594,0.24843429967435066,0.3090702284015277,0.16958501696376227,0.9245283018867925,0.9736504017935864,0.9661636899513817
dirichlet_moderate,130,0.3191963387225605,0.38998845131631893,0.07193701171377477,0.2188781982473458,0.9622641509433962,0.9868806207018163,0.9693981912990907
dirichlet_moderate,131,0.16655399577880708,0.23187648387425125,0.10684237739862404,0.49472714294831766,0.9622641509433962,0.9792830692495655,0.9707181902914579
dirichlet_moderate,132,0.21901699532974922,0.35216564798147065,0.2997514369368616,0.12906591975191858,0.9528301886792453,0.9904274882232914,0.9754540645388821
dirichlet_moderate,133,0.2846538028020445,0.15605228603837867,0.10747848701958722,0.4518154241399895,0.9811320754716981,0.9950424465324835,0.9825780285663904
dirichlet_moderate,134,0.2409977782190747,0.3201473747708147,0.24335633723082187,0.19549850977928865,0.9528301886792453,0.985419553114845,0.986558178199864
dirichlet_moderate,135,0.15827347914669257,0.3065344739430257,0.31575970291859523,0.2194323439916866,0.9716981132075472,0.9910018389298939,0.9694586492682067
dirichlet_moderate,136,0.08226214425491706,0.32748725778018106,0.2473007365720737,0.34294986139282835,0.9622641509433962,0.9924528301886792,0.8854220721968915
dirichlet_moderate,137,0.2811896564039726,0.20308090077548066,0.28716740801445545,0.22856203480609122,0.9433962264150944,0.9781041388518024,0.9263521172884601
dirichlet_moderate,138,0.2083946562256479,0.12975770905780254,0.43581401135146,0.22603362336508967,0.9150943396226415,0.9707484192760159,0.8697030002267173
dirichlet_moderate,139,0.16326134234931236,0.37155915518201393,0.1584330540512214,0.3067464484174523,0.9622641509433962,0.992140464014913,0.9825780285663904
dirichlet_moderate,140,0.21214219629889638,0.19762910493569383,0.30330706856456086,0.28692163020084893,0.9811320754716981,0.9936216842582563,0.9826888681764365
dirichlet_moderate,141,0.5158463616368694,0.18842179130847478,0.11772815017516534,0.17800369687949055,0.9433962264150944,0.986497720230748,0.9491850769579565
dirichlet_moderate,142,0.16794935196351496,0.07620972087029572,0.299538462197,0.45630246496918936,0.9245283018867925,0.9630803335264629,0.9348968435901958
dirichlet_moderate,143,0.17901142380179183,0.3647784289802849,0.3094312455775684,0.1467789016403548,0.839622641509434,0.9660528503413357,0.8320880671083457
dirichlet_moderate,144,0.22637832070280658,0.11919979507550067,0.31211494245934635,0.34230694176234644,0.9622641509433962,0.9927047383933294,0.9646925460362246
dirichlet_moderate,145,0.32963062340320265,0.07380830991606421,0.19931632543993494,0.39724474124079817,0.9245283018867925,0.9874247424238608,0.9486611078922841
dirichlet_moderate,146,0.17121508008332278,0.2588185087546811,0.38810774074706206,0.18185867041493411,0.9245283018867925,0.9939038214474646,0.9417789757412399
dirichlet_moderate,147,0.19870415307251524,0.11766701500033336,0.3762188847718146,0.30740994715533687,0.9528301886792453,0.9952742020807617,0.9542534700355191
dirichlet_moderate,148,0.04654083794987701,0.2561425074557164,0.31328257196150483,0.38403408263290173,0.9433962264150944,0.9812882585585812,0.8860871098571682
dirichlet_moderate,149,0.18030217723289862,0.2957427002583135,0.26721398214731734,0.25674114036147067,0.9811320754716981,0.9859435221805175,0.9825679522382044
dirichlet_moderate,150,0.4053194536082048,0.22697386245363088,0.14303580046518943,0.22467088347297479,0.9056603773584906,0.9802705494117944,0.92620097236567
dirichlet_moderate,151,0.2896133817809334,0.2376980418336885,0.2394337348000857,0.2332548415852924,0.9528301886792453,0.9915056553391944,0.9511197319696701
dirichlet_moderate,152,0.42438564078208607,0.11329224388346709,0.13114735666506575,0.33117475866938106,0.9528301886792453,0.9793334508904955,0.9695291835655089
dirichlet_moderate,153,0.15959187134949862,0.32820272986282056,0.15583435831042225,0.35637104047725865,0.9811320754716981,0.9871325289064664,0.9438043177066278
dirichlet_moderate,154,0.35980335432306576,0.17248554543082031,0.14555188239979208,0.32215921784632173,0.9339622641509434,0.9865682545280501,0.9391893593974356
dirichlet_moderate,155,0.3742027037545559,0.22312036786102102,0.28527547767935724,0.11740145070506586,0.9433962264150944,0.9929364939416078,0.9633322417311132
dirichlet_moderate,156,0.2236551108496104,0.18829243995738423,0.4039787118572157,0.18407373733578958,0.8867924528301887,0.9859838274932614,0.8929087840390961
dirichlet_moderate,157,0.4083413904385113,0.22713240705954782,0.2578701243116586,0.1066560781902823,0.9245283018867925,0.9818021512960676,0.9382623372043227
dirichlet_moderate,158,0.22700656237959652,0.3086637222558149,0.12860973806134887,0.33571997730323966,0.9150943396226415,0.9846033705317783,0.9337279895206186
dirichlet_moderate,159,0.25341191399702967,0.3205501048362088,0.2653264459171635,0.16071153524959814,0.9339622641509434,0.9871123762500945,0.9781948258054765
dirichlet_moderate,160,0.10182777017973284,0.17513863222156242,0.3593497396293027,0.36368385796940195,0.9811320754716981,0.9931682494898859,0.9446708819306245
dirichlet_moderate,161,0.28340633700266754,0.3618692112226161,0.27774599925383553,0.0769784525208808,0.9150943396226415,0.9822253570798801,0.9511701136106003
dirichlet_moderate,162,0.24071011167373388,0.4822108496180873,0.1534226886982258,0.12365635000995294,0.9433962264150944,0.9755951331334862,0.9714134569362924
dirichlet_moderate,163,0.42258160892411917,0.3478883249466566,0.12470532144889072,0.1048247446803334,0.9433962264150944,0.993319394412676,0.9548681260548656
dirichlet_moderate,164,0.23122477555335236,0.22160638702032398,0.19953792991164165,0.34763090751468195,0.9245283018867925,0.9913343577600323,0.9550696526185857
dirichlet_moderate,165,0.23319184558823014,0.17248645156476802,0.2509253504152901,0.3433963524317117,0.9245283018867925,0.9623649142252563,0.9368012696173514
dirichlet_moderate,166,0.19562808679000196,0.2772004561965527,0.28310231913036316,0.24406913788308207,0.9528301886792453,0.9881200090686953,0.9772778799405497
dirichlet_moderate,167,0.17040360104528873,0.2812169241192845,0.28625377007402314,0.26212570476140357,0.8962264150943396,0.9524296546338514,0.8477668337657759
dirichlet_moderate,168,0.3287387334423789,0.26496421227052863,0.09603222109134736,0.31026483319574527,0.9716981132075472,0.9930070282389099,0.967413154646447
dirichlet_moderate,169,0.4195480420138268,0.12752871474115757,0.1922971571499715,0.2606260860950443,0.9622641509433962,0.9930271808952816,0.9677557498047712
dirichlet_moderate,170,0.1411223434317873,0.44302630398986004,0.15385987315200328,0.26199147942634926,0.9622641509433962,0.9846033705317783,0.9694989545809507
dirichlet_moderate,171,0.22737225150713158,0.2734383869647769,0.35161775977919174,0.14757160174889997,0.9339622641509434,0.9836965009950375,0.9477139330427992
dirichlet_moderate,172,0.4140001685432848,0.32679490161520824,0.16780067799909557,0.09140425184241138,0.9245283018867925,0.9923117615940751,0.9444592790387183
dirichlet_moderate,173,0.15819475776709632,0.21932150207052317,0.3376515573151737,0.2848321828472069,0.9811320754716981,0.9919490137793788,0.9877975665667431
dirichlet_moderate,174,0.4899595980140892,0.16456449880934065,0.09535100917238148,0.2501248940041885,0.9433962264150944,0.9834949744313173,0.9492153059425146
dirichlet_moderate,175,0.20811089577714834,0.27555289509280984,0.3761692510069519,0.14016695812308982,0.9528301886792453,0.9920497770612389,0.9754641408670681
dirichlet_moderate,176,0.27060015761666917,0.18411228634131757,0.11624477998536101,0.42904277605665225,0.9811320754716981,0.9893795500919464,0.9659319344031035
dirichlet_moderate,177,0.2283025949427712,0.3469522530465857,0.18882746635692474,0.23591768565371835,0.9339622641509434,0.9914451973700783,0.9769453611104114
dirichlet_moderate,178,0.26949140798597115,0.3156752530945847,0.20311982655243974,0.21171351236700434,0.9433962264150944,0.9859032168677735,0.9835453560722472
dirichlet_moderate,179,0.16318438661650034,0.35809466155053876,0.24379076628707205,0.23493018554588896,0.9433962264150944,0.9894299317328766,0.9639972793913897
dirichlet_moderate,180,0.1647978607940239,0.260622330376107,0.3651114949524595,0.20946831387740963,0.8867924528301887,0.9908809229916619,0.8743179585359095
dirichlet_moderate,181,0.2617255874256948,0.30617210842163656,0.21917125232789905,0.2129310518247696,0.9622641509433962,0.9919389374511928,0.970879411542434
dirichlet_moderate,182,0.2555333015393069,0.2643379876809405,0.21484910211779717,0.2652796086619554,0.9716981132075472,0.9879688641459052,0.9712925409980603
dirichlet_moderate,183,0.20433481545526044,0.33107229373015223,0.21021068517630143,0.2543822056382859,0.9339622641509434,0.9722598685039171,0.9708995641988059
dirichlet_moderate,184,0.24330000504695326,0.18547508654061795,0.3865824056114946,0.18464250280093425,0.9622641509433962,0.9915560369801245,0.9707786482605738
dirichlet_moderate,185,0.3988609274507444,0.15450397303895533,0.21727568176019768,0.22935941775010257,0.9622641509433962,0.9845227599062902,0.9678464367584452
dirichlet_moderate,186,0.10637980123514676,0.28359857596766247,0.40656538085452226,0.2034562419426686,0.9433962264150944,0.9868806207018163,0.936136231957075
dirichlet_moderate,187,0.29791763491878387,0.21840411635393667,0.1926875814337029,0.29099066729357664,0.9622641509433962,0.9876262689875809,0.9796760460488197
dirichlet_moderate,188,0.2872273436512112,0.20976997267910755,0.18257174528660342,0.3204309383830779,0.9339622641509434,0.979736504017936,0.9763609340756229
dirichlet_moderate,189,0.23375884875163513,0.32768493254467496,0.2927368360409204,0.1458193826627694,0.9528301886792453,0.9908305413507318,0.9767942161876213
dirichlet_moderate,190,0.11430684558427562,0.3401778054653189,0.30872406725491996,0.23679128169548547,0.9528301886792453,0.9826989445046226,0.9659017054185456
dirichlet_moderate,191,0.23116627830607886,0.18136384235064812,0.5062261594657795,0.08124371987749346,0.8867924528301887,0.9909010756480339,0.8981081693830768
dirichlet_moderate,192,0.27173862508021257,0.18927239897614503,0.37278489128751513,0.16620408465612735,0.9150943396226415,0.9803612363654685,0.9530846159659421
dirichlet_moderate,193,0.2548977788887338,0.217802344827939,0.19779214617279547,0.3295077301105316,0.9716981132075472,0.9881300853968814,0.987737108597627
dirichlet_moderate,194,0.14904087453240772,0.2930840246174596,0.18515091212247983,0.372724188727653,0.9528301886792453,0.9918079451847747,0.9535884323752424
dirichlet_moderate,195,0.31206393215258516,0.24480000550240202,0.11972338339972194,0.323412678945291,0.9716981132075472,0.9922210746404011,0.9757160490717182
dirichlet_moderate,196,0.13459256818320425,0.18246398105753325,0.3929505963709462,0.2899928543883163,0.9622641509433962,0.9894903897019927,0.9587273597501071
dirichlet_moderate,197,0.36342440399725606,0.19015885024173954,0.33608666127273573,0.11033008448826873,0.9716981132075472,0.9950625991888556,0.9762500944655768
dirichlet_moderate,198,0.17309535254659303,0.32415559126481874,0.3248656103782878,0.1778834458103003,0.9150943396226415,0.986578330856236,0.9528528604176638
dirichlet_moderate,199,0.26353319894127275,0.22617864534774784,0.24613588885456258,0.26415226685641674,0.9528301886792453,0.9892787868100864,0.9737209360908886
dirichlet_moderate,200,0.24458874019346782,0.32155634855174176,0.1657381096332959,0.2681168016214944,0.9811320754716981,0.9951532861425297,0.9829206237247148
dirichlet_moderate,201,0.2837628716091189,0.15441632130422175,0.2522646174012375,0.3095561896854217,0.9433962264150944,0.9829911580220168,0.9727435322568457
dirichlet_moderate,202,0.24997787476371133,0.3069249596444956,0.2302393218870897,0.21285784370470323,0.9716981132075472,0.9880091694586493,0.9640577373605059
dirichlet_moderate,203,0.3794800793897611,0.23304601281154516,0.22428741199644806,0.16318649580224573,0.9528301886792453,0.9914552736982644,0.9798171146434239
dirichlet_moderate,204,0.22364006498171005,0.2666916113133516,0.3135951989861124,0.19607312471882596,0.9528301886792453,0.9937426001964884,0.9734690278862382
dirichlet_moderate,205,0.43120956454255494,0.15210297352817947,0.21344474828207222,0.2032427136471933,0.9433962264150944,0.9840290198251758,0.9623246089125124
dirichlet_moderate,206,0.37683519298866475,0.2565010303086873,0.14748488637190743,0.21917889033074056,0.9528301886792453,0.9942867219185328,0.969912084036577
dirichlet_moderate,207,0.38084986977185137,0.3580117862552203,0.06113202556817684,0.20000631840475144,0.9716981132075472,0.9940549663702547,0.9704259767740635
dirichlet_moderate,208,0.33764071908643056,0.3144515864031808,0.14701253137649292,0.20089516313389583,0.9622641509433962,0.9871728342192105,0.9768949794694813
dirichlet_moderate,209,0.1146122377295861,0.3510163373094802,0.31740566712523155,0.21696575783570218,0.9433962264150944,0.9915661133083105,0.9448421795097867
dirichlet_moderate,210,0.39703991609615097,0.3882159362520579,0.11684141312382874,0.09790273452796243,0.9339622641509434,0.986527949215306,0.9629795702446028
dirichlet_moderate,211,0.19990229000925938,0.248068674026036,0.34543136640122846,0.20659766956347617,0.9716981132075472,0.9838476459178276,0.9739023099982367
dirichlet_moderate,212,0.22699536868363224,0.2819994114040984,0.17114498974734638,0.31986023016492293,0.9622641509433962,0.9852180265511249,0.9824470362999722
dirichlet_moderate,213,0.4060019353784813,0.21563748228136526,0.24078354220294512,0.1375770401372084,0.9245283018867925,0.9860039801496335,0.9484998866413079
dirichlet_moderate,214,0.29875977086972677,0.41418260616445235,0.11115037794447866,0.1759072450213421,0.9716981132075472,0.9835554324004333,0.9704058241176915
dirichlet_moderate,215,0.2721106585135098,0.34394247221057883,0.20231486079596162,0.18163200847994967,0.9622641509433962,0.9957880948182483,0.9872836738292567
dirichlet_moderate,216,0.12109615958281107,0.35538707201687225,0.28279836734204883,0.24071840105826778,0.9433962264150944,0.9780839861954305,0.9420812655868203
dirichlet_moderate,217,0.13442783417491205,0.2705019482339978,0.22184938510979602,0.3732208324812942,0.9245283018867925,0.983192684585737,0.8973423684409401
dirichlet_moderate,218,0.25995385488856815,0.23571646253640205,0.30356121293958527,0.2007684696354444,0.9811320754716981,0.9940650426984406,0.9840390961533617
dirichlet_moderate,219,0.5363867646204272,0.06199993185942203,0.22574809792836686,0.17586520559178398,0.9245283018867925,0.9758974229790665,0.9375771468876741
dirichlet_moderate,220,0.2453944174566444,0.48048450812100874,0.07184558019149627,0.2022754942308506,0.9716981132075472,0.9907398543970578,0.9634027760284152
dirichlet_moderate,221,0.26924246313043443,0.16467781874634485,0.23019197472511269,0.335887743398108,1.0,0.9957074841927602,0.9835453560722472
dirichlet_moderate,222,0.11943694628409246,0.24475470033467087,0.42955031872448163,0.20625803465675505,0.9433962264150944,0.9928055016751896,0.9550494999622139
dirichlet_moderate,223,0.2881065083496682,0.23556764516521292,0.22209493618419718,0.25423091030092176,0.9905660377358491,0.9942766455903469,0.9925535934705393
dirichlet_moderate,224,0.30357170308557707,0.12370718443932664,0.18159138131410832,0.39112973116098804,0.9811320754716981,0.9851978738947528,0.9645514774416203
dirichlet_moderate,225,0.2098444827805321,0.22648681639326487,0.41028631815088745,0.15338238267531562,0.9528301886792453,0.9967755749804771,0.9667178880016123
dirichlet_moderate,226,0.2783407119980118,0.17069162126284068,0.3599025291153167,0.1910651376238308,0.9339622641509434,0.9838980275587575,0.9540015618308688
dirichlet_moderate,227,0.4208915429129693,0.20975708960166914,0.2789544221731624,0.090396945312199,0.9150943396226415,0.991032067914452,0.9052825150515152
dirichlet_moderate,228,0.36516156561841095,0.11779268985553645,0.2138066817304997,0.3032390627955529,0.8962264150943396,0.9655591102602212,0.9435725621583494
dirichlet_moderate,229,0.1894333310141476,0.19909026960424683,0.19435352933310918,0.4171228700484963,0.9433962264150944,0.992140464014913,0.9285689094893821
dirichlet_moderate,230,0.26099903331633767,0.28393684304559685,0.2583665949895272,0.19669752864853832,0.9433962264150944,0.9787187948711489,0.9756656674307882
dirichlet_moderate,231,0.34786325647116234,0.0898352219044821,0.23093169722439463,0.3313698243999608,0.9622641509433962,0.9834949744313173,0.96639544549966
dirichlet_moderate,232,0.11381787532094367,0.28782665806788693,0.48393900016820096,0.11441646644296856,0.9433962264150944,0.9901453510340833,0.9410434037836612
dirichlet_moderate,233,0.4431523104334548,0.21656148145867032,0.17736540353183863,0.16292080457603622,0.9339622641509434,0.9886439781343679,0.9323676852155075
dirichlet_moderate,234,0.08620496098873758,0.3140958785566895,0.4387783224799479,0.16092083797462506,0.9150943396226415,0.9836360430259213,0.8593445348515001
dirichlet_moderate,235,0.2750632093412026,0.4176308677199873,0.17541384205885358,0.1318920808799567,0.9622641509433962,0.9928357306597476,0.9811975716049072
dirichlet_moderate,236,0.28476955708205404,0.3151735256592297,0.16188615618940091,0.23817076106931548,0.9716981132075472,0.9889160389953902,0.9802302440990504
dirichlet_moderate,237,0.2762031186228207,0.2463801400478514,0.22074848515145107,0.2566682561778769,0.9528301886792453,0.9877572612539991,0.9563090409854649
dirichlet_moderate,238,0.4609478572371591,0.20821490233215992,0.09456422263849701,0.23627301779218401,0.9622641509433962,0.9935914552736983,0.9520467541627832
dirichlet_moderate,239,0.3381564466461996,0.16307333291234385,0.26067610031329574,0.23809412012816072,0.9528301886792453,0.987716955941255,0.9618913268005139
dirichlet_moderate,240,0.2264984135948322,0.40757159226465817,0.1592778334295278,0.20665216071098194,0.9433962264150944,0.9911227548681261,0.9542131647227751
dirichlet_moderate,241,0.20928425470725817,0.30573956775075384,0.16956638219384818,0.3154097953481398,0.9528301886792453,0.9928256543315616,0.9846940574854524
dirichlet_moderate,242,0.1656186560754849,0.355510141185769,0.2395991024847069,0.2392721002540391,0.9245283018867925,0.9648537672872005,0.9639771267350178
dirichlet_moderate,243,0.1965587632643292,0.4356160219209234,0.12606273820658326,0.24176247660816422,0.9433962264150944,0.9896415346247828,0.9645212484570623
dirichlet_moderate,244,0.17281804855204833,0.35168194105777645,0.09932702069006583,0.3761729897001095,0.9433962264150944,0.9791016953422174,0.9047081643449126
dirichlet_moderate,245,0.2061402255158972,0.35384479216799364,0.18265386072862966,0.2573611215874794,0.9433962264150944,0.9929566465979798,0.9716452124845706
dirichlet_moderate,246,0.25164807394613986,0.20565262943293036,0.25704261623316393,0.28565668038776587,0.9905660377358491,0.9875255057057208,0.9733984935889363
dirichlet_moderate,247,0.13367388628985366,0.3227444132565227,0.1255410344640119,0.4180406659896118,0.8584905660377359,0.9808549764465829,0.7199385343980654
dirichlet_moderate,248,0.467096898735254,0.21688418125895953,0.22910496300084665,0.0869139570049399,0.9716981132075472,0.9949114542660654,0.9481875204675416
dirichlet_moderate,249,0.49009158028006955,0.09846024604010442,0.17037521863194574,0.2410729550478803,0.9245283018867925,0.9903871829105474,0.9178980779403985
dirichlet_moderate,250,0.2416800388878635,0.3751045122613803,0.2448292060429986,0.13838624280775774,0.9339622641509434,0.993228707459002,0.9798977252689121
dirichlet_moderate,251,0.30637794060163515,0.2610785973425789,0.21600029796886744,0.21654316408691854,0.9339622641509434,0.9837771116205254,0.9835352797440613
dirichlet_moderate,252,0.17245718062123663,0.1806102313723127,0.44282672324037325,0.2041058647660775,0.9433962264150944,0.9938836687910925,0.9514522507998087
dirichlet_moderate,253,0.3661539127693996,0.26929333970168917,0.1172025911409168,0.24735015638799443,0.9245283018867925,0.9895911529838527,0.9850164999874046
dirichlet_moderate,254,0.3788148321528985,0.26931469532794206,0.1446658728597501,0.2072045996594092,0.9528301886792453,0.978658336902033,0.9670302541753785
dirichlet_moderate,255,0.27813825663067365,0.19823290321282638,0.27226222665708066,0.25136661349941913,0.9528301886792453,0.9922513036249592,0.9756052094616722
dirichlet_moderate,256,0.17731863142635487,0.24316161804160696,0.28389422586741203,0.29562552466462616,0.9339622641509434,0.9632012494646951,0.9147945688591077
dirichlet_moderate,257,0.3790426048537519,0.19168206481870814,0.14131497298949916,0.2879603573380409,0.9528301886792453,0.9924326775323072,0.9706678086505277
dirichlet_moderate,258,0.3460710949862261,0.20936135189808538,0.31628467888736356,0.1282828742283249,0.9528301886792453,0.9790815426858452,0.9725319293649394
dirichlet_moderate,259,0.3017429787659135,0.24594915789645674,0.2575547041195493,0.19475315921808037,0.9528301886792453,0.9938332871501625,0.9677759024611433
dirichlet_moderate,260,0.3737437221540457,0.17320007290343176,0.12043044133536052,0.332625763607162,0.9622641509433962,0.9907600070534297,0.9792427639368214
dirichlet_moderate,261,0.2917651920016553,0.3603473338162717,0.1990622263585768,0.14882524782349624,0.9622641509433962,0.9911832128372421,0.990971609945336
dirichlet_moderate,262,0.2490355515880802,0.20009780462239984,0.26396040796193165,0.28690623582758834,0.9811320754716981,0.9949517595788094,0.9845227599062902
dirichlet_moderate,263,0.27124093577187713,0.41657092600533635,0.10149381050306637,0.21069432771972024,0.9245283018867925,0.9725520820213114,0.9745875003148854
dirichlet_moderate,264,0.2510970669604568,0.18938933211830955,0.21468308252793872,0.34483051839329476,0.9811320754716981,0.9927349673778876,0.9870015366400484
dirichlet_moderate,265,0.06377414249425067,0.39889389537413433,0.3698928181485068,0.16743914398310802,0.8773584905660378,0.988825352041716,0.8662568959871023
dirichlet_moderate,266,0.30610207128517547,0.31268926466164754,0.22567967759323268,0.1555289864599442,0.9528301886792453,0.9921908456558429,0.9791923822958913
dirichlet_moderate,267,0.35589562169728534,0.1685638933922043,0.1956516681436677,0.27988881676684263,0.9716981132075472,0.9886540544625538,0.9799984885507721
dirichlet_moderate,268,0.20135242955536506,0.29039800920321124,0.38626665334669963,0.12198290789472403,0.9622641509433962,0.9948308436405775,0.9733884172607502
dirichlet_moderate,269,0.11939653335544542,0.2641502237924227,0.42381296740981106,0.19264027544232096,0.9339622641509434,0.9871224525782805,0.9358540947678666
dirichlet_moderate,270,0.380739998151584,0.1746828441908242,0.2649440438386711,0.17963311381892066,0.9433962264150944,0.9867093231226541,0.9718668917046628
dirichlet_moderate,271,0.40342677210089384,0.21560195174904398,0.11267871421796329,0.2682925619320988,0.9622641509433962,0.9927450437060735,0.9588986573292694
dirichlet_moderate,272,0.18360125945032976,0.31960165766892396,0.3431659503794794,0.15363113250126686,0.9433962264150944,0.9942967982467189,0.9333753180341084
dirichlet_moderate,273,0.34710853493961225,0.11309852059495218,0.31527756823412845,0.224515376231307,0.9433962264150944,0.9885734438370658,0.9692873516890445
dirichlet_moderate,274,0.19817337061482396,0.21994344458684187,0.4437655354173333,0.13811764938100085,0.9528301886792453,0.9946494697332292,0.9346247827291735
dirichlet_moderate,275,0.34570197556021354,0.13963727989968913,0.23790110161244876,0.2767596429276486,0.9528301886792453,0.9852281028793108,0.9626470514144646
dirichlet_moderate,276,0.11443881211344105,0.34984989939601546,0.3664994376095901,0.1692118508809535,0.9150943396226415,0.9919288611230068,0.928619291130312
dirichlet_moderate,277,0.18572573941469997,0.23901572824962433,0.30166082135467215,0.2735977109810035,0.9716981132075472,0.988754817744414,0.9703352898203894
dirichlet_moderate,278,0.31803390185939123,0.15948620658013185,0.1769675155942137,0.3455123759662633,0.9528301886792453,0.9930473335516538,0.9671007884726806
dirichlet_moderate,279,0.3306792316887803,0.29621493425971085,0.19483470802456174,0.17827112602694714,0.9811320754716981,0.9934806156636522,0.9828500894274127
dirichlet_moderate,280,0.11754224424297127,0.1779154112164505,0.3452781554779734,0.35926418906260466,0.9528301886792453,0.9891377182154824,0.9574375897422979
dirichlet_moderate,281,0.38747357289180495,0.20476313875943308,0.1722497998632593,0.23551348848550258,0.9339622641509434,0.9887044361034839,0.969801244426531
dirichlet_moderate,282,0.1389643075472152,0.27808562036734474,0.28820620552517756,0.2947438665602624,0.9622641509433962,0.9916164949492405,0.9700128473184372
dirichlet_moderate,283,0.29131485109100375,0.26086010317184727,0.2133368463723431,0.23448819936480592,0.9716981132075472,0.9923621432350052,0.9850366526437766
dirichlet_moderate,284,0.1748900498797547,0.3300680162059583,0.17728951501055806,0.31775241890372896,0.9528301886792453,0.9882006196941835,0.9626168224299064
dirichlet_moderate,285,0.2395299322460349,0.07202247993599356,0.365416343021774,0.32303124479619755,0.8773584905660378,0.9712320830289444,0.9170516663727738
dirichlet_moderate,286,0.2970110966275617,0.13197517083046714,0.2540201823008388,0.3169935502411325,0.9622641509433962,0.9927248910497015,0.9829911580220168
dirichlet_moderate,287,0.12097803251930646,0.2628442378356391,0.4165755343825454,0.19960219526250897,0.9150943396226415,0.9926241277678415,0.8632239212031138
dirichlet_moderate,288,0.11443822682136283,0.3700177920001924,0.1595185823021219,0.3560253988763229,0.9150943396226415,0.9861148197596795,0.845751568128574
dirichlet_moderate,289,0.3356802782892948,0.15411582464961054,0.2254851352558836,0.28471876180521116,0.9716981132075472,0.9812479532458372,0.957498047711414
dirichlet_moderate,290,0.39775254550048444,0.35404991013912024,0.05309444018523764,0.1951031041751577,0.9622641509433962,0.9969267199032672,0.9536891956571025
dirichlet_moderate,291,0.267606951089155,0.1511438499824447,0.3426029465272047,0.23864625240119575,0.9433962264150944,0.9890974129027382,0.9658110184648715
dirichlet_moderate,292,0.36968636577865704,0.2826770725764728,0.1148756592488452,0.23276090239602498,0.9150943396226415,0.9859334458523314,0.9317631055243469
dirichlet_moderate,293,0.24481148557784715,0.10121715850637106,0.3831529612281976,0.2708183946875842,0.9150943396226415,0.983212837242109,0.8584074363302012
dirichlet_moderate,294,0.23778018215270177,0.19069427917029036,0.3320261026120199,0.23949943606498783,0.9433962264150944,0.9879587878177192,0.9552611028541199
dirichlet_moderate,295,0.30608539362253095,0.25412876531469786,0.16675319119601975,0.27303264986675146,0.9716981132075472,0.9955664155981561,0.9903468775978034
dirichlet_moderate,296,0.10337871363657226,0.28722513316587855,0.3332561546774403,0.2761399985201088,0.9339622641509434,0.9887245887598559,0.9305337934856539
dirichlet_moderate,297,0.21546252376248418,0.31724872952498623,0.22559076583195206,0.24169798088057753,0.9433962264150944,0.9883316119606015,0.9707484192760159
dirichlet_moderate,298,0.29133455714812345,0.32274002382841194,0.3031340090050221,0.08279141001844251,0.9528301886792453,0.985500163740333,0.9576491926342041
dirichlet_moderate,299,0.35012817173169114,0.28993064575622,0.15973452025558607,0.20020666225650274,0.9433962264150944,0.9914955790110084,0.9754641408670681
dirichlet_moderate,300,0.16430115598454878,0.23721292121484852,0.20067799904276673,0.397807923757836,0.8962264150943396,0.9838073406050836,0.837932337456231
dirichlet_moderate,301,0.10287728354635792,0.3508153596762643,0.108554948169612,0.4377524086077657,0.9716981132075472,0.9825679522382044,0.9175051011411441
dirichlet_moderate,302,0.28917168781291125,0.29091366531729423,0.29374668677282056,0.126167960096974,0.9622641509433962,0.9890470312618083,0.9757261253999042
dirichlet_moderate,303,0.22817395922008477,0.34167330556176206,0.17135116915710044,0.25880156606105287,0.9622641509433962,0.9912436708063582,0.9769655137667833
dirichlet_moderate,304,0.18859191948824114,0.27316666574547227,0.29762710745973836,0.24061430730654818,0.9622641509433962,0.9823059677053682,0.9796357407360757
dirichlet_moderate,305,0.32494791375427096,0.12179256372770478,0.3002074790888561,0.2530520434291681,0.9622641509433962,0.987747184925813,0.9690152908280223
dirichlet_moderate,306,0.1417733812074469,0.20355281110610893,0.3428768119446746,0.31179699574176956,0.9622641509433962,0.9811471899639772,0.9494067561780487
dirichlet_moderate,307,0.3009107700860502,0.22048576388316446,0.35407478391557295,0.12452868211521234,0.9150943396226415,0.9930876388643979,0.9375670705594882
dirichlet_moderate,308,0.15290783170505498,0.30088927166607,0.2583812550383063,0.2878216415905688,0.9150943396226415,0.9667984986271003,0.9442275234904401
dirichlet_moderate,309,0.16706582584960405,0.24757269788340294,0.17617344822474898,0.409188028042244,0.9716981132075472,0.9841297831070358,0.9480464518729376
dirichlet_moderate,310,0.4217051029346479,0.20416737573985122,0.17738159478321086,0.1967459265422901,0.9811320754716981,0.9942967982467189,0.9631407914955791
dirichlet_moderate,311,0.16589817087503328,0.191726056666008,0.18384273395939277,0.458533038499566,0.9433962264150944,0.9740433785928408,0.9546968284757034
dirichlet_moderate,312,0.20549770466740994,0.2598284268140457,0.22002734612703,0.31464652239151436,0.9622641509433962,0.9940549663702547,0.9684409401214198
dirichlet_moderate,313,0.22027744122405093,0.1965505631928718,0.23477217897667965,0.34839981660639774,0.9716981132075472,0.9881804670378115,0.9829609290374588
dirichlet_moderate,314,0.26286383088617993,0.4157714150222625,0.21015697122247246,0.11120778286908527,0.9622641509433962,0.9900949693931532,0.9718467390482909
dirichlet_moderate,315,0.16280929250167778,0.3968269875654735,0.24647284568085234,0.1938908742519963,0.9622641509433962,0.9930473335516538,0.9559462931707685
dirichlet_moderate,316,0.10104537084262462,0.18869908371975483,0.4054088522819651,0.3048466931556555,0.9245283018867925,0.983273295211225,0.843524699599466
dirichlet_moderate,317,0.37482654636863905,0.19321837880842557,0.1690143225470785,0.26294075227585695,0.9150943396226415,0.9905987858024536,0.9270776129178527
dirichlet_moderate,318,0.442876131069128,0.09600206216216599,0.3281117758910311,0.13301003087767485,0.9245283018867925,0.9909313046325918,0.9518653802554349
dirichlet_moderate,319,0.1655107833771148,0.23082349870955765,0.3968837502017092,0.2067819677116184,0.9528301886792453,0.9930473335516538,0.9622742272715823
dirichlet_moderate,320,0.19418064361987344,0.2993227028647883,0.13934344856054842,0.36715320495479,0.9811320754716981,0.9958284001309923,0.9829508527092727
dirichlet_moderate,321,0.1223249761160031,0.2936567313084205,0.384286015647655,0.1997322769279214,0.9245283018867925,0.9928458069879337,0.9245383782149786
dirichlet_moderate,322,0.32497119349267123,0.1114437577645367,0.19515982236372775,0.36842522637906416,0.9716981132075472,0.9784668866664987,0.9779026122880823
dirichlet_moderate,323,0.3529695677788864,0.244530104124077,0.22636801091589928,0.17613231718113734,0.9622641509433962,0.9906088621306396,0.980895281759327
dirichlet_moderate,324,0.2675374351975876,0.24066386498599415,0.14285298865814752,0.3489457111582707,0.9339622641509434,0.9875053530493487,0.9626067461017206
dirichlet_moderate,325,0.49428346723511607,0.21456444297993146,0.12815549366152038,0.16299659612343215,0.9339622641509434,0.9753533012570219,0.9316623422424868
dirichlet_moderate,326,0.1760385767357962,0.23998448459427446,0.2703940618341362,0.3135828768357931,0.8962264150943396,0.9774391011915259,0.9097967100788473
dirichlet_moderate,327,0.2801264612936124,0.28202934315184547,0.17924287131063643,0.25860132424390575,0.9905660377358491,0.9967151170113612,0.9942363402776029
dirichlet_moderate,328,0.1811634512200414,0.44662685705911576,0.17710387855398574,0.1951058131668571,0.9622641509433962,0.9894097790765046,0.9890067259490641
dirichlet_moderate,329,0.3602737394054082,0.34757825209380633,0.19081262764009674,0.10133538086068879,0.9433962264150944,0.9766733002493891,0.9444995843514624
dirichlet_moderate,330,0.22685088329503716,0.21430962186395974,0.4340998793717275,0.1247396154692755,0.9056603773584906,0.9958384764591783,0.9333853943622944
dirichlet_moderate,331,0.20157587972923272,0.1967432086889019,0.2617106764758805,0.33997023510598484,0.9622641509433962,0.9820540595007179,0.9630803335264629
dirichlet_moderate,332,0.47593504515188306,0.24047506304428345,0.21099207373828122,0.07259781806555213,0.9339622641509434,0.9867093231226541,0.9324583721691816
dirichlet_moderate,333,0.16117215935526563,0.18189877058950993,0.327464312294318,0.3294647577609064,0.9528301886792453,0.9898229085321308,0.9693780386427187
dirichlet_moderate,334,0.09864092168856543,0.15275589156614242,0.23386189362169824,0.5147412931235937,0.9528301886792453,0.983212837242109,0.8529158374688265
dirichlet_moderate,335,0.36323610340187173,0.16765577240032994,0.24003949804952038,0.2290686261482779,0.9622641509433962,0.9951532861425297,0.9874448950802328
dirichlet_moderate,336,0.12769063182846985,0.28543628730019077,0.47299876318709255,0.11387431768424695,0.8773584905660378,0.9925132881577954,0.8795374965362622
dirichlet_moderate,337,0.2711900711519932,0.19825092791751875,0.40334943356879466,0.12720956736169342,0.8962264150943396,0.9810968083230471,0.941909968007658
dirichlet_moderate,338,0.23159287044217552,0.3274297098840175,0.22280154740909083,0.2181758722647161,0.9716981132075472,0.9892485578255283,0.9664659797969619
dirichlet_moderate,339,0.2533645991245877,0.17971849136323895,0.25211160134113564,0.3148053081710377,0.9433962264150944,0.9690858251253244,0.9583746882635967
dirichlet_moderate,340,0.13545865755112885,0.29259852535100817,0.1281832213609502,0.4437595957369127,0.9150943396226415,0.9898531375166889,0.844743935309973
dirichlet_moderate,341,0.2712664492474813,0.3204547466476843,0.27171787539746534,0.136560928707369,0.9528301886792453,0.9895609239992946,0.9778723833035242
dirichlet_moderate,342,0.15190127210944676,0.22262587780477752,0.30854269786842653,0.31693015221734916,0.9528301886792453,0.9890571075899942,0.9543844623019372
dirichlet_moderate,343,0.20149529819018364,0.2623706512273967,0.07457482176188804,0.4615592288205316,0.9056603773584906,0.9919993954203089,0.8853515378995895
dirichlet_moderate,344,0.3842744371774082,0.1575952205974705,0.33411890767917474,0.12401143454594658,0.9622641509433962,0.9910018389298939,0.9786784895584051
dirichlet_moderate,345,0.23641231263118154,0.21073728006712297,0.13992528542931804,0.41292512187237757,0.9245283018867925,0.9908305413507318,0.944046149583092
dirichlet_moderate,346,0.16426054442592827,0.22249209360017214,0.3480975314611971,0.2651498305127025,0.9716981132075472,0.986497720230748,0.9747184925813034
dirichlet_moderate,347,0.2118445751131265,0.2824928613368151,0.27893598705266115,0.2267265764973972,0.9528301886792453,0.9934906919918383,0.9888958863390181
dirichlet_moderate,348,0.2548220944003643,0.3908984664221164,0.10471348091229762,0.2495659582652217,0.9622641509433962,0.9930473335516538,0.9718870443610348
dirichlet_moderate,349,0.13089715531220297,0.2749419332130594,0.24720935023794838,0.3469515612367894,0.9716981132075472,0.9821044411416481,0.937526765246744
dirichlet_moderate,350,0.24518053322247285,0.1793500795195917,0.35870651371626155,0.2167628735416738,0.9339622641509434,0.9844018439680581,0.9686626193415121
dirichlet_moderate,351,0.2559013482081494,0.32694670163471007,0.26536375485468355,0.15178819530245688,0.9528301886792453,0.9886439781343679,0.9797768093306799
dirichlet_moderate,352,0.37001152488068073,0.31221109590586477,0.11165339922770362,0.20612397998575105,0.9622641509433962,0.9911126785399401,0.9819230672342998
dirichlet_moderate,353,0.12505134856338745,0.21136878441713955,0.3965741683989498,0.2670056986205231,0.9528301886792453,0.986457414918004,0.9506461445449278
dirichlet_moderate,354,0.15675019222293818,0.32928135747460624,0.21374931573003322,0.3002191345724224,0.9433962264150944,0.992170692999471,0.9549789656649117
dirichlet_moderate,355,0.27428886381486556,0.334906728247255,0.13124921781143106,0.25955519012644845,0.9716981132075472,0.9949215305942515,0.985449782099403
dirichlet_moderate,356,0.2967631501315455,0.1992411204632885,0.2481317823588934,0.25586394704627263,0.9622641509433962,0.9927752726906315,0.9721792578784291
dirichlet_moderate,357,0.2325003670706043,0.39752292331072175,0.14797918652987668,0.2219975230887972,0.9433962264150944,0.9903065722850593,0.9830012343502029
dirichlet_moderate,358,0.39287700339571074,0.22371242237669084,0.18970469798791287,0.1937058762396855,0.9528301886792453,0.9763307050910648,0.9502430914174875
dirichlet_moderate,359,0.2511286128495429,0.3303779416998612,0.2199692414201917,0.1985242040304042,0.9716981132075472,0.9906894727561277,0.9836662720104794
dirichlet_moderate,360,0.2110477650614535,0.1367731198084175,0.32215063817043543,0.33002847695969356,0.9528301886792453,0.9909514572889638,0.9637655238431115
dirichlet_moderate,361,0.12802431487758703,0.5022841411883627,0.265522293899728,0.10416925003432226,0.9056603773584906,0.9878781771922313,0.9472705746026149
dirichlet_moderate,362,0.2775714440587837,0.2024037133647312,0.1923114199778888,0.32771342259859626,0.9245283018867925,0.9805526866010026,0.9605310224954027
dirichlet_moderate,363,0.2743140910104751,0.265831103793671,0.14567038129382423,0.3141844239020296,0.9433962264150944,0.9902864196286874,0.9827090208328085
dirichlet_moderate,364,0.19052418164015608,0.3248623912639848,0.31151807966077627,0.1730953474350829,0.9528301886792453,0.9940952716829988,0.967413154646447
dirichlet_moderate,365,0.3570854462398029,0.20941130933654128,0.12677917714989317,0.30672406727376256,0.9150943396226415,0.9613975867193995,0.9315011209915107
dirichlet_moderate,366,0.42372841628739716,0.28631468881897654,0.1668542642610408,0.1231026306325854,0.8679245283018868,0.9842708517016399,0.870398266871552
dirichlet_moderate,367,0.212356518681867,0.2729475377467443,0.3037850111134336,0.2109109324579552,0.9528301886792453,0.9838577222460136,0.9690253671562084
dirichlet_moderate,368,0.2189718090566721,0.20342259127041373,0.4162874195881098,0.16131818008480445,0.9528301886792453,0.9906491674433837,0.9653878126810591
dirichlet_moderate,369,0.2529764066940847,0.1246328261393582,0.29149375843269554,0.33089700873386146,0.9433962264150944,0.9881099327405094,0.9766128422802731
dirichlet_moderate,370,0.18372530332467754,0.18955450818146022,0.40626957657445506,0.22045061191940724,0.9339622641509434,0.9806030682419327,0.9448623321661587
dirichlet_moderate,371,0.14063357742831126,0.20794871116389033,0.45829083463523124,0.19312687677256712,0.9339622641509434,0.9958687054437363,0.9313701287250925
dirichlet_moderate,372,0.19331057091438597,0.20073307947065766,0.23726440953097988,0.3686919400839765,0.9716981132075472,0.9905987858024536,0.9770864297050155
dirichlet_moderate,373,0.36199749639966283,0.22474544117661063,0.24832092873986966,0.16493613368385696,0.9622641509433962,0.993238783787188,0.9534574401088244
dirichlet_moderate,374,0.1153772412804754,0.34088684828358834,0.34863307801822013,0.19510283241771617,0.9339622641509434,0.9911529838526841,0.9427059979343528
dirichlet_moderate,375,0.27479072236878455,0.36392994535043005,0.21455383314923576,0.14672549913154975,0.9811320754716981,0.9952338967680178,0.9767438345466912
dirichlet_moderate,376,0.22438667628569886,0.2266987336026243,0.3583332617139758,0.19058132839770106,0.9339622641509434,0.9746278056276293,0.9303423432501198
dirichlet_moderate,377,0.3996453422614077,0.07583756381604112,0.3400141068761163,0.1845029870464349,0.9433962264150944,0.9916265712774266,0.9565811018464871
dirichlet_moderate,378,0.18882397677837376,0.3926089335425557,0.300568034879073,0.11799905479999749,0.9150943396226415,0.9895810766556667,0.9612162128120514
dirichlet_moderate,379,0.17257010623617874,0.24345588242463975,0.22291986315465148,0.36105414818453,0.9905660377358491,0.9911832128372421,0.9890369549336223
dirichlet_moderate,380,0.15429590312007666,0.3072317140510628,0.24206050028428647,0.2964118825445742,0.9339622641509434,0.9813084112149533,0.9692470463763005
dirichlet_moderate,381,0.20926679311449586,0.2953753860279944,0.25630565045332815,0.23905217040418167,0.9622641509433962,0.9870821472655363,0.9679270473839333
dirichlet_moderate,382,0.3446777821677877,0.30043904201022115,0.251210095398019,0.10367308042397214,0.9622641509433962,0.9925737461269114,0.9777212383807341
dirichlet_moderate,383,0.41322045084445685,0.18111445298709125,0.10090547709427448,0.3047596190741774,0.9150943396226415,0.9854800110839609,0.9503740836839055
dirichlet_moderate,384,0.19411090976534368,0.20959753029902634,0.3819329762185408,0.2143585837170894,0.9622641509433962,0.9948106909842054,0.9714134569362924
dirichlet_moderate,385,0.26830042207729765,0.10764508306619507,0.277954120504687,0.34610037435182045,0.9622641509433962,0.9922009219840291,0.9526412575257577
dirichlet_moderate,386,0.4438859127441132,0.2125161750993506,0.22024092971436263,0.12335698244217348,0.9433962264150944,0.9881502380532534,0.9489331687533064
dirichlet_moderate,387,0.15012333898612173,0.20950507341479835,0.39679591056043356,0.24357567703864644,0.9433962264150944,0.9853792478021008,0.9508577474368342
dirichlet_moderate,388,0.2874126578975612,0.10268462494958867,0.27323218715015674,0.3366705300026934,0.9528301886792453,0.9882207723505555,0.9683401768395596
dirichlet_moderate,389,0.23064438223326308,0.33377222162886133,0.09320579286346432,0.3423776032744112,0.9150943396226415,0.989963977126735,0.9379499710305564
dirichlet_moderate,390,0.280380772653274,0.16241304103310072,0.34679605650019035,0.21041012981343493,0.9433962264150944,0.9769655137667833,0.9514925561125526
dirichlet_moderate,391,0.10649280946839228,0.2754880589723908,0.2852478055599096,0.33277132599930737,0.9056603773584906,0.965468423306547,0.9116003728241429
dirichlet_moderate,392,0.19053109931981146,0.41572015145641805,0.14401763959238084,0.24973110963138967,0.9811320754716981,0.9953548127062499,0.9813084112149533
dirichlet_moderate,393,0.21509889585977582,0.2623519697789203,0.25620936086287965,0.2663397734984242,0.9622641509433962,0.9800992518326321,0.9641081190014359
dirichlet_moderate,394,0.26576462489678376,0.16491872712768424,0.3235393923959024,0.24577725557962962,0.9528301886792453,0.9901856563468272,0.9868705443736303
dirichlet_moderate,395,0.14579850816215562,0.3133167516544004,0.3520907066919746,0.18879403349146923,0.9433962264150944,0.9951532861425297,0.9549890419930978
dirichlet_moderate,396,0.21124438723936148,0.1462095190827876,0.3132070017362006,0.32933909194165034,0.9622641509433962,0.9820238305161598,0.9215759377282917
dirichlet_moderate,397,0.27051928022254335,0.2873501623667626,0.13604215473514575,0.3060884026755484,0.9716981132075472,0.9945990880922992,0.9875960400030228
dirichlet_moderate,398,0.24058914900023018,0.24682904190473168,0.20291629127438038,0.30966551782065777,0.9905660377358491,0.9970980174824293,0.9870116129682344
dirichlet_moderate,399,0.27335736159635865,0.1761767003284439,0.44798118572696105,0.10248475234823641,0.9433962264150944,0.9921908456558429,0.9566415598156032
dirichlet_moderate,400,0.2641440787647514,0.4627728194869763,0.11984421240234179,0.15323888934593072,0.9528301886792453,0.9899740534549211,0.9737310124190746
dirichlet_moderate,401,0.1774978621983574,0.3376113409598732,0.27687078075394866,0.20802001608782067,0.9528301886792453,0.9897725268912009,0.9617502582059098
dirichlet_moderate,402,0.3124037483056407,0.1672883005024362,0.1515605140784985,0.36874743711342467,0.9622641509433962,0.9842607753734539,0.9750107060986977
dirichlet_moderate,403,0.27605648000619,0.2520817585299649,0.2470703038538935,0.22479145760995173,0.9716981132075472,0.9908103886943597,0.9838375695896416
dirichlet_moderate,404,0.43614935377029657,0.2117250811265983,0.14901668715117097,0.2031088779519343,0.9622641509433962,0.9914048920573344,0.9716855177973147
dirichlet_moderate,405,0.15918821067136885,0.33013236562093273,0.18962184084808473,0.3210575828596137,0.9716981132075472,0.9892787868100864,0.9436330201274656
dirichlet_moderate,406,0.32745243605642393,0.16616144410594455,0.22140054035084283,0.28498557948678876,0.9433962264150944,0.9897221452502708,0.9673426203491448
dirichlet_moderate,407,0.2022037923149971,0.24262848752066504,0.20079396963603527,0.3543737505283025,0.9716981132075472,0.993289165428118,0.9795652064387738
dirichlet_moderate,408,0.2908373966447003,0.23789058324180834,0.10920881243211805,0.36206320768137307,0.9528301886792453,0.9830012343502029,0.9737007834345165
dirichlet_moderate,409,0.1204075227987649,0.2369478721998068,0.2766627127621079,0.3659818922393204,0.9245283018867925,0.980955739728443,0.9256669269718114
dirichlet_moderate,410,0.11916970301979549,0.38823225272851986,0.1705851147513736,0.32201292950031096,0.9528301886792453,0.9934000050381642,0.945245232637227
dirichlet_moderate,411,0.4537924173698985,0.25290216800150056,0.21077736351672258,0.08252805111187832,0.9433962264150944,0.9902259616595713,0.9670403305035646
dirichlet_moderate,412,0.08942908847383933,0.2803071746610233,0.38464685456342496,0.24561688230171239,0.660377358490566,0.9867395521072121,0.38819558153009043
dirichlet_moderate,413,0.3489051494811354,0.281163659761859,0.18706859383025043,0.18286259692675516,0.9433962264150944,0.9866891704662821,0.9647933093180846
dirichlet_moderate,414,0.30968412762311553,0.21385404166425154,0.16450085400548983,0.31196097670714296,0.9622641509433962,0.9907096254124996,0.9848149734236844
dirichlet_moderate,415,0.2648219116843168,0.3867868064671153,0.18684351400451446,0.1615477678440535,0.9150943396226415,0.9761997128246468,0.9681487266040256
dirichlet_moderate,416,0.26707798603854555,0.36021462553411265,0.2564942993936844,0.11621308903365735,0.9716981132075472,0.9855706980376351,0.9747184925813034
dirichlet_moderate,417,0.38663898981007216,0.36133113352990165,0.13773403367109932,0.11429584298892687,0.9433962264150944,0.9922714562813312,0.947381414212661
dirichlet_moderate,418,0.1367679818097037,0.3259673494543143,0.2684106943193017,0.26885397441668035,0.9245283018867925,0.9794543668287276,0.9582940776381086
dirichlet_moderate,419,0.31283781436320607,0.23013021420181756,0.1484134425353687,0.3086185288996076,0.9433962264150944,0.9831322266166208,0.9698919313802051
dirichlet_moderate,420,0.15978155018174806,0.1880532099964044,0.38485571241850103,0.2673095274033463,0.9433962264150944,0.9900244350958511,0.980945663400257
dirichlet_moderate,421,0.217907942845407,0.18436990268338577,0.4210733460024383,0.17664880846876907,0.9150943396226415,0.9817618459833238,0.9488324054714463
dirichlet_moderate,422,0.14904537956797265,0.279443526162746,0.25004402469257964,0.32146706957670157,0.9433962264150944,0.9824873416127163,0.9146837292490616
dirichlet_moderate,423,0.3749073598170604,0.24999552449532256,0.23697558767201343,0.13812152801560357,0.9528301886792453,0.993339547069048,0.9681487266040256
dirichlet_moderate,424,0.2340093515232918,0.26629598269105786,0.2330944897916911,0.2666001759939592,0.9811320754716981,0.9924931355014234,0.9878277955513011
dirichlet_moderate,425,0.42662449364507343,0.22344921082093805,0.15945784812724279,0.19046844740674587,0.9433962264150944,0.9890369549336223,0.952026601506411
dirichlet_moderate,426,0.11048992206704186,0.2169834331262162,0.11795578074724315,0.5545708640594988,0.9622641509433962,0.9830415396629467,0.9153487669093383
dirichlet_moderate,427,0.13863574485133415,0.4037594556594054,0.20140620776578336,0.256198591723477,0.9433962264150944,0.9943371035594629,0.9517646169735747
dirichlet_moderate,428,0.18878767337175362,0.28425016159329897,0.2978686045490418,0.22909356048590584,0.9528301886792453,0.9950525228606697,0.9851575685820086
dirichlet_moderate,429,0.37059220747534927,0.17897673658804583,0.265687808636368,0.18474324730023678,0.9339622641509434,0.9906491674433837,0.9718165100637327
dirichlet_moderate,430,0.3003384769630501,0.1504971358285176,0.26494446706532865,0.2842199201431037,0.9245283018867925,0.9883013829760436,0.9818525329369978
dirichlet_moderate,431,0.22521579163281316,0.2243015312486171,0.29975145082827004,0.25073122629029965,0.9622641509433962,0.9921908456558429,0.9727636849132176
dirichlet_moderate,432,0.3023059217547921,0.24975312934098404,0.21593608494307232,0.23200486396115153,0.9716981132075472,0.992160616671285,0.9806736025392347
dirichlet_moderate,433,0.2204233948011035,0.45925290275835745,0.11590896941695648,0.20441473302358254,0.9811320754716981,0.9914552736982644,0.9769050557976674
dirichlet_moderate,434,0.2742531889334378,0.3251820860418981,0.2945429725821682,0.1060217524424959,0.9905660377358491,0.9824268836436003,0.9805325339446307
dirichlet_moderate,435,0.3968338175111744,0.26273346261932007,0.18021221090933368,0.16022050896017198,0.9433962264150944,0.9926241277678415,0.9686122377005819
dirichlet_moderate,436,0.20011813885404595,0.24133128089592348,0.32116222507306474,0.2373883551769658,0.9622641509433962,0.9915963422928684,0.9870619946091646
dirichlet_moderate,437,0.2480812951463734,0.2501525721652771,0.21417251247907262,0.28759362020927676,0.9622641509433962,0.97548429352344,0.9591304128775475
dirichlet_moderate,438,0.340587367720826,0.20384931541179163,0.3007964968299116,0.15476682003747083,0.9716981132075472,0.9938332871501625,0.9793334508904955
dirichlet_moderate,439,0.08795583005057649,0.3404237970495158,0.31396827251583304,0.2576521003840746,0.9433962264150944,0.9914351210418924,0.9057964077890017
dirichlet_moderate,440,0.28897317804075645,0.15937781154495453,0.4209225878095861,0.13072642260470277,0.9339622641509434,0.9886137491498098,0.964188729626924
dirichlet_moderate,441,0.25085724291549844,0.3350627068598939,0.29151265010870314,0.12256740011590446,0.9245283018867925,0.9909212283044059,0.9369826435246996
dirichlet_moderate,442,0.13985791169023232,0.16186967902388147,0.4034463975938096,0.2948260116920765,0.9528301886792453,0.9922513036249592,0.9491145426606545
dirichlet_moderate,443,0.2217400856691209,0.1725671683059193,0.4099925900131775,0.19570015601178245,0.8679245283018868,0.9866790941380961,0.8550721717006322
dirichlet_moderate,444,0.2665588593854798,0.4777172236198382,0.15820820436471453,0.09751571262996746,0.9150943396226415,0.9773887195505958,0.9464543920195481
dirichlet_moderate,445,0.2455186686874883,0.21910198601697142,0.3472398496873969,0.18813949560814336,0.9528301886792453,0.9905887094742675,0.97773131470892
dirichlet_moderate,446,0.04504644005941544,0.20643063840876208,0.31497529462824714,0.43354762690357523,0.7830188679245284,0.9813990981686275,0.5525908758848277
dirichlet_moderate,447,0.24078388882919138,0.18487957615822917,0.20718048752675422,0.36715604748582514,0.9433962264150944,0.9875758873466509,0.9782552837745925
dirichlet_moderate,448,0.2333783491017139,0.23996773437506136,0.3383344076648306,0.18831950885839427,0.9622641509433962,0.9923319142504471,0.9636244552485074
dirichlet_moderate,449,0.36075329933193834,0.10588242247719594,0.2629174730140205,0.2704468051768452,0.9528301886792453,0.9907902360379879,0.9783963523691966
dirichlet_moderate,450,0.22198984484817755,0.42765408074753575,0.32085827186257976,0.02949780254170682,0.9339622641509434,0.9877572612539991,0.9559462931707685
dirichlet_moderate,451,0.27830980653702714,0.2309362879810311,0.1554042080128996,0.33534969746904225,0.9528301886792453,0.9885633675088796,0.9726326926467994
dirichlet_moderate,452,0.26496638885678714,0.22610306706033897,0.14873396306462378,0.3601965810182502,0.9433962264150944,0.9769957427513414,0.9688842985616043
dirichlet_moderate,453,0.19850237628918727,0.2965197159752289,0.35222765091998076,0.152750256815603,0.9528301886792453,0.9967856513086631,0.9742146761720031
dirichlet_moderate,454,0.21828282752046343,0.2682123895782674,0.2970561395999152,0.216448643301354,0.9528301886792453,0.987767337582185,0.9736806307781445
dirichlet_moderate,455,0.2669051091661826,0.18203546597841816,0.35012864594839327,0.20093077890700597,0.9716981132075472,0.9897322215784569,0.9771267350177596
dirichlet_moderate,456,0.16115201725724665,0.2945091786583671,0.2792002073889226,0.26513859669546375,0.9905660377358491,0.9938937451192785,0.9822656623926241
dirichlet_moderate,457,0.2763750132231385,0.1835284493942453,0.367720525781627,0.17237601160098917,0.9716981132075472,0.9964833614630829,0.9840491724815477
dirichlet_moderate,458,0.33288085286256447,0.13892191520221345,0.14903952831358872,0.3791577036216333,0.9339622641509434,0.9892888631382725,0.9582940776381086
dirichlet_moderate,459,0.18655923233481966,0.3422494857749599,0.23118661701896678,0.24000466487125383,0.9528301886792453,0.9879890168022772,0.9828198604428547
dirichlet_moderate,460,0.3673262121026599,0.1679184787714405,0.21892447795487896,0.24583083117102067,0.9905660377358491,0.9833539058367131,0.9785676499483588
dirichlet_moderate,461,0.1384393073518967,0.32086665594921854,0.21168067388980352,0.3290133628090814,0.9811320754716981,0.9919389374511928,0.9719273496737789
dirichlet_moderate,462,0.2893167366992372,0.23413202511321923,0.28510221750589215,0.19144902068165146,0.9716981132075472,0.9923117615940751,0.9713126936544323
dirichlet_moderate,463,0.20289432143204458,0.18927961640947502,0.3913242580493774,0.21650180410910305,0.9433962264150944,0.9794543668287276,0.9416983651157519
dirichlet_moderate,464,0.29601029278431745,0.09833340296802605,0.3808278654976781,0.22482843874997854,0.9245283018867925,0.9896616872811548,0.9481472151547977
dirichlet_moderate,465,0.3913960064024551,0.22218944387540743,0.2377799732797151,0.14863457644242245,0.9528301886792453,0.9850870342847067,0.9701841448975993
dirichlet_moderate,466,0.20569913831103612,0.2483059068176695,0.3365522277338712,0.20944272713742332,0.9811320754716981,0.9926442804242135,0.9662745295614279
dirichlet_moderate,467,0.25013650527517967,0.2141695449211077,0.24938292449539973,0.286311025308313,0.9905660377358491,0.9905484041615236,0.9859233695241454
dirichlet_moderate,468,0.17716736774923195,0.17063839601823794,0.1830049518211415,0.4691892844113887,0.9150943396226415,0.9830616923193188,0.9458397360002015
dirichlet_moderate,469,0.46955173591668053,0.13780719251214957,0.16842510340809655,0.2242159681630734,0.9150943396226415,0.9860745144469355,0.9042043479356123
dirichlet_moderate,470,0.19007118575385937,0.266143460013543,0.32264327496748124,0.22114207926511645,0.9528301886792453,0.9948509962969494,0.9749704007859535
dirichlet_moderate,471,0.1339924541412592,0.33568266136783304,0.19763679601791861,0.3326880884729893,0.9339622641509434,0.9891578708718543,0.9206086102224349
dirichlet_moderate,472,0.1601132451543077,0.13508472338248842,0.1724250796749051,0.5323769517882987,0.9245283018867925,0.9564904148928131,0.8728971962616823
dirichlet_moderate,473,0.1104669538166261,0.24270859221853677,0.13396517991153628,0.512859274053301,0.8490566037735849,0.9863364989797718,0.7370884449706526
dirichlet_moderate,474,0.2395661011130719,0.2523688373088532,0.12556254627184574,0.3825025153062291,0.9811320754716981,0.994498324810439,0.9848048970954985
dirichlet_moderate,475,0.335735419482313,0.36193518482689296,0.17626502800938873,0.12606436768140528,0.9528301886792453,0.9920397007330528,0.9560470564526288
dirichlet_moderate,476,0.26240845588324896,0.2380200337629049,0.38096247359504704,0.1186090367587992,0.9339622641509434,0.9886641307907399,0.9674937652719349
dirichlet_moderate,477,0.12649719858649075,0.22649745922809403,0.3382700653401339,0.3087352768452813,0.9433962264150944,0.9857823009295413,0.929546313323425
dirichlet_moderate,478,0.30147909023980196,0.25320638398459555,0.13023246483535858,0.3150820609402437,0.9811320754716981,0.9952842784089478,0.9790815426858452
dirichlet_moderate,479,0.22275879061873327,0.25707752938879597,0.3583546749632257,0.16180900502924508,0.9811320754716981,0.9936015316018844,0.9886137491498098
dirichlet_moderate,480,0.27039754506690744,0.25114141523671935,0.3077697057809336,0.17069133391543984,0.9528301886792453,0.9922009219840291,0.9851575685820086
dirichlet_moderate,481,0.10424304638775318,0.2358109827580611,0.18303341006389487,0.47691256079029093,0.9245283018867925,0.9843716149834999,0.8436254628813261
dirichlet_moderate,482,0.12065076193682177,0.2180515084014498,0.22693098891355049,0.43436674074817794,0.9245283018867925,0.973106280071542,0.8776733758218506
dirichlet_moderate,483,0.24761320269851256,0.2845949267904364,0.13543971287785816,0.332352157633193,0.9528301886792453,0.9901453510340833,0.9534574401088244
dirichlet_moderate,484,0.23255581527466404,0.2572867544598175,0.2285868551514287,0.2815705751140896,0.9339622641509434,0.9842708517016399,0.9513917928306924
dirichlet_moderate,485,0.17958612545605493,0.07350513391258927,0.4408865383488524,0.30602220228250343,0.9622641509433962,0.9817719223115097,0.926120361740182
dirichlet_moderate,486,0.11448091825285826,0.30274058960972083,0.34346526843079445,0.23931322370662642,0.9339622641509434,0.987666574300325,0.9206791445197371
dirichlet_moderate,487,0.3402714615531214,0.1334869758789783,0.23300056900038638,0.29324099356751393,0.9433962264150944,0.9712824646698743,0.9663652165151019
dirichlet_moderate,488,0.3198874238062268,0.2389137034873377,0.29764559597525364,0.14355327673118176,0.9056603773584906,0.9692772753608585,0.9581933143562485
dirichlet_moderate,489,0.3031916880303567,0.16913049056775184,0.1313075391170856,0.396370282284806,0.9339622641509434,0.9786079552611029,0.9532055319041742
dirichlet_moderate,490,0.3783714542981396,0.2291470345864052,0.19174589799694106,0.20073561311851415,0.9528301886792453,0.9921908456558429,0.976491926342041
dirichlet_moderate,491,0.2594905022305014,0.3276303546719422,0.22734289981090136,0.1855362432866548,0.9811320754716981,0.9934705393354661,0.9641081190014359
dirichlet_moderate,492,0.21892331948114502,0.15914526393792874,0.3540594611538272,0.26787195542709896,0.9433962264150944,0.978809481824823,0.9479960702320076
dirichlet_moderate,493,0.3361842747032898,0.29570376504481494,0.2979919361844463,0.07012002406744915,0.9528301886792453,0.9909111519762199,0.963040028213719
dirichlet_moderate,494,0.1537706360486546,0.2465423407977793,0.3752805823294767,0.22440644082408948,0.9339622641509434,0.9921908456558429,0.969831473411089
dirichlet_moderate,495,0.2277081134387566,0.36630266811644174,0.2319422268774052,0.17404699156739642,0.9339622641509434,0.9896516109529688,0.9647832329898984
dirichlet_moderate,496,0.2943821630244694,0.3338820975530103,0.16618968695239272,0.20554605247012747,0.9433962264150944,0.9920094717484949,0.9757966596972064
dirichlet_moderate,497,0.22957321338249478,0.22970791338000168,0.22767836054816368,0.3130405126893399,0.9716981132075472,0.9897926795475729,0.9720986472529412
dirichlet_moderate,498,0.14764237137206915,0.30100780585721776,0.12453442774122699,0.4268153950294862,0.9622641509433962,0.9732171196815881,0.9491548479733986
dirichlet_moderate,499,0.16171881940805494,0.23876631755560293,0.11954481334740104,0.4799700496889411,0.8962264150943396,0.9706678086505277,0.9059374763836058
dirichlet_flat,0,0.0848510565679509,0.5712684833651587,0.2417735885641756,0.10210687150271472,0.9056603773584906,0.9836662720104794,0.9086681613220143
dirichlet_flat,1,0.137443625929568,0.011021899385449301,0.016661530114428714,0.8348729445705539,0.9150943396226415,0.9739526916391668,0.7741592563669798
dirichlet_flat,2,0.3399605394041488,0.08066899201172388,0.5294149375692229,0.04995553101490439,0.8962264150943396,0.9869813839836763,0.9310980678640702
dirichlet_flat,3,0.07810536036625666,0.05112896200717361,0.5662670091449679,0.30449866848160195,0.8490566037735849,0.9691865884071844,0.7080283144822027
dirichlet_flat,4,0.4611185626403385,0.36726723529042093,0.07969894245947176,0.09191525960976861,0.9528301886792453,0.9866891704662821,0.9289215809758924
dirichlet_flat,5,0.3468505587060311,0.30382258442426135,0.11182025991148109,0.23750659695822637,0.9716981132075472,0.9582739249817367,0.9648739199435725
dirichlet_flat,6,0.22597527855671878,0.1807331085244508,0.07027884626174635,0.5230127666570838,0.9245283018867925,0.9817114643423936,0.9355014232813563
dirichlet_flat,7,0.22419786186868595,0.09052085845708863,0.359373862947171,0.32590741672705437,0.8867924528301887,0.9817920749678817,0.8807668085749554
dirichlet_flat,8,0.5297585497650291,0.16538077953364233,0.17396247382363036,0.1308981968776981,0.8773584905660378,0.9559865984835126,0.8384563065219034
dirichlet_flat,9,0.03601827674380147,0.4813104827021309,0.37426974406411306,0.10840149648995474,0.7358490566037735,0.9704461294304356,0.43781142151799884
dirichlet_flat,10,0.5554832541760972,0.24593189576845942,0.19076923721155165,0.007815612843891706,0.9245283018867925,0.9838274932614555,0.9349169962465678
dirichlet_flat,11,0.02083014102434942,0.8949318316152785,0.031985196202520653,0.05225283115785144,0.8113207547169812,0.9803007783963523,0.7299241756304004
dirichlet_flat,12,0.350371105219535,0.11200538199048449,0.3547311035917225,0.1828924091982581,0.7830188679245284,0.9086983903065723,0.7291281457037055
dirichlet_flat,13,0.27050044986579497,0.025129536726995166,0.058903233697502735,0.6454667797097072,0.8962264150943396,0.9815804720759755,0.9066226667002544
dirichlet_flat,14,0.03184507916828476,0.6318541348897246,0.21341057720955217,0.12289020873243853,0.9150943396226415,0.98661863616898,0.9010101519006475
dirichlet_flat,15,0.12213681958369241,0.2509175532991784,0.15305736781040272,0.47388825930672657,0.7924528301886793,0.9543743859737511,0.7536035468675215
dirichlet_flat,16,0.14432988711634895,0.17640992032004338,0.6766451186988787,0.0026150738647290187,0.9245283018867925,0.9784971156510568,0.9346650880419176
dirichlet_flat,17,0.10503447782778288,0.049475644864349536,0.8396707853915059,0.005819091916361867,0.8490566037735849,0.9813487165276974,0.8064941935158827
dirichlet_flat,18,0.3688656411269747,0.09901129243974718,0.3639006777887716,0.16822238864450648,0.9339622641509434,0.9899539007985491,0.9563493462982089
dirichlet_flat,19,0.1058011585408059,0.44567508630360814,0.00611587155853598,0.44240788359704986,0.9528301886792453,0.9882711539914856,0.9146031186235737
dirichlet_flat,20,0.6994906417513109,0.15672332880371817,0.05860692785566084,0.08517910158931004,0.8962264150943396,0.9879285588331613,0.8935637453711868
dirichlet_flat,21,0.750260914267964,0.055472988514799565,0.16186008141527564,0.03240601580196073,0.9150943396226415,0.9769352847822255,0.9255258583772075
dirichlet_flat,22,0.6213994256606353,0.12213325768557125,0.24068712754749363,0.01578018910629993,0.8490566037735849,0.9735798674962844,0.8676172002922136
dirichlet_flat,23,0.4971322307246446,0.0745585954131988,0.3195991668646472,0.10871000699750953,0.9150943396226415,0.987716955941255,0.8883643600272061
dirichlet_flat,24,0.06231481260782288,0.08727616325005404,0.5647963333398289,0.28561269080229407,0.8113207547169812,0.9800589465198882,0.6442552333929515
dirichlet_flat,25,0.31069383721366123,0.16177555272937066,0.33314059384384115,0.19439001621312693,0.9150943396226415,0.9704864347431795,0.8744993324432577
dirichlet_flat,26,0.45102166908869573,0.10287995882152938,0.18260707272278456,0.2634912993669903,0.8962264150943396,0.9578607955261104,0.9494067561780487
dirichlet_flat,27,0.6971737489142492,0.07621725138314367,0.06430549152981029,0.1623035081727968,0.8584905660377359,0.9669899488626345,0.8392221074640401
dirichlet_flat,28,0.6917952879111596,0.1603027634901793,0.09239853832984375,0.05550341026881732,0.9245283018867925,0.9685920850442099,0.8853918432123334
dirichlet_flat,29,0.03800108281175839,0.2488918028478609,0.4414254392602801,0.27168167508010066,0.9150943396226415,0.977660780411618,0.8231100586946117
dirichlet_flat,30,0.006901491691240353,0.5048714352031626,0.1406956996344257,0.3475313734711714,0.8207547169811321,0.9862760410106558,0.6061364838652795
dirichlet_flat,31,0.4466182390033281,0.23599554666601444,0.01914904445426477,0.2982371698763926,0.8584905660377359,0.9816812353578356,0.7377434063027434
dirichlet_flat,32,0.11345552167195834,0.530125627172223,0.18714967177577,0.16926917938004862,0.8962264150943396,0.9633221654029273,0.8879008489306497
dirichlet_flat,33,0.37073002677650035,0.24055429243642584,0.21794707098538035,0.17076860980169334,0.9150943396226415,0.9591001838929895,0.9549991183212838
dirichlet_flat,34,0.27854868209721106,0.11152527766547231,0.16706598128198355,0.44286005895533315,0.8962264150943396,0.9488626344560043,0.860231251731869
dirichlet_flat,35,0.07479077138973632,0.18941969770505587,0.6959856319279978,0.03980389897720997,0.7735849056603774,0.9788699397939391,0.6756228430359976
dirichlet_flat,36,0.006854231834632364,0.03464335163547129,0.3479105354199458,0.6105918811099506,0.9433962264150944,0.9706980376350858,0.8591127793032219
dirichlet_flat,37,0.13898346055059974,0.5838932793335905,0.18103352365291006,0.09608973646289967,0.8490566037735849,0.9454467592009471,0.8824596317102048
dirichlet_flat,38,0.3179839107779819,0.556770405398254,0.006327684514005028,0.11891799930975928,0.9716981132075472,0.9903368012696173,0.9218782275738722
dirichlet_flat,39,0.038370660915040766,0.6371995695879034,0.24930061221499947,0.0751291572820565,0.8773584905660378,0.9889160389953902,0.8370153915913042
dirichlet_flat,40,0.2487748709314337,0.03040405199876463,0.7013504907024555,0.019470586367346172,0.8962264150943396,0.9498803436027912,0.8277250170038039
dirichlet_flat,41,0.03555151914617627,0.525824853157426,0.41352436566741047,0.025099262028987407,0.8301886792452831,0.984230546388896,0.7024964103080837
dirichlet_flat,42,0.2052383078024323,0.12547168179051787,0.5005349828304001,0.16875502757664976,0.8773584905660378,0.9857823009295413,0.8651787288711994
dirichlet_flat,43,0.08930429598196495,0.1208816853988997,0.6618371593451995,0.1279768592739359,0.8962264150943396,0.9909212283044059,0.9143209814343652
dirichlet_flat,44,0.18767078254875183,0.05863429933235337,0.3450987831429338,0.408596134975961,0.9245283018867925,0.9723707081139633,0.8662770486434743
dirichlet_flat,45,0.3246327032583271,0.11785664674721627,0.42074445369818886,0.13676619629626777,0.8679245283018868,0.9666675063606822,0.8720709373504295
dirichlet_flat,46,0.4692397944199182,0.04878959888392425,0.20278128928737765,0.27918931740877984,0.9339622641509434,0.9694888782527648,0.9388870695518553
dirichlet_flat,47,0.09946099190309447,0.05432122362887333,0.1364977344238827,0.7097200500441495,0.9150943396226415,0.9688742222334181,0.8672040708365871
dirichlet_flat,48,0.4813566804409825,0.037100485913598734,0.00796285168000431,0.47357998196541445,0.8962264150943396,0.9871426052346526,0.8131143411340908
dirichlet_flat,49,0.14998224924322803,0.4725430273810884,0.3767733581694765,0.0007013652062070496,0.7735849056603774,0.9702748318512734,0.8115928155780033
dirichlet_flat,50,0.014231579267984787,0.7382783180803361,0.07243661783532983,0.17505348481634922,0.7641509433962265,0.9440965312240219,0.5509081290777641
dirichlet_flat,51,0.2995861005303842,0.08093987506608061,0.06582226610233954,0.5536517583011956,0.9339622641509434,0.9782754364309646,0.937345391339396
dirichlet_flat,52,0.31500939490890456,0.030871748934094414,0.27285475698034795,0.38126409917665294,0.9528301886792453,0.9836864246668514,0.9287704360531023
dirichlet_flat,53,0.13234789829774607,0.1657489024770566,0.0604069587849918,0.6414962404402057,0.6509433962264151,0.9482681310930298,0.3220444869889412
dirichlet_flat,54,0.33825171604004955,0.19974144647919453,0.41426536204986325,0.04774147543089278,0.9056603773584906,0.9730155931178678,0.9212635715545255
dirichlet_flat,55,0.25782484243425635,0.4353292785210933,0.18154887574216752,0.1252970033024828,0.9528301886792453,0.9918482504975188,0.9493866035216767
dirichlet_flat,56,0.8449511628947804,0.06415333178494072,0.08678474259586519,0.004110762724413582,0.8962264150943396,0.9816308537169056,0.8400282137189208
dirichlet_flat,57,0.4302516090121122,0.08985289374703988,0.017878550473241654,0.46201694676760635,0.9528301886792453,0.9689447565307202,0.9226641811723809
dirichlet_flat,58,0.0690343506464012,0.24513813322014757,0.6606650617901194,0.025162454343331808,0.9056603773584906,0.9886540544625538,0.8844446683628486
dirichlet_flat,59,0.12704377348610763,0.02545310173179651,0.8094091141689993,0.038094010613096495,0.7735849056603774,0.9732775776507041,0.6425724865858882
dirichlet_flat,60,0.06159985197887895,0.1466768888846856,0.11217295665739138,0.6795503024790441,0.8962264150943396,0.9771871929868756,0.6269944832103183
dirichlet_flat,61,0.6575578451101515,0.2732544281118185,0.026279899381992915,0.04290782739603711,0.8490566037735849,0.9794140615159836,0.7289568481245435
dirichlet_flat,62,0.15574541432184943,0.20583744765766165,0.28081730974097285,0.35759982827951603,0.9245283018867925,0.9773685668942237,0.9554827820742121
dirichlet_flat,63,0.32670161320722324,0.4377820777239156,0.19667734395474226,0.03883896511411875,0.8962264150943396,0.9769352847822255,0.9067133536539286
dirichlet_flat,64,0.17946482256136323,0.03929655124491122,0.5710335228533809,0.2102051033403445,0.9150943396226415,0.9837670352923394,0.9313701287250925
dirichlet_flat,65,0.13332876501764324,0.027687729815340532,0.08634895495850191,0.7526345502085142,0.9339622641509434,0.985409476786659,0.9480262992165654
dirichlet_flat,66,0.44682392349910593,0.03546529873768659,0.11957996481221551,0.39813081295099195,0.8679245283018868,0.9531249212786861,0.8325717308612742
dirichlet_flat,67,0.15693373902305097,0.42037713448092445,0.08359321940451973,0.339095907091505,0.9150943396226415,0.974375897422979,0.9646421643952943
dirichlet_flat,68,0.34142629616169096,0.08066289039515523,0.4604205058435897,0.11749030759956416,0.8679245283018868,0.9783963523691966,0.9141799128397611
dirichlet_flat,69,0.16762737387224308,0.13977495368397927,0.25804436621442983,0.43455330622934774,0.8584905660377359,0.9755649041489282,0.7693427714940676
dirichlet_flat,70,0.26210604722219133,0.6488490364855074,0.05355838997711754,0.03548652631518363,0.8962264150943396,0.9892183288409704,0.9198327329521123
dirichlet_flat,71,0.12654984266759475,0.1305880410779979,0.7256104502236181,0.017251666030789186,0.8773584905660378,0.9823361966899262,0.871577197269315
dirichlet_flat,72,0.2969870948027605,0.055502000994960055,0.5008468968266612,0.14666400737561827,0.8207547169811321,0.966425674484218,0.7422072196891454
dirichlet_flat,73,0.15459500226845685,0.0829829607660919,0.07512481109686593,0.6872972258685852,0.9339622641509434,0.9788699397939391,0.88835428369902
dirichlet_flat,74,0.2513052314129637,0.6225309749975899,0.0008197867463793295,0.125344006843067,0.9150943396226415,0.9807239841801648,0.9259289115046477
dirichlet_flat,75,0.6821225440046084,0.15953297849473047,0.13706674190212068,0.021277735598540466,0.9056603773584906,0.969912084036577,0.8689573519409527
dirichlet_flat,76,0.1537263800941032,0.1431336857224168,0.5948187811145251,0.10832115306895476,0.8867924528301887,0.992140464014913,0.8743884928332115
dirichlet_flat,77,0.07665744957605186,0.6754890391346233,0.005064262114135865,0.24278924917518888,0.8490566037735849,0.9837065773232234,0.6974582462150793
dirichlet_flat,78,0.16147027868683198,0.4005473496004009,0.3949093729353889,0.04307299877737823,0.8773584905660378,0.9699725420056932,0.8538831649746833
dirichlet_flat,79,0.0670820188299923,0.3013118403909239,0.3621008838933842,0.26950525688569976,0.9056603773584906,0.9751719273496737,0.8678388795123058
dirichlet_flat,80,0.4844425487372406,0.06398007739823783,0.1662186033249878,0.2853587705395336,0.8962264150943396,0.9779126886162683,0.8632642265158577
dirichlet_flat,81,0.13701339203166976,0.1826645057256321,0.23381970084399503,0.44650240139870306,0.9811320754716981,0.9851777212383808,0.8966974834370356
dirichlet_flat,82,0.33549930370866793,0.16459865503526608,0.07592825591432541,0.4239737853417405,0.9622641509433962,0.9845026072499181,0.9658110184648715
dirichlet_flat,83,0.10400692003426001,0.7803847083542,0.030383261763948743,0.08522510984759123,0.8018867924528302,0.9791420006549614,0.7725369675290324
dirichlet_flat,84,0.10615171666306453,0.47473488490823623,0.4106814811966051,0.008431917232094317,0.8679245283018868,0.9794543668287276,0.8453182860165754
dirichlet_flat,85,0.8664804835252676,0.0036498172050401915,0.04713526413261852,0.08273443513707365,0.8301886792452831,0.9793233745623096,0.7775650552938508
dirichlet_flat,86,0.10299831564183394,0.5420460308391224,0.18929409251671525,0.16566156100232823,0.7547169811320755,0.9666876590170541,0.6712900219160138
dirichlet_flat,87,0.12494258132899357,0.3251534179568801,0.013795079018534127,0.5361089216955922,0.9150943396226415,0.9828299367710407,0.8519283573065976
dirichlet_flat,88,0.11267564461496149,0.011411689866122066,0.45403868281182763,0.4218739827070888,0.9150943396226415,0.9836360430259213,0.9303624959064917
dirichlet_flat,89,0.64240082156692,0.08964403493464873,0.1571289022933076,0.11082624120512384,0.8773584905660378,0.9659218580749175,0.8604730836083332
dirichlet_flat,90,0.04784269790502282,0.19416242272192483,0.4733084147712726,0.28468646460177965,0.8301886792452831,0.9879587878177192,0.8084288485275966
dirichlet_flat,91,0.4833219251711395,0.30379729356412205,0.12369284826751913,0.08918793299721929,0.9056603773584906,0.9897120689220847,0.9107136559437741
dirichlet_flat,92,0.10276038928991994,0.519650321446779,0.26216895650982924,0.11542033275347174,0.8773584905660378,0.9809658160566289,0.9353200493740081
dirichlet_flat,93,0.2863782923554853,0.2506994741273097,0.4360666854712651,0.026855548045939964,0.8867924528301887,0.9783157417437086,0.9535682797188706
dirichlet_flat,94,0.4967829323509601,0.09242451377388221,0.2828725787904422,0.12791997508471545,0.9339622641509434,0.9897826032193869,0.9181499861450487
dirichlet_flat,95,0.12028736987645205,0.4907923361459331,0.04272099787653003,0.34619929610108463,0.9433962264150944,0.9844723782653603,0.8826712346021109
dirichlet_flat,96,0.08107676498680591,0.10090405985887393,0.18383171943720303,0.6341874557171171,0.7735849056603774,0.9711514724034561,0.6703428470665289
dirichlet_flat,97,0.6987360950725474,0.019605815513664963,0.21499911042228712,0.0666589789915006,0.8301886792452831,0.9581227800589466,0.8228581504899615
dirichlet_flat,98,0.18833452938048365,0.286291724870576,0.3226626107842541,0.20271113496468632,0.9622641509433962,0.9900848930649672,0.9656901025266393
dirichlet_flat,99,0.5297495619181785,0.07849468712823753,0.09672320433122417,0.29503254662235995,0.8867924528301887,0.9840189434969897,0.8974129027382423
dirichlet_flat,100,0.022415694842651972,0.5226577834864908,0.22520961312860627,0.22971690854225077,0.8962264150943396,0.9877774139103711,0.8282187570849183
dirichlet_flat,101,0.10164986130483292,0.0848242976190953,0.478405371232179,0.3351204698438929,0.9150943396226415,0.9690455198125802,0.9214550217900598
dirichlet_flat,102,0.5082939064404274,0.03920772056458059,0.36612947005074664,0.08636890294424548,0.8773584905660378,0.9599969771015442,0.8971106128926618
dirichlet_flat,103,0.1088565415428602,0.427257547360227,0.25126793194752384,0.212617979149389,0.8679245283018868,0.967624757538353,0.9053832783333753
dirichlet_flat,104,0.4085730067889559,0.27656196520980153,0.049849934257668954,0.2650150937435735,0.8773584905660378,0.9412751593319394,0.8971912235181501
dirichlet_flat,105,0.03189215939214484,0.34883291102144354,0.04940796998053783,0.5698669596058739,0.9811320754716981,0.9837972642768975,0.9053530493488173
dirichlet_flat,106,0.5255706810007105,0.11573478490355203,0.27467386475005506,0.08402066934568234,0.8962264150943396,0.9773383379096656,0.9047081643449126
dirichlet_flat,107,0.015105458734949484,0.005759511795095052,0.153128348135681,0.8260066813342744,0.8773584905660378,0.964360027206086,0.6511675945285539
dirichlet_flat,108,0.13002719305933427,0.38471014461668357,0.4380764238843502,0.04718623843963193,0.7735849056603774,0.9777615436934781,0.5644003325188302
dirichlet_flat,109,0.47328681040377746,0.1880911251195926,0.23272998376420287,0.1058920807124271,0.9056603773584906,0.9829206237247148,0.8951860342091341
dirichlet_flat,110,0.1037499960059655,0.37653772950783737,0.05437595162711867,0.4653363228590784,0.9339622641509434,0.9486409552359122,0.936236995238935
dirichlet_flat,111,0.014133744651259193,0.04895649048550333,0.4412692493679582,0.49564051549527943,0.8773584905660378,0.9388769932236692,0.7214298309695947
dirichlet_flat,112,0.5520537183285809,0.11638707726458357,0.08085435517870963,0.2507048492281261,0.9528301886792453,0.9826787918482506,0.9366702773509332
dirichlet_flat,113,0.1919850930630502,0.07852963216610948,0.5070799684449383,0.22240530632590208,0.6981132075471698,0.9730055167896818,0.3760032244250195
dirichlet_flat,114,0.1512004522645338,0.46521288062726335,0.3698703550229158,0.013716312085287067,0.8867924528301887,0.9890772602463662,0.8642315540217145
dirichlet_flat,115,0.11089686132719477,0.2704986246468114,0.4861990642813931,0.1324054497446006,0.9528301886792453,0.9833740584930852,0.9499508779000932
dirichlet_flat,116,0.44284860118827035,0.01742088001363717,0.5194834511111552,0.020247067686937178,0.8584905660377359,0.9633523943874851,0.8475149255611256
dirichlet_flat,117,0.15626156502077615,0.5609467197460648,0.17500460856551364,0.10778710666764547,0.8679245283018868,0.9759276519636245,0.912779303221906
dirichlet_flat,118,0.10740882914215275,0.17082927485328345,0.2422991983786363,0.47946269762592736,0.9150943396226415,0.9732171196815881,0.7310628007154194
dirichlet_flat,119,0.13537476087160505,0.6437783811730505,0.11895164959979157,0.10189520835555282,0.8773584905660378,0.9790210847167293,0.8580547648436909
dirichlet_flat,120,0.0013154489038051803,0.6235516217383813,0.2684735071930333,0.10665942216478001,0.9056603773584906,0.9861148197596795,0.8036224399828703
dirichlet_flat,121,0.010208611210177713,0.3228431121824623,0.3414300830133779,0.32551819359398204,0.6415094339622641,0.9642491875960401,0.26097186185354054
dirichlet_flat,122,0.6070416604998229,0.10465877503178914,0.0035481164922061452,0.28475144797618196,0.8962264150943396,0.9760687205582287,0.8155427362269189
dirichlet_flat,123,0.018203112186639146,0.11104193336392246,0.7951299507487605,0.07562500370067785,0.7547169811320755,0.9802604730836084,0.5453863012318312
dirichlet_flat,124,0.16521633986497689,0.10512105791463389,0.14194137814680885,0.5877212240735804,0.9433962264150944,0.9617401818777238,0.9343023402272211
dirichlet_flat,125,0.046990194001214416,0.2138851641171324,0.5928453591125292,0.14627928276912391,0.8490566037735849,0.9823462730181122,0.8472025593873592
dirichlet_flat,126,0.5527193602349196,0.24025783610582663,0.1497620201921617,0.057260783467092215,0.9150943396226415,0.9894903897019927,0.9471194296798247
dirichlet_flat,127,0.7867195268305963,0.027790449416484328,0.1444918167536883,0.04099820699923105,0.8679245283018868,0.9478852306219614,0.8261128044940425
dirichlet_flat,128,0.07897462482467406,0.4123231284505521,0.4148855760705461,0.09381667065422768,0.8018867924528302,0.9840189434969897,0.6517419452351563
dirichlet_flat,129,0.06748016868965266,0.27685363373823585,0.006318850108697198,0.6493473474634144,0.9339622641509434,0.9847444391263823,0.8800715419301207
dirichlet_flat,130,0.23512765652087642,0.18468091603327366,0.24868179685404368,0.33150963059180644,0.9433962264150944,0.9772577272841777,0.9213542585081995
dirichlet_flat,131,0.303569143796305,0.057070529830037145,0.47566880767208863,0.16369151870156923,0.9245283018867925,0.9861248960878656,0.9266846361185984
dirichlet_flat,132,0.004326386096644429,0.12318676155094026,0.12478449859347733,0.747702353758938,0.8773584905660378,0.9763911630601809,0.617935864171096
dirichlet_flat,133,0.07440034687544199,0.804196855780834,0.07482193148462872,0.04658086585909534,0.839622641509434,0.9505453812630678,0.8023326699750611
dirichlet_flat,134,0.5465576796229138,0.09883763763350856,0.3119498386571035,0.04265484408647422,0.8867924528301887,0.9840390961533617,0.9123057157971636
dirichlet_flat,135,0.21745640903957514,0.31989172047958553,0.44511854516509736,0.017533325315742008,0.8207547169811321,0.9642189586114819,0.8576617880444367
dirichlet_flat,136,0.29419480314233204,0.25710974295053207,0.2840970167321772,0.1645984371749588,0.9339622641509434,0.9809255107438849,0.9462226364712699
dirichlet_flat,137,0.15062832714112848,0.4211962690529229,0.06434656699084751,0.3638288368151011,0.9528301886792453,0.986578330856236,0.9389979091619015
dirichlet_flat,138,0.06639427208451817,0.3040122146865105,0.27752109581054873,0.3520724174184225,0.9622641509433962,0.9889160389953902,0.9305035645010957
dirichlet_flat,139,0.16107370538194968,0.39445403151864533,0.08669855298299325,0.3577737101164118,0.9245283018867925,0.9858125299140994,0.8784996347331033
dirichlet_flat,140,0.5975709829069046,0.04025993791652071,0.00868129522317006,0.3534877839534047,0.8867924528301887,0.9786784895584051,0.795510995793133
dirichlet_flat,141,0.07327319484036676,0.27586188578583143,0.3307175066029962,0.3201474127708056,0.9433962264150944,0.9773987958787819,0.9421316472277502
dirichlet_flat,142,0.3431711490241743,0.09486708298409072,0.29297109817838346,0.26899066981335146,0.9433962264150944,0.9851071869410786,0.958747512406479
dirichlet_flat,143,0.08372724026678938,0.11954128448701941,0.016621855256540655,0.7801096199896506,0.8584905660377359,0.9233594478172155,0.8163992241227297
dirichlet_flat,144,0.04924161216536857,0.5128577255634389,0.10723864388384677,0.3306620183873458,0.8773584905660378,0.9357130261732626,0.8188578482001159
dirichlet_flat,145,0.07008295591947397,0.11376001283070789,0.2818403401184783,0.5343166911313398,0.9150943396226415,0.9758873466508804,0.8327833337531804
dirichlet_flat,146,0.6443596682984293,0.08253188539575541,0.0039621862404158985,0.26914626006539927,0.8679245283018868,0.974396050079351,0.8332871501624809
dirichlet_flat,147,0.21507513885922216,0.14688936995703533,0.35898893850081914,0.2790465526829233,0.9245283018867925,0.9848048970954985,0.9455273698264354
dirichlet_flat,148,0.15808430866690584,0.23850172841153627,0.12667830710901468,0.4767356558125432,0.9528301886792453,0.9702042975539713,0.870388190543366
dirichlet_flat,149,0.12690278632853436,0.0011417285756452548,0.5671991729926679,0.3047563121031526,0.8867924528301887,0.9712421593571303,0.8395949316069224
dirichlet_flat,150,0.31110370249775693,0.16979394366211623,0.03601571352956742,0.4830866403105593,0.9622641509433962,0.9826787918482506,0.9432299670000251
dirichlet_flat,151,0.2262723419428333,0.2651218993960557,0.39746105669842535,0.11114470196268575,0.8773584905660378,0.9750207824268836,0.8222535707988009
dirichlet_flat,152,0.39675179252618936,0.3594977427420197,0.232583557729109,0.011166907002682214,0.8867924528301887,0.9399249313550142,0.8920019145023553
dirichlet_flat,153,0.20931346873119097,0.4052290988178541,0.03450797342037446,0.35094945903058045,0.9528301886792453,0.9891074892309242,0.9665465904224502
dirichlet_flat,154,0.3178846448542761,0.07634354374669901,0.21735541176640646,0.3884163996326186,0.8490566037735849,0.9263621936166461,0.8955588583520167
dirichlet_flat,155,0.1276317540398446,0.101968477918667,0.4411783326507248,0.32922143539076365,0.9622641509433962,0.9883618409451596,0.8591329319595941
dirichlet_flat,156,0.7791008478975782,0.21649935619092292,0.0011232096189226352,0.0032765862925763184,0.9339622641509434,0.9824671889563443,0.898249237977681
dirichlet_flat,157,0.2295044898887808,0.48484522977665523,0.1811631195299496,0.10448716080461429,0.8867924528301887,0.9677658261329571,0.9162153311333351
dirichlet_flat,158,0.17400042095179044,0.16021387535678744,0.5259845890769463,0.13980111461447572,0.8867924528301887,0.9780537572108724,0.8353427211124267
dirichlet_flat,159,0.07175007759974378,0.5148976407561268,0.09050297691649635,0.32284930472763296,0.7735849056603774,0.9660024687004056,0.6599944580194979
dirichlet_flat,160,0.03137148526226325,0.617008323782157,0.17852661211859702,0.17309357883698276,0.9339622641509434,0.9880696274277654,0.9056956445071417
dirichlet_flat,161,0.15656366749827016,0.3343508603891977,0.4337210571716038,0.07536441494092819,0.9056603773584906,0.9803713126936544,0.9219588381993602
dirichlet_flat,162,0.07313951778494948,0.05037319685862439,0.5092318145246831,0.367255470831743,0.8962264150943396,0.9846436758445222,0.8718492581303373
dirichlet_flat,163,0.11221981741492383,0.17902114166148786,0.6074684889161145,0.10129055200747378,0.8584905660377359,0.9716049071718267,0.8720104793813135
dirichlet_flat,164,0.5359850176931616,0.3759555498672914,0.07445095223880277,0.013608480200744306,0.9528301886792453,0.9858931405395873,0.9343527218681512
dirichlet_flat,165,0.16280662840993812,0.4045585979613818,0.3385444801784003,0.09409029345027967,0.9150943396226415,0.9815603194196034,0.9536589666725446
dirichlet_flat,166,0.14269588152156112,0.5307512361568404,0.16781960831618448,0.1587332740054139,0.8773584905660378,0.9889160389953902,0.850235534171348
dirichlet_flat,167,0.40328631368448914,0.18569046405956513,0.37490802767039155,0.0361151945855541,0.8962264150943396,0.9850971106128927,0.8366929490893519
dirichlet_flat,168,0.14072514879741443,0.6033450683017848,0.16910921549312835,0.08682056740767237,0.8113207547169812,0.9713429226389904,0.8130438068367887
dirichlet_flat,169,0.5119385312945837,0.013095602223610489,0.026969649291739266,0.4479962171900666,0.839622641509434,0.9819633725470439,0.8172960173312844
dirichlet_flat,170,0.19536321514495736,0.4083282229090309,0.10129574097959945,0.29501282096641224,0.7830188679245284,0.9881703907096254,0.636919666473537
dirichlet_flat,171,0.294117333776225,0.07871984845008792,0.5543819749325994,0.07278084284108763,0.9433962264150944,0.9890772602463662,0.9344333324936394
dirichlet_flat,172,0.6111423294607213,0.029205298126721485,0.3042958105240428,0.055356561888514566,0.8867924528301887,0.9738720810136786,0.8652190341839433
dirichlet_flat,173,0.08642736413257607,0.7273575973512418,0.10718423382750555,0.0790308046886765,0.8867924528301887,0.9743355921102351,0.8520795022293877
dirichlet_flat,174,0.10086860207242491,0.3993445559146395,0.25409778943418126,0.24568905257875429,0.7735849056603774,0.9378189787641383,0.6052699196412827
dirichlet_flat,175,0.4139499137705284,0.5019436345748491,0.06917428485100857,0.014932166803613782,0.8773584905660378,0.9691462830944404,0.8891503136257148
dirichlet_flat,176,0.1597366879648907,0.382284854483927,0.02843686152252703,0.4295415960286553,0.9622641509433962,0.98661863616898,0.9674635362873769
dirichlet_flat,177,0.5605798040397756,0.0328554389621821,0.28184416465002154,0.12472059234802071,0.9056603773584906,0.9703856714613195,0.9006574804141371
dirichlet_flat,178,0.46342195178974216,0.12257000707868104,0.04584490572857283,0.36816313540300405,0.9245283018867925,0.9830314633347608,0.9093331989822908
dirichlet_flat,179,0.08381013237404643,0.1612753102777768,0.3920500438906108,0.3628645134575659,0.9056603773584906,0.9619114794568859,0.8184346424163036
dirichlet_flat,180,0.014598129140087021,0.23147386438701353,0.15281501626968813,0.6011129902032114,0.7735849056603774,0.9837468826359675,0.5573065974758797
dirichlet_flat,181,0.11622207748745961,0.1489181577727837,0.2968437190509361,0.4380160456888205,0.8867924528301887,0.9835554324004333,0.8668211703655188
dirichlet_flat,182,0.3939286558063931,0.3934764683945287,0.1557003638290087,0.05689451197006949,0.9056603773584906,0.9398140917449682,0.942988135123561
dirichlet_flat,183,0.2612472220006974,0.618532028728013,0.09536926323050465,0.02485148604078497,0.9150943396226415,0.9818827619215559,0.9513817165025065
dirichlet_flat,184,0.11723876346975835,0.13348870621717746,0.5994958168282122,0.149776713484852,0.6320754716981132,0.9806232208983047,0.13961256518124793
dirichlet_flat,185,0.5305554494450954,0.2868382047801934,0.05660761927726457,0.12599872649744676,0.9056603773584906,0.9887850467289719,0.8717888001612213
dirichlet_flat,186,0.31457083860740637,0.06481049580672615,0.07751771763926782,0.5431009479465997,0.9433962264150944,0.9891981761845983,0.9533264478424063
dirichlet_flat,187,0.09193666354278544,0.0036795269871096816,0.2555530901269205,0.6488307193431843,0.8679245283018868,0.9567322467692773,0.7378643222409754
dirichlet_flat,188,0.37714171433310406,0.1586343158056395,0.3654756128774178,0.09874835698383848,0.8867924528301887,0.9663450638587299,0.8673451394311913
dirichlet_flat,189,0.4927851839050294,0.20001659871126645,0.1221415217914793,0.18505669559222476,0.9056603773584906,0.9867597047635841,0.9069652618585788
dirichlet_flat,190,0.061714790668396594,0.35312243995807713,0.09478601263154646,0.4903767567419799,0.8962264150943396,0.9835655087286194,0.7962667204070837
dirichlet_flat,191,0.060062789285980606,0.0595548763408234,0.16311367103325297,0.717268663339943,0.8113207547169812,0.9705368163841097,0.6900118396856186
dirichlet_flat,192,0.3283409251176163,0.07773655128428497,0.3011637393179514,0.29275878428014734,0.9433962264150944,0.9793737562032396,0.9647126986925963
dirichlet_flat,193,0.43961180498140806,0.33837033990252274,0.03792314578858233,0.18409470932748687,0.9433962264150944,0.9823865783308562,0.9640174320477618
dirichlet_flat,194,0.3628332190327183,0.47876746265386466,0.11941645320888564,0.038982865104531424,0.9056603773584906,0.960903846638285,0.9060080106809079
dirichlet_flat,195,0.3035135010822307,0.03261947819940981,0.6128667844857558,0.05100023623260368,0.8113207547169812,0.9583041539662948,0.7469531702647555
dirichlet_flat,196,0.5848828775322089,0.3054289680123185,0.052828883379745624,0.05685927107572692,0.9245283018867925,0.9725420056931254,0.9603698012444266
dirichlet_flat,197,0.6321557442553449,0.17668953255034944,0.10271724990406392,0.08843747329024174,0.8679245283018868,0.9771871929868756,0.8229186084590775
dirichlet_flat,198,0.2080484510334628,0.005067248545290774,0.46147343073512265,0.3254108696861237,0.9150943396226415,0.983101997632063,0.9446910345869965
dirichlet_flat,199,0.0011108970178421264,0.48220302290760836,0.17554350552713033,0.34114257454741903,0.9056603773584906,0.9700027709902512,0.9165478499634734
dirichlet_flat,200,0.30343704997820337,0.14046113975488922,0.46611751360764947,0.08998429665925796,0.8301886792452831,0.9585560621709449,0.8107967856513087
dirichlet_flat,201,0.027488207267266446,0.15063512850027339,0.38616728827973434,0.4357093759527258,0.7735849056603774,0.9766833765775752,0.5500717938383254
dirichlet_flat,202,0.4733362327078026,0.08854049056372698,0.37607058893015477,0.062052687798315576,0.9056603773584906,0.9638259818122277,0.9376980628259063
dirichlet_flat,203,0.6375431386164464,0.03076285899007499,0.32809152419707005,0.0036024781964085887,0.8679245283018868,0.988875733682646,0.813315867697811
dirichlet_flat,204,0.2699434329366092,0.3279773791916698,0.2662603075999822,0.13581888027173863,0.9339622641509434,0.9844824545935462,0.963171020480137
dirichlet_flat,205,0.4465561117387216,0.35008331934375764,0.1414834630242424,0.06187710589327825,0.9245283018867925,0.9914451973700783,0.960903846638285
dirichlet_flat,206,0.22978706488296038,0.06475812462112444,0.41411089212699775,0.2913439183689175,0.9056603773584906,0.9805627629291886,0.9240849434466081
dirichlet_flat,207,0.590059532064435,0.15832461082878932,0.11911416760158906,0.13250168950518681,0.9056603773584906,0.9803310073809104,0.8750333778371161
dirichlet_flat,208,0.27560421647546923,0.1635487548237029,0.5393749939411285,0.021472034759699304,0.8867924528301887,0.9894601607174346,0.9012116784643676
dirichlet_flat,209,0.06314341632710768,0.32343173568210287,0.509041537837968,0.10438331015282157,0.8867924528301887,0.985469934755775,0.858115222812807
dirichlet_flat,210,0.04113798473643728,0.21651579566109355,0.12287266053604184,0.6194735590664274,0.5660377358490566,0.9596342292868479,0.09895458095070157
dirichlet_flat,211,0.4658873128121276,0.05373047180519077,0.14995970240572354,0.3304225129769581,0.9716981132075472,0.9845126835781041,0.9001738166612088
dirichlet_flat,212,0.38511818038778,0.08110279491977397,0.46432966393072583,0.06944936076172031,0.8962264150943396,0.9819835252034159,0.9179484595813285
dirichlet_flat,213,0.14229974554425034,0.39961020837716466,0.31932100434150296,0.13876904173708193,0.9339622641509434,0.9839484091996876,0.9094944202332671
dirichlet_flat,214,0.3044737558918777,0.042947341719319146,0.07727601891537467,0.5753028834734285,0.9716981132075472,0.977701085724362,0.9136760964304607
dirichlet_flat,215,0.2807952793240469,0.35903050152996946,0.2607576081802071,0.09941661096577646,0.9245283018867925,0.9775398644733859,0.9428168375443989
dirichlet_flat,216,0.8909984460559555,0.03868793097694988,0.05640360397727059,0.013910018989824137,0.9150943396226415,0.9781343678363605,0.8618636168980024
dirichlet_flat,217,0.8263236336848786,0.048258393392181194,0.07813043410301455,0.04728753881992572,0.8773584905660378,0.9814998614504875,0.8242688364360028
dirichlet_flat,218,0.3034697185869244,0.22280215530965794,0.35087386525933495,0.12285426084408264,0.9150943396226415,0.9845630652190341,0.9199536488903445
dirichlet_flat,219,0.7762890472319204,0.018225733728679562,0.14447832116490078,0.06100689787449936,0.8867924528301887,0.9784064286973828,0.8159054840416152
dirichlet_flat,220,0.17686475883904015,0.65038826582515,0.12222206422539532,0.05052491111041449,0.8962264150943396,0.9665465904224502,0.9432702723127693
dirichlet_flat,221,0.1378880294148597,0.007897067215697383,0.3086097053794523,0.5456051979899906,0.8301886792452831,0.9750610877396277,0.660337053177822
dirichlet_flat,222,0.055671396664937735,0.5590969709473647,0.2597241426845296,0.1255074897031682,0.8679245283018868,0.9711817013880143,0.9017860291709702
dirichlet_flat,223,0.21244356897319636,0.2782257331196166,0.23716987427548009,0.27216082363170696,0.9811320754716981,0.9918482504975188,0.9562082777036048
dirichlet_flat,224,0.1799216780969213,0.2732841323175152,0.41709221712434574,0.12970197246121773,0.9433962264150944,0.9839282565433156,0.9389576038491574
dirichlet_flat,225,0.03993970056028031,0.12341029849928525,0.48143529104104554,0.35521470989938897,0.9528301886792453,0.9757664307126483,0.9211124266317354
dirichlet_flat,226,0.29830391535770084,0.3161266810088657,0.02153603650192996,0.3640333671315036,0.9716981132075472,0.9853893241302869,0.9712925409980603
dirichlet_flat,227,0.052467188343168235,0.4792929998245275,0.34425197830327753,0.12398783352902676,0.8867924528301887,0.9725823110058694,0.8590019396931758
dirichlet_flat,228,0.3960478677852099,0.01342061039116257,0.2722500440283785,0.3182814777952491,0.9056603773584906,0.9864372622616319,0.8717081895357331
dirichlet_flat,229,0.14540141408014465,0.1821318770877335,0.32049594794136493,0.35197076089075685,0.9811320754716981,0.9871022999219085,0.9835151270876893
dirichlet_flat,230,0.12749940509115928,0.1687149265731782,0.3055046959046289,0.39828097243103366,0.9339622641509434,0.9833841348212711,0.9274806660452932
dirichlet_flat,231,0.32564609159282215,0.37448916688784295,0.21555409238902118,0.08431064913031365,0.9339622641509434,0.9869310023427463,0.9589893442829434
dirichlet_flat,232,0.0043252895160983944,0.22954588722132813,0.3073651320729114,0.45876369118966215,0.9056603773584906,0.9404085951079427,0.7764969645061339
dirichlet_flat,233,0.39224904507663905,0.18676675662311307,0.32162941925028826,0.09935477904995965,0.9433962264150944,0.9858226062422853,0.9233392951608435
dirichlet_flat,234,0.010979389131100439,0.6638342437735739,0.1837902671600312,0.1413960999352946,0.8773584905660378,0.968702924654256,0.8448346222636471
dirichlet_flat,235,0.3617298044009507,0.22996643355237867,0.09766499458081478,0.3106387674658559,0.9528301886792453,0.9837569589641535,0.9599768244451722
dirichlet_flat,236,0.06679094657697686,0.4625302065837877,0.12162390189719878,0.34905494494203665,0.8679245283018868,0.9840290198251758,0.7614933118371666
dirichlet_flat,237,0.14780687296590697,0.1118953442607454,0.667539736877107,0.07275804589624066,0.8773584905660378,0.9795349774542157,0.8886968788573443
dirichlet_flat,238,0.37000642037234577,0.20212561023072448,0.11971399463700658,0.30815397475992323,0.9245283018867925,0.9856513086631231,0.9488626344560043
dirichlet_flat,239,0.33745842584090147,0.03909346260053696,0.35973684475281814,0.2637112668057433,0.8301886792452831,0.9634027760284152,0.7754490263747891
dirichlet_flat,240,0.4210862111636261,0.06371082191239755,0.4347400289725949,0.08046293795138162,0.8773584905660378,0.9818827619215559,0.9168501398090536
dirichlet_flat,241,0.05151404092478106,0.12039608054827938,0.6930845579374765,0.13500532058946302,0.8018867924528302,0.9736100964808423,0.7957225986850393
dirichlet_flat,242,0.31634534699660777,0.14013110855705607,0.1893516533055838,0.3541718911407524,0.8773584905660378,0.9616091896113057,0.881502380532534
dirichlet_flat,243,0.026184411454607513,0.43758998760808504,0.4190996221855252,0.11712597875178236,0.9245283018867925,0.9858931405395873,0.9037106078544979
dirichlet_flat,244,0.6245116440536521,0.11585072767616016,0.061240414285215816,0.1983972139849719,0.8867924528301887,0.9659923923722196,0.7945839736000201
dirichlet_flat,245,0.39787432056858224,0.3570747134956439,0.06195024584902141,0.18310072008675243,0.9056603773584906,0.9811673426203492,0.9254553240799054
dirichlet_flat,246,0.13304796916158484,0.6177187857388391,0.18072589282365334,0.06850735227592272,0.8867924528301887,0.972018036627453,0.9316220369297429
dirichlet_flat,247,0.41498952915459314,0.07560671293818103,0.31592461921536563,0.1934791386918602,0.9150943396226415,0.9896012293120386,0.9455273698264354
dirichlet_flat,248,0.07420478385015158,0.05239388566280439,0.615807208772747,0.257594121714297,0.9056603773584906,0.9857016903040532,0.9074287729551352
dirichlet_flat,249,0.2692622071844756,0.6143740695144481,0.0296991984181858,0.0866645248828905,0.9150943396226415,0.9630803335264629,0.9011713731516237
dirichlet_flat,250,0.5718324545356288,0.167863712366713,0.12793189409216457,0.1323719390054934,0.8867924528301887,0.9819230672342998,0.9044864851248207
dirichlet_flat,251,0.1399261136807436,0.062354046668243485,0.2975482518781099,0.5001715877729028,0.8301886792452831,0.9737813940600045,0.6636420888228329
dirichlet_flat,252,0.17326770516989717,0.21304167750887354,0.40794634613733133,0.20574427118389813,0.8773584905660378,0.9860543617905636,0.9021286243292944
dirichlet_flat,253,0.38043542541236414,0.1812820973557825,0.05947614239351672,0.37880633483833664,0.8679245283018868,0.9829710053656449,0.8795677255208202
dirichlet_flat,254,0.39671892315748897,0.3188774878334699,0.14560604341344102,0.1387975455956003,0.9245283018867925,0.9774592538478978,0.9550696526185857
dirichlet_flat,255,0.4613190432595884,0.02007684904425866,0.04707338664972086,0.4715307210464322,0.8962264150943396,0.9639872030632037,0.9337481421769908
dirichlet_flat,256,0.030004759991184383,0.25688694390574646,0.11832272062282155,0.5947855754802476,0.9716981132075472,0.9808549764465829,0.9022898455802705
dirichlet_flat,257,0.41238285258910706,0.1922964646145551,0.018010823687015155,0.3773098591093228,0.8773584905660378,0.9714537622490365,0.8340428747764315
dirichlet_flat,258,0.08403618161809681,0.6477922255754383,0.2077409903253726,0.06043060248109216,0.8867924528301887,0.9750308587550697,0.9169509030909138
dirichlet_flat,259,0.13372448823784588,0.04297243690242337,0.28054292635124073,0.5427601485084901,0.7924528301886793,0.9811774189485352,0.5059173237272339
dirichlet_flat,260,0.03422323918711827,0.5929508295840858,0.21466233041079666,0.15816360081799924,0.9056603773584906,0.9869612313273043,0.8646749124618989
dirichlet_flat,261,0.49242034373347887,0.08073607919586734,0.08929801614944409,0.3375455609212096,0.9056603773584906,0.9829710053656449,0.8841726075018264
dirichlet_flat,262,0.004091527799787546,0.7874159589418729,0.041309132440230246,0.16718338081810935,0.839622641509434,0.9822656623926241,0.7610096480842381
dirichlet_flat,263,0.13786847666520216,0.18707636409752823,0.11325794507853239,0.5617972141587372,0.9339622641509434,0.9762702471219488,0.942000654961332
dirichlet_flat,264,0.3714675129157834,0.09550581779934146,0.11478375386070493,0.4182429154241703,0.9056603773584906,0.9840592488097338,0.8551326296697483
dirichlet_flat,265,0.06638542865600483,0.5976845572596282,0.2300192638794459,0.10591075020492108,0.8301886792452831,0.9794039851877976,0.7958032093105273
dirichlet_flat,266,0.14445207622792788,0.4116252660974322,0.3391667487831131,0.10475590889152687,0.9056603773584906,0.9578607955261104,0.9488223291432603
dirichlet_flat,267,0.2918244949990427,0.4671634158557777,0.13627317983823758,0.10473890930694206,0.9150943396226415,0.9472504219462428,0.9358641710960527
dirichlet_flat,268,0.29058398106292,0.020648413400326044,0.4507888412175176,0.23797876431923634,0.9150943396226415,0.9854296294430309,0.950736831498602
dirichlet_flat,269,0.09621192714131972,0.27672628058312965,0.5905180442670626,0.03654374800848824,0.7169811320754716,0.9785575736201728,0.40402549311031066
dirichlet_flat,270,0.5400715133825014,0.31067842911775667,0.027428830530900356,0.12182122696884166,0.9245283018867925,0.9778320779907801,0.8984809935259591
dirichlet_flat,271,0.5611517487237222,0.01800737877556911,0.29217009715041775,0.12867077535029092,0.8867924528301887,0.991052220570824,0.8997606872055823
dirichlet_flat,272,0.2751822945190853,0.0895577234806349,0.2933134669137953,0.34194651508648444,0.8584905660377359,0.9639670504068318,0.9126986925964178
dirichlet_flat,273,0.3029141763630138,0.10500060598477576,0.30672073956107954,0.28536447809113097,0.9339622641509434,0.9768849031412954,0.947381414212661
dirichlet_flat,274,0.09594285543408153,0.5415582526164873,0.36219851092028776,0.0003003810291435622,0.839622641509434,0.9456986674055974,0.8009320603572058
dirichlet_flat,275,0.06329136610116376,0.6051003841132326,0.31831899291622834,0.013289256869375078,0.8962264150943396,0.9778320779907801,0.904949996221377
dirichlet_flat,276,0.15329079319399688,0.019982924808718085,0.47029247242118616,0.3564338095760988,0.9245283018867925,0.9768143688439933,0.9021790059702244
dirichlet_flat,277,0.6395786024107888,0.26620403451504054,0.005913811789619204,0.0883035512845515,0.8962264150943396,0.9795551301105877,0.8839912335944783
dirichlet_flat,278,0.3127707120258326,0.29574995023179584,0.01447605687446944,0.3770032808679022,0.9433962264150944,0.9679875053530493,0.9646723933798524
dirichlet_flat,279,0.020503670795668137,0.06672959458623907,0.7449197533324899,0.16784698128560283,0.5188679245283019,0.9471698113207547,-0.13021135098370154
dirichlet_flat,280,0.16158607268040057,0.08529731676089282,0.5905307981039025,0.16258581245480386,0.8867924528301887,0.9892485578255283,0.9145325843262715
dirichlet_flat,281,0.12873093066189614,0.14285686300825906,0.4783325751789024,0.2500796311509423,0.9339622641509434,0.9910018389298939,0.9266544071340403
dirichlet_flat,282,0.04265400685040816,0.6879756922709594,0.0761115551706712,0.19325874570796125,0.8867924528301887,0.9727133032722877,0.8102728165856362
dirichlet_flat,283,0.3748145765106808,0.3081227506304331,0.04698894737691892,0.27007372548196706,0.9056603773584906,0.9755749804771142,0.9270876892460388
dirichlet_flat,284,0.05706872796657891,0.0353270579613502,0.13664792054230546,0.7709562935297655,0.5,0.9752626143033478,-0.27694284202836483
dirichlet_flat,285,0.30719325837960776,0.4162661767558188,0.11843915574123348,0.15810140912333992,0.9150943396226415,0.9866891704662821,0.9605108698390307
dirichlet_flat,286,0.009299613828953045,0.12702902224817378,0.5229418146705911,0.34072954925228216,0.9056603773584906,0.9729853641333099,0.8342040960274076
dirichlet_flat,287,0.33747106975604224,0.13631484205848854,0.3730465019570697,0.15316758622839965,0.9245283018867925,0.9845529888908482,0.9517444643172028
dirichlet_flat,288,0.1512578268060301,0.3582255940183721,0.311328080724999,0.17918849845059884,0.9150943396226415,0.975403682897952,0.9380406579842305
dirichlet_flat,289,0.02760008676315669,0.011129776524867645,0.45511749114365163,0.506152645568324,0.7169811320754716,0.9778723833035242,0.3122805249766985
dirichlet_flat,290,0.006480465186831154,0.7219141390318861,0.26517980311899614,0.006425592662286756,0.8301886792452831,0.9623145325843263,0.7633977378643222
dirichlet_flat,291,0.6181550183708463,0.12233441287636365,0.08665958056503789,0.17285098818775227,0.8962264150943396,0.9773987958787819,0.8923142806761216
dirichlet_flat,292,0.06102919650619278,0.0911761932355805,0.5523533803007399,0.2954412299574868,0.7264150943396226,0.9616696475804217,0.3889916114567851
dirichlet_flat,293,0.2135974448515993,0.2860719455461457,0.23199542201876353,0.2683351875834916,0.8679245283018868,0.9253041791571152,0.9138473940096229
dirichlet_flat,294,0.2802765544499371,0.5720127752974487,0.03007989070233782,0.11763077955027632,0.8773584905660378,0.9676449101947251,0.8991258785298637
dirichlet_flat,295,0.21555016506439792,0.4261582460042018,0.1320251262777476,0.2262664626536527,0.9245283018867925,0.9875859636748369,0.9446205002896945
dirichlet_flat,296,0.6022848652139141,0.33701833748386734,0.05166761285905049,0.009029184443167975,0.8962264150943396,0.9837468826359675,0.9413759226137995
dirichlet_flat,297,0.1457848633084601,0.1077746593863778,0.6327064580235021,0.11373401928165996,0.8113207547169812,0.9780235282263143,0.7198075421316473
dirichlet_flat,298,0.059512307662332405,0.568540480846538,0.2594794008273277,0.11246781066380183,0.8962264150943396,0.9770662770486436,0.9358742474242386
dirichlet_flat,299,0.1444596695228075,0.26538360889536805,0.018616220171038003,0.5715405014107863,0.8773584905660378,0.9613975867193995,0.8473537043101494
dirichlet_flat,300,0.1930708397097641,0.031341273783667654,0.05021641298674744,0.7253714735198209,0.8113207547169812,0.9777514673652921,0.6601758319268458
dirichlet_flat,301,0.03515377350156507,0.42646340415743783,0.08052014206385762,0.4578626802771396,0.8301886792452831,0.9735899438244704,0.672479028641963
dirichlet_flat,302,0.03145526931637777,0.35700960975687107,0.2302519444070319,0.38128317651971927,0.8679245283018868,0.980985968713001,0.7826536010277855
dirichlet_flat,303,0.5590043865221003,0.2937142249272027,0.008637357141747567,0.1386440314089496,0.9433962264150944,0.9820742121570899,0.9207799078015971
dirichlet_flat,304,0.6321242112692412,0.05656620232205034,0.10855360260260859,0.20275598380609994,0.9056603773584906,0.9818928382497417,0.8979368718039147
dirichlet_flat,305,0.7987989275685916,0.03240424280029101,0.14196224819856262,0.026834581432554648,0.8773584905660378,0.979948106909842,0.8712245257828048
dirichlet_flat,306,0.3113420170715358,0.1538276778272814,0.17639670772303762,0.3584335973781451,0.9339622641509434,0.9819432198906719,0.8946116835025317
dirichlet_flat,307,0.0982303003922754,0.1844893447736172,0.6106363513738097,0.10664400346029776,0.8867924528301887,0.9853389424893569,0.9109957931329823
dirichlet_flat,308,0.4896633671453541,0.11094833384514895,0.14014410870108898,0.25924419030840784,0.9150943396226415,0.9893190921228304,0.9113988462604228
dirichlet_flat,309,0.07975798718294441,0.7339704390217934,0.17307272188718875,0.013198851908073388,0.9056603773584906,0.9806131445701187,0.8750938358062323
dirichlet_flat,310,0.7114565138954437,0.1740764594782086,0.09569133002882395,0.018775696597523817,0.9056603773584906,0.9601279693679623,0.927420208076177
dirichlet_flat,311,0.2970438563857429,0.14981042552853802,0.10647045614891822,0.4466752619368008,0.9811320754716981,0.9874852003929768,0.9644507141597602
dirichlet_flat,312,0.6187355494040396,0.17252482911684353,0.0387956132010947,0.1699440082780222,0.8962264150943396,0.9533264478424063,0.8761820792503212
dirichlet_flat,313,0.37260182204986486,0.1294802749157918,0.4586194258575217,0.039298477176821604,0.8867924528301887,0.9768949794694813,0.8606141522029374
dirichlet_flat,314,0.5629550534314153,0.018281446816869856,0.11879975756322879,0.29996374218848604,0.8962264150943396,0.9703453661485755,0.8919313802050532
dirichlet_flat,315,0.1345564581218748,0.1352477878773648,0.14863834222546404,0.5815574117752965,0.8584905660377359,0.9617099528931659,0.6308335642491877
dirichlet_flat,316,0.3714818154626711,0.05150411825494373,0.3143128214664446,0.26270124481594054,0.8962264150943396,0.9732372723379601,0.9070055671713227
dirichlet_flat,317,0.0882572769804471,0.45489704056328517,0.15337657804888422,0.3034691044073834,0.8962264150943396,0.9634027760284152,0.7959543542333174
dirichlet_flat,318,0.04584640783611667,0.25130604635207654,0.6770990313010813,0.025748514510725472,0.8773584905660378,0.9860241328060054,0.7923470287427262
dirichlet_flat,319,0.16380900102277665,0.4779328099633604,0.31551868643041775,0.04273950258344513,0.8584905660377359,0.9739123863264226,0.8717182658639192
dirichlet_flat,320,0.12306918918375682,0.35205731021805076,0.3019470901113081,0.22292641048688439,0.9150943396226415,0.9855807743658211,0.9502229387611155
dirichlet_flat,321,0.3438026192020736,0.10005893357608997,0.2959736788648589,0.26016476835697727,0.9150943396226415,0.9742852104693049,0.8995087790009321
dirichlet_flat,322,0.5632813406194584,0.3397479317911505,0.034811110828590626,0.06215961676080049,0.9433962264150944,0.9841902410761518,0.8588911000831297
dirichlet_flat,323,0.01652083062238992,0.6578218405939518,0.09429225703291567,0.23136507175074258,0.7452830188679245,0.9706980376350858,0.5045368667657506
dirichlet_flat,324,0.05067182517039023,0.15328223701094995,0.7849105939405967,0.011135343878063217,0.8773584905660378,0.9887648940726,0.8708718542962945
dirichlet_flat,325,0.04328629875321936,0.03562618918591394,0.8283457111043377,0.09274180095652883,0.7735849056603774,0.9730558984306119,0.7415724110134267
dirichlet_flat,326,0.4973661974565501,0.25345854379790966,0.03662633181412536,0.21254892693141503,0.9339622641509434,0.9741844471874449,0.946252865455828
dirichlet_flat,327,0.37936510671160256,0.0734303970888563,0.46880854762764573,0.07839594857189536,0.9056603773584906,0.9748595611759076,0.8913872584830088
dirichlet_flat,328,0.11437840344772536,0.546302078240472,0.08477965480907698,0.25453986350272545,0.839622641509434,0.9863768042925158,0.7723656699498703
dirichlet_flat,329,0.11468768381849297,0.14113376710599884,0.10831767576476452,0.6358608733107437,0.8584905660377359,0.9759780336045545,0.6745849812328388
dirichlet_flat,330,0.19006655718930185,0.6742469362078344,0.1176450259844512,0.018041480618412462,0.9150943396226415,0.9771368113459455,0.9007078620550671
dirichlet_flat,331,0.41477340637489696,0.21430741191625505,0.05207493073503892,0.3188442509738089,0.9339622641509434,0.9672116280827266,0.9605511751517747
dirichlet_flat,332,0.07864067408460734,0.007951058923772973,0.2289757236025403,0.6844325433890794,0.9245283018867925,0.9673426203491448,0.8230193717409376
dirichlet_flat,333,0.48780165038723516,0.019150373399946165,0.027963101972347384,0.46508487424047124,0.9056603773584906,0.9640375847041338,0.9021286243292944
dirichlet_flat,334,0.6095730435282048,0.09873628168762401,0.23327194840792048,0.058418726376250486,0.8679245283018868,0.9792226112804494,0.8566843842103936
dirichlet_flat,335,0.031017680780558797,0.2374484443161128,0.6731929422801981,0.0583409326231303,0.7547169811320755,0.9806131445701187,0.5582033906844346
dirichlet_flat,336,0.03988812059884286,0.27715654221955577,0.29692491921163233,0.386030417969969,0.839622641509434,0.9701236869284834,0.7115348766909338
dirichlet_flat,337,0.2970184942174818,0.016084486943840657,0.11138791898710201,0.5755090998515755,0.9245283018867925,0.940771342922639,0.9147744162027357
dirichlet_flat,338,0.14836199692966112,0.019203723342522305,0.010266225298355632,0.822168054429461,0.9433962264150944,0.9285588331611961,0.8932715318537925
dirichlet_flat,339,0.3629194446587893,0.3768846177887428,0.2528004439806975,0.007395493571770396,0.8679245283018868,0.9623346852406983,0.8645842255082249
dirichlet_flat,340,0.4576076376044256,0.024783771437310607,0.1199299737617458,0.3976786171965181,0.9433962264150944,0.9756858200871603,0.9257374612691136
dirichlet_flat,341,0.07407661808348955,0.6694046347053815,0.251216128265986,0.005302618945142955,0.8490566037735849,0.9564601859082551,0.8218605939995465
dirichlet_flat,342,0.04206205386740715,0.17953859013921028,0.7571048040482264,0.021294551945156042,0.7830188679245284,0.9634833866539033,0.573156661712472
dirichlet_flat,343,0.003331760079087933,0.5344324391097356,0.056559851515595345,0.405675949295581,0.7735849056603774,0.9700430763029951,0.5510189686878101
dirichlet_flat,344,0.41448456754728524,0.3485643741099832,0.07586144604257967,0.16108961230015187,0.9150943396226415,0.967584452225609,0.9510391213441822
dirichlet_flat,345,0.29401795198430997,0.061284465803015505,0.4571610827560451,0.1875364994566294,0.9056603773584906,0.9875355820339069,0.9438345466911857
dirichlet_flat,346,0.44576745147695107,0.026304356770718716,0.3618310194014119,0.16609717235091837,0.9528301886792453,0.9884726805552057,0.9380104289996725
dirichlet_flat,347,0.24764255820091857,0.5605603344662343,0.03407182625937981,0.15772528107346717,0.9528301886792453,0.9893795500919464,0.9591807945184775
dirichlet_flat,348,0.16436545084431436,0.7195675540733609,0.09052314484239042,0.02554385023993428,0.8679245283018868,0.9714739149054086,0.9411643197218934
dirichlet_flat,349,0.33774718252690306,0.13695074914850053,0.17929907514241128,0.34600299318218525,0.8962264150943396,0.9424943950424466,0.9426253873088647
dirichlet_flat,350,0.22668987879977,0.6259367088497322,0.11101142754343873,0.03636198480705889,0.9245283018867925,0.977711162052548,0.9535178980779404
dirichlet_flat,351,0.6186736968027512,0.14534813953952916,0.09397701152149718,0.14200115213622247,0.9528301886792453,0.9688137642643021,0.9583746882635967
dirichlet_flat,352,0.3151049303661823,0.1796509745641166,0.17979048999374042,0.3254536050759605,0.9339622641509434,0.9822455097362521,0.9529939290122679
dirichlet_flat,353,0.04198625976849098,0.41162018391052635,0.26024266109324395,0.2861508952277387,0.9056603773584906,0.9713328463108044,0.8816333727989522
dirichlet_flat,354,0.1970103299919725,0.0923977342786237,0.23490162674408768,0.4756903089853161,0.9433962264150944,0.9737511650754465,0.9522583570546892
dirichlet_flat,355,0.5242445594343956,0.19058751911315958,0.12540233981402285,0.15976558163842192,0.9433962264150944,0.9875154293775349,0.9547975917575635
dirichlet_flat,356,0.0753461596601752,0.10840332009220047,0.4908078061885713,0.3254427140590531,0.8962264150943396,0.9836158903695494,0.9071466357659268
dirichlet_flat,357,0.5416244294409183,0.3670529007229089,0.06546095092235821,0.025861718913814693,0.8679245283018868,0.9311081441922563,0.9237725772728418
dirichlet_flat,358,0.10376772242276498,0.3964179042032789,0.18653505243154028,0.31327932094241595,0.8962264150943396,0.9655591102602212,0.8908935184018943
dirichlet_flat,359,0.21930856470035362,0.09835176927891388,0.10765807234093738,0.5746815936797951,0.9716981132075472,0.9851474922538227,0.9615084263294454
dirichlet_flat,360,0.2805260264666621,0.08378382375971606,0.5514570807749374,0.0842330689986847,0.8018867924528302,0.9684610927777917,0.7377333299745573
dirichlet_flat,361,0.08678841961108923,0.0004534874617619979,0.5833542673429408,0.329403825584208,0.839622641509434,0.9767236818903191,0.8221830365014988
dirichlet_flat,362,0.2764173547679249,0.06821151381495193,0.01961526758554218,0.635755863831581,0.8962264150943396,0.9740131496082827,0.8548404161523541
dirichlet_flat,363,0.02707151154807758,0.7487664454675886,0.21238287226572852,0.011779170718605117,0.8207547169811321,0.986598483512608,0.7039171725823109
dirichlet_flat,364,0.21750218948584663,0.06526131980643679,0.42820240924892145,0.2890340814587952,0.9433962264150944,0.9872332921883266,0.952933471043152
dirichlet_flat,365,0.18942228906877537,0.13511820995166707,0.39007724202285415,0.2853822589567034,0.8584905660377359,0.9481875204675416,0.8363402776028415
dirichlet_flat,366,0.09595583995910086,0.15568515314494016,0.09932996376510504,0.649029043130854,0.9339622641509434,0.9679975816812354,0.8701564349950878
dirichlet_flat,367,0.28983347510746876,0.38064074792024993,0.29212251263327144,0.0374032643390099,0.8962264150943396,0.9782452074464065,0.8581958334382951
dirichlet_flat,368,0.5229524180123292,0.14255555314817167,0.2511000145617182,0.08339201427778106,0.8962264150943396,0.9745572713303273,0.8747310879915359
dirichlet_flat,369,3.298153457220222e-05,0.13364577388854876,0.8567955136763129,0.009525730900566303,0.5754716981132075,0.9410736327682193,0.0365418041665617
dirichlet_flat,370,0.8984878100089232,0.06479100344996894,0.026589726252684014,0.010131460288424031,0.9245283018867925,0.9839887145124318,0.8648965916819911
dirichlet_flat,371,0.429617394320431,0.3026070089701546,0.24315741457471107,0.024618182134703178,0.8962264150943396,0.98661863616898,0.9204272363150868
dirichlet_flat,372,0.2447178952409341,0.07574535238156592,0.38215511988195533,0.2973816324955446,0.9150943396226415,0.9730055167896818,0.9286495201148701
dirichlet_flat,373,0.5799504655071863,0.19452670183927998,0.14416938682098926,0.08135344583254446,0.9150943396226415,0.984291004358012,0.9119026626697232
dirichlet_flat,374,0.09265476930796984,0.6016213994715656,0.09646264925774893,0.20926118196271568,0.8773584905660378,0.9716250598281987,0.8919414565332393
dirichlet_flat,375,0.32568648983034415,0.351459479641525,0.22949657735364853,0.09335745317448217,0.8962264150943396,0.9828500894274127,0.9507771368113459
dirichlet_flat,376,0.14532651353862225,0.6622126062224939,0.1760876064606346,0.01637327377824934,0.8490566037735849,0.9787187948711489,0.9013930523717157
dirichlet_flat,377,0.41786729301004427,0.0078104035964193155,0.1581782622803946,0.416144041113142,0.9245283018867925,0.974265057812933,0.9506461445449278
dirichlet_flat,378,0.016220115548150667,0.3108986786567996,0.4921550303764682,0.18072617541858144,0.8018867924528302,0.9615185026576316,0.7486359170718192
dirichlet_flat,379,0.05456908785488675,0.6363662179792396,0.17092735006939802,0.1381373440964757,0.8207547169811321,0.9848653550646144,0.7087739627679673
dirichlet_flat,380,0.006216184321520855,0.23601053490370627,0.16962924709200264,0.5881440336827701,0.8301886792452831,0.9812781822303952,0.5561175907499307
dirichlet_flat,381,0.01169154028308517,0.7435137661708571,0.05662440624173455,0.18817028730432317,0.8113207547169812,0.948630878907726,0.6902234425775248
dirichlet_flat,382,0.10162909064336333,0.39539994486004976,0.10164600687260077,0.40132495762398623,0.9622641509433962,0.9684308637932337,0.9033680126961735
dirichlet_flat,383,0.5006292383296175,0.07295377520133384,0.27132579294766745,0.1550911935213812,0.8679245283018868,0.9669294908935184,0.8707005567171323
dirichlet_flat,384,0.024249705853932803,0.6874050791622381,0.15504979487999246,0.13329542010383646,0.8867924528301887,0.9695594125500667,0.8483210318160063
dirichlet_flat,385,0.6390830268190197,0.03720107183361032,0.061339025046215426,0.2623768763011545,0.9150943396226415,0.9768647504849233,0.9200544121722045
dirichlet_flat,386,0.06415599327310106,0.5575714018975712,0.12781116663176292,0.25046143819756495,0.8773584905660378,0.9768546741567373,0.8391717258231101
dirichlet_flat,387,0.20095048775306223,0.17348329042177885,0.34733091584648745,0.27823530597867147,0.8867924528301887,0.9801093281608183,0.931793334508905
dirichlet_flat,388,0.37057509361344027,0.010858739203933631,0.28042608802885854,0.3381400791537674,0.9245283018867925,0.9855404690530771,0.8930397763055142
dirichlet_flat,389,0.3184415179610905,0.2284452260407413,0.11731822057438868,0.3357950354237795,0.8679245283018868,0.9740333022646548,0.8696324659294153
dirichlet_flat,390,0.10960950809646322,0.5176422918122559,0.2891925055017146,0.08355569458956624,0.8773584905660378,0.9735496385117264,0.9247499811068847
dirichlet_flat,391,0.6576613650015101,0.10927283771366574,0.07282178626695057,0.16024401101787372,0.8679245283018868,0.9577902612288082,0.8184749477290476
dirichlet_flat,392,0.08956099443763724,0.8340972328228051,0.023453124212878627,0.05288864852667908,0.8113207547169812,0.9719878076428949,0.7062448043932791
dirichlet_flat,393,0.03463158012905868,0.24982529397528128,0.32618770083238163,0.38935542506327836,0.8773584905660378,0.9428873718417008,0.8901982517570597
dirichlet_flat,394,0.06738954500888371,0.08610811750827406,0.6650438912449844,0.18145844623785784,0.8867924528301887,0.9902561906441293,0.8621759830717687
dirichlet_flat,395,0.5443753494498369,0.0262522005443447,0.1432598132366372,0.28611263676918125,0.8962264150943396,0.9839987908406176,0.8951558052245762
dirichlet_flat,396,0.14154912626335767,0.34937780359774745,0.31776444979890883,0.19130862033998602,0.8207547169811321,0.9789303977630551,0.6519737007834345
dirichlet_flat,397,0.3371261956572172,0.022185347940439575,0.23588543482946592,0.40480302157287723,0.8867924528301887,0.9580320931052726,0.890359473008036
dirichlet_flat,398,0.24892528546428813,0.25789236059156107,0.4597326211922183,0.03344973275193249,0.8679245283018868,0.959724916240522,0.8657530795778019
dirichlet_flat,399,0.03149039723102112,0.3343251942934418,0.2619238321827503,0.37226057629278664,0.8301886792452831,0.9778522306471522,0.6931657304078394
dirichlet_flat,400,0.2664304789175402,0.3883817364420923,0.1808309016709177,0.1643568829694499,0.9622641509433962,0.9747587978940474,0.9727233796004736
dirichlet_flat,401,0.48480535524704466,0.3258894917506998,0.08660984164696403,0.10269531135529152,0.9528301886792453,0.9685215507469079,0.9478247726528454
dirichlet_flat,402,0.12951250299081965,0.7972172141362706,0.03183419518955097,0.04143608768335878,0.8679245283018868,0.9805224576164446,0.9247600574350706
dirichlet_flat,403,0.33313670291066355,0.353597373073279,0.016852109758616462,0.2964138142574412,0.9339622641509434,0.9807642894929088,0.9494571378189788
dirichlet_flat,404,0.1933459026956099,0.405837583123968,0.05367329348290146,0.3471432206975206,0.9339622641509434,0.9901251983777112,0.958697130765549
dirichlet_flat,405,0.06296926260053674,0.2570249721726172,0.5178975691179566,0.1621081961088895,0.7924528301886793,0.9537194246416606,0.565317278383757
dirichlet_flat,406,0.0686687356317824,0.16436585122372344,0.12874341081752125,0.638222002326973,0.9245283018867925,0.955301408166864,0.8708517016399224
dirichlet_flat,407,0.39331744059732915,0.06091726998798763,0.39035724747004075,0.1554080419446425,0.8867924528301887,0.9722497921757313,0.8334080661007129
dirichlet_flat,408,0.17225954852058822,0.3640973077954703,0.27690630096740776,0.18673684271653382,0.9811320754716981,0.9875355820339069,0.9738620046854926
dirichlet_flat,409,0.5839845631992502,0.31746247611877587,0.05081498531986305,0.04773797536211094,0.8773584905660378,0.9501221754792555,0.8047106834269593
dirichlet_flat,410,0.49570561586617956,0.2083526795185431,0.17247563642450983,0.12346606819076741,0.9339622641509434,0.985600927022193,0.9347053933546616
dirichlet_flat,411,0.5918442828891249,0.06512233211381564,0.1746742479531246,0.16835913704393476,0.9056603773584906,0.9645010958006902,0.9195808247474622
dirichlet_flat,412,0.05260581397991926,0.19459548039131846,0.29565346189325714,0.45714524373550525,0.9245283018867925,0.9738720810136786,0.8050230496007255
dirichlet_flat,413,0.0329701241788683,0.6763663025253187,0.0715913847515029,0.21907218854431013,0.8962264150943396,0.9868000100763282,0.8338211955563392
dirichlet_flat,414,0.3820070284015713,0.12053327341457268,0.26112276686483826,0.23633693131901765,0.9433962264150944,0.9859535985087036,0.9325490591228557
dirichlet_flat,415,0.06088351244310367,0.4199777911446798,0.12100718510672848,0.39813151130548813,0.8962264150943396,0.967594528553795,0.81909968007658
dirichlet_flat,416,0.061382924368206464,0.5168437784501316,0.08837152867679407,0.33340176850486786,0.8584905660377359,0.9113182356349345,0.7141345693629242
dirichlet_flat,417,0.10991131136801266,0.5359137588922404,0.223572261446579,0.13060266829316816,0.9056603773584906,0.9853389424893569,0.9009295412751592
dirichlet_flat,418,0.016191895218439233,0.44335054510842475,0.3118944405010554,0.2285631191720806,0.6981132075471698,0.9806232208983047,0.30086404514195025
dirichlet_flat,419,0.16668982374964275,0.3233780186592423,0.3517231947475041,0.15820896284361097,0.8113207547169812,0.9583646119354108,0.7636395697407865
dirichlet_flat,420,0.5605858354038658,0.22459832753563128,0.029461978758102293,0.1853538583024009,0.9056603773584906,0.9805224576164446,0.9014938156535759
dirichlet_flat,421,0.11743699547941977,0.6420123277354242,0.2118077042261201,0.028742972559036038,0.7641509433962265,0.9454266065445752,0.6135828903947402
dirichlet_flat,422,0.05275319844586953,0.016136347786423644,0.18103764546565027,0.7500728083020566,0.9245283018867925,0.9847142101418244,0.7674181928105399
dirichlet_flat,423,0.474056063239881,0.37794975775338674,0.06463232098892176,0.08336185801781057,0.9528301886792453,0.9770461243922715,0.9652265914300828
dirichlet_flat,424,0.2288803720319328,0.4853855165570368,0.19965651616091945,0.08607759525011087,0.9056603773584906,0.9804922286318866,0.9208000604579691
dirichlet_flat,425,0.10899262470930991,0.3463979313069294,0.01759050805761555,0.5270189359261453,0.9528301886792453,0.980935587072071,0.9099377786734515
dirichlet_flat,426,0.2979384245905867,0.2709975693875451,0.058567869651403204,0.3724961363704649,0.8773584905660378,0.9814091744968133,0.7580069022848074
dirichlet_flat,427,0.25538539501984875,0.046064007446254926,0.0153556579203938,0.6831949396135025,0.9150943396226415,0.9605007935108447,0.880464518729375
dirichlet_flat,428,0.13956191937458573,0.39301424610612196,0.40940237554326986,0.05802145897602245,0.8490566037735849,0.9692772753608585,0.7795097866337507
dirichlet_flat,429,0.18403694293166037,0.6713263593752001,0.0867391077237468,0.05789758996939273,0.8962264150943396,0.9783459707282666,0.916175025820591
dirichlet_flat,430,0.1606651226094962,0.16496296417013287,0.0995662008748241,0.5748057123455468,0.7075471698113207,0.9803511600372824,0.36129178527344635
dirichlet_flat,431,0.6393657853186436,0.007096351778423579,0.167244317926519,0.18629354497641376,0.9056603773584906,0.984200317404338,0.8728669672771241
dirichlet_flat,432,0.39078279941453103,0.07923746232361331,0.47162030952088346,0.05835942874097226,0.9245283018867925,0.9881905433659974,0.9525304179157115
dirichlet_flat,433,0.5388452256957601,0.38042291475089995,0.05896410651523726,0.021767753038102588,0.839622641509434,0.9725218530367534,0.8351512708768924
dirichlet_flat,434,0.6993416730431319,0.10730388695584878,0.013683738443756487,0.17967070155726297,0.9245283018867925,0.9766733002493891,0.8347985993903821
dirichlet_flat,435,0.5175156745891891,0.05555865296751306,0.11687956589220141,0.31004610655109643,0.9245283018867925,0.9796961987051919,0.9323878378718795
dirichlet_flat,436,0.019451980776311592,0.20890487514666142,0.5797702845623826,0.19187285951464444,0.8490566037735849,0.9836360430259213,0.6846713857470338
dirichlet_flat,437,0.4466410594180833,0.22856189371288968,0.16263984679394686,0.16215720007508028,0.9056603773584906,0.9626873567272086,0.9245484545431645
dirichlet_flat,438,0.25256662552750864,0.09876449142050533,0.0709374117946995,0.5777314712572865,0.8490566037735849,0.979907801597098,0.762007204574653
dirichlet_flat,439,0.49608174203231997,0.03074366277952033,0.03463072826430774,0.43854386692385183,0.9056603773584906,0.9437740887220697,0.9415270675365897
dirichlet_flat,440,0.06777221267004929,0.5755342521984278,0.11386508965938565,0.24282844547213742,0.8490566037735849,0.9574275134141119,0.8635665163614379
dirichlet_flat,441,0.23669240011085246,0.4274701092993492,0.19825023127419555,0.13758725931560264,0.9245283018867925,0.9906693200997556,0.934040355694385
dirichlet_flat,442,0.26231483293470087,0.372623985425841,0.2106640165251221,0.1543971651143359,0.9433962264150944,0.9825477995818325,0.9556036980124443
dirichlet_flat,443,0.29326846824661257,0.4786712587735915,0.1771646204805857,0.05089565249921031,0.8679245283018868,0.9781343678363605,0.9162858654306371
dirichlet_flat,444,0.025353280310138112,0.09860560684008843,0.21231245283496522,0.6637286600148083,0.8962264150943396,0.9653878126810591,0.7610298007406101
dirichlet_flat,445,0.2647133397920641,0.010373376043455035,0.04067679709406529,0.6842364870704157,0.9245283018867925,0.9827291734891807,0.9168904451217975
dirichlet_flat,446,0.1473884001821058,0.39168144041341346,0.10164531957240858,0.35928483983207227,0.9716981132075472,0.9900042824394791,0.967503841600121
dirichlet_flat,447,0.20322470804878862,0.08826927320739685,0.6224954950606569,0.08601052368315765,0.8679245283018868,0.9740232259364687,0.8474242386074514
dirichlet_flat,448,0.5510254998444714,0.2393678013436788,0.10646309338625004,0.10314360542559999,0.8867924528301887,0.9841197067788497,0.9021387006574805
dirichlet_flat,449,0.5775177354845401,0.06719923044319275,0.15275528346804026,0.20252775060422706,0.9245283018867925,0.9807239841801648,0.9103408318008918
dirichlet_flat,450,0.25554429582643007,0.427188762198599,0.3136288401298817,0.0036381018450893235,0.8018867924528302,0.9599768244451722,0.767599566717888
dirichlet_flat,451,0.4663843155651994,0.2235356244097076,0.29880798879742976,0.011272071227663183,0.9245283018867925,0.9858326825704714,0.9056351865380255
dirichlet_flat,452,0.03535493213981736,0.01887910608337239,0.3264391310011076,0.6193268307757026,0.8679245283018868,0.9805325339446307,0.8433634783484898
dirichlet_flat,453,0.0024830428943710104,0.6063889017365238,0.03855896334024694,0.35256909202885817,0.8867924528301887,0.9786684132302189,0.8751643701035343
dirichlet_flat,454,0.02123855543364751,0.4890583385044689,0.026816383348591974,0.4628867227132917,0.8584905660377359,0.9856916139758672,0.8098798397863819
dirichlet_flat,455,0.24486789999969452,0.08223090921302817,0.6266919256273675,0.04620926515990975,0.8018867924528302,0.9816006247323475,0.7616646094163287
dirichlet_flat,456,0.26790880539271733,0.22429054848716581,0.06752324676139344,0.4402773993587233,0.9528301886792453,0.9868100864045142,0.9712824646698743
dirichlet_flat,457,0.28108493770898674,0.21522492256645673,0.48041218633807387,0.023277953386482825,0.8773584905660378,0.966304758545986,0.8276544827065017
dirichlet_flat,458,0.1975018008320654,0.4636691502247615,0.016065781012701372,0.3227632679304717,0.8773584905660378,0.9704763584149936,0.8658236138751039
dirichlet_flat,459,0.039036134712777386,0.782815221911154,0.10253458664687,0.07561405672919871,0.8584905660377359,0.983212837242109,0.8121570899564199
dirichlet_flat,460,0.1912868510257554,0.2951298041198608,0.3071199773563999,0.2064633674979839,0.9245283018867925,0.9689145275461621,0.9480666045293095
dirichlet_flat,461,0.2602360798804728,0.17757853523381345,0.21588945390952044,0.34629593097619327,0.9339622641509434,0.9782049021336624,0.9437438597375116
dirichlet_flat,462,0.3040864757771119,0.2121455579547917,0.015267824988401632,0.46850014127969475,0.9150943396226415,0.9867496284353982,0.9265637201803664
dirichlet_flat,463,0.3032287143137291,0.11892133837204273,0.5592633721889995,0.018586575125228613,0.9056603773584906,0.9795752827669597,0.896092903745875
dirichlet_flat,464,0.39519296666606396,0.29120054852891625,0.03494847088415835,0.2786580139208615,0.9339622641509434,0.9903670302541755,0.9760183389172986
dirichlet_flat,465,0.1846121201000104,0.23421045803955987,0.15176926743252234,0.42940815442790736,0.9622641509433962,0.9923621432350052,0.9358843237524247
dirichlet_flat,466,0.08495511594877739,0.23285741278151303,0.18329976982317614,0.4988877014465333,0.9433962264150944,0.9763810867319949,0.7862306975338187
dirichlet_flat,467,0.07111215242402755,0.4618748825187982,0.10021342255951671,0.36679954249765756,0.8301886792452831,0.9787187948711489,0.7177217421971434
dirichlet_flat,468,0.011805730496032497,0.10085701045958438,0.2280266839101198,0.6593105751342634,0.8867924528301887,0.9693478096581606,0.7682646043781646
dirichlet_flat,469,0.15276915863801965,0.15629715291555246,0.02095719362008371,0.6699764948263442,0.9622641509433962,0.9723203264730332,0.9212938005390836
dirichlet_flat,470,0.26306819146357396,0.07832847740387981,0.3699847644862147,0.2886185666463318,0.9528301886792453,0.9849560420182886,0.9525707232284556
dirichlet_flat,471,0.5223603325650593,0.13357880131150643,0.21054716232436946,0.1335137037990648,0.9056603773584906,0.9772375746278056,0.7750560495755348
dirichlet_flat,472,0.09158548982584983,0.14209358152541654,0.5537530074350415,0.21256792121369206,0.8584905660377359,0.97982719097161,0.8136987681688792
dirichlet_flat,473,0.07399990958554492,0.7230463579917727,0.04053835403748017,0.16241537838520212,0.8018867924528302,0.9899035191576191,0.6998463359951633
dirichlet_flat,474,0.30195619860621264,0.5671001756643895,0.022541404464414074,0.10840222126498367,0.9339622641509434,0.975403682897952,0.9333853943622944
dirichlet_flat,475,0.13315763016860147,0.3236032430778002,0.28606453896016903,0.2571745877934293,0.8490566037735849,0.9535481270624985,0.7300249389122604
dirichlet_flat,476,0.047842102184946125,0.08115656272605881,0.3813359348802573,0.48966540020873783,0.9245283018867925,0.9666473537043102,0.8638184245660883
dirichlet_flat,477,0.5502234477080726,0.17443817762634345,0.1911515860072237,0.0841867886583603,0.8773584905660378,0.9827090208328085,0.901695342217296
dirichlet_flat,478,0.19461648013573496,0.1610615744402366,0.542062623655066,0.10225932176896248,0.9150943396226415,0.9828198604428547,0.8985011461823312
dirichlet_flat,479,0.24271458524068346,0.3660166657202337,0.2635626292096793,0.12770611982940358,0.9056603773584906,0.9796458170642619,0.9218681512456861
dirichlet_flat,480,0.26416072641531063,0.23145216626382153,0.2908775363757485,0.21350957094511933,0.9433962264150944,0.985469934755775,0.9432803486409552
dirichlet_flat,481,0.14945539381747805,0.6432577442856326,0.1878355948927097,0.019451267004179807,0.8962264150943396,0.9660528503413357,0.8966370254679195
dirichlet_flat,482,0.19076685773114757,0.15237018172417047,0.27507821583737424,0.3817847447073076,0.9433962264150944,0.9848149734236844,0.964319721893342
dirichlet_flat,483,0.03301018887878372,0.1768171519618618,0.7094870869790728,0.08068557218028169,0.6226415094339622,0.9717963574073608,0.20325465400408094
dirichlet_flat,484,0.0672676877254257,0.4856782359263038,0.21025608077391025,0.23679799557436018,0.7169811320754716,0.9800287175353302,0.5159634229286848
dirichlet_flat,485,0.18873386922910482,0.20523324432626552,0.5095219672838569,0.09651091916077263,0.9339622641509434,0.9851172632692647,0.9575585056805299
dirichlet_flat,486,0.1369141463635458,0.30143037128691064,0.042879216770738166,0.5187762655788054,0.6886792452830188,0.9481572914829836,0.3618762123082349
dirichlet_flat,487,0.15801029756822468,0.10259655379634165,0.6875364431195584,0.05185670551587529,0.8773584905660378,0.9838879512305716,0.83682394135577
dirichlet_flat,488,0.42987318970334226,0.15181189803319628,0.1182130266386244,0.3001018856248371,0.8962264150943396,0.9650552938509207,0.9564501095800689
dirichlet_flat,489,0.08928658199765326,0.7414746414692234,0.05382304476732038,0.11541573176580289,0.9056603773584906,0.9629493412600449,0.9121545708743733
dirichlet_flat,490,0.14353840593981243,0.567362195522678,0.029287427421328442,0.2598119711161811,0.9056603773584906,0.9703050608358315,0.9423936317605864
dirichlet_flat,491,0.12621860511506364,0.1630303972194632,0.4642415800024581,0.24650941766301504,0.9056603773584906,0.9784668866664987,0.937526765246744
dirichlet_flat,492,0.28183097669581353,0.34022943805366024,0.10491426022244536,0.27302532502808086,0.9339622641509434,0.9763508577474368,0.9718467390482909
dirichlet_flat,493,0.3916926823213826,0.22567360653232543,0.3051827288420628,0.07745098230422906,0.9245283018867925,0.9775197118170139,0.9670302541753785
dirichlet_flat,494,0.3501577508009991,0.05503181026156243,0.4826713428119974,0.11213909612544111,0.9056603773584906,0.9839484091996876,0.9224122729677305
dirichlet_flat,495,0.39886928287404516,0.011566334731606643,0.5201355580768884,0.06942882431745982,0.8584905660377359,0.9453359195909011,0.84795828400131
dirichlet_flat,496,0.20800463566243552,0.07569362428954358,0.3933659391837894,0.3229358008642314,0.9433962264150944,0.9775398644733859,0.9437136307529536
dirichlet_flat,497,0.39869736096441194,0.16579208996625364,0.1235620503930461,0.3119484986762885,0.8679245283018868,0.9557649192634204,0.8115827392498174
dirichlet_flat,498,0.0847767049336957,0.14339468637130015,0.6406260893982778,0.13120251929672644,0.8207547169811321,0.9857923772577273,0.6918558077436582
dirichlet_flat,499,0.42953482741933907,0.2962376276812811,0.26941998755478946,0.004807557344590402,0.8962264150943396,0.9836360430259213,0.9263924226012042
block_only_flat,0,0.8817927761909741,0.1077216477802146,0.0008669292001225183,0.009618646828688873,0.9150943396226415,0.9931077915207699,0.8606645338438673
block_only_flat,1,8.524030296601249e-11,0.5130642564079927,0.28490027421242153,0.20203546929434552,0.9150943396226415,0.9909212283044059,0.7923571050709122
block_only_flat,2,0.4182449361772954,0.13192902489320144,0.2557677698999007,0.19405826902960246,0.9716981132075472,0.9965236667758269,0.9683804821523038
block_only_flat,3,0.2722012360281972,0.0018790437063315676,0.0018359309456261576,0.7240837893198451,0.9433962264150944,0.981056503010303,0.893745119278535
block_only_flat,4,0.009282132698877829,0.9674739219311643,0.02238227203091553,0.0008616733390424162,0.8018867924528302,0.9863667279643298,0.643549890419931
block_only_flat,5,0.9731310864902267,0.0032890457794827886,0.0014590110658864767,0.022120856664404092,0.8962264150943396,0.9919691664357507,0.8413381363831021
block_only_flat,6,0.4261360029832656,1.8883286272085801e-06,0.5182483379304066,0.05561377075770065,0.9056603773584906,0.9922009219840291,0.9256568506436255
block_only_flat,7,1.971879057679994e-05,0.3308010409088766,0.606985523664498,0.06219371663604875,0.8584905660377359,0.9901453510340833,0.7490994281683755
block_only_flat,8,0.002371923737284937,0.6642510739397328,0.06786457994718943,0.2655124223757928,0.8584905660377359,0.9907801597098018,0.7487971383227952
block_only_flat,9,0.1602204539126509,0.5209463414162149,0.01889018791542058,0.2999430167557135,0.9622641509433962,0.9958384764591783,0.9529032420585939
block_only_flat,10,0.09095027917481198,0.3042601590917221,0.45310635924928183,0.15168320248418427,0.9339622641509434,0.9949719122351816,0.9182305967705369
block_only_flat,11,0.01736633971117865,2.759008418189392e-05,0.00016063111905289637,0.9824454390855867,0.8584905660377359,0.9759578809481824,0.5805023049600726
block_only_flat,12,0.0387829011396917,0.921559130046862,0.039191588726302164,0.00046638008714404265,0.8301886792452831,0.9876161926593949,0.7213895256568507
block_only_flat,13,0.8300751616760355,4.14814746933605e-05,0.16966898949033835,0.00021436735893284764,0.9056603773584906,0.9917777162002167,0.8566239262412777
block_only_flat,14,0.03920174335589373,0.32255336447898764,0.6382448800573286,1.2107789978635307e-08,0.8584905660377359,0.9902461143159433,0.7996624430057687
block_only_flat,15,3.3147648179488236e-06,0.004681444564438877,0.0009705483694446606,0.9943446923012985,0.839622641509434,0.9755548278207422,0.5526916391666877
block_only_flat,16,0.05222108027048712,0.018257186019313722,1.1780550483410476e-06,0.9295205556551508,0.8867924528301887,0.9766632239212032,0.6423608836939819
block_only_flat,17,5.1444798672615636e-05,0.24530001791839076,0.7546395241453433,9.013137593389973e-06,0.7924528301886793,0.9886439781343679,0.6950500037786231
block_only_flat,18,0.00315998706067539,0.6060520240790626,0.09677383831360392,0.29401415054665825,0.8867924528301887,0.9917374108874726,0.773171776204751
block_only_flat,19,0.2536775887053409,0.7425245587772497,0.0037698680805364625,2.7984436872999814e-05,0.8867924528301887,0.9915056553391944,0.9157014383958485
block_only_flat,20,0.11016588791765126,0.029394906150635752,0.8598059699294748,0.0006332360022382756,0.8584905660377359,0.9917676398720306,0.7972542005693125
block_only_flat,21,0.15864124428074844,2.2370659540368484e-05,0.006726348927051446,0.8346100361326597,0.9056603773584906,0.978839710809381,0.7994709927702346
block_only_flat,22,0.21913423411485008,0.3634265779963473,0.3527397679501799,0.06469941993862262,0.9622641509433962,0.9957679421618763,0.9750610877396277
block_only_flat,23,0.2500482970591352,0.004580304979842798,0.30213617617354166,0.4432352217874804,0.9528301886792453,0.9883920699297176,0.955291331838678
block_only_flat,24,0.08606298626139842,0.13907997376188322,0.7746294745334716,0.00022756544324667436,0.8773584905660378,0.9923822958913772,0.808872206967781
block_only_flat,25,0.3225631696204203,0.6594822818727046,0.0112753124662556,0.006679236040619236,0.9245283018867925,0.9931480968335138,0.925011965639721
block_only_flat,26,0.8680488525095323,0.0002557514192189545,0.13113081881609698,0.0005645772551516421,0.9056603773584906,0.9917777162002167,0.851394311912739
block_only_flat,27,0.02865112246294175,0.9129722552145016,0.017192373186365184,0.041184249136191314,0.8301886792452831,0.9879789404740913,0.7098722825402424
block_only_flat,28,0.009765806972521723,0.020570591081446852,0.9517846490307232,0.01787895291530827,0.8018867924528302,0.987686726956697,0.6377156964002317
block_only_flat,29,0.001400441280793211,0.005362251505346113,0.6313554418406288,0.3618818653732318,0.8773584905660378,0.983142302944807,0.7054185454820263
block_only_flat,30,0.6442160052905178,0.003901476477160764,0.09842420196614746,0.25345831626617393,0.9339622641509434,0.9926140514396555,0.9074892309242512
block_only_flat,31,0.7634769878642195,0.23642755451520325,2.6482602174858807e-05,6.897501840239575e-05,0.9150943396226415,0.9941859586366728,0.8820767312391364
block_only_flat,32,1.867594903240397e-09,0.10768005472911901,0.0008984464659364925,0.8914214969373495,0.8679245283018868,0.9789404740912411,0.603405798926871
block_only_flat,33,0.005757457011190233,0.8790037829956915,0.0627258457844165,0.05251291420870176,0.8301886792452831,0.987767337582185,0.6852558127818223
block_only_flat,34,0.025417056966305262,0.04995539174897107,0.8523383818582358,0.07228916942648778,0.839622641509434,0.9908607703352899,0.7059828198604429
block_only_flat,35,4.062696698239294e-05,0.001622320348271003,0.3262291538440808,0.6721078988406657,0.8679245283018868,0.9760384915736706,0.6593697256719652
block_only_flat,36,0.2969698648261824,0.5125578339626763,0.17688157744632269,0.013590723764818478,0.9433962264150944,0.9944177141849511,0.9513917928306924
block_only_flat,37,0.9417211031604583,0.011164637420691906,0.0446540659783611,0.0024601934404886055,0.9056603773584906,0.9918583268257047,0.84356500491221
block_only_flat,38,0.5011228475514792,0.0014292047392434563,0.000695000492587534,0.4967529472166898,0.9433962264150944,0.9908305413507318,0.9257576139254856
block_only_flat,39,0.1825393208321515,0.004073911147750379,0.8113564616046332,0.0020303064154650044,0.8773584905660378,0.9922714562813312,0.8553744615462126
block_only_flat,40,0.07414843141892852,0.0036461025920106753,0.9222027881274099,2.6778616510416432e-06,0.8207547169811321,0.9894601607174346,0.7367256971559565
block_only_flat,41,0.03976639815653295,0.9350142587240057,0.010745903688319403,0.01447343943114204,0.8301886792452831,0.9876968032848831,0.7176109025870974
block_only_flat,42,0.6942455864631487,0.2668219398514712,0.03379958848648838,0.005132885198891917,0.9150943396226415,0.9947401566869034,0.8935335163866287
block_only_flat,43,0.00028214441552087684,0.9479751428738166,7.236843933015873e-05,0.05167034427133247,0.7830188679245284,0.987676650628511,0.6400634808675718
block_only_flat,44,0.01060676525583465,0.020320911894694055,0.003642706762476274,0.965429616086995,0.8584905660377359,0.9764113157165529,0.5761997128246468
block_only_flat,45,0.5638272534891426,0.3963274930872183,0.007799334620248633,0.032045918803390534,0.9339622641509434,0.9961004609920145,0.9174345668438421
block_only_flat,46,0.07629385357195147,0.7922146434820624,0.1301080270197667,0.0013834759262194715,0.8679245283018868,0.9884525278988336,0.8413482127112881
block_only_flat,47,0.7910675332868708,0.15443453175269617,0.0015069827522333058,0.05299095220819965,0.9150943396226415,0.9937929818374184,0.8786507796558934
block_only_flat,48,0.2411768870407248,0.0004585598232547512,0.016205650581823185,0.7421589025541973,0.9433962264150944,0.9808348237902108,0.8790538327833337
block_only_flat,49,7.902611349127778e-05,0.7295239363069542,0.009554611640679465,0.260842425938875,0.8490566037735849,0.9905484041615236,0.720623724714714
block_only_flat,50,4.362948927082548e-05,1.8807345021631516e-05,0.37043173441192856,0.6295058287537789,0.8867924528301887,0.9766733002493891,0.6766304758545986
block_only_flat,51,0.003960210793328311,0.011164815204204303,0.9848748640297359,1.0997273134899766e-07,0.7830188679245284,0.9868806207018163,0.6109831977227498
block_only_flat,52,0.04741541115180293,0.0214174595458581,0.3331171684769633,0.5980499608253756,0.9150943396226415,0.9789505504194271,0.7603647630803336
block_only_flat,53,1.896244324108065e-06,0.8329483556916729,0.1613521413184979,0.0056976067455050934,0.8113207547169812,0.9872937501574427,0.687099780839862
block_only_flat,54,0.09453604374323699,0.8408279314334873,0.06381367896419853,0.000822345859077225,0.8584905660377359,0.9884525278988336,0.8430712648310956
block_only_flat,55,0.01519080994630835,7.048792956042775e-07,4.330259071488876e-06,0.9848041549153245,0.8584905660377359,0.9756757437589743,0.5769856664231554
block_only_flat,56,0.27352453285941847,0.0029551629179265476,0.723398677101705,0.00012162712095006975,0.8773584905660378,0.9922613799531451,0.904939919893191
block_only_flat,57,0.19404607850559116,0.7663403680000943,0.000232465087286327,0.03938108840702824,0.8867924528301887,0.9908607703352899,0.9124467843917676
block_only_flat,58,0.34251845783510665,0.5117378782126337,0.00014051113364139578,0.14560315281861821,0.9528301886792453,0.9968259566214072,0.9609441519510291
block_only_flat,59,0.3090242565638851,0.571605958110402,0.11668451986957512,0.002685265456137854,0.9433962264150944,0.9935309973045822,0.9381212686097187
block_only_flat,60,0.12183199231074127,0.41384941741796233,0.12105774031329901,0.3432608499579974,0.9528301886792453,0.9961306899765725,0.9445398896642063
block_only_flat,61,0.0010363163500248635,4.9149118775150205e-14,0.9599893167013088,0.03897436694861727,0.8018867924528302,0.9875758873466509,0.6141370884449707
block_only_flat,62,0.818289859406844,0.11375493144874471,0.06772145233286077,0.000233756811550554,0.9150943396226415,0.9931279441771419,0.8690178099100688
block_only_flat,63,7.99334385576222e-07,1.1399295432306488e-08,0.9587409993086159,0.041258189957703084,0.7830188679245284,0.9875758873466509,0.612222586089629
block_only_flat,64,0.1503196254987048,0.0706965801497578,0.09263031450990294,0.6863534798416345,0.9339622641509434,0.9822253570798801,0.8562107967856513
block_only_flat,65,0.1815964195363302,1.4518169538049648e-05,0.05940744703790474,0.7589816152562271,0.9245283018867925,0.9789505504194271,0.8452981333602037
block_only_flat,66,0.17951020417529567,0.6255286021422403,0.000318562939359346,0.1946426307431047,0.9150943396226415,0.9938937451192785,0.9462730181122
block_only_flat,67,0.05300386546002434,0.5663121508998045,0.2562524336210799,0.12443155001909106,0.9245283018867925,0.9908607703352899,0.8800614656019347
block_only_flat,68,0.7546874353198939,0.03865023729297183,4.709662386600902e-05,0.20661523076326815,0.9245283018867925,0.9933496233972341,0.8837594780461999
block_only_flat,69,0.4337012739636892,0.03524102936521574,0.47470351002488953,0.05635418664620557,0.9056603773584906,0.9934302340227221,0.9328211199838778
block_only_flat,70,0.0034624862586938934,0.00290327496496738,0.1374292240775086,0.8562050146988301,0.8773584905660378,0.9751719273496737,0.6023981661082701
block_only_flat,71,0.28265976618438465,0.04992507889908201,0.030385928363831104,0.6370292265527022,0.9433962264150944,0.9860442854623775,0.9251832632188831
block_only_flat,72,0.17427618566527792,0.008881447145877273,0.713640652788005,0.10320171440083968,0.8962264150943396,0.9950625991888556,0.8901075648033856
block_only_flat,73,0.6186449353223656,0.03460905809184724,0.1915873699725053,0.15515863661328178,0.9245283018867925,0.9936116079300703,0.9127490742373479
block_only_flat,74,0.8281707391689196,0.12705157868564476,0.044738855554962736,3.882659047287188e-05,0.9150943396226415,0.9933093180844901,0.8682520089679321
block_only_flat,75,9.423149111224737e-05,0.007316807801765448,3.4522516938338573e-06,0.9925855084554285,0.839622641509434,0.9755548278207422,0.5532861425296622
block_only_flat,76,0.6431964069007688,0.09400603881413741,0.2487329632775562,0.014064591007537647,0.9150943396226415,0.993218631130816,0.8966672544524775
block_only_flat,77,0.5228715817105473,0.31885582325197004,0.1489527530599418,0.009319841977540997,0.9245283018867925,0.9957880948182483,0.926221125022042
block_only_flat,78,0.0398455219211261,0.0028355460273289694,0.07031694344611791,0.8870019886054272,0.8867924528301887,0.9759780336045545,0.6414338615008691
block_only_flat,79,0.140947608478875,0.03302284629771983,0.8018828509234334,0.02414669429997192,0.8867924528301887,0.9935511499609543,0.8427185933445852
block_only_flat,80,0.07886973280460173,0.4841508587737155,0.4368821054899881,9.730293169471211e-05,0.8867924528301887,0.9904778698642215,0.8806358163085372
block_only_flat,81,0.04621707573125266,3.5389971851549184e-05,0.5837662946738884,0.3699812396230074,0.8867924528301887,0.9846335995163362,0.791077411391289
block_only_flat,82,0.04459183654860002,0.6142465455988956,0.34105310437161396,0.00010851348089041115,0.8584905660377359,0.9885230621961358,0.8310804342897449
block_only_flat,83,0.07568785983663788,0.5847494291411511,0.15549027022944087,0.1840724407927702,0.9245283018867925,0.9922714562813312,0.9058568657581177
block_only_flat,84,0.0016761481706522136,0.5064209749823803,0.49190287121409887,5.6328686209903055e-09,0.8679245283018868,0.9882510013351136,0.7480917953497745
block_only_flat,85,0.18433978836545675,0.005894181254118806,0.5449410029616719,0.26482502741875247,0.9339622641509434,0.9935108446482103,0.9315716552888128
block_only_flat,86,0.2585662579593942,0.15916137036783456,0.5793785969380579,0.0028937747347132226,0.9150943396226415,0.9954958813008539,0.944217447162254
block_only_flat,87,0.2837000037414517,0.62033411841659,5.243640632775637e-05,0.0959134414356306,0.9433962264150944,0.9944781721540671,0.9460815678766658
block_only_flat,88,0.32878530501890946,1.5175588175866694e-05,0.00404410434861429,0.6671554150443004,0.9339622641509434,0.9845227599062902,0.9147139582336197
block_only_flat,89,0.0028322521145687806,0.7828235344134934,0.19712808016297076,0.01721613330896703,0.839622641509434,0.9876968032848831,0.7160389953900799
block_only_flat,90,0.0017529228605062208,0.00719375240402098,0.0013759713787980627,0.9896773533566748,0.839622641509434,0.9755548278207422,0.5554223241050962
block_only_flat,91,0.02596128325426195,3.47856618356944e-09,0.8884229006878421,0.08561581257932974,0.8207547169811321,0.9896616872811548,0.684842683326196
block_only_flat,92,0.8883122619841548,6.213369465401056e-08,0.06028079470815447,0.0514068811739961,0.9150943396226415,0.9917877925284027,0.8504269844068821
block_only_flat,93,0.2130958632054055,0.1675817917520739,0.14521451073194783,0.47410783431057285,0.9811320754716981,0.9927349673778876,0.9662039952641257
block_only_flat,94,0.11994633056502717,2.6904530583698964e-06,0.27467863401571,0.6053723449662045,0.9433962264150944,0.9802403204272364,0.8445121797616949
block_only_flat,95,0.0021800599169273897,0.15158049660127085,0.3196259366700785,0.5266135068117233,0.9245283018867925,0.9835453560722472,0.7419855404690531
block_only_flat,96,0.024411454274002542,7.430027027273933e-05,0.9549199163125972,0.02059432914312754,0.8113207547169812,0.9878580245358591,0.6576869788649016
block_only_flat,97,0.010764211655208415,0.07328572815718462,0.4847597993457669,0.43119026084184,0.9339622641509434,0.9840794014661058,0.7550343854699348
block_only_flat,98,5.280419237320329e-06,0.009412443651739644,0.774821570786775,0.21576070514224813,0.8490566037735849,0.9884827568833917,0.6724487996574048
block_only_flat,99,0.2733478880159145,0.23265517938612632,2.4849098470924624e-09,0.49399693011304946,0.9905660377358491,0.9951230571579716,0.9661334609668237
block_only_flat,100,0.7032096180829709,0.21273574124457453,0.0840537142185912,9.264538633310154e-07,0.9150943396226415,0.9941255006675568,0.8909035947300804
block_only_flat,101,0.06370622713912487,0.01300487616804434,0.37240440679297687,0.550884489899854,0.9339622641509434,0.9801899387863062,0.7967503841600121
block_only_flat,102,0.1585560680315754,0.6269796083235453,0.06972257533986476,0.14474174830501466,0.9056603773584906,0.993289165428118,0.9406302743280348
block_only_flat,103,0.2697325739687927,0.2975856476676735,0.36914270859850873,0.06353906976502516,0.9622641509433962,0.9967654986522911,0.9787187948711489
block_only_flat,104,0.0001055138220109606,0.44379943999840354,0.335000347114611,0.22109469906497442,0.9150943396226415,0.9918784794820769,0.7993097715192584
block_only_flat,105,6.49998654321377e-07,0.9834539853190312,0.01580617751159167,0.0007391871707229208,0.7830188679245284,0.9859132931959594,0.6148323550898053
block_only_flat,106,0.011432763825794397,0.006059967682449881,0.8815281791824499,0.10097908930930583,0.8018867924528302,0.9895609239992946,0.6650729274252463
block_only_flat,107,0.5880024693298007,0.000229306576087095,0.3104338988619829,0.10133432523212928,0.9056603773584906,0.9924729828450513,0.9106229689901
block_only_flat,108,0.18168883138306932,0.001244678766057193,0.8170656473919541,8.424589194070431e-07,0.8773584905660378,0.992110235030355,0.8505176713605561
block_only_flat,109,0.051449170544751587,0.008369838071759702,7.575098578700135e-07,0.9401802338736309,0.8679245283018868,0.9761090258709726,0.6339068443459204
block_only_flat,110,0.4824742249567008,0.0007069209946661915,0.5168188374924024,1.6556230453096472e-08,0.9056603773584906,0.9920397007330528,0.909423885935965
block_only_flat,111,1.478747357401145e-05,2.330301648940825e-05,1.963451321559524e-05,0.999942274996721,0.839622641509434,0.9752827669597199,0.5499710305564653
block_only_flat,112,0.28317848160177234,0.12231318155876396,0.10668772262249061,0.48782061421697304,0.9811320754716981,0.9926039751114694,0.9670504068317506
block_only_flat,113,0.0027502095561890883,0.05110953140945437,0.35813736389125733,0.5880028951430992,0.9150943396226415,0.978819558153009,0.7091064815981056
block_only_flat,114,0.706559800344529,0.2922186822002287,8.514825832759528e-06,0.0012130026294096855,0.9056603773584906,0.9947703856714613,0.8917298536413331
block_only_flat,115,0.9319586296853504,0.008242759639505735,0.05946323211542247,0.00033537855972126684,0.9056603773584906,0.9918482504975188,0.843605310224954
block_only_flat,116,0.0084397448339918,0.9411587239086336,0.0013373503493418224,0.049064180908032815,0.8018867924528302,0.9876968032848831,0.6587248406680606
block_only_flat,117,0.0004559170939015144,0.16076369419359315,0.014514275735395104,0.8242661129771103,0.8867924528301887,0.981056503010303,0.6367584452225609
block_only_flat,118,0.0007999363875553506,0.007422619675802963,0.4155036619032029,0.5762737820334386,0.9056603773584906,0.9773181852532936,0.6912713807088697
block_only_flat,119,0.8406230091164485,0.08377205969126339,0.012115482862412794,0.06348944832987534,0.9150943396226415,0.993279089099932,0.8700153664004837
block_only_flat,120,0.8834279241943703,8.726833826315781e-06,0.0007471292184029576,0.11581621975340033,0.9056603773584906,0.9923822958913772,0.8538025543491953
block_only_flat,121,0.004147122942695378,0.5920630205033016,6.612765224234316e-05,0.40372372890176056,0.8679245283018868,0.9919288611230068,0.7417940902335189
block_only_flat,122,0.93842552169764,0.0032938882021766574,0.058274592973570974,5.997126612402522e-06,0.9056603773584906,0.9918079451847747,0.8433836310048618
block_only_flat,123,8.718090002702927e-05,0.9903367380853602,7.528379662683027e-10,0.009576080261774896,0.7641509433962265,0.9859838274932614,0.6141270121167847
block_only_flat,124,0.006620245504230267,0.05967835457325839,0.4635663463094059,0.4701350536131056,0.9150943396226415,0.9823765020026703,0.7371589792679547
block_only_flat,125,0.15001805512422853,0.0033869493844630063,0.8458256020911405,0.0007693934001678604,0.8679245283018868,0.9919792427639369,0.8274227271582235
block_only_flat,126,0.12112778754975904,0.0008828099937086697,0.5615611828069484,0.31642821964958384,0.9150943396226415,0.9894299317328766,0.8853817668841474
block_only_flat,127,0.042241626766388214,0.0008525829421236528,0.12667351982073236,0.8302322704707558,0.8867924528301887,0.9759074993072524,0.6675617804871904
block_only_flat,128,0.0003429339212589704,0.003553115523525145,0.9248081346792666,0.07129581587594913,0.8018867924528302,0.9882308486787414,0.6305715797163515
block_only_flat,129,0.057748539583339246,0.007325981584360552,0.21009771836892946,0.7248277604633707,0.9056603773584906,0.9773987958787819,0.732957150414389
block_only_flat,130,0.8738300575837067,0.054699156651456325,0.07026662643995686,0.001204159324880129,0.9150943396226415,0.9922613799531451,0.8569060634304859
block_only_flat,131,0.5807606331092123,0.4168983940171527,0.0002276442163753912,0.002113328657259737,0.9245283018867925,0.9957780184900622,0.9108144192256342
block_only_flat,132,0.00618693975730312,0.011622014751256737,0.9816626690113288,0.0005283764801113878,0.8018867924528302,0.9868806207018163,0.6153462478272917
block_only_flat,133,0.7187741529393549,0.12849893084323782,0.0033253855529912935,0.14940153066441592,0.9245283018867925,0.9948106909842054,0.8959619114794569
block_only_flat,134,0.0016704477833375119,0.9857762872450493,2.908137250234249e-08,0.012553235890240893,0.7830188679245284,0.9863667279643298,0.6223694485729401
block_only_flat,135,0.0021590702761694496,0.9733821253079284,0.021267489960552832,0.003191314455349327,0.7830188679245284,0.9859838274932614,0.6273572310250145
block_only_flat,136,0.8655403484191663,0.0026318829685334625,0.020288498303432965,0.11153927030886726,0.9056603773584906,0.9924931355014234,0.8572385822606243
block_only_flat,137,0.09405030840605151,0.007268275455095628,0.5492716172472109,0.34940979889164203,0.9245283018867925,0.987686726956697,0.8597274353225686
block_only_flat,138,0.6220807224752354,0.37567697496129177,0.0022389841263561272,3.3184371166071043e-06,0.9056603773584906,0.9957880948182483,0.9057561024762576
block_only_flat,139,0.44374973053683353,0.5146214000604752,0.011967012692224357,0.029661856710467,0.9528301886792453,0.9957175605209462,0.9285991384739402
block_only_flat,140,0.02856405637156158,1.607670484159176e-05,0.9705673887653367,0.0008524781582602293,0.8113207547169812,0.9876363453157669,0.6625739980351161
block_only_flat,141,0.7848337223252972,0.07833276985830127,0.05847642265886138,0.07835708515754022,0.9150943396226415,0.9934503866790942,0.878126810590221
block_only_flat,142,0.09737497389278926,0.0034819090518220844,0.33411202860696826,0.5650310884484203,0.9245283018867925,0.9804619996473285,0.8338615008690833
block_only_flat,143,0.5824659889171763,0.006157299328441077,2.5216333783457593e-05,0.4113514954205991,0.9433962264150944,0.9911429075244982,0.9167796055117515
block_only_flat,144,0.2657977082650454,0.48070438524107756,0.06288955764841389,0.19060834884546327,0.9622641509433962,0.9970073305287553,0.9782149784618485
block_only_flat,145,0.17256202574971496,4.6621664493252753e-07,0.8239769275342029,0.003460580499437348,0.8773584905660378,0.992140464014913,0.844743935309973
block_only_flat,146,0.343916010100944,0.03929468019258719,5.5183340268631254e-06,0.616783791372442,0.9433962264150944,0.9879789404740913,0.9324482958409956
block_only_flat,147,0.47027142988939513,0.5276987858989427,1.3316506391369429e-05,0.0020164677052706866,0.9528301886792453,0.995536186613598,0.9221805174194524
block_only_flat,148,0.0011194619262705346,0.9064860540822232,0.08381267977781562,0.00858180421369066,0.7924528301886793,0.9868100864045142,0.6546237750963549
block_only_flat,149,0.8089671063081092,0.09962119397234875,0.0002610137535217992,0.09115068596602034,0.9150943396226415,0.9941255006675568,0.8739552107212133
block_only_flat,150,0.022670979514727505,0.4757739068505049,0.4944360842973986,0.007119029337369106,0.8679245283018868,0.9889059626672041,0.7918935939743558
block_only_flat,151,0.31316504973888937,3.358176879520059e-07,0.20459457033094666,0.4822400441124761,0.9528301886792453,0.9884928332115778,0.9510189686878101
block_only_flat,152,0.30646755653618685,0.16009699266452254,0.1789120062221076,0.354523444577183,0.9716981132075472,0.9958485527873644,0.9879587878177192
block_only_flat,153,0.3829364474196511,0.13161692948184073,0.06548687169486862,0.4199597514036396,0.9811320754716981,0.9943068745749049,0.9695090309091368
block_only_flat,154,0.21729238676243517,0.4165851154496271,0.3620485187995253,0.004073978988412232,0.9339622641509434,0.9940851953548127,0.9593017104567095
block_only_flat,155,0.0042378608715470814,0.3834584885363235,0.020388684216678964,0.5919149663754505,0.8867924528301887,0.9894500843892485,0.7196060155679269
block_only_flat,156,0.1072904365643873,0.07381542671689831,0.016031443126801995,0.8028626935919124,0.9056603773584906,0.9808045948056529,0.7789858175680782
block_only_flat,157,0.2876278695019283,0.004768569880139229,0.5723521738554896,0.1352513867624429,0.9339622641509434,0.9940348137138826,0.945255308965413
block_only_flat,158,0.001102503515921977,0.0035262045986623027,0.0026578230330161117,0.9927134688523995,0.839622641509434,0.9753936065697659,0.5540015618308688
block_only_flat,159,0.9896882969288054,0.0003418376718755364,0.0033207883359489044,0.0066490770633700685,0.8962264150943396,0.9918482504975188,0.8361387510391214
block_only_flat,160,0.9364450159697152,1.4100518705425982e-10,0.058175145761642406,0.005379838127637161,0.9056603773584906,0.9917777162002167,0.8438370657732321
block_only_flat,161,0.6880587279646342,0.23224452015392352,0.038134676875245514,0.04156207500619669,0.9339622641509434,0.9949517595788094,0.8990654205607478
block_only_flat,162,0.00011140660148478845,0.3415732198175524,0.14339927213117193,0.5149161014497908,0.8867924528301887,0.9893896264201325,0.7515378995893897
block_only_flat,163,0.3132641283550821,0.238033916661784,0.4325112698796399,0.016190685103493974,0.9339622641509434,0.9960400030228985,0.9607325490591229
block_only_flat,164,0.2619996781804109,0.009127176778199098,0.6250552698895584,0.10381787515183163,0.9056603773584906,0.9941658059803008,0.932861425296622
block_only_flat,165,0.6418863356993854,0.006678220142327415,0.05265417755510897,0.2987812666031782,0.9433962264150944,0.9924528301886792,0.9081139632717838
block_only_flat,166,0.0009035032480769273,0.9710521590553256,0.006779160239064832,0.021265177457532456,0.7830188679245284,0.9868100864045142,0.6285764667355216
block_only_flat,167,0.5483142262034388,0.08610498101047663,0.03339470156137189,0.3321860912247125,0.9433962264150944,0.994387485200393,0.9354006599994963
block_only_flat,168,0.9598511307609402,0.0008991184079070904,0.03629339452470577,0.002956356306446853,0.8962264150943396,0.9918079451847747,0.8408040909892435
block_only_flat,169,0.3098824047915436,0.036495264378108856,0.5508864461837965,0.10273588464655103,0.9339622641509434,0.9948409199687634,0.950736831498602
block_only_flat,170,0.014819847544586125,0.003910471904122739,0.004619993496501468,0.9766496870547898,0.8584905660377359,0.9756757437589743,0.5780638335390583
block_only_flat,171,0.0007530749447720625,0.004534022598263072,0.3958438815904538,0.5988690208665111,0.8962264150943396,0.9769151321258533,0.6869889412298158
block_only_flat,172,0.10799701508416795,0.00047674950298351166,0.6553440711538545,0.23618216425899408,0.8867924528301887,0.9935007683200243,0.8625991888555811
block_only_flat,173,0.03314703985580839,0.9512768274760108,0.0002112514145080363,0.015364881253672802,0.8113207547169812,0.9876968032848831,0.702728165856362
block_only_flat,174,0.16231905382841905,6.212107698642606e-05,0.7399085092766203,0.09771031581797425,0.8962264150943396,0.9946796987177872,0.8763029951885534
block_only_flat,175,0.036587131277804275,0.017423892350294897,0.06944076721850989,0.876548209153391,0.8867924528301887,0.9763911630601809,0.6449101947250423
block_only_flat,176,0.5586913727530599,0.003003793129510948,0.000946938832164188,0.43735789528526503,0.9433962264150944,0.9913847394009624,0.9207496788170391
block_only_flat,177,0.8089106476734679,3.094299308727769e-09,0.0012655621055455272,0.18982378712668715,0.8962264150943396,0.9929163412852356,0.8698944504622517
block_only_flat,178,0.933824892825766,7.061115142122533e-11,0.008140235448254263,0.05803487165536851,0.9056603773584906,0.9917877925284027,0.8445021034335088
block_only_flat,179,0.7247524853877975,0.12949288475928175,0.05078774217664876,0.09496688767627187,0.9150943396226415,0.994528553794997,0.8914174874675669
block_only_flat,180,0.025483277337191804,0.5787879359841366,0.3815248107148206,0.014203975963851026,0.8773584905660378,0.9887447414162279,0.8031891578708718
block_only_flat,181,9.009531830281057e-05,0.020462070119164434,0.004194541675292429,0.9752532928872405,0.8584905660377359,0.9760485679018566,0.5594528553794997
block_only_flat,182,0.03404789109313336,0.5642114050782396,0.3175893898503155,0.0841513139783114,0.9150943396226415,0.9899942061112931,0.8426782880318412
block_only_flat,183,0.5127373937922461,0.4654307493945566,0.02183068884628473,1.1679669125177153e-06,0.9433962264150944,0.9957880948182483,0.9201350227976925
block_only_flat,184,0.003720253402497592,0.9339009321689237,0.011742477553334692,0.05063633687524393,0.8018867924528302,0.9876968032848831,0.6545330881426809
block_only_flat,185,4.357676833752347e-05,0.9120027333252414,2.128972897026681e-05,0.08793240017745059,0.7924528301886793,0.9882510013351136,0.6530820968838955
block_only_flat,186,0.007191739633710868,0.012173621754913945,0.980634620290516,1.8320859239005755e-08,0.8018867924528302,0.9868806207018163,0.6177544902637478
block_only_flat,187,4.121186137181013e-05,0.0217379923465754,0.4851563814057388,0.4930644143863138,0.9150943396226415,0.9797465803461219,0.7110209839534474
block_only_flat,188,0.24054376939697664,1.200148824094493e-07,0.7594561101094681,4.786729158763359e-10,0.8679245283018868,0.992140464014913,0.890540846915384
block_only_flat,189,0.2180471512184341,0.25136992030390704,6.7746145950224735e-06,0.5305761538630638,0.9622641509433962,0.993238783787188,0.9498198856336751
block_only_flat,190,0.010466283845529943,0.5007936909379792,0.25904527387400567,0.22969475134248515,0.9150943396226415,0.9917575635438447,0.8203088394589013
block_only_flat,191,0.002554843350908611,0.002841626137935634,0.5754551884467127,0.41914834206444307,0.8773584905660378,0.9810766556666751,0.7065974758797895
block_only_flat,192,8.887408736292998e-05,8.668518172539745e-05,7.350095631770042e-09,0.9998244333808161,0.839622641509434,0.9752827669597199,0.5505453812630677
block_only_flat,193,0.585425974447338,0.17250607693245817,0.24187368458189143,0.0001942640383123195,0.9150943396226415,0.9941053480111848,0.9105927400055419
block_only_flat,194,0.006008814146438879,0.20223920530667336,0.790597031549598,0.0011549489972897452,0.8113207547169812,0.9890470312618083,0.6907977932841272
block_only_flat,195,0.000806320123054136,0.038149784488350116,0.015218899717298829,0.945824995671297,0.8584905660377359,0.9765725369675291,0.5666372773761241
block_only_flat,196,0.06531157411078431,0.04797455040289136,0.8339273621490811,0.05278651333724327,0.8490566037735849,0.9921908456558429,0.7647479658412475
block_only_flat,197,0.046853651134014046,0.9510614631796552,5.1213903572055955e-06,0.0020797642959735634,0.8301886792452831,0.9876968032848831,0.7198780764289493
block_only_flat,198,0.0006063994535402052,0.2887965184079823,7.349947059720345e-07,0.7105963471437714,0.9056603773584906,0.9857419956167972,0.6735068141169357
block_only_flat,199,0.48789080647383504,1.1279392429893831e-05,0.0969199513715999,0.41517796276213526,0.9433962264150944,0.9912940524472882,0.936287376879865
block_only_flat,200,0.0062172854592961084,0.0828977752436993,6.448853200067377e-06,0.9108784904438045,0.8679245283018868,0.9784870393228707,0.6018238154016676
block_only_flat,201,0.36067606807547886,0.358347252568822,0.010257406921808963,0.27071927243389016,0.9811320754716981,0.9994155729652114,0.9771065823613875
block_only_flat,202,0.9366497227380655,0.052301298679365775,5.732584891517417e-05,0.010991652733653311,0.9150943396226415,0.9923117615940751,0.8477769100939617
block_only_flat,203,3.8597764619851086e-06,0.0015316895342517235,0.9011845234631972,0.09727992722608908,0.8018867924528302,0.9888455046980881,0.6343703554424768
block_only_flat,204,1.966739837792349e-06,0.9089401692889894,0.00015357553059608747,0.09090428844057677,0.7924528301886793,0.9882510013351136,0.6533138524321738
block_only_flat,205,0.37704717401965915,0.6224339040031661,0.0004932417624562659,2.568021471849763e-05,0.9433962264150944,0.9938735924629066,0.9218782275738722
block_only_flat,206,0.001409796764456748,0.6947865545739441,0.2973260433045589,0.006477605357040089,0.8584905660377359,0.9877270322694409,0.7327858528352269
block_only_flat,207,0.12283302015323337,0.7363351050529089,1.6817934979340547e-05,0.14081505685887832,0.8962264150943396,0.9911429075244982,0.8975741239892183
block_only_flat,208,0.47360976822581263,1.6388807344713678e-06,0.5263237945655904,6.479832786257388e-05,0.9056603773584906,0.9920397007330528,0.9115499911832129
block_only_flat,209,0.13602761042051756,0.015218358548932146,0.46359167952734726,0.38516235150320327,0.9433962264150944,0.9878882535204172,0.9073078570169031
block_only_flat,210,7.53029393757826e-05,0.040165690939275134,0.9554321113319385,0.004326894789410513,0.8018867924528302,0.9874146660956747,0.6184396805803966
block_only_flat,211,0.28965546292731703,0.4814131394198381,0.06260156120419123,0.16632983644865362,0.9811320754716981,0.9970778648260575,0.975302919616092
block_only_flat,212,0.9162592173320953,0.005520533936414398,0.00022453054007727928,0.07799571819141302,0.9056603773584906,0.9918986321384489,0.8470312618081972
block_only_flat,213,0.2607015690414355,0.15899685749317968,0.2296392343796052,0.35066233908577965,0.9811320754716981,0.9959593923974104,0.9894400080610626
block_only_flat,214,0.2642340435180567,0.24304021907798543,0.4527660599293658,0.03995967747459218,0.9528301886792453,0.996533743104013,0.9701539159130412
block_only_flat,215,0.01119534382611963,0.2778269615591311,0.229853128008911,0.48112456660583824,0.9150943396226415,0.9886943597752978,0.7852935990125198
block_only_flat,216,0.7153858232344923,0.22565396467572524,0.0008327614594495135,0.05812745063033309,0.9150943396226415,0.9948913016096934,0.8919011512204953
block_only_flat,217,0.5881879171735083,0.00011851409090446183,0.07254791698031579,0.33914565175527134,0.9433962264150944,0.9916064186210546,0.9183918180215129
block_only_flat,218,0.004107141218418611,0.909944907120376,0.017335817324359203,0.06861213433684596,0.8113207547169812,0.9880293221150214,0.6667254452477517
block_only_flat,219,0.9064973127421357,0.0035197834646243783,0.03940268333126872,0.050580220461971165,0.9056603773584906,0.9918583268257047,0.8472428647001033
block_only_flat,220,0.20214413364789205,0.5813516207888384,0.020456135092202538,0.19604811047106716,0.9528301886792453,0.9950222938761115,0.9604201828853566
block_only_flat,221,7.901396977942105e-08,2.4288778582648905e-11,0.005361052512744864,0.9946388684489966,0.839622641509434,0.9752827669597199,0.5522180517419453
block_only_flat,222,0.007367740539359865,0.10753144477957396,0.05026801683890468,0.8348327978421615,0.9056603773584906,0.9794342141723555,0.6341184472378265
block_only_flat,223,0.5470429814629532,0.002263524693258507,0.1646029920506437,0.2860905017931446,0.9433962264150944,0.992110235030355,0.9305337934856539
block_only_flat,224,0.0006790403137451011,0.6832245014854399,0.28406882997127786,0.03202762822953713,0.8584905660377359,0.9882006196941835,0.7378240169282313
block_only_flat,225,0.7668381878575311,0.022781581241287336,0.13422892766664543,0.07615130323453627,0.9150943396226415,0.9922513036249592,0.8751744464317203
block_only_flat,226,0.9991235736634878,4.758919061517866e-07,0.00020127252611394625,0.000674677918492142,0.8962264150943396,0.9917273345592866,0.8349396679849863
block_only_flat,227,0.48200320662546225,0.25358157471996773,0.2644110485462301,4.1701083399021045e-06,0.9245283018867925,0.9953951180189938,0.9345240194473134
block_only_flat,228,0.5345847625042237,0.4438907699077117,0.0017184030039811365,0.01980606458408346,0.9433962264150944,0.9960198503665265,0.9198025039675543
block_only_flat,229,3.0042964673437175e-05,0.0021325405741756073,0.003598060036251701,0.9942393564248994,0.839622641509434,0.9752827669597199,0.553004005340454
block_only_flat,230,0.0042976594760044656,0.9781208947511862,1.3677218447095644e-07,0.01758130900062499,0.7830188679245284,0.9868100864045142,0.6326976849635992
block_only_flat,231,0.08441574095062114,0.8535290582703118,0.04226520465086274,0.01978999612820422,0.8490566037735849,0.9885734438370658,0.8304153966294682
block_only_flat,232,0.030378350004082844,0.03750271971659161,2.814020232363389e-06,0.9321161162590932,0.8679245283018868,0.9769252084540394,0.6188024283950928
block_only_flat,233,0.011185183427442017,0.4093834006753002,0.46979761130584907,0.10963380459140859,0.9056603773584906,0.9907096254124996,0.7993097715192584
block_only_flat,234,0.0069976728194076285,0.6609784658185572,0.0010124290904053737,0.3310114322716297,0.8679245283018868,0.9918583268257047,0.7488273673073532
block_only_flat,235,0.01396117112466799,0.0799495370770211,0.05625321302910108,0.8498360787692099,0.8773584905660378,0.9785374209638008,0.636849132176235
block_only_flat,236,0.00835400533921765,0.00035391907509339733,0.985003784369378,0.00628829121631096,0.8018867924528302,0.9869713076554903,0.6174622767463537
block_only_flat,237,0.4577987759834442,5.484901921241652e-05,0.13623918306013583,0.4059071919372077,0.9433962264150944,0.9909313046325918,0.9435322568456055
block_only_flat,238,0.17395702546301336,0.019487046958768826,0.5539628461627227,0.252593081415495,0.9339622641509434,0.9946293170768571,0.9311585258331864
block_only_flat,239,0.3227442223870863,0.0024233439092410302,7.701549793998198e-05,0.6747554182057327,0.9339622641509434,0.9844421492808021,0.9132831196312065
block_only_flat,240,0.15605992249943829,0.7088481669498158,0.0005314576684454675,0.13456045288230037,0.9150943396226415,0.9918885558102628,0.9226238758596368
block_only_flat,241,3.3201741504372554e-06,0.5079159473828739,0.47177279760592367,0.02030793483705193,0.8679245283018868,0.9884928332115778,0.7527672116280827
block_only_flat,242,0.0002039170160723752,0.31461039057258394,0.5712440719268431,0.1139416204845005,0.8584905660377359,0.9911529838526841,0.763256669269718
block_only_flat,243,0.787145616367048,2.0313206295823607e-06,0.00013699186423749604,0.21271536044808492,0.8962264150943396,0.9928256543315616,0.8737033025165629
block_only_flat,244,0.00014058679466357588,0.8038535525454574,0.15658828593873356,0.03941757472114536,0.8207547169811321,0.987767337582185,0.7049751870418419
block_only_flat,245,5.638338387513787e-05,0.9425487210560125,0.05739224773617102,2.6478239412957502e-06,0.7641509433962265,0.9859838274932614,0.6362042471723304
block_only_flat,246,9.194064754406864e-05,0.29628732028186133,0.7030728736879419,0.0005478653826526575,0.8113207547169812,0.988795123057158,0.71394311912739
block_only_flat,247,0.25088752474164117,0.02013517399628868,0.01500004562923369,0.7139772556328365,0.9433962264150944,0.981993601531602,0.8911353502783586
block_only_flat,248,0.8363581189426489,0.16323721363508029,0.000274845937519367,0.00012982148475140564,0.9150943396226415,0.9934806156636522,0.8673854447439353
block_only_flat,249,0.015229394419582504,0.0048102370575166,0.791001549256803,0.18895881926609792,0.839622641509434,0.9906189384588256,0.6993425195858629
block_only_flat,250,2.1495745539434352e-11,0.00014952618393012748,0.269133277634924,0.7307171961596503,0.8773584905660378,0.9755548278207422,0.639176763987203
block_only_flat,251,0.040800082524518194,2.9603076899903383e-06,0.49433347525576615,0.46486348191202553,0.9150943396226415,0.980955739728443,0.7743507066025141
block_only_flat,252,0.032570316039253616,9.101439170397654e-05,0.018188597449560473,0.9491500721194821,0.8773584905660378,0.9758470413381364,0.6076277804368088
block_only_flat,253,0.22651011419757702,0.42896783563158375,0.24868841156281005,0.0958336386080291,0.9622641509433962,0.9957276368491322,0.9788800161221252
block_only_flat,254,0.041766688480746696,0.9256793571212076,7.981320843309598e-06,0.03254597307720231,0.8301886792452831,0.9879789404740913,0.7269919641282717
block_only_flat,255,0.030139725531465458,0.39372300834865165,6.4152103472058e-05,0.5760731140164109,0.9150943396226415,0.9904073355669195,0.7691110159457895
block_only_flat,256,0.48264707928836,0.2305320372152891,2.514378522224217e-05,0.2867957397111286,0.9622641509433962,0.9976723681890319,0.956399727939139
block_only_flat,257,0.025093942033490725,0.8788736566104635,0.06114808518648559,0.03488431616956024,0.8301886792452831,0.9879789404740913,0.7222762425372194
block_only_flat,258,0.00833809321023906,0.0032162333328561972,7.862669140276602e-06,0.9884378107877644,0.8584905660377359,0.9753432249288359,0.5649746832254327
block_only_flat,259,0.45611216026518064,0.12158555030193674,0.42208507947141033,0.00021720996147224332,0.9245283018867925,0.9938836687910925,0.9312895180996045
block_only_flat,260,0.002098877289480437,0.2427137782155219,0.7510035606005595,0.00418378389443805,0.8113207547169812,0.9888354283699019,0.7003602287326498
block_only_flat,261,0.2037178572492463,0.26330610480467964,0.4229719639284021,0.1100040740176719,0.9716981132075472,0.9977630551427059,0.9755044461798121
block_only_flat,262,0.08812456631335049,0.2170247399451029,0.4551217144215167,0.2397289793200298,0.9433962264150944,0.9963221402121067,0.9155905987858025
block_only_flat,263,0.22285099001172728,0.07972316700720582,0.5257923653876686,0.17163347759339834,0.9528301886792453,0.997682444517218,0.959684610927778
block_only_flat,264,0.1523882388699154,0.0001486201620782987,0.0008375656617098877,0.8466255753062965,0.9056603773584906,0.978728871199335,0.7897574123989218
block_only_flat,265,0.038952328090487584,0.23570485921913237,0.01043329461082845,0.7149095180795515,0.9150943396226415,0.9846134468599642,0.7393153134997608
block_only_flat,266,0.2099551016194434,0.06861692374494578,0.6090357687062261,0.1123922059293847,0.9245283018867925,0.9966848880268031,0.9380003526714865
block_only_flat,267,0.07774359801349522,0.009075424055295087,0.04971740568374223,0.8634635722474676,0.8867924528301887,0.9772073456432476,0.7019825175705973
block_only_flat,268,0.4918693215686771,0.19412148966473874,0.0011926612255565132,0.3128165275410277,0.9433962264150944,0.9969468725596393,0.9537295009698465
block_only_flat,269,4.806418821871645e-07,0.9214585649223634,0.029953630628638424,0.04858732380711581,0.8018867924528302,0.9876968032848831,0.6518729375015744
block_only_flat,270,0.7763079644836052,1.2468307198853232e-10,0.00035065042998489533,0.2233413849617268,0.9150943396226415,0.9927148147215156,0.8763433005012973
block_only_flat,271,0.7212620251370926,0.2685100113531805,0.0001841259113577097,0.010043837598369245,0.9150943396226415,0.9947200040305313,0.8894526034712951
block_only_flat,272,0.008680026887700702,0.017557318542492952,0.0065193789305987475,0.9672432756392074,0.8584905660377359,0.9759679572763685,0.5725722346776835
block_only_flat,273,0.3933718988252386,9.570622721810586e-09,0.00071024702459574,0.605917844579543,0.9433962264150944,0.987767337582185,0.9254855530644633
block_only_flat,274,0.7387443674103016,0.018096811086840255,0.24312709883201175,3.1722670846469235e-05,0.9150943396226415,0.9919893190921228,0.8741567372849334
block_only_flat,275,0.6686900307321331,0.00131984756206808,0.3299901211626142,5.43184791243125e-10,0.8962264150943396,0.9917978688565887,0.8842834471118723
block_only_flat,276,0.3790412794238131,0.0010543150346084297,0.1656014156147078,0.4543029899268707,0.9528301886792453,0.9900143587676651,0.9524095019774794
block_only_flat,277,0.004561024219898441,0.8986653905986347,0.05391269127505529,0.04286089390641166,0.8113207547169812,0.9876968032848831,0.6739703252134922
block_only_flat,278,0.4982035273737862,0.001168485002773296,0.42433366327112265,0.07629432435231788,0.9150943396226415,0.9923117615940751,0.9187243368516513
block_only_flat,279,0.38481768290078217,0.2216317009113296,0.3276380914709499,0.06591252471693847,0.9528301886792453,0.9964229034939668,0.9637352948585536
block_only_flat,280,0.00013742777823547928,0.09038036223664311,0.564951561878677,0.3445306481064445,0.8962264150943396,0.986628712497166,0.7375922613799532
block_only_flat,281,0.004728351973636835,0.0024327393485114347,0.17498574659513602,0.8178531620827156,0.8773584905660378,0.9753230722724641,0.622339219588382
block_only_flat,282,3.5988722033634686e-05,0.0174588464337183,0.98249917173392,5.993110328105293e-06,0.7830188679245284,0.9871123762500945,0.6055016751895609
block_only_flat,283,0.0012217228719338246,0.8702184521100161,0.001375862685637015,0.12718396233241297,0.8113207547169812,0.9886036728216238,0.6754213164722775
block_only_flat,284,0.08121568493021498,0.9045195527435883,5.723576878024156e-07,0.014264189968508973,0.839622641509434,0.9883013829760436,0.8058593848401644
block_only_flat,285,0.5521519659880066,0.19791376706816827,5.6650112152720306e-05,0.2498776168316723,0.9433962264150944,0.9967352696677331,0.9359951633624708
block_only_flat,286,0.5024107474783214,0.4644130926906063,2.1206500339577725e-06,0.03317403918103835,0.9528301886792453,0.9961810716175026,0.9249918129833489
block_only_flat,287,7.626265116013804e-05,0.8882638125040552,0.0798966047502477,0.03176332009453696,0.7924528301886793,0.9874448950802328,0.6664735370431014
block_only_flat,288,0.035185815023820295,0.0211011371996029,0.07093126753585118,0.8727817802407257,0.8867924528301887,0.9766128422802731,0.6455147744162028
block_only_flat,289,0.02969751385517623,0.28726197379104024,0.001510419531611665,0.6815300928221717,0.9150943396226415,0.9863264226515859,0.7372698188780008
block_only_flat,290,0.08510629024304434,0.7183233873902563,0.18081720862222875,0.01575311374447057,0.8679245283018868,0.9891276418872963,0.8733506310300527
block_only_flat,291,0.0036550883820516016,0.14678483401478568,0.08227689586728892,0.7672831817358737,0.9150943396226415,0.9806534498828627,0.6627150666297202
block_only_flat,292,0.7922308340522431,0.11449363854060228,0.011660500259311236,0.08161502714784334,0.9150943396226415,0.9940146610575106,0.8767866589414817
block_only_flat,293,0.0008060911363420581,0.020211910990345992,0.4016298976817085,0.5773521001916033,0.9150943396226415,0.9774391011915259,0.6956545834697836
block_only_flat,294,0.03362157710291627,0.9663674298749123,1.018116420461328e-05,8.118579668026532e-07,0.8113207547169812,0.9873239791420008,0.6929944328286773
block_only_flat,295,0.04432803179827822,0.1330471041172878,0.014258699652787452,0.8083661644316465,0.9150943396226415,0.9805829155855607,0.705146484621004
block_only_flat,296,0.5226890484459128,0.09984923260342057,0.0007833549370929978,0.3766783640135737,0.9433962264150944,0.9946293170768571,0.9397838627604101
block_only_flat,297,0.20963128410074375,3.2044365460981703e-06,0.04276865761795153,0.7475968538447586,0.9433962264150944,0.9797163513615639,0.8646446834773409
block_only_flat,298,0.24407636601764543,0.13539999061147373,1.363665821691142e-05,0.620510006712664,0.9528301886792453,0.9882106960223694,0.9311383731768144
block_only_flat,299,0.00942969875100391,0.4828318290945542,0.008173888022877747,0.49956458413156407,0.8867924528301887,0.9914351210418924,0.7460059954152707
block_only_flat,300,0.0034660931060072923,0.4311417894399338,0.409780284752377,0.15561183270168194,0.9056603773584906,0.991082449555382,0.7963876363453158
block_only_flat,301,0.02435135776248131,0.936039834245377,9.205921259066491e-05,0.03951674877955099,0.8018867924528302,0.9877270322694409,0.6917147391490541
block_only_flat,302,0.5522977082809751,0.3255232535981767,0.017919466308683032,0.10425957181216508,0.9528301886792453,0.996644582714059,0.930876388643978
block_only_flat,303,0.0009844035243140306,0.12139391343771289,0.8776101447167776,1.1538321195478934e-05,0.8018867924528302,0.9882812303196715,0.6495050003778622
block_only_flat,304,1.274290155336058e-05,5.011652044235474e-07,0.9915770810701631,0.008409674863079157,0.7830188679245284,0.9867899337481422,0.6017028994634355
block_only_flat,305,0.0023220580225539814,0.803549237125103,0.0026147838534671423,0.19151392099887599,0.839622641509434,0.9895911529838527,0.7039877068796131
block_only_flat,306,0.036529199094102835,0.798137450650483,0.10113805255848161,0.06419529769693257,0.8584905660377359,0.9886339018061818,0.786603521676701
block_only_flat,307,0.3772443488934435,0.03117843500160419,0.564879100392119,0.026698115712833387,0.9056603773584906,0.9929868755825378,0.9305035645010957
block_only_flat,308,0.0198368745234012,0.09831951363230333,0.129386307448567,0.7524573043957286,0.8962264150943396,0.9794039851877976,0.6903242058593848
block_only_flat,309,0.000930435893381107,0.0005777605219934093,0.31235282138213794,0.6861389822024876,0.8773584905660378,0.9757865833690204,0.6552283547875154
block_only_flat,310,7.33298227984551e-07,0.7607224104744117,0.009435244945196316,0.22984161128216404,0.8490566037735849,0.9902158853313852,0.7175806736025392
block_only_flat,311,0.29753795080856654,0.6873756993118614,0.002369970718346469,0.012716379161225425,0.9150943396226415,0.9930271808952816,0.9237826536010278
block_only_flat,312,0.6613800811522941,0.0392015855072158,0.13235322383806353,0.16706510950242648,0.9245283018867925,0.9936116079300703,0.902713051364083
block_only_flat,313,0.025889711698281945,0.8424067391943919,0.08773992818656338,0.043963620920762725,0.839622641509434,0.9882510013351136,0.7433256921177922
block_only_flat,314,0.5521452667829022,0.0785827304056946,0.048623310055831155,0.32064869275557195,0.9433962264150944,0.9942363402776029,0.934040355694385
block_only_flat,315,0.07176915882334427,0.08495565989555287,0.13543523265413002,0.7078399486269727,0.9150943396226415,0.9806131445701187,0.7734236844094012
block_only_flat,316,0.005688364905583774,8.619212769763582e-05,0.15297888475805663,0.8412465582086621,0.8773584905660378,0.9752525379751619,0.6128271657807894
block_only_flat,317,0.9381358245348533,0.05828550211801584,0.003576624807221992,2.048539909002868e-06,0.9150943396226415,0.9922613799531451,0.8464266821170364
block_only_flat,318,0.018319778245345142,0.7102139264065154,0.029159848544770783,0.2423064468033687,0.8679245283018868,0.9906995490843137,0.7689901000075573
block_only_flat,319,0.7286468643713321,0.27084110927238414,2.537732972627549e-07,0.0005117725829863597,0.9150943396226415,0.994528553794997,0.8879411542433938
block_only_flat,320,0.0002640362975328691,0.5404431076443109,0.01292778314268217,0.44636507291547395,0.8679245283018868,0.9919893190921228,0.7345290576114065
block_only_flat,321,0.011605346117945855,0.1318337982569456,0.2946175856633809,0.5619432699617276,0.9150943396226415,0.9823462730181122,0.746318361589037
block_only_flat,322,1.8963941505778008e-05,0.10698480065373966,0.00261069557060393,0.8903855398341506,0.8679245283018868,0.9789001687784972,0.603405798926871
block_only_flat,323,0.025868006061899512,0.8930454167361968,0.07315808942923571,0.007928487772668325,0.8113207547169812,0.9876161926593949,0.7163715142202182
block_only_flat,324,0.0008065789217625169,5.958846169781553e-05,1.3782841274303656e-05,0.9991200497752654,0.839622641509434,0.9753936065697659,0.5523087386956193
block_only_flat,325,0.006950602553659282,0.021292662787161028,0.002935399090005254,0.9688213355691744,0.8584905660377359,0.9764113157165529,0.5691462830944405
block_only_flat,326,3.6102428530790505e-05,0.3920876751719586,0.13277209341919802,0.47510412898031257,0.8962264150943396,0.9906189384588256,0.759850870342847
block_only_flat,327,6.655632819179617e-06,0.7544051343824655,0.06968988210494093,0.17589832787977436,0.8490566037735849,0.9895911529838527,0.7258533390432527
block_only_flat,328,0.0032206735040438035,0.17147753848235148,0.1389484369372442,0.6863533510763605,0.9150943396226415,0.98212459379802,0.697276872307731
block_only_flat,329,4.1453426441844833e-10,0.004610377494904631,0.00029788978194556355,0.9950917323086155,0.839622641509434,0.9755548278207422,0.5526916391666877
block_only_flat,330,1.6988337738876526e-06,0.5352299505714195,0.37243635384250107,0.09233199675230548,0.8962264150943396,0.9895105423583647,0.7727787994054965
block_only_flat,331,0.11626663187584284,0.044780193914625774,3.054207948245926e-11,0.8389531741789893,0.9056603773584906,0.9794745194850997,0.7723152883089403
block_only_flat,332,0.9633856270043664,0.030482378120528265,4.6102475951882534e-05,0.006085892399153449,0.9150943396226415,0.992019548076681,0.8427387460009572
block_only_flat,333,0.7514409460930764,0.19503080062394842,0.044353060425466384,0.009175192857508618,0.9150943396226415,0.9941255006675568,0.8831750510114114
block_only_flat,334,0.02304390761829085,0.006914468918606447,0.775863020550079,0.19417860291302372,0.8584905660377359,0.9909313046325918,0.7207748696375041
block_only_flat,335,0.07413444829686143,0.6961553223599537,2.6687644738642934e-05,0.22968354169844632,0.9056603773584906,0.9916064186210546,0.8602715570446129
block_only_flat,336,0.49600156832679415,0.0048599459710203415,0.2890300650682693,0.21010842063391622,0.9433962264150944,0.9927954253470035,0.9369423382119555
block_only_flat,337,0.6352274911224174,0.020363803003850618,0.23851824492194354,0.10589046095178839,0.9245283018867925,0.9927450437060735,0.9036602262135678
block_only_flat,338,0.0002208039178936084,0.04638934532084771,0.26905497048268573,0.684334880278573,0.8962264150943396,0.9772879562687357,0.6666448346222636
block_only_flat,339,0.04250035585413135,0.08955063586126191,0.8679489976279527,1.0656653936993229e-08,0.839622641509434,0.9900445877522231,0.7213895256568507
block_only_flat,340,0.9903474806143505,5.1932687261927636e-08,2.3083082767783483e-06,0.009650159144685425,0.8962264150943396,0.9918482504975188,0.8363604302592136
block_only_flat,341,0.4152009251357981,0.04351762422822371,0.4035622456914828,0.1377192049444953,0.9433962264150944,0.9941859586366728,0.9493462982089327
block_only_flat,342,0.12440206851186471,0.594980300390013,0.27827485098793553,0.0023427801101866593,0.8962264150943396,0.9904879461924074,0.921767387963826
block_only_flat,343,0.07400046312685431,0.9241023048139683,0.001884525594588982,1.2706464588533697e-05,0.8301886792452831,0.9882510013351136,0.7839635236919668
block_only_flat,344,0.0004378503994926562,0.0005447986219843699,0.9989748817180522,4.2469260470731514e-05,0.7830188679245284,0.9865682545280501,0.5995566415598157
block_only_flat,345,0.3220069240342813,0.00027971151987479575,0.6003182098819635,0.07739515456388048,0.9245283018867925,0.993218631130816,0.9354510416404263
block_only_flat,346,0.00020896620649322542,0.12041255915246306,0.2599846279147265,0.6193938467263173,0.9056603773584906,0.9813184875431393,0.7062851097060231
block_only_flat,347,2.9528127296059635e-05,0.2982723426897337,0.5118849411338714,0.18981318804909883,0.8773584905660378,0.992130387686727,0.7830264251706678
block_only_flat,348,0.040293017844637416,0.3559966788763853,0.00021561315105025577,0.603494690127927,0.9150943396226415,0.9896314582965968,0.7761543693478097
block_only_flat,349,0.5915764769618562,0.04854542919389732,0.1795466877048202,0.18033140613942633,0.9339622641509434,0.9938635161347206,0.9216061667128499
block_only_flat,350,2.4988802570146854e-05,5.775562114158407e-05,0.9987661253763752,0.0011511301999131264,0.7641509433962265,0.9865682545280501,0.5990125198377712
block_only_flat,351,0.08843044141050066,3.152873064577336e-05,0.8895807114515097,0.021957318407343936,0.8301886792452831,0.991092525883568,0.7617653726981888
block_only_flat,352,0.0005764375792890018,0.8703366481417905,0.06190989391571691,0.06717702036320361,0.8301886792452831,0.9880293221150214,0.6781419250824999
block_only_flat,353,0.6450374418722538,0.2799853793829713,0.026087010067363147,0.048890168677411694,0.9433962264150944,0.9953850416908079,0.9068947275612766
block_only_flat,354,9.995075273872491e-05,0.33268167961704326,2.3377245792673397e-06,0.6672160319056387,0.8867924528301887,0.9874045897674887,0.6830087915963423
block_only_flat,355,0.768632325779347,0.05169603177357148,0.0028540887652436344,0.17681755368183788,0.9056603773584906,0.9937728291810465,0.8817744413935562
block_only_flat,356,0.9214951740737584,0.0028965513492929165,0.07332786016189281,0.002280414415055898,0.9056603773584906,0.9917777162002167,0.844693553669043
block_only_flat,357,0.03819550617419982,0.23739131988873727,0.45306812869944346,0.27134504523761943,0.9150943396226415,0.9934604630072802,0.8561201098319772
block_only_flat,358,0.10265438057395732,0.5438498682030284,0.2586056621668115,0.09489008905620276,0.9150943396226415,0.9914250447137063,0.9365695140690732
block_only_flat,359,0.01015878652726174,0.188904972960173,0.639580663845731,0.16135557666683437,0.8584905660377359,0.9926342040960274,0.7672267425750057
block_only_flat,360,0.0002583488787513721,0.5514443841017294,0.060701789389465674,0.38759547763005364,0.8679245283018868,0.9919993954203089,0.7567473612615563
block_only_flat,361,0.0054372848879717045,0.9509179471986721,0.011993120450338929,0.03165164746301725,0.8018867924528302,0.9873239791420008,0.647983474821775
block_only_flat,362,0.1583149498743321,0.001032863678830165,0.7629267423912263,0.07772544405561155,0.8867924528301887,0.9938937451192785,0.8690379625664407
block_only_flat,363,0.00038065457694476276,0.9086692596345483,0.00027027758927939885,0.09067980819922745,0.7924528301886793,0.9882510013351136,0.6548756833010051
block_only_flat,364,0.02968574113035808,0.2777241175459453,0.6469678843138539,0.04562225700984261,0.8679245283018868,0.991072373227196,0.7886792452830189
block_only_flat,365,0.03251940084505296,0.33083714077413273,0.33623814357670584,0.30040531480410854,0.9528301886792453,0.9929264176134216,0.8588810237549437
block_only_flat,366,0.01731315876215091,0.05829283861336329,0.26910608752532206,0.6552879150991638,0.9056603773584906,0.9791218479985894,0.7147290727258987
block_only_flat,367,0.2665283957466931,0.016716649681111893,0.6767785012297779,0.03997645334241698,0.8962264150943396,0.9937829055092324,0.9209109000680152
block_only_flat,368,0.008840640901880178,0.006846854885884781,0.02915678756794581,0.9551557166442892,0.8584905660377359,0.9754540645388821,0.575373453913394
block_only_flat,369,0.33440090250722276,0.04822031570329762,0.32778742015297685,0.2895913616365027,0.9622641509433962,0.9939239741038366,0.9773081089251078
block_only_flat,370,0.76111996771821,0.0010592788910449662,0.00011285968580073899,0.2377078937049443,0.9245283018867925,0.9929667229261657,0.880454442401189
block_only_flat,371,0.009469181690324008,0.014015278507405115,0.0028564565703727654,0.973659083231898,0.8584905660377359,0.9759679572763685,0.5723304028012193
block_only_flat,372,0.0009450988977695488,0.17122309121556417,0.25148776206397727,0.576344047822689,0.9056603773584906,0.9832934478675971,0.730669823916165
block_only_flat,373,0.5328259325545758,0.06118522734444755,0.06471241763722466,0.341276422463752,0.9433962264150944,0.9936821422273724,0.9387863062699952
block_only_flat,374,0.7347304134688856,0.004011244009289844,0.010322876381919529,0.25093546613990514,0.9245283018867925,0.9928961886288636,0.8855732171196816
block_only_flat,375,0.14222362459436255,0.6150289873119261,0.24274737175301436,1.6340696982974886e-08,0.8962264150943396,0.9905685568178956,0.9290223442577524
block_only_flat,376,0.020299220782907544,0.0007708055943309376,0.0006288092683780451,0.9783011643543835,0.8773584905660378,0.9758571176663223,0.5861450487442376
block_only_flat,377,0.09097563726149198,0.35091405830574707,0.14482061979151523,0.41328968464124555,0.9528301886792453,0.9939945084011388,0.9108043428974483
block_only_flat,378,0.8243833023101971,5.634284276420964e-06,0.08168099386286473,0.09393006954266175,0.9150943396226415,0.9922613799531451,0.8622062120563267
block_only_flat,379,0.41869319814951594,0.11964227484890691,0.2089591286054029,0.25270539839617423,0.9528301886792453,0.9960400030228985,0.9701236869284834
block_only_flat,380,0.41438485248794726,0.02857708805904379,0.07241187823417651,0.4846261812188326,0.9528301886792453,0.9912738997909162,0.9478751542937754
block_only_flat,381,0.6250605439897648,0.01557297630533124,0.3275892394028571,0.03177724030204671,0.9056603773584906,0.9920497770612389,0.893785424591279
block_only_flat,382,0.21790046063734692,0.0798880579056659,0.6924348347527164,0.00977664670427087,0.8867924528301887,0.994387485200393,0.9078822077235055
block_only_flat,383,0.010038658834986714,0.0031840812435122434,0.393317549421299,0.5934597105002021,0.9056603773584906,0.9768849031412954,0.7044109126634254
block_only_flat,384,0.5047199653263478,0.49527315973826885,1.6186173660264535e-10,6.874773521721449e-06,0.9528301886792453,0.9955764919263421,0.9202458624077385
block_only_flat,385,0.16407150072974472,0.3414670538696926,0.17660673720043982,0.31785470820012285,0.9905660377358491,0.9972793913897776,0.9780436808826865
block_only_flat,386,0.825746588645213,6.90371653675961e-05,0.12362716590197374,0.05055720828744574,0.9150943396226415,0.9917474872156588,0.8601304884500088
block_only_flat,387,0.9985029535668182,0.0007135490580621248,0.000651429434801617,0.00013206794031817752,0.8962264150943396,0.9917273345592866,0.8349396679849863
block_only_flat,388,0.40991952173942836,0.0006438606115031279,0.03616114028685147,0.5532754773622172,0.9433962264150944,0.9887346650880419,0.9330730281885281
block_only_flat,389,0.4204369787149922,1.6583406246432765e-06,0.0001127864365543545,0.5794485765078289,0.9433962264150944,0.9885935964934378,0.926311811975716
block_only_flat,390,9.278836199994446e-05,3.7352738195103325e-08,0.002969635233345295,0.9969375390519165,0.839622641509434,0.9752827669597199,0.552026601506411
block_only_flat,391,0.0001137572158803452,0.9395731924692364,0.015211687583248926,0.04510136273163435,0.7830188679245284,0.9874448950802328,0.6426833261959343
block_only_flat,392,0.5046407966085643,0.010759826669237764,0.4706734114090824,0.013925965313115561,0.8962264150943396,0.992130387686727,0.9125777766581858
block_only_flat,393,0.007855451788765178,0.3604095918260348,7.864245380413363e-05,0.6316563139313958,0.9056603773584906,0.9880595510995794,0.7140438824092501
block_only_flat,394,0.5195131387671356,0.4739967696211467,0.006490047642428876,4.396928891165633e-08,0.9433962264150944,0.9957880948182483,0.9190367030254175
block_only_flat,395,0.80235854295199,0.19647194336761273,0.00027036884910688186,0.0008991448312904885,0.9150943396226415,0.9939138977756505,0.8752651333853944
block_only_flat,396,3.110420265129907e-06,0.07460649219623582,0.01628700254405166,0.9091033948394475,0.8679245283018868,0.9774693301760838,0.5890671839181802
block_only_flat,397,0.1951381509109028,0.0038261978092743597,0.6631164729806767,0.13791917829914613,0.8962264150943396,0.9952439730962037,0.9115399148550268
block_only_flat,398,0.9832309429802746,0.01675411820334528,1.465532736179189e-05,2.8348901852797193e-07,0.8962264150943396,0.9918482504975188,0.838053253394463
block_only_flat,399,0.054496055681231004,0.033258929850869194,0.2794757105307974,0.6327693039371024,0.9056603773584906,0.9793132982341234,0.7622792654356753
block_only_flat,400,0.7665882055313237,0.16853381217959143,0.05179523213157442,0.01308275015751058,0.9150943396226415,0.9938937451192785,0.8812202433433257
block_only_flat,401,0.4492762257429541,0.4353936192590271,0.005538831709611611,0.10979132328840722,0.9811320754716981,0.9972088570924755,0.9466357659268962
block_only_flat,402,0.8333750630548618,0.0075179567080411284,0.024087774601168416,0.13501920563592876,0.9056603773584906,0.9925938987832834,0.861400105801446
block_only_flat,403,0.8896378548613868,0.03691050230026666,0.05765838039347441,0.015793262444872065,0.9150943396226415,0.992130387686727,0.8524724790286421
block_only_flat,404,0.0010148651870971952,0.03229740288639851,0.5727089340540334,0.3939787978724708,0.8962264150943396,0.9829609290374588,0.7175705972743532
block_only_flat,405,0.2885756084158075,0.0001604091602732329,0.067460747310596,0.6438032351133233,0.9433962264150944,0.9833236768521552,0.9159231176159407
block_only_flat,406,1.5799860585213953e-07,0.1358619364977595,9.791735186907867e-08,0.8641378075862827,0.8867924528301887,0.9801194044890043,0.6137541879739024
block_only_flat,407,0.10440523552221784,0.6592837096523342,0.23575394190481366,0.0005571129206344242,0.8867924528301887,0.9895710003274806,0.8992568707962818
block_only_flat,408,0.028863017811312317,0.22559355712857873,0.7441885096588481,0.0013549154012609018,0.8207547169811321,0.9900748167367811,0.7541678212459381
block_only_flat,409,0.19041859981016515,0.0004047012192327136,0.46256251531433934,0.34661418365626295,0.9528301886792453,0.9903670302541755,0.9380205053278585
block_only_flat,410,0.12461793541406772,0.12395278725096973,0.7456434925078685,0.005785784827094169,0.8773584905660378,0.9935108446482103,0.8554248431871426
block_only_flat,411,0.3480879046097841,0.2337553901650879,0.016446844143249324,0.4017098610818786,0.9905660377358491,0.9973700783434516,0.9774491775197118
block_only_flat,412,0.3333693313863526,0.062050937465362145,0.30206572120591924,0.3025140099423659,0.9622641509433962,0.9940650426984406,0.9793737562032396
block_only_flat,413,0.10169175669565644,0.8974238363103718,0.0005213141041861108,0.00036309288978565783,0.8490566037735849,0.9883013829760436,0.8274932614555257
block_only_flat,414,0.05256168831524115,0.00015474024200930878,0.8815645650926079,0.0657190063501417,0.8207547169811321,0.9907398543970578,0.7285840239816612
block_only_flat,415,0.044693525446445365,0.42680328373779025,0.01008223199216473,0.5184209588235996,0.9150943396226415,0.9919389374511928,0.8116835025316774
block_only_flat,416,0.7038749788221342,0.006533903069360853,6.675415227599169e-07,0.2895904505669821,0.9339622641509434,0.9925535934705393,0.8939164168576971
block_only_flat,417,0.3846152793425188,0.15587757724043932,0.25699405511142565,0.20251308830561618,0.9811320754716981,0.9972088570924755,0.9770562007204575
block_only_flat,418,0.25911996585584074,0.0035872043772232115,0.4849618958042221,0.25233093396271405,0.9528301886792453,0.9928256543315616,0.9616494949240496
block_only_flat,419,0.016488006325396466,0.624219400685461,0.005919421758209671,0.35337317123093287,0.8773584905660378,0.9919187847948207,0.7711766632239212
block_only_flat,420,0.2876930570833471,0.0767293471471221,0.00528551331991774,0.630292082449613,0.9433962264150944,0.9880797037559513,0.9306244804393279
block_only_flat,421,0.060142719362150585,0.6244799392579715,4.096538077081654e-05,0.3153363759991072,0.9056603773584906,0.9923621432350052,0.8517369070710633
block_only_flat,422,0.0915761893384906,0.01397672273971759,0.8850074128565002,0.009439675065291586,0.8301886792452831,0.9915056553391944,0.769755900949694
block_only_flat,423,2.9328987578267565e-05,0.10434590314251532,0.8889444627130627,0.00668030515684371,0.8018867924528302,0.9883114593042296,0.6443559966748117
block_only_flat,424,0.31844803950738954,0.6380554003296459,0.04349655484120033,5.321764343825811e-09,0.9339622641509434,0.9931984784744439,0.9284076882384059
block_only_flat,425,0.0016454643805764273,0.04179659103109336,0.009109523694732714,0.9474484208935976,0.8584905660377359,0.9765020026702269,0.5707081139632717
block_only_flat,426,0.07674824948383326,0.004308153344582114,0.564609878711415,0.35433371846016964,0.9150943396226415,0.9868302390608863,0.8374486737033024
block_only_flat,427,0.020455055283968872,0.5766693559814347,0.0010805596763028798,0.40179502905829356,0.8867924528301887,0.9924326775323072,0.7779177267803613
block_only_flat,428,0.24916626461902372,0.033272568976693055,0.6624126380439241,0.05514852836035918,0.8962264150943396,0.9943572562158349,0.9252638738443711
block_only_flat,429,0.26243237831123356,0.0012899199738183444,0.023796428962429464,0.7124812727525186,0.9433962264150944,0.9807642894929088,0.8935838980275588
block_only_flat,430,0.014895532831951127,0.41914866883090435,0.04407826429518839,0.5218775340419561,0.8867924528301887,0.9913142051036602,0.7594981988563368
block_only_flat,431,0.07827326942199093,0.20245064325416273,0.5198346601759581,0.19944142714788804,0.9150943396226415,0.9961508426329445,0.8967478650779656
block_only_flat,432,0.08142119550911857,0.569690229779018,0.22155619599158463,0.127332378720279,0.9056603773584906,0.9914149683855202,0.91286999017558
block_only_flat,433,0.19095422200604273,0.5812034266229035,0.014541413405363243,0.21330093796569044,0.9528301886792453,0.9949114542660654,0.9591001838929895
block_only_flat,434,0.28540689335432307,0.6949831741206015,0.017728141265667213,0.00188179125940817,0.9150943396226415,0.9924528301886792,0.9232788371917273
block_only_flat,435,0.01764438487097158,9.654360962148159e-10,0.5538292463640522,0.42852636779954023,0.9056603773584906,0.9814897851223016,0.7369776053606066
block_only_flat,436,0.030006123874415664,0.24767683103261257,0.17560209215667538,0.5467149529362964,0.9339622641509434,0.9871929868755827,0.7940096228934176
block_only_flat,437,0.5214862188339956,0.0005858768501853658,0.038254352841555685,0.4396735514742632,0.9433962264150944,0.9912436708063582,0.9279139481572914
block_only_flat,438,0.010015176685111418,0.7806127954154111,0.0002874160747963683,0.20908461182468138,0.8490566037735849,0.9901251983777112,0.7304783736806307
block_only_flat,439,0.009204464921249515,0.7939649037046901,0.19682918481084716,1.4465632131534223e-06,0.839622641509434,0.9873139028138147,0.7277073834294784
block_only_flat,440,0.36118948037044946,0.4739309924471827,0.16360823788680637,0.0012712892955616222,0.9433962264150944,0.9951935914552738,0.9473310325717309
block_only_flat,441,0.07870052326880739,0.3335549122811292,0.4341641204837466,0.15358044396631684,0.9339622641509434,0.994316950903091,0.911711212434189
block_only_flat,442,0.0027676342759591363,0.46702993786697067,0.5235583586081869,0.006644069248883262,0.8490566037735849,0.9885532911806938,0.7474872156586141
block_only_flat,443,0.8416026843424769,0.15734371284599882,0.0009830577603488092,7.054505117555066e-05,0.9150943396226415,0.9934705393354661,0.866004987782452
block_only_flat,444,0.05835709153046111,0.015419634168074497,0.9251642653987644,0.0010590089027001368,0.8207547169811321,0.988795123057158,0.7152731944479431
block_only_flat,445,0.827674597625555,0.04439362392512786,0.01591821754332724,0.1120135609059899,0.8962264150943396,0.9934503866790942,0.8677884978713758
block_only_flat,446,0.46521403091745933,0.005997974492961042,1.7714517969528285e-05,0.5287702800716103,0.9433962264150944,0.9902964959568734,0.9297075345744011
block_only_flat,447,0.43317404806588355,0.026596169355977542,0.5395830649693626,0.0006467176087762059,0.9056603773584906,0.9925838224550974,0.9204876942842029
block_only_flat,448,0.48501756148257075,0.2081489471840733,0.13568714243484506,0.17114634889851074,0.9716981132075472,0.9969670252160113,0.9548076680857497
block_only_flat,449,0.1288080196373661,0.0026565175848823038,0.8647344724047715,0.003800990372980009,0.8490566037735849,0.9915661133083105,0.8092450311106633
block_only_flat,450,5.969460757423503e-05,0.06244521610103392,0.8058526209168781,0.13164246837451377,0.8207547169811321,0.9912940524472882,0.6788674207118927
block_only_flat,451,0.1476683992694905,0.0021782019931791555,0.47438901775660786,0.37576438098072257,0.9433962264150944,0.9881300853968814,0.9104415950827519
block_only_flat,452,0.07948870170600314,0.11617493124820083,0.18473403366545957,0.6196023333803364,0.9339622641509434,0.9827493261455527,0.8269793687180392
block_only_flat,453,0.002492863128053806,0.36759548822519783,0.629454000938266,0.00045764770848248404,0.8301886792452831,0.988754817744414,0.7323021890822984
block_only_flat,454,0.0638677554375609,0.9134453783104708,0.02261233870885034,7.452754311806841e-05,0.8301886792452831,0.9880091694586493,0.7745623094944203
block_only_flat,455,0.8131585769669819,0.146900049829909,0.036307178799082636,0.0036341944040267334,0.9150943396226415,0.9934806156636522,0.870398266871552
block_only_flat,456,0.9634435869920286,2.4308978781653006e-06,0.0006573699587483421,0.03589661215134496,0.8962264150943396,0.9919893190921228,0.8420737083406807
block_only_flat,457,0.010595626111390637,0.9721016713598674,7.956808620646275e-05,0.017223134442535426,0.8018867924528302,0.9871123762500945,0.6463914149683856
block_only_flat,458,7.214374984256796e-05,0.16264339741667921,0.8372092250163479,7.523381713036736e-05,0.8113207547169812,0.9884928332115778,0.6619492656875835
block_only_flat,459,0.001393472845592887,0.00027042525905638255,4.90975448044177e-06,0.9983311921408703,0.839622641509434,0.9753936065697659,0.5534675164370103
block_only_flat,460,0.8596761903523967,0.13994106090229255,0.00018617361306829435,0.0001965751322423754,0.9150943396226415,0.993389928709978,0.8628611733884173
block_only_flat,461,5.430593332522483e-06,0.743651241439201,0.040013039840085106,0.21633028812738136,0.8584905660377359,0.9902058090031992,0.726226163186135
block_only_flat,462,7.732983107319179e-07,0.8090387162272206,0.09853062494088227,0.09242988553358641,0.8301886792452831,0.9884222989142757,0.7077159483084364
block_only_flat,463,0.16117185750764912,0.001030107340747727,0.650295552076808,0.18750248307479508,0.9056603773584906,0.9953749653626219,0.9003148852558127
block_only_flat,464,0.7987632221502745,1.785893796871485e-08,0.12456144986978263,0.07667531012100491,0.9150943396226415,0.9919590901075648,0.865964682469708
block_only_flat,465,1.542840536073697e-06,0.0007818034479979689,0.8982419124082628,0.10097474130320323,0.8018867924528302,0.9890268786054363,0.6350152404463814
block_only_flat,466,0.2686450602905458,0.00452976933072963,0.7268073200842091,1.7850294515483138e-05,0.8773584905660378,0.9921908456558429,0.9043353402020303
block_only_flat,467,0.13795256043890272,0.5910518452328619,0.051546674326776454,0.2194489200014588,0.9150943396226415,0.9937627528528603,0.9401969922160365
block_only_flat,468,0.07229109363590686,2.4086230794008653e-05,0.9268916051534393,0.0007932149798599543,0.8207547169811321,0.9889462679799481,0.7339748595611759
block_only_flat,469,6.218800675091536e-06,0.14172906735192747,0.845649317442742,0.012615396404655558,0.8113207547169812,0.9889563443081341,0.661515983575585
block_only_flat,470,0.17927211774301022,0.0016908869771406943,0.8190069383817542,3.005689809488843e-05,0.8773584905660378,0.9919691664357507,0.84805904728317
block_only_flat,471,5.476358245263969e-06,0.5732769652707983,0.0002455256136555749,0.42647203275730095,0.8679245283018868,0.9920497770612389,0.7302969997732827
block_only_flat,472,0.13798535067891446,0.839090284317565,0.0006458641798497952,0.022278500823670853,0.8679245283018868,0.9895911529838527,0.8777136811345946
block_only_flat,473,0.00543811172421477,0.8966017988426663,0.09766577274806768,0.0002943166850510892,0.8113207547169812,0.9868100864045142,0.6697987253444845
block_only_flat,474,0.06360015530545553,0.0006208359906049777,0.8518930381944952,0.08388597050944416,0.839622641509434,0.992180769327657,0.7557296521147694
block_only_flat,475,0.0950530563275035,0.7640546566290579,0.04415322822014782,0.0967390588232908,0.8962264150943396,0.9902561906441293,0.875940247373857
block_only_flat,476,0.9126058460167334,0.00018572355076540954,4.674692827090392e-06,0.08720375573967395,0.9056603773584906,0.9920497770612389,0.8477063757966596
block_only_flat,477,0.0021713253955440233,0.8433907544235357,1.9487302395504336e-05,0.15441843287852466,0.8301886792452831,0.9890470312618083,0.6914930599289619
block_only_flat,478,0.07924039714623449,0.7479897904998837,0.002939255453092916,0.16983055690078902,0.8962264150943396,0.9908607703352899,0.8581756807819231
block_only_flat,479,0.1161252550148431,0.02971567854425487,0.022360799508951205,0.8317982669319509,0.9056603773584906,0.9789807794039852,0.7724563569035443
block_only_flat,480,0.4885250781342881,9.527373873571449e-07,0.5114555784594883,1.8390668836387047e-05,0.8962264150943396,0.9920397007330528,0.9092928936695468
block_only_flat,481,1.0192750403773479e-05,0.8837286024737838,0.11470684205021274,0.0015543627255995508,0.8113207547169812,0.9868100864045142,0.6606393430234023
block_only_flat,482,5.320783019047e-05,0.011520077284045898,0.3194002735671872,0.6690264413185765,0.8867924528301887,0.9762601707937628,0.6674005592362144
block_only_flat,483,0.0009652864729030072,0.4446239146543156,0.09119077570176819,0.46322002317101324,0.8962264150943396,0.9913242814318461,0.7593873592462906
block_only_flat,484,0.33599896328527235,0.2164583571724125,0.43368216213100835,0.013860517411306865,0.9150943396226415,0.9957276368491322,0.9555331637151422
block_only_flat,485,0.255738723580503,0.3663760479198875,0.3331467246966516,0.04473850380295806,0.9528301886792453,0.9959795450537825,0.9728946771796357
block_only_flat,486,0.017756300771165575,0.4807611370311017,0.07034933602969472,0.431133226168038,0.8962264150943396,0.9920598533894248,0.7936569514069073
block_only_flat,487,0.006389515921786834,0.009505725599866703,0.00040869365437229123,0.9836960648239741,0.8584905660377359,0.97543391188251,0.5636546842330654
block_only_flat,488,0.44970515756346224,0.41345100114147865,0.08318926825317859,0.0536545730418805,0.9905660377358491,0.9964833614630829,0.9441872181776961
block_only_flat,489,0.08469085683941335,0.9080282326843022,0.007067904181073263,0.00021300629521117523,0.839622641509434,0.9881703907096254,0.8076025896163437
block_only_flat,490,0.04016483593640071,0.038959804462586636,5.061869963753495e-05,0.9208247409013752,0.8867924528301887,0.9773887195505958,0.634571882006197
block_only_flat,491,2.434857474232222e-07,0.2880189264526047,0.015970241812370202,0.6960105882492778,0.9056603773584906,0.9858427588986574,0.6796130689976573
block_only_flat,492,0.3649926814876991,0.0009661847549798547,0.6340029128456169,3.822091170404234e-05,0.9056603773584906,0.9919691664357507,0.9152580799556642
block_only_flat,493,0.30081023282112274,0.04788591953100772,0.6405851468174909,0.010718700830378626,0.9056603773584906,0.993319394412676,0.9281356273773836
block_only_flat,494,0.014554582901507986,0.913920132454387,0.06939922394719492,0.0021260606969101697,0.8113207547169812,0.9872131395319546,0.6835428369902007
block_only_flat,495,0.28740867559814093,0.0007645494879256865,0.43527819263146417,0.27654858228246937,0.9528301886792453,0.9924629065168652,0.968783535279744
block_only_flat,496,2.373938060038337e-08,0.12461174163591635,0.3882491838537894,0.4871390507709135,0.9056603773584906,0.9833438295085272,0.7422576013300753
block_only_flat,497,0.0039835082814358115,0.6736936757814319,0.24356092417041134,0.07876189176672084,0.8867924528301887,0.988875733682646,0.7536841574930095
block_only_flat,498,1.2307966465706197e-05,0.010988943832081318,0.019770503117095835,0.9692282450843572,0.839622641509434,0.9755548278207422,0.5594226263949417
block_only_flat,499,0.07499262601606026,0.3022163564058629,0.0013230286259344967,0.6214679889521424,0.9245283018867925,0.9888051993853441,0.8215784568103383
